variation_id,name,gene_symbol,clinical_significance,review_status,condition,variant_type,cdna_change,protein_change,rs_id,last_updated
60286,GRCh38/hg38 7q31.1-31.33(chr7:113799835-124899218)x1,SNORA25B,Pathogenic,"criteria provided, single submitter",,,GRCh38/hg38 7q31.1-31.33(chr7:113799835-124899218)x1,,,
59715,GRCh38/hg38 7q31.2(chr7:115042242-116687714)x3,CAV1,Pathogenic,"criteria provided, single submitter",,,GRCh38/hg38 7q31.2(chr7:115042242-116687714)x3,,,
154392,GRCh38/hg38 7q31.1-31.31(chr7:114898882-117790123)x1,ASZ1,Pathogenic,no assertion criteria provided,,,GRCh38/hg38 7q31.1-31.31(chr7:114898882-117790123)x1,,,
152912,GRCh38/hg38 7q31.2-36.3(chr7:115459015-159325817)x3,LOC113219433,Pathogenic,no assertion criteria provided,,,GRCh38/hg38 7q31.2-36.3(chr7:115459015-159325817)x3,,,
148448,GRCh38/hg38 7q22.1-31.31(chr7:102196924-121278641)x1,LOC111674476,Pathogenic,no assertion criteria provided,,,GRCh38/hg38 7q22.1-31.31(chr7:102196924-121278641)x1,,,
147547,GRCh38/hg38 7q21.3-36.3(chr7:97419852-158923762)x3,ARPC1A,Pathogenic,no assertion criteria provided,,,GRCh38/hg38 7q21.3-36.3(chr7:97419852-158923762)x3,,,
146075,GRCh38/hg38 7p22.3-q36.3(chr7:54185-159282390)x1,ASIC3,Pathogenic,no assertion criteria provided,,,GRCh38/hg38 7p22.3-q36.3(chr7:54185-159282390)x1,,,
145985,GRCh38/hg38 7q31.1-31.33(chr7:114142477-125840381)x1,AASS,Pathogenic,no assertion criteria provided,,,GRCh38/hg38 7q31.1-31.33(chr7:114142477-125840381)x1,,,
183686,NM_000245.4(MET):c.2521T>G (p.Phe841Val),MET,Pathogenic,"criteria provided, single submitter",,,c.2521T>G,,rs794728016,
155346,GRCh38/hg38 7q31.1-31.2(chr7:114389395-117253741)x1,CAPZA2,Pathogenic,no assertion criteria provided,,,GRCh38/hg38 7q31.1-31.2(chr7:114389395-117253741)x1,,,
253455,GRCh37/hg19 7q31.1-32.1(chr7:111613396-127897316)x1,AASS,Pathogenic,"criteria provided, single submitter",,,GRCh37/hg19 7q31.1-32.1(chr7:111613396-127897316)x1,,,
402244,TMEM106B-BRAF fusion,POT1,Pathogenic,no assertion criteria provided,,,TMEM106B-BRAF fusion,,,
442833,GRCh37/hg19 7p22.3-q36.3(chr7:43361-159119707),POLM,Pathogenic,no assertion criteria provided,,,GRCh37/hg19 7p22.3-q36.3(chr7:43361-159119707),,,
442834,GRCh37/hg19 7p22.3-q36.3(chr7:43361-159119707)x3,AASS,Pathogenic,no assertion criteria provided,,,GRCh37/hg19 7p22.3-q36.3(chr7:43361-159119707)x3,,,
687427,GRCh37/hg19 7p22.3-q36.3(chr7:10365-159119707)x3,CTAGE4,Pathogenic,no assertion criteria provided,,,GRCh37/hg19 7p22.3-q36.3(chr7:10365-159119707)x3,,,
563422,GRCh37/hg19 7q22.1-36.3(chr7:98693388-159119707)x3,AASS,Pathogenic,no assertion criteria provided,,,GRCh37/hg19 7q22.1-36.3(chr7:98693388-159119707)x3,,,
3245669,NC_000007.13:g.(?_116165117)_(117307162_?)del,ASZ1,Pathogenic,"criteria provided, single submitter",,,NC_000007.13:g.(?_116165117)_(117307162_?)del,,,
1527380,GRCh37/hg19 7q22.1-31.31(chr7:100676872-119156160),ORAI2,Pathogenic,"criteria provided, single submitter",,,GRCh37/hg19 7q22.1-31.31(chr7:100676872-119156160),,,
686057,GRCh37/hg19 7q31.1-31.31(chr7:107410314-117825549)x1,LAMB1,Pathogenic,no assertion criteria provided,,,GRCh37/hg19 7q31.1-31.31(chr7:107410314-117825549)x1,,,
815017,GRCh37/hg19 7q31.1-36.3(chr7:109251060-159119707)x3,AKR1D1,Pathogenic,"criteria provided, single submitter",,,GRCh37/hg19 7q31.1-36.3(chr7:109251060-159119707)x3,,,
998144,NM_000245.4(MET):c.2855del (p.Phe952fs),MET,Pathogenic,no assertion criteria provided,,,c.2855del,,rs1794836064,
815014,GRCh37/hg19 7q22.3-31.32(chr7:106617406-123217914)x1,AASS,Pathogenic,no assertion criteria provided,,,GRCh37/hg19 7q22.3-31.32(chr7:106617406-123217914)x1,,,
1047873,GRCh37/hg19 7q31.2-31.33(chr7:116297277-126370694),AASS,Pathogenic,"criteria provided, single submitter",,,GRCh37/hg19 7q31.2-31.33(chr7:116297277-126370694),,,
1527383,GRCh37/hg19 7q22.3-32.1(chr7:106984287-128949489),AASS,Pathogenic,"criteria provided, single submitter",,,GRCh37/hg19 7q22.3-32.1(chr7:106984287-128949489),,,
3024369,GRCh38/hg38 7q31.1-31.2(chr7:113604778-117643891),LOC111674467,Pathogenic,no assertion criteria provided,,,GRCh38/hg38 7q31.1-31.2(chr7:113604778-117643891),,,
2685262,GRCh37/hg19 7q31.1-31.2(chr7:108967155-116850770)x1,TES,Pathogenic,"criteria provided, single submitter",,,GRCh37/hg19 7q31.1-31.2(chr7:108967155-116850770)x1,,,
1703560,Single allele,FEZF1,Pathogenic,no assertion criteria provided,,,Single allele,,,
13890,NM_000245.4(MET):c.3731A>G (p.Lys1244Arg),MET,Pathogenic,no assertion criteria provided,,,c.3731A>G,,rs121913677,
13889,NM_000245.4(MET):c.3750G>A (p.Met1250Ile),MET,Pathogenic,no assertion criteria provided,,,c.3750G>A,,rs121913676,
13882,NM_000245.4(MET):c.3562G>T (p.Val1188Leu),MET,Pathogenic,no assertion criteria provided,,,c.3562G>T,,rs121913669,
1687716,Single allele,FEZF1,Likely pathogenic,no assertion criteria provided,,,Single allele,,,
376126,NM_000245.4(MET):c.3749T>C (p.Met1250Thr),MET,Likely pathogenic,"criteria provided, single submitter",,,c.3749T>C,,rs121913245,
563410,GRCh37/hg19 7q31.2-31.31(chr7:115520087-118098306)x1,ANKRD7,Likely pathogenic,no assertion criteria provided,,,GRCh37/hg19 7q31.2-31.31(chr7:115520087-118098306)x1,,,
3384110,NM_000245.4(MET):c.3503T>G (p.Phe1168Cys),MET,Likely pathogenic,"criteria provided, single submitter",,,c.3503T>G,,,
186141,NM_000245.4(MET):c.3274G>A (p.Val1092Ile),MET,Pathogenic/Likely pathogenic,"criteria provided, multiple submitters, no conflicts",,,c.3274G>A,,rs786202724,
13881,NM_000245.4(MET):c.3392T>C (p.Met1131Thr),MET,Pathogenic/Likely pathogenic,"criteria provided, multiple submitters, no conflicts",,,c.3392T>C,,rs121913668,
13887,NM_000245.4(MET):c.3281A>G (p.His1094Arg),MET,Pathogenic/Likely pathogenic,"criteria provided, multiple submitters, no conflicts",,,c.3281A>G,,rs121913243,
13883,NM_000245.4(MET):c.3658G>A (p.Val1220Ile),MET,Pathogenic/Likely pathogenic,"criteria provided, multiple submitters, no conflicts",,,c.3658G>A,,rs121913670,
4859926,NM_000245.4(MET):c.1105T>C (p.Tyr369His),MET,Uncertain significance,"criteria provided, single submitter",,,c.1105T>C,,,
4840247,NM_000245.4(MET):c.3862A>G (p.Asn1288Asp),MET,Uncertain significance,"criteria provided, single submitter",,,c.3862A>G,,,
4841308,NM_000245.4(MET):c.1030G>T (p.Gly344Trp),MET,Uncertain significance,"criteria provided, single submitter",,,c.1030G>T,,,
4859982,NM_000245.4(MET):c.4133A>T (p.Glu1378Val),MET,Uncertain significance,"criteria provided, single submitter",,,c.4133A>T,,,
13886,NM_000245.4(MET):c.3583C>G (p.Leu1195Val),MET,Uncertain significance,"criteria provided, single submitter",,,c.3583C>G,,rs121913673,
13888,NM_000245.4(MET):c.3518C>T (p.Thr1173Ile),MET,Uncertain significance,"criteria provided, single submitter",,,c.3518C>T,,rs121913675,
13891,NM_000245.4(MET):c.-207=,COMETT,Uncertain significance,no assertion criteria provided,,,NM_000245.4(MET):c.-207=,,rs1858830,
1735746,NM_000245.4(MET):c.3821G>A (p.Trp1274Ter),MET,Uncertain significance,"criteria provided, multiple submitters, no conflicts",,,c.3821G>A,,rs2117107590,
41609,NM_000245.4(MET):c.1048A>C (p.Lys350Gln),MET,Uncertain significance,"criteria provided, single submitter",,,c.1048A>C,,rs201191014,
4859991,NM_000245.4(MET):c.3807T>G (p.Phe1269Leu),MET,Uncertain significance,"criteria provided, single submitter",,,c.3807T>G,,,
4859975,NM_000245.4(MET):c.2746T>C (p.Ser916Pro),MET,Uncertain significance,"criteria provided, single submitter",,,c.2746T>C,,,
4859976,NM_000245.4(MET):c.656T>C (p.Leu219Pro),MET,Uncertain significance,"criteria provided, single submitter",,,c.656T>C,,,
4859977,NM_000245.4(MET):c.1268del (p.Ala423fs),MET,Uncertain significance,"criteria provided, single submitter",,,c.1268del,,,
13884,NM_000245.4(MET):c.3682G>A (p.Asp1228Asn),MET,Uncertain significance,"criteria provided, single submitter",,,c.3682G>A,,rs121913671,
4859979,NM_000245.4(MET):c.125A>C (p.Gln42Pro),MET,Uncertain significance,"criteria provided, single submitter",,,c.125A>C,,,
4843776,NM_000245.4(MET):c.89T>A (p.Leu30Gln),MET,Uncertain significance,"criteria provided, single submitter",,,c.89T>A,,,
1728198,NM_000245.4(MET):c.3097C>T (p.Pro1033Ser),MET,Uncertain significance,"criteria provided, single submitter",,,c.3097C>T,,rs1294910019,
4843777,NM_000245.4(MET):c.2904A>C (p.Leu968Phe),MET,Uncertain significance,"criteria provided, single submitter",,,c.2904A>C,,,
4854822,NM_000245.4(MET):c.1882C>T (p.Pro628Ser),MET,Uncertain significance,"criteria provided, single submitter",,,c.1882C>T,,,
4859924,NM_000245.4(MET):c.1956C>A (p.Phe652Leu),MET,Uncertain significance,"criteria provided, single submitter",,,c.1956C>A,,,
4860010,NM_000245.4(MET):c.1760A>T (p.Asp587Val),MET,Uncertain significance,"criteria provided, single submitter",,,c.1760A>T,,,
4843766,NM_000245.4(MET):c.1895A>C (p.Lys632Thr),MET,Uncertain significance,"criteria provided, single submitter",,,c.1895A>C,,,
4843767,NM_000245.4(MET):c.721T>G (p.Phe241Val),MET,Uncertain significance,"criteria provided, single submitter",,,c.721T>G,,,
4843768,NM_000245.4(MET):c.3416T>C (p.Val1139Ala),MET,Uncertain significance,"criteria provided, single submitter",,,c.3416T>C,,,
4843769,NM_000245.4(MET):c.2594T>A (p.Ile865Asn),MET,Uncertain significance,"criteria provided, single submitter",,,c.2594T>A,,,
4843770,NM_000245.4(MET):c.92C>A (p.Ala31Glu),MET,Uncertain significance,"criteria provided, single submitter",,,c.92C>A,,,
1704057,NM_000245.4(MET):c.1381C>G (p.Arg461Gly),MET,Uncertain significance,"criteria provided, multiple submitters, no conflicts",,,c.1381C>G,,rs1584914359,
1707876,NM_000245.4(MET):c.3014C>A (p.Ala1005Asp),MET,Uncertain significance,"criteria provided, single submitter",,,c.3014C>A,,rs777214043,
1708459,GRCh37/hg19 7p22.3-q36.3(chr7:56604613-96692931)x1,DYNC2I1,Uncertain significance,no assertion criteria provided,,,GRCh37/hg19 7p22.3-q36.3(chr7:56604613-96692931)x1,,,
1712672,NM_000245.4(MET):c.55G>C (p.Val19Leu),MET,Uncertain significance,"criteria provided, multiple submitters, no conflicts",,,c.55G>C,,rs1486187704,
1714600,NM_000245.4(MET):c.2372A>C (p.Gln791Pro),MET,Uncertain significance,"criteria provided, single submitter",,,c.2372A>C,,rs1794457657,
4859995,NM_000245.4(MET):c.2705A>G (p.Lys902Arg),MET,Uncertain significance,"criteria provided, single submitter",,,c.2705A>G,,,
4843757,NM_000245.4(MET):c.232C>A (p.Leu78Ile),MET,Uncertain significance,"criteria provided, single submitter",,,c.232C>A,,,
4843758,NM_000245.4(MET):c.3027A>T (p.Glu1009Asp),MET,Uncertain significance,"criteria provided, single submitter",,,c.3027A>T,,,
4843760,NM_000245.4(MET):c.1253C>G (p.Thr418Arg),MET,Uncertain significance,"criteria provided, single submitter",,,c.1253C>G,,,
4843761,NM_000245.4(MET):c.2693A>T (p.Asn898Ile),MET,Uncertain significance,"criteria provided, single submitter",,,c.2693A>T,,,
4843762,NM_000245.4(MET):c.373T>G (p.Tyr125Asp),MET,Uncertain significance,"criteria provided, single submitter",,,c.373T>G,,,
4843763,NM_000245.4(MET):c.2444T>A (p.Leu815Gln),MET,Uncertain significance,"criteria provided, single submitter",,,c.2444T>A,,,
4843764,NM_000245.4(MET):c.668A>C (p.Lys223Thr),MET,Uncertain significance,"criteria provided, single submitter",,,c.668A>C,,,
4825362,NM_000245.4(MET):c.1223G>T (p.Gly408Val),MET,Uncertain significance,"criteria provided, single submitter",,,c.1223G>T,,,
4827490,NM_000245.4(MET):c.2697C>A (p.Asp899Glu),MET,Uncertain significance,"criteria provided, single submitter",,,c.2697C>A,,,
4827491,NM_000245.4(MET):c.3814C>G (p.Leu1272Val),MET,Uncertain significance,"criteria provided, single submitter",,,c.3814C>G,,,
4827492,NM_000245.4(MET):c.1390C>T (p.Gln464Ter),MET,Uncertain significance,"criteria provided, single submitter",,,c.1390C>T,,,
4843771,NM_000245.4(MET):c.3166A>C (p.Ser1056Arg),MET,Uncertain significance,"criteria provided, single submitter",,,c.3166A>C,,,
4843772,NM_000245.4(MET):c.2160T>G (p.Phe720Leu),MET,Uncertain significance,"criteria provided, single submitter",,,c.2160T>G,,,
4843773,NM_000245.4(MET):c.3390C>T (p.Ile1130=),MET,Uncertain significance,"criteria provided, single submitter",,,c.3390C>T,,,
4843774,NM_000245.4(MET):c.3727G>T (p.Ala1243Ser),MET,Uncertain significance,"criteria provided, single submitter",,,c.3727G>T,,,
4843775,NM_000245.4(MET):c.3728C>T (p.Ala1243Val),MET,Uncertain significance,"criteria provided, single submitter",,,c.3728C>T,,,
4827498,NM_000245.4(MET):c.3028+5A>T,MET,Uncertain significance,"criteria provided, single submitter",,,NM_000245.4(MET):c.3028+5A>T,,,
4827499,NM_000245.4(MET):c.553C>T (p.Leu185Phe),MET,Uncertain significance,"criteria provided, single submitter",,,c.553C>T,,,
4827500,NM_000245.4(MET):c.2888-1G>C,MET,Uncertain significance,"criteria provided, single submitter",,,NM_000245.4(MET):c.2888-1G>C,,,
4827501,NM_000245.4(MET):c.955G>A (p.Ala319Thr),MET,Uncertain significance,"criteria provided, single submitter",,,c.955G>A,,,
1684883,NM_000245.4(MET):c.4097C>T (p.Pro1366Leu),MET,Uncertain significance,"criteria provided, multiple submitters, no conflicts",,,c.4097C>T,,rs778084120,
41614,NM_000245.4(MET):c.1237C>A (p.Arg413Ser),MET,Uncertain significance,no assertion criteria provided,,,c.1237C>A,,rs201980687,
41615,NM_000245.4(MET):c.1292T>C (p.Met431Thr),MET,Uncertain significance,"criteria provided, single submitter",,,c.1292T>C,,rs201789039,
41617,NM_000245.4(MET):c.1306G>C (p.Glu436Gln),MET,Uncertain significance,"criteria provided, multiple submitters, no conflicts",,,c.1306G>C,,rs200740468,
41618,NM_000245.4(MET):c.1345G>A (p.Asp449Asn),MET,Uncertain significance,no assertion criteria provided,,,c.1345G>A,,rs200819547,
132717,NM_000245.4(MET):c.2265-48G>T,MET,Uncertain significance,no assertion criteria provided,,,NM_000245.4(MET):c.2265-48G>T,,rs587780540,
4827503,NM_000245.4(MET):c.2044C>G (p.Leu682Val),MET,Uncertain significance,"criteria provided, single submitter",,,c.2044C>G,,,
4825344,NM_000245.4(MET):c.3713A>C (p.His1238Pro),MET,Uncertain significance,"criteria provided, single submitter",,,c.3713A>C,,,
4825345,NM_000245.4(MET):c.673G>A (p.Gly225Ser),MET,Uncertain significance,"criteria provided, single submitter",,,c.673G>A,,,
4825346,NM_000245.4(MET):c.3259+4A>C,MET,Uncertain significance,"criteria provided, single submitter",,,NM_000245.4(MET):c.3259+4A>C,,,
4825347,NM_000245.4(MET):c.19C>T (p.Leu7Phe),MET,Uncertain significance,"criteria provided, single submitter",,,c.19C>T,,,
4825348,NM_000245.4(MET):c.1799A>G (p.Lys600Arg),MET,Uncertain significance,"criteria provided, single submitter",,,c.1799A>G,,,
1692565,NM_000245.4(MET):c.2164G>A (p.Val722Ile),MET,Uncertain significance,"criteria provided, single submitter",,,c.2164G>A,,rs2116931102,
4825342,NM_000245.4(MET):c.1322C>T (p.Ser441Phe),MET,Uncertain significance,"criteria provided, single submitter",,,c.1322C>T,,,
4769330,NM_000245.4(MET):c.1652G>A (p.Cys551Tyr),MET,Uncertain significance,"criteria provided, single submitter",,,c.1652G>A,,,
4770638,NM_000245.4(MET):c.1978A>G (p.Thr660Ala),MET,Uncertain significance,"criteria provided, single submitter",,,c.1978A>G,,,
4773010,NM_000245.4(MET):c.4160G>A (p.Trp1387Ter),MET,Uncertain significance,"criteria provided, single submitter",,,c.4160G>A,,,
4825355,NM_001127500.1:c.1531_1539delACGAAGATC,MET,Uncertain significance,"criteria provided, single submitter",,,NM_001127500.1:c.1531_1539delACGAAGATC,,,
4825357,NM_000245.4(MET):c.1578C>T (p.Cys526=),MET,Uncertain significance,"criteria provided, single submitter",,,c.1578C>T,,,
4825359,NM_000245.4(MET):c.1324A>T (p.Ile442Leu),MET,Uncertain significance,"criteria provided, single submitter",,,c.1324A>T,,,
4825361,NM_000245.4(MET):c.3016A>C (p.Thr1006Pro),MET,Uncertain significance,"criteria provided, single submitter",,,c.3016A>C,,,
4803586,NM_000245.4(MET):c.1695C>G (p.Ile565Met),MET,Uncertain significance,"criteria provided, single submitter",,,c.1695C>G,,,
4804284,NM_000245.4(MET):c.440C>T (p.Pro147Leu),MET,Uncertain significance,"criteria provided, single submitter",,,c.440C>T,,,
4807442,NM_000245.4(MET):c.3449A>T (p.Glu1150Val),MET,Uncertain significance,"criteria provided, single submitter",,,c.3449A>T,,,
4807514,NM_000245.4(MET):c.2512A>G (p.Asn838Asp),MET,Uncertain significance,"criteria provided, single submitter",,,c.2512A>G,,,
4808042,NM_000245.4(MET):c.935A>T (p.Glu312Val),MET,Uncertain significance,"criteria provided, single submitter",,,c.935A>T,,,
4827494,NM_000245.4(MET):c.2407A>G (p.Thr803Ala),MET,Uncertain significance,"criteria provided, single submitter",,,c.2407A>G,,,
4827496,NM_000245.4(MET):c.1162C>T (p.His388Tyr),MET,Uncertain significance,"criteria provided, single submitter",,,c.1162C>T,,,
167293,NM_000245.4(MET):c.3808G>A (p.Gly1270Ser),MET,Uncertain significance,"criteria provided, multiple submitters, no conflicts",,,c.3808G>A,,rs727504014,
4799488,NM_000245.4(MET):c.761A>C (p.Glu254Ala),MET,Uncertain significance,"criteria provided, single submitter",,,c.761A>C,,,
4746038,NM_000245.4(MET):c.2644T>C (p.Cys882Arg),MET,Uncertain significance,"criteria provided, single submitter",,,c.2644T>C,,,
4748740,NM_000245.4(MET):c.3406C>T (p.His1136Tyr),MET,Uncertain significance,"criteria provided, single submitter",,,c.3406C>T,,,
4811380,NM_000245.4(MET):c.2539C>G (p.Pro847Ala),MET,Uncertain significance,"criteria provided, single submitter",,,c.2539C>G,,,
4812118,NM_000245.4(MET):c.1595C>T (p.Ala532Val),MET,Uncertain significance,"criteria provided, single submitter",,,c.1595C>T,,,
4812266,NM_000245.4(MET):c.3467T>G (p.Val1156Gly),MET,Uncertain significance,"criteria provided, single submitter",,,c.3467T>G,,,
4825339,NM_000245.4(MET):c.3290T>C (p.Leu1097Ser),MET,Uncertain significance,"criteria provided, single submitter",,,c.3290T>C,,,
4825341,NM_000245.4(MET):c.3727_3728delinsTT (p.Ala1243Leu),MET,Uncertain significance,"criteria provided, single submitter",,,c.3727_3728delinsTT,,,
134648,NM_000245.4(MET):c.1171G>A (p.Gly391Arg),MET,Uncertain significance,"criteria provided, multiple submitters, no conflicts",,,c.1171G>A,,rs587778443,
134650,NM_000245.4(MET):c.3973G>A (p.Glu1325Lys),MET,Uncertain significance,"criteria provided, multiple submitters, no conflicts",,,c.3973G>A,,rs587778444,
185515,NM_000245.4(MET):c.2215C>G (p.Arg739Gly),MET,Uncertain significance,"criteria provided, multiple submitters, no conflicts",,,c.2215C>G,,rs45587940,
1735897,NM_000245.4(MET):c.3836G>A (p.Arg1279Lys),MET,Uncertain significance,"criteria provided, single submitter",,,c.3836G>A,,rs2117107849,
1736014,NM_000245.4(MET):c.38T>C (p.Val13Ala),MET,Uncertain significance,"criteria provided, multiple submitters, no conflicts",,,c.38T>C,,rs748776466,
135961,NM_000245.4(MET):c.1510G>T (p.Val504Phe),MET,Uncertain significance,"criteria provided, multiple submitters, no conflicts",,,c.1510G>T,,rs587780735,
135969,NM_000245.4(MET):c.4011A>G (p.Ile1337Met),MET,Uncertain significance,"criteria provided, multiple submitters, no conflicts",,,c.4011A>G,,rs376418811,
4798025,NM_000245.4(MET):c.928A>G (p.Lys310Glu),MET,Uncertain significance,"criteria provided, single submitter",,,c.928A>G,,,
4798707,NM_000245.4(MET):c.3597del (p.Lys1199fs),MET,Uncertain significance,"criteria provided, single submitter",,,c.3597del,,,
4799480,NM_000245.4(MET):c.1631A>G (p.Lys544Arg),MET,Uncertain significance,"criteria provided, single submitter",,,c.1631A>G,,,
188059,NM_000245.4(MET):c.3509G>A (p.Arg1170Gln),MET,Uncertain significance,"criteria provided, multiple submitters, no conflicts",,,c.3509G>A,,rs369838973,
188064,NM_000245.4(MET):c.3876A>G (p.Ile1292Met),MET,Uncertain significance,"criteria provided, multiple submitters, no conflicts",,,c.3876A>G,,rs786204044,
188147,NM_000245.4(MET):c.3263A>G (p.His1088Arg),MET,Uncertain significance,"criteria provided, single submitter",,,c.3263A>G,,rs786204102,
216502,NM_000245.4(MET):c.1770T>G (p.Phe590Leu),MET,Uncertain significance,"criteria provided, multiple submitters, no conflicts",,,c.1770T>G,,rs199542598,
216503,NM_000245.4(MET):c.199A>T (p.Thr67Ser),MET,Uncertain significance,"criteria provided, single submitter",,,c.199A>T,,rs202047059,
216504,NM_000245.4(MET):c.3030T>A (p.Asp1010Glu),MET,Uncertain significance,"criteria provided, multiple submitters, no conflicts",,,c.3030T>A,,rs565938550,
216505,NM_000245.4(MET):c.3065G>T (p.Arg1022Leu),MET,Uncertain significance,"criteria provided, multiple submitters, no conflicts",,,c.3065G>T,,rs45612435,
184921,NM_000245.4(MET):c.2393T>G (p.Ile798Arg),MET,Uncertain significance,"criteria provided, multiple submitters, no conflicts",,,c.2393T>G,,rs764960693,
186144,NM_000245.4(MET):c.599C>A (p.Thr200Asn),MET,Uncertain significance,"criteria provided, multiple submitters, no conflicts",,,c.599C>A,,rs786202727,
186588,NM_000245.4(MET):c.640A>G (p.Ile214Val),MET,Uncertain significance,"criteria provided, multiple submitters, no conflicts",,,c.640A>G,,rs786203065,
135958,NM_000245.4(MET):c.1312C>G (p.Leu438Val),MET,Uncertain significance,"criteria provided, multiple submitters, no conflicts",,,c.1312C>G,,rs587780733,
135959,NM_000245.4(MET):c.1361A>T (p.Asn454Ile),MET,Uncertain significance,no assertion criteria provided,,,c.1361A>T,,rs587780734,
188202,NM_000245.4(MET):c.2363T>C (p.Val788Ala),MET,Uncertain significance,"criteria provided, multiple submitters, no conflicts",,,c.2363T>C,,rs786204142,
4762537,NM_000245.4(MET):c.3935+6T>G,MET,Uncertain significance,"criteria provided, single submitter",,,NM_000245.4(MET):c.3935+6T>G,,,
4763771,NM_000245.4(MET):c.4136T>C (p.Val1379Ala),MET,Uncertain significance,"criteria provided, single submitter",,,c.4136T>C,,,
4764926,NM_000245.4(MET):c.830G>A (p.Arg277Lys),MET,Uncertain significance,"criteria provided, single submitter",,,c.830G>A,,,
4765208,NM_000245.4(MET):c.2705A>C (p.Lys902Thr),MET,Uncertain significance,"criteria provided, single submitter",,,c.2705A>C,,,
4766670,NM_000245.4(MET):c.670G>A (p.Asp224Asn),MET,Uncertain significance,"criteria provided, single submitter",,,c.670G>A,,,
4767061,NM_000245.4(MET):c.1759G>A (p.Asp587Asn),MET,Uncertain significance,"criteria provided, multiple submitters, no conflicts",,,c.1759G>A,,,
4767987,NM_000245.4(MET):c.2731-1G>A,MET,Uncertain significance,"criteria provided, single submitter",,,NM_000245.4(MET):c.2731-1G>A,,,
4743423,NM_000245.4(MET):c.145G>C (p.Glu49Gln),MET,Uncertain significance,"criteria provided, single submitter",,,c.145G>C,,,
4743436,NM_000245.4(MET):c.740T>A (p.Ile247Asn),MET,Uncertain significance,"criteria provided, single submitter",,,c.740T>A,,,
4743443,NM_000245.4(MET):c.3391A>T (p.Met1131Leu),MET,Uncertain significance,"criteria provided, single submitter",,,c.3391A>T,,,
4744616,NM_000245.4(MET):c.955G>C (p.Ala319Pro),MET,Uncertain significance,"criteria provided, single submitter",,,c.955G>C,,,
4744622,NM_000245.4(MET):c.239A>T (p.Lys80Met),MET,Uncertain significance,"criteria provided, single submitter",,,c.239A>T,,,
4744650,NM_000245.4(MET):c.1736C>A (p.Thr579Lys),MET,Uncertain significance,"criteria provided, single submitter",,,c.1736C>A,,,
4797674,NM_000245.4(MET):c.1008C>A (p.Ser336Arg),MET,Uncertain significance,"criteria provided, single submitter",,,c.1008C>A,,,
4797700,NM_000245.4(MET):c.2684C>A (p.Thr895Lys),MET,Uncertain significance,"criteria provided, single submitter",,,c.2684C>A,,,
4797959,NM_000245.4(MET):c.133A>T (p.Asn45Tyr),MET,Uncertain significance,"criteria provided, single submitter",,,c.133A>T,,,
4744697,NM_000245.4(MET):c.1679T>C (p.Ile560Thr),MET,Uncertain significance,"criteria provided, single submitter",,,c.1679T>C,,,
4746027,NM_000245.4(MET):c.175G>C (p.Glu59Gln),MET,Uncertain significance,"criteria provided, single submitter",,,c.175G>C,,,
4746028,NM_000245.4(MET):c.200C>G (p.Thr67Ser),MET,Uncertain significance,"criteria provided, single submitter",,,c.200C>G,,,
4746029,NM_000245.4(MET):c.209T>C (p.Ile70Thr),MET,Uncertain significance,"criteria provided, single submitter",,,c.209T>C,,,
4746031,NM_000245.4(MET):c.760G>A (p.Glu254Lys),MET,Uncertain significance,"criteria provided, single submitter",,,c.760G>A,,,
4746032,NM_000245.4(MET):c.1226G>C (p.Cys409Ser),MET,Uncertain significance,"criteria provided, single submitter",,,c.1226G>C,,,
4746033,NM_000245.4(MET):c.1622G>A (p.Cys541Tyr),MET,Uncertain significance,"criteria provided, single submitter",,,c.1622G>A,,,
4746035,NM_000245.4(MET):c.1931A>G (p.His644Arg),MET,Uncertain significance,"criteria provided, single submitter",,,c.1931A>G,,,
4740437,NM_000245.4(MET):c.1261A>C (p.Thr421Pro),MET,Uncertain significance,"criteria provided, single submitter",,,c.1261A>C,,,
4741061,NM_000245.4(MET):c.840G>C (p.Arg280Ser),MET,Uncertain significance,"criteria provided, single submitter",,,c.840G>C,,,
4741089,NM_000245.4(MET):c.2006T>G (p.Met669Arg),MET,Uncertain significance,"criteria provided, single submitter",,,c.2006T>G,,,
4741099,NM_000245.4(MET):c.3514G>C (p.Glu1172Gln),MET,Uncertain significance,"criteria provided, single submitter",,,c.3514G>C,,,
4741114,NM_000245.4(MET):c.4030T>A (p.Phe1344Ile),MET,Uncertain significance,"criteria provided, single submitter",,,c.4030T>A,,,
4741120,NM_000245.4(MET):c.4016C>A (p.Ala1339Glu),MET,Uncertain significance,"criteria provided, single submitter",,,c.4016C>A,,,
4752653,NM_000245.4(MET):c.1252A>G (p.Thr418Ala),MET,Uncertain significance,"criteria provided, single submitter",,,c.1252A>G,,,
4759791,NM_000245.4(MET):c.53T>G (p.Leu18Trp),MET,Uncertain significance,"criteria provided, single submitter",,,c.53T>G,,,
4741124,NM_000245.4(MET):c.3859G>C (p.Val1287Leu),MET,Uncertain significance,"criteria provided, single submitter",,,c.3859G>C,,,
4741125,NM_000245.4(MET):c.2780C>T (p.Pro927Leu),MET,Uncertain significance,"criteria provided, single submitter",,,c.2780C>T,,,
4741131,NM_000245.4(MET):c.937G>T (p.Val313Leu),MET,Uncertain significance,"criteria provided, single submitter",,,c.937G>T,,,
4741145,NM_000245.4(MET):c.3472C>G (p.Pro1158Ala),MET,Uncertain significance,"criteria provided, single submitter",,,c.3472C>G,,,
4742217,NM_000245.4(MET):c.3774A>T (p.Gln1258His),MET,Uncertain significance,"criteria provided, single submitter",,,c.3774A>T,,,
4742239,NM_000245.4(MET):c.4028C>T (p.Thr1343Ile),MET,Uncertain significance,"criteria provided, single submitter",,,c.4028C>T,,,
4742247,NM_000245.4(MET):c.2932C>T (p.Pro978Ser),MET,Uncertain significance,"criteria provided, single submitter",,,c.2932C>T,,,
4742258,NM_000245.4(MET):c.2460T>A (p.Phe820Leu),MET,Uncertain significance,"criteria provided, multiple submitters, no conflicts",,,c.2460T>A,,,
4743422,NM_000245.4(MET):c.2558G>A (p.Gly853Asp),MET,Uncertain significance,"criteria provided, single submitter",,,c.2558G>A,,,
4730311,NM_000245.4(MET):c.3814C>A (p.Leu1272Ile),MET,Uncertain significance,"criteria provided, single submitter",,,c.3814C>A,,,
4730855,NM_000245.4(MET):c.3769A>T (p.Thr1257Ser),MET,Uncertain significance,"criteria provided, single submitter",,,c.3769A>T,,,
4731489,NM_000245.4(MET):c.3614T>C (p.Leu1205Ser),MET,Uncertain significance,"criteria provided, single submitter",,,c.3614T>C,,,
4732671,NM_000245.4(MET):c.3053A>T (p.Asn1018Ile),MET,Uncertain significance,"criteria provided, single submitter",,,c.3053A>T,,,
4732952,NM_000245.4(MET):c.3575T>C (p.Met1192Thr),MET,Uncertain significance,"criteria provided, single submitter",,,c.3575T>C,,,
4744683,NM_000245.4(MET):c.1951A>T (p.Thr651Ser),MET,Uncertain significance,"criteria provided, single submitter",,,c.1951A>T,,,
4744685,NM_000245.4(MET):c.115A>T (p.Met39Leu),MET,Uncertain significance,"criteria provided, single submitter",,,c.115A>T,,,
4715057,NM_000245.4(MET):c.1198A>G (p.Arg400Gly),MET,Uncertain significance,"criteria provided, single submitter",,,c.1198A>G,,,
4715522,NM_000245.4(MET):c.698C>A (p.Ser233Tyr),MET,Uncertain significance,"criteria provided, single submitter",,,c.698C>A,,,
4715786,NM_000245.4(MET):c.3921C>A (p.Tyr1307Ter),MET,Uncertain significance,"criteria provided, single submitter",,,c.3921C>A,,,
4715881,NM_000245.4(MET):c.2265-17C>G,MET,Uncertain significance,"criteria provided, single submitter",,,NM_000245.4(MET):c.2265-17C>G,,,
4732964,NM_000245.4(MET):c.2407A>T (p.Thr803Ser),MET,Uncertain significance,"criteria provided, single submitter",,,c.2407A>T,,,
4733127,NM_000245.4(MET):c.1184A>T (p.Glu395Val),MET,Uncertain significance,"criteria provided, single submitter",,,c.1184A>T,,,
4737296,NM_000245.4(MET):c.287del (p.Phe96fs),MET,Uncertain significance,"criteria provided, single submitter",,,c.287del,,,
4739632,NM_000245.4(MET):c.2626A>G (p.Lys876Glu),MET,Uncertain significance,"criteria provided, single submitter",,,c.2626A>G,,,
4740407,NM_000245.4(MET):c.941T>C (p.Phe314Ser),MET,Uncertain significance,"criteria provided, single submitter",,,c.941T>C,,,
216498,NM_000245.4(MET):c.1444G>A (p.Asp482Asn),MET,Uncertain significance,"criteria provided, multiple submitters, no conflicts",,,c.1444G>A,,rs863224694,
221192,NM_000245.4(MET):c.3296A>G (p.Asp1099Gly),MET,Uncertain significance,"criteria provided, multiple submitters, no conflicts",,,c.3296A>G,,rs780431412,
225227,NM_000245.4(MET):c.3028+1G>T,MET,Uncertain significance,"criteria provided, single submitter",,,NM_000245.4(MET):c.3028+1G>T,,rs869320707,
194929,NM_000245.4(MET):c.3688T>C (p.Tyr1230His),MET,Uncertain significance,"criteria provided, multiple submitters, no conflicts",,,c.3688T>C,,rs121913247,
4740420,NM_000245.4(MET):c.431A>T (p.His144Leu),MET,Uncertain significance,"criteria provided, single submitter",,,c.431A>T,,,
4723589,NM_000245.4(MET):c.3111del (p.Ser1037fs),MET,Uncertain significance,"criteria provided, single submitter",,,c.3111del,,,
4723620,NM_000245.4(MET):c.2265-16T>C,MET,Uncertain significance,"criteria provided, single submitter",,,NM_000245.4(MET):c.2265-16T>C,,,
246648,NM_000245.4(MET):c.845G>C (p.Cys282Ser),MET,Uncertain significance,"criteria provided, multiple submitters, no conflicts",,,c.845G>C,,rs879254343,
252900,NM_001127500.2(MET):c.1528-?_*2262dup4962,MET,Uncertain significance,"criteria provided, single submitter",,,NM_001127500.2(MET):c.1528-?_*2262dup4962,,,
4705381,NM_000245.4(MET):c.2642G>A (p.Ser881Asn),MET,Uncertain significance,"criteria provided, single submitter",,,c.2642G>A,,,
4726443,NM_000245.4(MET):c.1862+5G>A,MET,Uncertain significance,"criteria provided, multiple submitters, no conflicts",,,NM_000245.4(MET):c.1862+5G>A,,,
4726541,NM_000245.4(MET):c.4034_4036del (p.Ile1345_Gly1346delinsArg),MET,Uncertain significance,"criteria provided, single submitter",,,c.4034_4036del,,,
4727633,NM_000245.4(MET):c.2102+3G>T,MET,Uncertain significance,"criteria provided, single submitter",,,NM_000245.4(MET):c.2102+3G>T,,,
4727988,NM_000245.4(MET):c.2730+4G>T,MET,Uncertain significance,"criteria provided, single submitter",,,NM_000245.4(MET):c.2730+4G>T,,,
358680,NM_000245.4(MET):c.-66G>T,COMETT,Uncertain significance,"criteria provided, single submitter",,,NM_000245.4(MET):c.-66G>T,,rs886061941,
358681,NM_000245.4(MET):c.-64G>T,MET,Uncertain significance,"criteria provided, multiple submitters, no conflicts",,,NM_000245.4(MET):c.-64G>T,,rs866509744,
246635,NM_000245.4(MET):c.2864T>A (p.Leu955Gln),MET,Uncertain significance,"criteria provided, single submitter",,,c.2864T>A,,rs879254335,
220130,NM_001127500.2(MET):c.(?_-1)_1200+?dup,MET,Uncertain significance,"criteria provided, single submitter",,,NM_001127500.2(MET):c.(?_-1)_1200+?dup,,,
246643,NM_000245.4(MET):c.3583C>T (p.Leu1195Phe),MET,Uncertain significance,"criteria provided, multiple submitters, no conflicts",,,c.3583C>T,,rs121913673,
246618,NM_000245.4(MET):c.1106A>G (p.Tyr369Cys),MET,Uncertain significance,"criteria provided, multiple submitters, no conflicts",,,c.1106A>G,,rs370314484,
246619,NM_000245.4(MET):c.116T>C (p.Met39Thr),MET,Uncertain significance,"criteria provided, multiple submitters, no conflicts",,,c.116T>C,,rs879254330,
216512,NM_000245.4(MET):c.522C>G (p.Asp174Glu),MET,Uncertain significance,"criteria provided, single submitter",,,c.522C>G,,rs863224696,
246629,NM_000245.4(MET):c.2210G>A (p.Ser737Asn),MET,Uncertain significance,"criteria provided, single submitter",,,c.2210G>A,,rs879254333,
4648425,NM_000245.4(MET):c.2675T>C (p.Val892Ala),MET,Uncertain significance,"criteria provided, single submitter",,,c.2675T>C,,,
4686978,NM_000245.4(MET):c.1058C>A (p.Ser353Tyr),MET,Uncertain significance,"criteria provided, single submitter",,,c.1058C>A,,,
4716810,NM_000245.4(MET):c.422G>T (p.Cys141Phe),MET,Uncertain significance,"criteria provided, single submitter",,,c.422G>T,,,
4716855,NM_000245.4(MET):c.1487T>G (p.Leu496Ter),MET,Uncertain significance,"criteria provided, single submitter",,,c.1487T>G,,,
4716983,NM_000245.4(MET):c.3863A>T (p.Asn1288Ile),MET,Uncertain significance,"criteria provided, single submitter",,,c.3863A>T,,,
4717685,NM_000245.4(MET):c.3241A>T (p.Asn1081Tyr),MET,Uncertain significance,"criteria provided, single submitter",,,c.3241A>T,,,
246639,NM_000245.4(MET):c.3442C>T (p.Arg1148Ter),MET,Uncertain significance,"criteria provided, multiple submitters, no conflicts",,,c.3442C>T,,rs879254336,
246640,NM_000245.4(MET):c.3633-2A>G,MET,Uncertain significance,"criteria provided, single submitter",,,NM_000245.4(MET):c.3633-2A>G,,rs879254337,
246641,NM_000245.4(MET):c.3488G>A (p.Gly1163Glu),MET,Uncertain significance,"criteria provided, single submitter",,,c.3488G>A,,rs879254338,
246642,NM_000245.4(MET):c.362T>C (p.Val121Ala),MET,Uncertain significance,"criteria provided, multiple submitters, no conflicts",,,c.362T>C,,rs879254339,
358695,NM_000245.4(MET):c.*41A>G,MET,Uncertain significance,"criteria provided, single submitter",,,NM_000245.4(MET):c.*41A>G,,rs771518812,
358696,NM_000245.4(MET):c.*76C>T,MET,Uncertain significance,"criteria provided, single submitter",,,NM_000245.4(MET):c.*76C>T,,rs527496385,
1738664,NM_000245.4(MET):c.4147C>T (p.Pro1383Ser),MET,Uncertain significance,"criteria provided, single submitter",,,c.4147C>T,,rs2117113810,
358698,NM_000245.4(MET):c.*105C>A,MET,Uncertain significance,"criteria provided, single submitter",,,NM_000245.4(MET):c.*105C>A,,rs886061945,
1731964,NM_000245.4(MET):c.3439C>G (p.Leu1147Val),MET,Uncertain significance,"criteria provided, multiple submitters, no conflicts",,,c.3439C>G,,rs1795070786,
358700,NM_000245.4(MET):c.*221G>A,MET,Uncertain significance,"criteria provided, single submitter",,,NM_000245.4(MET):c.*221G>A,,rs886061946,
4712882,NM_000245.4(MET):c.1295_1296dup (p.Gln433fs),MET,Uncertain significance,"criteria provided, single submitter",,,c.1295_1296dup,,,
4713250,NM_000245.4(MET):c.2734A>G (p.Lys912Glu),MET,Uncertain significance,"criteria provided, single submitter",,,c.2734A>G,,,
4714196,NM_000245.4(MET):c.1578C>A (p.Cys526Ter),MET,Uncertain significance,"criteria provided, single submitter",,,c.1578C>A,,,
1732124,NM_000245.4(MET):c.3453del (p.Ser1152fs),MET,Uncertain significance,"criteria provided, single submitter",,,c.3453del,,rs2485822039,
281910,NM_000245.4(MET):c.3613T>G (p.Leu1205Val),MET,Uncertain significance,"criteria provided, single submitter",,,c.3613T>G,,rs886042262,
358677,NM_000245.4(MET):c.-180C>A,MET,Uncertain significance,"criteria provided, single submitter",,,NM_000245.4(MET):c.-180C>A,,rs886061938,
358678,NM_000245.4(MET):c.-165C>G,MET,Uncertain significance,"criteria provided, single submitter",,,NM_000245.4(MET):c.-165C>G,,rs886061939,
358679,NM_000245.4(MET):c.-157T>G,COMETT,Uncertain significance,"criteria provided, single submitter",,,NM_000245.4(MET):c.-157T>G,,rs886061940,
358711,NM_000245.4(MET):c.*995G>T,MET,Uncertain significance,"criteria provided, single submitter",,,NM_000245.4(MET):c.*995G>T,,rs886061948,
1732370,NM_000245.4(MET):c.3477C>G (p.Tyr1159Ter),MET,Uncertain significance,"criteria provided, multiple submitters, no conflicts",,,c.3477C>G,,rs372238373,
1732528,NM_000245.4(MET):c.3493C>G (p.Leu1165Val),MET,Uncertain significance,"criteria provided, multiple submitters, no conflicts",,,c.3493C>G,,rs2117047923,
1736226,NM_000245.4(MET):c.3871G>T (p.Asp1291Tyr),MET,Uncertain significance,"criteria provided, multiple submitters, no conflicts",,,c.3871G>T,,rs2117108335,
1736438,NM_000245.4(MET):c.3896G>A (p.Gly1299Glu),MET,Uncertain significance,"criteria provided, single submitter",,,c.3896G>A,,rs2117108685,
1733642,NM_000245.4(MET):c.3604C>G (p.His1202Asp),MET,Uncertain significance,"criteria provided, single submitter",,,c.3604C>G,,rs2117060477,
4648354,NM_000245.4(MET):c.2265-20T>A,MET,Uncertain significance,"criteria provided, single submitter",,,NM_000245.4(MET):c.2265-20T>A,,,
4648411,NM_000245.4(MET):c.3413A>G (p.Asn1138Ser),MET,Uncertain significance,"criteria provided, single submitter",,,c.3413A>G,,,
4694931,NM_000245.4(MET):c.2950G>T (p.Val984Leu),MET,Uncertain significance,"criteria provided, single submitter",,,c.2950G>T,,,
4695343,NM_000245.4(MET):c.3356G>A (p.Gly1119Glu),MET,Uncertain significance,"criteria provided, single submitter",,,c.3356G>A,,,
4697506,NM_000245.4(MET):c.2011G>T (p.Gly671Cys),MET,Uncertain significance,"criteria provided, single submitter",,,c.2011G>T,,,
4698147,NM_000245.4(MET):c.3433A>G (p.Ile1145Val),MET,Uncertain significance,"criteria provided, single submitter",,,c.3433A>G,,,
4701736,NM_000245.4(MET):c.4043A>G (p.His1348Arg),MET,Uncertain significance,"criteria provided, single submitter",,,c.4043A>G,,,
4702961,NM_000245.4(MET):c.10C>T (p.Pro4Ser),MET,Uncertain significance,"criteria provided, single submitter",,,c.10C>T,,,
4704446,NM_000245.4(MET):c.2818T>G (p.Ser940Ala),MET,Uncertain significance,"criteria provided, single submitter",,,c.2818T>G,,,
4648136,NM_000245.4(MET):c.1273C>A (p.Gln425Lys),MET,Uncertain significance,"criteria provided, single submitter",,,c.1273C>A,,,
4648153,NM_000245.4(MET):c.3077A>G (p.Tyr1026Cys),MET,Uncertain significance,"criteria provided, single submitter",,,c.3077A>G,,,
4648179,NM_000245.4(MET):c.3067C>A (p.Gln1023Lys),MET,Uncertain significance,"criteria provided, single submitter",,,c.3067C>A,,,
4648190,NM_000245.4(MET):c.1965+5G>A,MET,Uncertain significance,"criteria provided, single submitter",,,NM_000245.4(MET):c.1965+5G>A,,,
4648200,NM_000245.4(MET):c.1234C>A (p.Arg412Ser),MET,Uncertain significance,"criteria provided, single submitter",,,c.1234C>A,,,
4648211,NM_000245.4(MET):c.708T>A (p.Asp236Glu),MET,Uncertain significance,"criteria provided, single submitter",,,c.708T>A,,,
4712136,NM_000245.4(MET):c.3028+3A>T,MET,Uncertain significance,"criteria provided, single submitter",,,NM_000245.4(MET):c.3028+3A>T,,,
4712137,NM_000245.4(MET):c.2394_2396del (p.Ile799del),MET,Uncertain significance,"criteria provided, single submitter",,,c.2394_2396del,,,
4712398,NM_000245.4(MET):c.2265-55G>A,MET,Uncertain significance,"criteria provided, single submitter",,,NM_000245.4(MET):c.2265-55G>A,,,
4648238,NM_000245.4(MET):c.2290G>A (p.Gly764Arg),MET,Uncertain significance,"criteria provided, single submitter",,,c.2290G>A,,,
4648258,NM_000245.4(MET):c.2109A>T (p.Ser703=),MET,Uncertain significance,"criteria provided, single submitter",,,c.2109A>T,,,
4648268,NM_000245.4(MET):c.905A>G (p.Glu302Gly),MET,Uncertain significance,"criteria provided, single submitter",,,c.905A>G,,,
4648279,NM_000245.4(MET):c.735C>A (p.Tyr245Ter),MET,Uncertain significance,"criteria provided, single submitter",,,c.735C>A,,,
4648288,NM_000245.4(MET):c.1611G>C (p.Gln537His),MET,Uncertain significance,"criteria provided, single submitter",,,c.1611G>C,,,
4648298,NM_000245.4(MET):c.895A>G (p.Ile299Val),MET,Uncertain significance,"criteria provided, single submitter",,,c.895A>G,,,
4648307,NM_000245.4(MET):c.3880G>C (p.Val1294Leu),MET,Uncertain significance,"criteria provided, single submitter",,,c.3880G>C,,,
4648324,NM_000245.4(MET):c.1096C>A (p.Pro366Thr),MET,Uncertain significance,"criteria provided, single submitter",,,c.1096C>A,,,
4648334,NM_000245.4(MET):c.1616G>T (p.Gly539Val),MET,Uncertain significance,"criteria provided, single submitter",,,c.1616G>T,,,
4647863,NM_000245.4(MET):c.737C>G (p.Pro246Arg),MET,Uncertain significance,"criteria provided, single submitter",,,c.737C>G,,,
4647872,NM_000245.4(MET):c.3079C>T (p.Pro1027Ser),MET,Uncertain significance,"criteria provided, single submitter",,,c.3079C>T,,,
4647882,NM_000245.4(MET):c.1451A>C (p.His484Pro),MET,Uncertain significance,"criteria provided, single submitter",,,c.1451A>C,,,
4647911,NM_000245.4(MET):c.2546T>C (p.Met849Thr),MET,Uncertain significance,"criteria provided, single submitter",,,c.2546T>C,,,
4691719,NM_000245.4(MET):c.1779T>A (p.Asn593Lys),MET,Uncertain significance,"criteria provided, single submitter",,,c.1779T>A,,,
4692366,NM_000245.4(MET):c.3179C>T (p.Pro1060Leu),MET,Uncertain significance,"criteria provided, single submitter",,,c.3179C>T,,,
4694258,NM_000245.4(MET):c.887T>C (p.Leu296Pro),MET,Uncertain significance,"criteria provided, multiple submitters, no conflicts",,,c.887T>C,,,
4647952,NM_000245.4(MET):c.203A>G (p.Asn68Ser),MET,Uncertain significance,"criteria provided, multiple submitters, no conflicts",,,c.203A>G,,,
4647990,NM_000245.4(MET):c.3010C>G (p.Arg1004Gly),MET,Uncertain significance,"criteria provided, single submitter",,,c.3010C>G,,,
4648062,NM_000245.4(MET):c.3516G>C (p.Glu1172Asp),MET,Uncertain significance,"criteria provided, single submitter",,,c.3516G>C,,,
4648071,NM_000245.4(MET):c.1829G>T (p.Cys610Phe),MET,Uncertain significance,"criteria provided, single submitter",,,c.1829G>T,,,
4648091,NM_000245.4(MET):c.2265-39A>C,MET,Uncertain significance,"criteria provided, single submitter",,,NM_000245.4(MET):c.2265-39A>C,,,
358727,NM_000245.4(MET):c.*2079G>A,MET,Uncertain significance,"criteria provided, single submitter",,,NM_000245.4(MET):c.*2079G>A,,rs757859772,
358728,NM_000245.4(MET):c.*2134T>A,MET,Uncertain significance,"criteria provided, single submitter",,,NM_000245.4(MET):c.*2134T>A,,rs144156652,
1733924,NM_000245.4(MET):c.3632T>C (p.Met1211Thr),MET,Uncertain significance,"criteria provided, single submitter",,,c.3632T>C,,rs1795175502,
1692566,NM_000245.4(MET):c.3322G>A (p.Ala1108Thr),MET,Uncertain significance,"criteria provided, single submitter",,,c.3322G>A,,rs2117040300,
1695624,NM_000245.4(MET):c.3098C>T (p.Pro1033Leu),MET,Uncertain significance,"criteria provided, single submitter",,,c.3098C>T,,rs2117030380,
1697353,NM_000245.4(MET):c.3775_3776del (p.Lys1259fs),MET,Uncertain significance,"criteria provided, single submitter",,,c.3775_3776del,,rs2117067376,
358703,NM_000245.4(MET):c.*422T>A,MET,Uncertain significance,"criteria provided, single submitter",,,NM_000245.4(MET):c.*422T>A,,rs886061947,
4648118,NM_000245.4(MET):c.4106T>C (p.Leu1369Ser),MET,Uncertain significance,"criteria provided, single submitter",,,c.4106T>C,,,
4647654,NM_000245.4(MET):c.2870_2881del (p.Lys957_Gln960del),MET,Uncertain significance,"criteria provided, single submitter",,,c.2870_2881del,,,
4647720,NM_000245.4(MET):c.3257G>C (p.Arg1086Thr),MET,Uncertain significance,"criteria provided, multiple submitters, no conflicts",,,c.3257G>C,,,
4648221,NM_000245.4(MET):c.1810C>T (p.Leu604Phe),MET,Uncertain significance,"criteria provided, single submitter",,,c.1810C>T,,,
4539358,NM_000245.4(MET):c.3789G>T (p.Lys1263Asn),MET,Uncertain significance,"criteria provided, single submitter",,,c.3789G>T,,,
4647066,NM_000245.4(MET):c.1845_1848del (p.Ser615fs),MET,Uncertain significance,"criteria provided, single submitter",,,c.1845_1848del,,,
4647729,NM_000245.4(MET):c.1100T>C (p.Ile367Thr),MET,Uncertain significance,"criteria provided, single submitter",,,c.1100T>C,,,
4647747,NM_000245.4(MET):c.57_58delinsAA (p.Gln20Lys),MET,Uncertain significance,"criteria provided, single submitter",,,c.57_58delinsAA,,,
4647765,NM_000245.4(MET):c.2033C>G (p.Thr678Ser),MET,Uncertain significance,"criteria provided, single submitter",,,c.2033C>G,,,
4647774,NM_000245.4(MET):c.2454A>T (p.Lys818Asn),MET,Uncertain significance,"criteria provided, single submitter",,,c.2454A>T,,,
4647784,NM_000245.4(MET):c.4172A>G (p.Ter1391Trp),MET,Uncertain significance,"criteria provided, single submitter",,,c.4172A>G,,,
4647804,NM_000245.4(MET):c.3016A>T (p.Thr1006Ser),MET,Uncertain significance,"criteria provided, single submitter",,,c.3016A>T,,,
4647815,NM_000245.4(MET):c.3054C>A (p.Asn1018Lys),MET,Uncertain significance,"criteria provided, multiple submitters, no conflicts",,,c.3054C>A,,,
4647834,NM_000245.4(MET):c.1387A>G (p.Met463Val),MET,Uncertain significance,"criteria provided, single submitter",,,c.1387A>G,,,
4647446,NM_000245.4(MET):c.1667G>A (p.Trp556Ter),MET,Uncertain significance,"criteria provided, single submitter",,,c.1667G>A,,,
4647483,NM_000245.4(MET):c.875T>A (p.Met292Lys),MET,Uncertain significance,"criteria provided, single submitter",,,c.875T>A,,,
4647493,NM_000245.4(MET):c.1761C>A (p.Asp587Glu),MET,Uncertain significance,"criteria provided, single submitter",,,c.1761C>A,,,
4647505,NM_000245.4(MET):c.3445A>G (p.Ser1149Gly),MET,Uncertain significance,"criteria provided, single submitter",,,c.3445A>G,,,
4647922,NM_000245.4(MET):c.1669A>C (p.Thr557Pro),MET,Uncertain significance,"criteria provided, single submitter",,,c.1669A>C,,,
4647941,NM_000245.4(MET):c.1376A>T (p.Glu459Val),MET,Uncertain significance,"criteria provided, single submitter",,,c.1376A>T,,,
358705,NM_000245.4(MET):c.*655C>T,MET,Uncertain significance,"criteria provided, single submitter",,,NM_000245.4(MET):c.*655C>T,,rs563978117,
1718056,NM_000245.4(MET):c.689C>A (p.Thr230Lys),MET,Uncertain significance,"criteria provided, single submitter",,,c.689C>A,,rs587780740,
1718486,NM_000245.4(MET):c.2606_2607delinsAG (p.Ala869Glu),MET,Uncertain significance,"criteria provided, single submitter",,,c.2606_2607delinsAG,,rs2485766711,
1718596,NM_000245.4(MET):c.1849A>G (p.Ser617Gly),MET,Uncertain significance,"criteria provided, single submitter",,,c.1849A>G,,rs2116910973,
1718624,NM_000245.4(MET):c.2227A>C (p.Ile743Leu),MET,Uncertain significance,"criteria provided, multiple submitters, no conflicts",,,c.2227A>C,,rs2116932338,
358710,NM_000245.4(MET):c.*984C>T,MET,Uncertain significance,"criteria provided, single submitter",,,NM_000245.4(MET):c.*984C>T,,rs573510587,
411880,NM_000245.4(MET):c.2527C>G (p.Pro843Ala),MET,Uncertain significance,"criteria provided, multiple submitters, no conflicts",,,c.2527C>G,,rs905891313,
411881,NM_000245.4(MET):c.2325G>T (p.Met775Ile),MET,Uncertain significance,"criteria provided, multiple submitters, no conflicts",,,c.2325G>T,,rs748086754,
411882,NM_000245.4(MET):c.995A>G (p.Gln332Arg),MET,Uncertain significance,"criteria provided, single submitter",,,c.995A>G,,rs1060503529,
411883,NM_000245.4(MET):c.280G>T (p.Asp94Tyr),MET,Uncertain significance,"criteria provided, multiple submitters, no conflicts",,,c.280G>T,,rs899151863,
411884,NM_000245.4(MET):c.704T>C (p.Ile235Thr),MET,Uncertain significance,"criteria provided, multiple submitters, no conflicts",,,c.704T>C,,rs1060503530,
411885,NM_000245.4(MET):c.1285T>A (p.Leu429Ile),MET,Uncertain significance,"criteria provided, multiple submitters, no conflicts",,,c.1285T>A,,rs911380470,
411886,NM_000245.4(MET):c.2248A>G (p.Thr750Ala),MET,Uncertain significance,"criteria provided, multiple submitters, no conflicts",,,c.2248A>G,,rs1060503531,
1718816,NM_000245.4(MET):c.2456C>G (p.Ala819Gly),MET,Uncertain significance,"criteria provided, multiple submitters, no conflicts",,,c.2456C>G,,rs1390039369,
358718,NM_000245.4(MET):c.*1460C>G,MET,Uncertain significance,"criteria provided, single submitter",,,NM_000245.4(MET):c.*1460C>G,,rs886061949,
4647633,NM_000245.4(MET):c.2347G>A (p.Gly783Arg),MET,Uncertain significance,"criteria provided, multiple submitters, no conflicts",,,c.2347G>A,,,
387726,NM_000245.4(MET):c.3811G>A (p.Val1271Met),MET,Uncertain significance,"criteria provided, multiple submitters, no conflicts",,,c.3811G>A,,rs751186512,
4647091,NM_000245.4(MET):c.3936-5A>G,MET,Uncertain significance,"criteria provided, single submitter",,,NM_000245.4(MET):c.3936-5A>G,,,
4647135,NM_000245.4(MET):c.544G>C (p.Ala182Pro),MET,Uncertain significance,"criteria provided, single submitter",,,c.544G>C,,,
4647207,NM_000245.4(MET):c.1245del (p.Glu415fs),MET,Uncertain significance,"criteria provided, single submitter",,,c.1245del,,,
4647213,NM_000245.4(MET):c.2198C>G (p.Thr733Arg),MET,Uncertain significance,"criteria provided, single submitter",,,c.2198C>G,,,
4647252,NM_000245.4(MET):c.2681G>C (p.Cys894Ser),MET,Uncertain significance,"criteria provided, single submitter",,,c.2681G>C,,,
4647308,NM_000245.4(MET):c.3959G>A (p.Trp1320Ter),MET,Uncertain significance,"criteria provided, single submitter",,,c.3959G>A,,,
4647403,NM_000245.4(MET):c.8C>A (p.Ala3Asp),MET,Uncertain significance,"criteria provided, single submitter",,,c.8C>A,,,
4647511,NM_000245.4(MET):c.1778A>C (p.Asn593Thr),MET,Uncertain significance,"criteria provided, single submitter",,,c.1778A>C,,,
4647529,NM_000245.4(MET):c.116T>G (p.Met39Arg),MET,Uncertain significance,"criteria provided, single submitter",,,c.116T>G,,,
4647540,NM_000245.4(MET):c.3760A>G (p.Ser1254Gly),MET,Uncertain significance,"criteria provided, single submitter",,,c.3760A>G,,,
4647556,NM_000245.4(MET):c.2750_2751insT (p.Thr918fs),MET,Uncertain significance,"criteria provided, single submitter",,,c.2750_2751insT,,,
4647586,NM_000245.4(MET):c.2525A>C (p.Lys842Thr),MET,Uncertain significance,"criteria provided, single submitter",,,c.2525A>C,,,
4647603,NM_000245.4(MET):c.3122A>C (p.Asp1041Ala),MET,Uncertain significance,"criteria provided, single submitter",,,c.3122A>C,,,
4647612,NM_000245.4(MET):c.3163C>T (p.Leu1055Phe),MET,Uncertain significance,"criteria provided, multiple submitters, no conflicts",,,c.3163C>T,,,
1735350,NM_000245.4(MET):c.3776A>G (p.Lys1259Arg),MET,Uncertain significance,"criteria provided, single submitter",,,c.3776A>G,,rs1379078529,
4106803,NM_000245.4(MET):c.2726T>C (p.Ile909Thr),MET,Uncertain significance,"criteria provided, single submitter",,,c.2726T>C,,,
4106804,NM_000245.4(MET):c.3632+5G>A,MET,Uncertain significance,"criteria provided, single submitter",,,NM_000245.4(MET):c.3632+5G>A,,,
4533038,NM_000245.4(MET):c.1579A>C (p.Ser527Arg),MET,Uncertain significance,"criteria provided, single submitter",,,c.1579A>C,,,
4533039,NM_000245.4(MET):c.2680T>A (p.Cys894Ser),MET,Uncertain significance,"criteria provided, single submitter",,,c.2680T>A,,,
4533040,NM_000245.4(MET):c.503A>C (p.Glu168Ala),MET,Uncertain significance,"criteria provided, multiple submitters, no conflicts",,,c.503A>C,,,
4539320,NM_000245.4(MET):c.2542G>A (p.Val848Met),MET,Uncertain significance,"criteria provided, single submitter",,,c.2542G>A,,,
4539332,NM_000245.4(MET):c.2798del (p.Gly933fs),MET,Uncertain significance,"criteria provided, single submitter",,,c.2798del,,,
358720,NM_000245.4(MET):c.*1636C>T,MET,Uncertain significance,"criteria provided, single submitter",,,NM_000245.4(MET):c.*1636C>T,,rs186175651,
358721,NM_000245.4(MET):c.*1784T>A,MET,Uncertain significance,"criteria provided, single submitter",,,NM_000245.4(MET):c.*1784T>A,,rs554029534,
358722,NM_000245.4(MET):c.*1809C>T,MET,Uncertain significance,"criteria provided, single submitter",,,NM_000245.4(MET):c.*1809C>T,,rs868554436,
358723,NM_000245.4(MET):c.*1882G>T,MET,Uncertain significance,"criteria provided, single submitter",,,NM_000245.4(MET):c.*1882G>T,,rs886061950,
358724,NM_000245.4(MET):c.*1886T>A,MET,Uncertain significance,"criteria provided, single submitter",,,NM_000245.4(MET):c.*1886T>A,,rs536185931,
1735634,NM_000245.4(MET):c.3811G>C (p.Val1271Leu),MET,Uncertain significance,"criteria provided, single submitter",,,c.3811G>C,,rs751186512,
358726,NM_000245.4(MET):c.*2051C>T,MET,Uncertain significance,"criteria provided, single submitter",,,NM_000245.4(MET):c.*2051C>T,,rs886061951,
411895,NM_000245.4(MET):c.495G>C (p.Gln165His),MET,Uncertain significance,"criteria provided, multiple submitters, no conflicts",,,c.495G>C,,rs1060503537,
411899,NM_000245.4(MET):c.2191C>T (p.Arg731Ter),MET,Uncertain significance,"criteria provided, multiple submitters, no conflicts",,,c.2191C>T,,rs377336878,
411903,NM_000245.4(MET):c.2933C>T (p.Pro978Leu),MET,Uncertain significance,"criteria provided, multiple submitters, no conflicts",,,c.2933C>T,,rs1060503540,
4106781,NM_000245.4(MET):c.3803C>G (p.Ser1268Cys),MET,Uncertain significance,"criteria provided, single submitter",,,c.3803C>G,,,
4106783,NM_000245.4(MET):c.2345C>A (p.Ala782Glu),MET,Uncertain significance,"criteria provided, single submitter",,,c.2345C>A,,,
4106784,NM_000245.4(MET):c.1682G>T (p.Cys561Phe),MET,Uncertain significance,"criteria provided, single submitter",,,c.1682G>T,,,
4106785,NM_000245.4(MET):c.1697A>C (p.Tyr566Ser),MET,Uncertain significance,"criteria provided, single submitter",,,c.1697A>C,,,
4106786,NM_000245.4(MET):c.1699A>C (p.Lys567Gln),MET,Uncertain significance,"criteria provided, single submitter",,,c.1699A>C,,,
4332597,NM_000245.4(MET):c.1406G>T (p.Arg469Leu),MET,Uncertain significance,"criteria provided, multiple submitters, no conflicts",,,c.1406G>T,,,
411874,NM_000245.4(MET):c.145G>A (p.Glu49Lys),MET,Uncertain significance,"criteria provided, multiple submitters, no conflicts",,,c.145G>A,,rs1060503528,
411876,NM_000245.4(MET):c.3397G>A (p.Asp1133Asn),MET,Uncertain significance,"criteria provided, multiple submitters, no conflicts",,,c.3397G>A,,rs745437003,
411877,NM_000245.4(MET):c.1904A>G (p.Asn635Ser),MET,Uncertain significance,"criteria provided, multiple submitters, no conflicts",,,c.1904A>G,,rs773826297,
411913,NM_000245.4(MET):c.3192G>C (p.Gln1064His),MET,Uncertain significance,"criteria provided, multiple submitters, no conflicts",,,c.3192G>C,,rs974352099,
411914,NM_000245.4(MET):c.2285G>C (p.Gly762Ala),MET,Uncertain significance,"criteria provided, single submitter",,,c.2285G>C,,rs1060503541,
411916,NM_000245.4(MET):c.4018A>G (p.Ile1340Val),MET,Uncertain significance,"criteria provided, single submitter",,,c.4018A>G,,rs1060503543,
411887,NM_000245.4(MET):c.482T>C (p.Ile161Thr),MET,Uncertain significance,"criteria provided, single submitter",,,c.482T>C,,rs1060503532,
4106801,NM_000245.4(MET):c.620_621delinsT (p.Pro207fs),MET,Uncertain significance,"criteria provided, single submitter",,,c.620_621delinsT,,,
4106802,NM_000245.4(MET):c.416G>A (p.Gly139Glu),MET,Uncertain significance,"criteria provided, single submitter",,,c.416G>A,,,
4106769,NM_000245.4(MET):c.1349T>C (p.Leu450Pro),MET,Uncertain significance,"criteria provided, single submitter",,,c.1349T>C,,,
4106805,NM_000245.4(MET):c.2364+3_2364+8delinsTCATG,MET,Uncertain significance,"criteria provided, single submitter",,,NM_000245.4(MET):c.2364+3_2364+8delinsTCATG,,,
4106807,NM_000245.4(MET):c.2993A>G (p.Asn998Ser),MET,Uncertain significance,"criteria provided, single submitter",,,c.2993A>G,,,
4106809,NM_000245.4(MET):c.3398A>G (p.Asp1133Gly),MET,Uncertain significance,"criteria provided, single submitter",,,c.3398A>G,,,
4106810,NM_000245.4(MET):c.3124A>G (p.Ile1042Val),MET,Uncertain significance,"criteria provided, single submitter",,,c.3124A>G,,,
4106812,NM_000245.4(MET):c.2846T>C (p.Leu949Pro),MET,Uncertain significance,"criteria provided, single submitter",,,c.2846T>C,,,
4106813,NM_000245.4(MET):c.2930C>A (p.Thr977Asn),MET,Uncertain significance,"criteria provided, single submitter",,,c.2930C>A,,,
4106814,NM_000245.4(MET):c.2890C>A (p.Leu964Met),MET,Uncertain significance,"criteria provided, multiple submitters, no conflicts",,,c.2890C>A,,,
4106815,NM_000245.4(MET):c.3401T>G (p.Phe1134Cys),MET,Uncertain significance,"criteria provided, single submitter",,,c.3401T>G,,,
411904,NM_000245.4(MET):c.2528C>T (p.Pro843Leu),MET,Uncertain significance,"criteria provided, multiple submitters, no conflicts",,,c.2528C>T,,rs762228405,
1731583,NM_000245.4(MET):c.3399T>A (p.Asp1133Glu),MET,Uncertain significance,"criteria provided, single submitter",,,c.3399T>A,,rs2117046045,
443601,GRCh37/hg19 7q31.1-31.31(chr7:113764678-117694762)x3,ASZ1,Uncertain significance,no assertion criteria provided,,,GRCh37/hg19 7q31.1-31.31(chr7:113764678-117694762)x3,,,
411890,NM_000245.4(MET):c.3163C>A (p.Leu1055Ile),MET,Uncertain significance,"criteria provided, multiple submitters, no conflicts",,,c.3163C>A,,rs1060503534,
411891,NM_000245.4(MET):c.1933G>A (p.Gly645Arg),MET,Uncertain significance,"criteria provided, multiple submitters, no conflicts",,,c.1933G>A,,rs763849125,
411892,NM_000245.4(MET):c.1812_1814del (p.Leu605del),MET,Uncertain significance,"criteria provided, single submitter",,,c.1812_1814del,,rs1060503535,
411894,NM_000245.4(MET):c.799G>A (p.Glu267Lys),MET,Uncertain significance,"criteria provided, multiple submitters, no conflicts",,,c.799G>A,,rs755954919,
4106750,NM_000245.4(MET):c.2598C>A (p.Asp866Glu),MET,Uncertain significance,"criteria provided, single submitter",,,c.2598C>A,,,
4106789,NM_000245.4(MET):c.3280C>T (p.His1094Tyr),MET,Uncertain significance,"criteria provided, single submitter",,,c.3280C>T,,rs121913244,
4106790,NM_000245.4(MET):c.736C>A (p.Pro246Thr),MET,Uncertain significance,"criteria provided, single submitter",,,c.736C>A,,,
4106794,NM_000245.4(MET):c.778T>C (p.Tyr260His),MET,Uncertain significance,"criteria provided, single submitter",,,c.778T>C,,,
4106796,NM_000245.4(MET):c.2244_2245del (p.Pro749fs),MET,Uncertain significance,"criteria provided, single submitter",,,c.2244_2245del,,,
411920,NM_000245.4(MET):c.1858A>G (p.Asn620Asp),MET,Uncertain significance,"criteria provided, multiple submitters, no conflicts",,,c.1858A>G,,rs372116735,
4859962,NM_000245.4(MET):c.574T>A (p.Phe192Ile),MET,Uncertain significance,"criteria provided, single submitter",,,c.574T>A,,,
4859965,NM_000245.4(MET):c.2887+4C>A,MET,Uncertain significance,"criteria provided, single submitter",,,NM_000245.4(MET):c.2887+4C>A,,,
4859966,NM_000245.4(MET):c.1556G>A (p.Gly519Asp),MET,Uncertain significance,"criteria provided, single submitter",,,c.1556G>A,,,
4859967,NM_000245.4(MET):c.2269G>A (p.Gly757Arg),MET,Uncertain significance,"criteria provided, single submitter",,,c.2269G>A,,,
4859968,NM_000245.4(MET):c.3632_3632+3del,MET,Uncertain significance,"criteria provided, single submitter",,,NM_000245.4(MET):c.3632_3632+3del,,,
4859969,NM_000245.4(MET):c.2402G>T (p.Cys801Phe),MET,Uncertain significance,"criteria provided, single submitter",,,c.2402G>T,,,
4106764,NM_000245.4(MET):c.1521del (p.Lys508fs),MET,Uncertain significance,"criteria provided, single submitter",,,c.1521del,,,
4106765,NM_000245.4(MET):c.3332C>A (p.Ser1111Tyr),MET,Uncertain significance,"criteria provided, single submitter",,,c.3332C>A,,,
4106766,NM_000245.4(MET):c.3331_3332inv (p.Ser1111Asp),MET,Uncertain significance,"criteria provided, single submitter",,,c.3331_3332inv,,,
4106767,NM_000245.4(MET):c.3587C>T (p.Ala1196Val),MET,Uncertain significance,"criteria provided, multiple submitters, no conflicts",,,c.3587C>T,,,
4106775,NM_000245.4(MET):c.2148T>G (p.Ile716Met),MET,Uncertain significance,"criteria provided, single submitter",,,c.2148T>G,,,
4106776,NM_000245.4(MET):c.100G>T (p.Glu34Ter),MET,Uncertain significance,"criteria provided, single submitter",,,c.100G>T,,,
4106777,NM_000245.4(MET):c.1577G>T (p.Cys526Phe),MET,Uncertain significance,"criteria provided, multiple submitters, no conflicts",,,c.1577G>T,,,
4106778,NM_000245.4(MET):c.1119C>G (p.Phe373Leu),MET,Uncertain significance,"criteria provided, single submitter",,,c.1119C>G,,,
4859956,NM_000245.4(MET):c.1702G>C (p.Val568Leu),MET,Uncertain significance,"criteria provided, single submitter",,,c.1702G>C,,,
4859957,NM_000245.4(MET):c.688A>G (p.Thr230Ala),MET,Uncertain significance,"criteria provided, single submitter",,,c.688A>G,,,
4859958,NM_000245.4(MET):c.2584-5T>C,MET,Uncertain significance,"criteria provided, single submitter",,,NM_000245.4(MET):c.2584-5T>C,,,
4859959,NM_000245.4(MET):c.731C>G (p.Ser244Cys),MET,Uncertain significance,"criteria provided, single submitter",,,c.731C>G,,,
4859961,NM_000245.4(MET):c.1832C>T (p.Thr611Ile),MET,Uncertain significance,"criteria provided, single submitter",,,c.1832C>T,,,
454197,NM_000245.4(MET):c.1801A>G (p.Thr601Ala),MET,Uncertain significance,"criteria provided, multiple submitters, no conflicts",,,c.1801A>G,,rs1216005099,
454200,NM_000245.4(MET):c.1826G>A (p.Ser609Asn),MET,Uncertain significance,"criteria provided, multiple submitters, no conflicts",,,c.1826G>A,,rs1554394973,
454181,NM_000245.4(MET):c.1242T>A (p.Asp414Glu),MET,Uncertain significance,"criteria provided, multiple submitters, no conflicts",,,c.1242T>A,,rs1230741853,
454182,NM_000245.4(MET):c.1343G>A (p.Gly448Glu),MET,Uncertain significance,"criteria provided, multiple submitters, no conflicts",,,c.1343G>A,,rs750256779,
4106745,NM_000245.4(MET):c.2882T>G (p.Ile961Ser),MET,Uncertain significance,"criteria provided, multiple submitters, no conflicts",,,c.2882T>G,,,
4106747,NM_000245.4(MET):c.2364+1del,MET,Uncertain significance,"criteria provided, single submitter",,,NM_000245.4(MET):c.2364+1del,,,
4106748,NM_000245.4(MET):c.2086A>C (p.Thr696Pro),MET,Uncertain significance,"criteria provided, single submitter",,,c.2086A>C,,,
4053989,NM_000245.4(MET):c.2205C>G (p.Ile735Met),MET,Uncertain significance,"criteria provided, single submitter",,,c.2205C>G,,,
4053991,NM_000245.4(MET):c.1255G>C (p.Glu419Gln),MET,Uncertain significance,"criteria provided, single submitter",,,c.1255G>C,,,
4106754,NM_000245.4(MET):c.1064A>G (p.Glu355Gly),MET,Uncertain significance,"criteria provided, single submitter",,,c.1064A>G,,,
4106755,NM_000245.4(MET):c.1038C>G (p.Phe346Leu),MET,Uncertain significance,"criteria provided, single submitter",,,c.1038C>G,,,
4106756,NM_000245.4(MET):c.155T>C (p.Ile52Thr),MET,Uncertain significance,"criteria provided, single submitter",,,c.155T>C,,,
4106759,NM_000245.4(MET):c.3863A>G (p.Asn1288Ser),MET,Uncertain significance,"criteria provided, single submitter",,,c.3863A>G,,,
4106760,NM_000245.4(MET):c.2098A>G (p.Lys700Glu),MET,Uncertain significance,"criteria provided, single submitter",,,c.2098A>G,,,
4106726,NM_000245.4(MET):c.247_248delinsAG (p.Glu83Arg),MET,Uncertain significance,"criteria provided, single submitter",,,c.247_248delinsAG,,,
4106727,NM_000245.4(MET):c.1319C>T (p.Thr440Ile),MET,Uncertain significance,"criteria provided, single submitter",,,c.1319C>T,,,
4106729,NM_000245.4(MET):c.1200+1G>C,MET,Uncertain significance,"criteria provided, single submitter",,,NM_000245.4(MET):c.1200+1G>C,,,
4106730,NM_000245.4(MET):c.3454dup (p.Ser1152fs),MET,Uncertain significance,"criteria provided, single submitter",,,c.3454dup,,,
4106731,NM_000245.4(MET):c.1264del (p.Thr422fs),MET,Uncertain significance,"criteria provided, single submitter",,,c.1264del,,,
4106732,NM_000245.4(MET):c.3522+1G>A,MET,Uncertain significance,"criteria provided, single submitter",,,NM_000245.4(MET):c.3522+1G>A,,,
4106770,NM_000245.4(MET):c.1796A>G (p.Lys599Arg),MET,Uncertain significance,"criteria provided, single submitter",,,c.1796A>G,,,
4106771,NM_000245.4(MET):c.2824T>C (p.Ser942Pro),MET,Uncertain significance,"criteria provided, single submitter",,,c.2824T>C,,,
4106773,NM_000245.4(MET):c.1452del (p.Pro485fs),MET,Uncertain significance,"criteria provided, single submitter",,,c.1452del,,,
4106738,NM_000245.4(MET):c.2628del (p.Val877fs),MET,Uncertain significance,"criteria provided, single submitter",,,c.2628del,,,
4106739,NM_000245.4(MET):c.1119C>A (p.Phe373Leu),MET,Uncertain significance,"criteria provided, single submitter",,,c.1119C>A,,,
4106740,NM_000245.4(MET):c.2727A>C (p.Ile909=),MET,Uncertain significance,"criteria provided, single submitter",,,c.2727A>C,,,
4106741,NM_000245.4(MET):c.2741C>G (p.Ala914Gly),MET,Uncertain significance,"criteria provided, single submitter",,,c.2741C>G,,,
4106742,NM_000245.4(MET):c.3278A>G (p.Tyr1093Cys),MET,Uncertain significance,"criteria provided, single submitter",,,c.3278A>G,,,
449882,NM_000245.4(MET):c.3478A>G (p.Met1160Val),MET,Uncertain significance,"criteria provided, multiple submitters, no conflicts",,,c.3478A>G,,rs1554399597,
452678,NM_000245.4(MET):c.2192G>A (p.Arg731Gln),MET,Uncertain significance,"criteria provided, multiple submitters, no conflicts",,,c.2192G>A,,rs45446492,
454209,NM_000245.4(MET):c.2265-41G>A,MET,Uncertain significance,"criteria provided, multiple submitters, no conflicts",,,NM_000245.4(MET):c.2265-41G>A,,rs1554395868,
454211,NM_000245.4(MET):c.2344G>A (p.Ala782Thr),MET,Uncertain significance,"criteria provided, multiple submitters, no conflicts",,,c.2344G>A,,rs1262601648,
454213,NM_000245.4(MET):c.2381C>G (p.Ser794Cys),MET,Uncertain significance,"criteria provided, multiple submitters, no conflicts",,,c.2381C>G,,rs371939364,
454214,NM_000245.4(MET):c.2414C>T (p.Ser805Phe),MET,Uncertain significance,"criteria provided, multiple submitters, no conflicts",,,c.2414C>T,,rs1410859976,
454216,NM_000245.4(MET):c.2471A>G (p.Asp824Gly),MET,Uncertain significance,"criteria provided, multiple submitters, no conflicts",,,c.2471A>G,,rs1446482547,
454217,NM_000245.4(MET):c.2472T>G (p.Asp824Glu),MET,Uncertain significance,"criteria provided, multiple submitters, no conflicts",,,c.2472T>G,,rs1463527073,
4106743,NM_000245.4(MET):c.2149T>A (p.Ser717Thr),MET,Uncertain significance,"criteria provided, single submitter",,,c.2149T>A,,,
4053987,NM_000245.4(MET):c.394A>T (p.Ser132Cys),MET,Uncertain significance,"criteria provided, single submitter",,,c.394A>T,,,
4053988,NM_000245.4(MET):c.2083A>G (p.Lys695Glu),MET,Uncertain significance,"criteria provided, single submitter",,,c.2083A>G,,,
4053957,NM_000245.4(MET):c.1042C>A (p.Gln348Lys),MET,Uncertain significance,"criteria provided, multiple submitters, no conflicts",,,c.1042C>A,,,
4106706,NM_000245.4(MET):c.2584-3C>A,MET,Uncertain significance,"criteria provided, single submitter",,,NM_000245.4(MET):c.2584-3C>A,,,
4106709,NM_000245.4(MET):c.3963C>A (p.His1321Gln),MET,Uncertain significance,"criteria provided, single submitter",,,c.3963C>A,,,
4106715,NM_000245.4(MET):c.2033C>T (p.Thr678Ile),MET,Uncertain significance,"criteria provided, single submitter",,,c.2033C>T,,,
4106716,NM_000245.4(MET):c.-2T>G,MET,Uncertain significance,"criteria provided, single submitter",,,NM_000245.4(MET):c.-2T>G,,,
4106718,NM_000245.4(MET):c.598A>G (p.Thr200Ala),MET,Uncertain significance,"criteria provided, single submitter",,,c.598A>G,,,
4106719,NM_000245.4(MET):c.3361G>A (p.Val1121Ile),MET,Uncertain significance,"criteria provided, single submitter",,,c.3361G>A,,,
4106721,NM_000245.4(MET):c.2718G>T (p.Glu906Asp),MET,Uncertain significance,"criteria provided, single submitter",,,c.2718G>T,,,
4106722,NM_000245.4(MET):c.958G>A (p.Ala320Thr),MET,Uncertain significance,"criteria provided, single submitter",,,c.958G>A,,,
4053971,NM_000245.4(MET):c.703A>T (p.Ile235Phe),MET,Uncertain significance,"criteria provided, single submitter",,,c.703A>T,,,
4053972,NM_000245.4(MET):c.1851C>G (p.Ser617Arg),MET,Uncertain significance,"criteria provided, single submitter",,,c.1851C>G,,,
4053973,NM_000245.4(MET):c.919A>G (p.Arg307Gly),MET,Uncertain significance,"criteria provided, single submitter",,,c.919A>G,,,
4053975,NM_000245.4(MET):c.3655A>G (p.Lys1219Glu),MET,Uncertain significance,"criteria provided, single submitter",,,c.3655A>G,,,
4106733,NM_000245.4(MET):c.2298C>T (p.Asn766=),MET,Uncertain significance,"criteria provided, single submitter",,,c.2298C>T,,,
4106734,NM_000245.4(MET):c.1355T>C (p.Ile452Thr),MET,Uncertain significance,"criteria provided, single submitter",,,c.1355T>C,,,
4106735,NM_000245.4(MET):c.4030T>C (p.Phe1344Leu),MET,Uncertain significance,"criteria provided, single submitter",,,c.4030T>C,,,
4053983,NM_000245.4(MET):c.4061C>A (p.Ala1354Asp),MET,Uncertain significance,"criteria provided, single submitter",,,c.4061C>A,,,
4053984,NM_000245.4(MET):c.2321G>C (p.Arg774Thr),MET,Uncertain significance,"criteria provided, single submitter",,,c.2321G>C,,,
454189,NM_000245.4(MET):c.1489A>G (p.Asn497Asp),MET,Uncertain significance,"criteria provided, multiple submitters, no conflicts",,,c.1489A>G,,rs766209435,
454190,NM_000245.4(MET):c.1496A>C (p.Asn499Thr),MET,Uncertain significance,"criteria provided, multiple submitters, no conflicts",,,c.1496A>C,,rs1253878709,
454191,NM_000245.4(MET):c.1545G>C (p.Leu515Phe),MET,Uncertain significance,"criteria provided, multiple submitters, no conflicts",,,c.1545G>C,,rs1554391227,
454227,NM_000245.4(MET):c.2888A>G (p.Asp963Gly),MET,Uncertain significance,"criteria provided, multiple submitters, no conflicts",,,c.2888A>G,,rs1554398360,
454228,NM_000245.4(MET):c.2929A>G (p.Thr977Ala),MET,Uncertain significance,"criteria provided, multiple submitters, no conflicts",,,c.2929A>G,,rs1554398378,
454230,NM_000245.4(MET):c.2987T>C (p.Val996Ala),MET,Uncertain significance,"criteria provided, single submitter",,,c.2987T>C,,rs1554398418,
454232,NM_000245.4(MET):c.312A>T (p.Lys104Asn),MET,Uncertain significance,"criteria provided, single submitter",,,c.312A>T,,rs1554378412,
454233,NM_000245.4(MET):c.3115G>A (p.Asp1039Asn),MET,Uncertain significance,"criteria provided, multiple submitters, no conflicts",,,c.3115G>A,,rs777748634,
4053985,NM_000245.4(MET):c.2265-5G>C,MET,Uncertain significance,"criteria provided, single submitter",,,NM_000245.4(MET):c.2265-5G>C,,,
4053952,NM_000245.4(MET):c.1919T>C (p.Ile640Thr),MET,Uncertain significance,"criteria provided, single submitter",,,c.1919T>C,,,
4053953,NM_000245.4(MET):c.3608G>A (p.Arg1203Lys),MET,Uncertain significance,"criteria provided, single submitter",,,c.3608G>A,,,
4053954,NM_000245.4(MET):c.2045T>C (p.Leu682Pro),MET,Uncertain significance,"criteria provided, single submitter",,,c.2045T>C,,,
4053955,NM_000245.4(MET):c.3923G>A (p.Cys1308Tyr),MET,Uncertain significance,"criteria provided, single submitter",,,c.3923G>A,,,
4053956,NM_000245.4(MET):c.826del (p.Thr276fs),MET,Uncertain significance,"criteria provided, single submitter",,,c.826del,,,
4053958,NM_000245.4(MET):c.152C>A (p.Pro51His),MET,Uncertain significance,"criteria provided, single submitter",,,c.152C>A,,,
4053960,NM_000245.4(MET):c.527_528del (p.Val176fs),MET,Uncertain significance,"criteria provided, single submitter",,,c.527_528del,,,
4053962,NM_000245.4(MET):c.2573T>A (p.Leu858Gln),MET,Uncertain significance,"criteria provided, single submitter",,,c.2573T>A,,,
4053963,NM_000245.4(MET):c.1908G>A (p.Met636Ile),MET,Uncertain significance,"criteria provided, single submitter",,,c.1908G>A,,,
4053967,NM_000245.4(MET):c.904G>A (p.Glu302Lys),MET,Uncertain significance,"criteria provided, single submitter",,,c.904G>A,,,
4053968,NM_000245.4(MET):c.969C>A (p.Ser323Arg),MET,Uncertain significance,"criteria provided, single submitter",,,c.969C>A,,,
4053969,NM_000245.4(MET):c.644C>A (p.Ser215Ter),MET,Uncertain significance,"criteria provided, single submitter",,,c.644C>A,,,
4053936,NM_000245.4(MET):c.2103-2A>G,MET,Uncertain significance,"criteria provided, single submitter",,,NM_000245.4(MET):c.2103-2A>G,,,
4053938,NM_000245.4(MET):c.1942_1944delinsAAG (p.Gln648Lys),MET,Uncertain significance,"criteria provided, single submitter",,,c.1942_1944delinsAAG,,,
4053939,NM_000245.4(MET):c.1942C>A (p.Gln648Lys),MET,Uncertain significance,"criteria provided, single submitter",,,c.1942C>A,,,
4053940,NM_000245.4(MET):c.695A>G (p.Gln232Arg),MET,Uncertain significance,"criteria provided, single submitter",,,c.695A>G,,,
4053976,NM_000245.4(MET):c.2254T>C (p.Ser752Pro),MET,Uncertain significance,"criteria provided, single submitter",,,c.2254T>C,,,
4053977,NM_000245.4(MET):c.1975A>G (p.Ile659Val),MET,Uncertain significance,"criteria provided, single submitter",,,c.1975A>G,,,
4053979,NM_000245.4(MET):c.1078T>A (p.Ser360Thr),MET,Uncertain significance,"criteria provided, single submitter",,,c.1078T>A,,,
4053980,NM_000245.4(MET):c.1808T>A (p.Val603Asp),MET,Uncertain significance,"criteria provided, single submitter",,,c.1808T>A,,,
4053982,NM_000245.4(MET):c.2915A>G (p.Asp972Gly),MET,Uncertain significance,"criteria provided, single submitter",,,c.2915A>G,,,
4053949,NM_000245.4(MET):c.1550G>T (p.Gly517Val),MET,Uncertain significance,"criteria provided, single submitter",,,c.1550G>T,,,
4053950,NM_000245.4(MET):c.1875_1877delinsTGGAAAAAATGCACAGGACTTATTCA (p.Val626fs),MET,Uncertain significance,"criteria provided, single submitter",,,c.1875_1877delinsTGGAAAAAATGCACAGGACTTATTCA,,,
454234,NM_000245.4(MET):c.3134C>G (p.Pro1045Arg),MET,Uncertain significance,"criteria provided, multiple submitters, no conflicts",,,c.3134C>G,,rs1554398862,
454203,NM_000245.4(MET):c.1961A>G (p.Tyr654Cys),MET,Uncertain significance,"criteria provided, multiple submitters, no conflicts",,,c.1961A>G,,rs1554395399,
454206,NM_000245.4(MET):c.2126G>A (p.Cys709Tyr),MET,Uncertain significance,"criteria provided, multiple submitters, no conflicts",,,c.2126G>A,,rs1554395668,
454207,NM_000245.4(MET):c.2144C>A (p.Thr715Asn),MET,Uncertain significance,"criteria provided, single submitter",,,c.2144C>A,,rs1554395680,
454241,NM_000245.4(MET):c.3405T>G (p.Ser1135Arg),MET,Uncertain significance,"criteria provided, multiple submitters, no conflicts",,,c.3405T>G,,rs1554399556,
454242,NM_000245.4(MET):c.356C>T (p.Ala119Val),MET,Uncertain significance,"criteria provided, multiple submitters, no conflicts",,,c.356C>T,,rs904162290,
454243,NM_000245.4(MET):c.3524A>C (p.Asn1175Thr),MET,Uncertain significance,"criteria provided, single submitter",,,c.3524A>C,,rs1554400071,
454246,NM_000245.4(MET):c.383A>G (p.Asp128Gly),MET,Uncertain significance,"criteria provided, multiple submitters, no conflicts",,,c.383A>G,,rs1554378477,
454248,NM_000245.4(MET):c.3935+3A>G,MET,Uncertain significance,"criteria provided, multiple submitters, no conflicts",,,NM_000245.4(MET):c.3935+3A>G,,rs1554402183,
454249,NM_000245.4(MET):c.3950T>A (p.Leu1317Gln),MET,Uncertain significance,"criteria provided, multiple submitters, no conflicts",,,c.3950T>A,,rs1159812687,
4053920,NM_000245.4(MET):c.2288T>C (p.Val763Ala),MET,Uncertain significance,"criteria provided, single submitter",,,c.2288T>C,,,
4053921,NM_000245.4(MET):c.3799-1G>A,MET,Uncertain significance,"criteria provided, single submitter",,,NM_000245.4(MET):c.3799-1G>A,,,
4053923,NM_000245.4(MET):c.2251A>G (p.Lys751Glu),MET,Uncertain significance,"criteria provided, single submitter",,,c.2251A>G,,,
4053924,NM_000245.4(MET):c.1279G>C (p.Val427Leu),MET,Uncertain significance,"criteria provided, single submitter",,,c.1279G>C,,,
4053927,NM_000245.4(MET):c.3919T>C (p.Tyr1307His),MET,Uncertain significance,"criteria provided, multiple submitters, no conflicts",,,c.3919T>C,,,
4053928,NM_000245.4(MET):c.3752C>G (p.Ala1251Gly),MET,Uncertain significance,"criteria provided, single submitter",,,c.3752C>G,,,
4053930,NM_000245.4(MET):c.2642G>C (p.Ser881Thr),MET,Uncertain significance,"criteria provided, single submitter",,,c.2642G>C,,,
4053931,NM_000245.4(MET):c.1168_1169delinsGC (p.Tyr390Ala),MET,Uncertain significance,"criteria provided, single submitter",,,c.1168_1169delinsGC,,,
4053932,NM_000245.4(MET):c.1168T>G (p.Tyr390Asp),MET,Uncertain significance,"criteria provided, single submitter",,,c.1168T>G,,,
4053933,NM_000245.4(MET):c.1169A>C (p.Tyr390Ser),MET,Uncertain significance,"criteria provided, single submitter",,,c.1169A>C,,,
4053934,NM_000245.4(MET):c.1838del (p.Thr613fs),MET,Uncertain significance,"criteria provided, single submitter",,,c.1838del,,,
4053897,NM_000245.4(MET):c.2692A>G (p.Asn898Asp),MET,Uncertain significance,"criteria provided, multiple submitters, no conflicts",,,c.2692A>G,,,
4053899,NM_000245.4(MET):c.1723C>T (p.Leu575Phe),MET,Uncertain significance,"criteria provided, multiple submitters, no conflicts",,,c.1723C>T,,,
4053901,NM_000245.4(MET):c.2564A>C (p.Glu855Ala),MET,Uncertain significance,"criteria provided, single submitter",,,c.2564A>C,,,
4053905,NM_000245.4(MET):c.11C>T (p.Pro4Leu),MET,Uncertain significance,"criteria provided, single submitter",,,c.11C>T,,,
4053943,NM_000245.4(MET):c.2998T>C (p.Ser1000Pro),MET,Uncertain significance,"criteria provided, single submitter",,,c.2998T>C,,,
4053944,NM_000245.4(MET):c.461T>G (p.Ile154Arg),MET,Uncertain significance,"criteria provided, single submitter",,,c.461T>G,,,
4053945,NM_000245.4(MET):c.3833C>T (p.Thr1278Ile),MET,Uncertain significance,"criteria provided, single submitter",,,c.3833C>T,,,
4053947,NM_000245.4(MET):c.2873G>C (p.Arg958Thr),MET,Uncertain significance,"criteria provided, single submitter",,,c.2873G>C,,,
4053948,NM_000245.4(MET):c.2057_2064del (p.Asn686fs),MET,Uncertain significance,"criteria provided, single submitter",,,c.2057_2064del,,,
4053906,NM_000245.4(MET):c.4033A>G (p.Ile1345Val),MET,Uncertain significance,"criteria provided, multiple submitters, no conflicts",,,c.4033A>G,,,
4053907,NM_000245.4(MET):c.2635A>G (p.Asn879Asp),MET,Uncertain significance,"criteria provided, single submitter",,,c.2635A>G,,,
4053909,NM_000245.4(MET):c.1246T>C (p.Tyr416His),MET,Uncertain significance,"criteria provided, multiple submitters, no conflicts",,,c.1246T>C,,,
4053910,NM_000245.4(MET):c.4171T>C (p.Ter1391Gln),MET,Uncertain significance,"criteria provided, multiple submitters, no conflicts",,,c.4171T>C,,,
4053913,NM_000245.4(MET):c.2513A>G (p.Asn838Ser),MET,Uncertain significance,"criteria provided, single submitter",,,c.2513A>G,,,
4053914,NM_000245.4(MET):c.3352A>C (p.Ile1118Leu),MET,Uncertain significance,"criteria provided, single submitter",,,c.3352A>C,,,
4053916,NM_000245.4(MET):c.1428T>G (p.His476Gln),MET,Uncertain significance,"criteria provided, single submitter",,,c.1428T>G,,,
4053917,NM_000245.4(MET):c.2249C>T (p.Thr750Ile),MET,Uncertain significance,"criteria provided, multiple submitters, no conflicts",,,c.2249C>T,,,
4053918,NM_000245.4(MET):c.833T>C (p.Ile278Thr),MET,Uncertain significance,"criteria provided, single submitter",,,c.833T>C,,,
4053919,NM_000245.4(MET):c.2996A>C (p.Glu999Ala),MET,Uncertain significance,"criteria provided, single submitter",,,c.2996A>C,,,
3872393,NM_000245.4(MET):c.2456C>T (p.Ala819Val),MET,Uncertain significance,"criteria provided, single submitter",,,c.2456C>T,,,
3872396,NM_000245.4(MET):c.3551T>C (p.Phe1184Ser),MET,Uncertain significance,"criteria provided, single submitter",,,c.3551T>C,,,
3872397,NM_000245.4(MET):c.2519T>A (p.Val840Glu),MET,Uncertain significance,"criteria provided, single submitter",,,c.2519T>A,,,
3872398,NM_000245.4(MET):c.2265-6T>C,MET,Uncertain significance,"criteria provided, single submitter",,,NM_000245.4(MET):c.2265-6T>C,,,
3872399,NM_000245.4(MET):c.2725A>T (p.Ile909Leu),MET,Uncertain significance,"criteria provided, single submitter",,,c.2725A>T,,,
4053926,NM_000245.4(MET):c.3094T>C (p.Ser1032Pro),MET,Uncertain significance,"criteria provided, single submitter",,,c.3094T>C,,,
3872406,NM_000245.4(MET):c.2942A>G (p.Asp981Gly),MET,Uncertain significance,"criteria provided, single submitter",,,c.2942A>G,,,
3891659,NM_000245.4(MET):c.934G>A (p.Glu312Lys),MET,Uncertain significance,"criteria provided, single submitter",,,c.934G>A,,,
3901433,NM_000245.4(MET):c.2581A>G (p.Lys861Glu),MET,Uncertain significance,"criteria provided, single submitter",,,c.2581A>G,,,
3907711,NM_000245.4(MET):c.3786C>G (p.Thr1262=),MET,Uncertain significance,"criteria provided, single submitter",,,c.3786C>G,,,
454250,NM_000245.4(MET):c.3997C>G (p.Leu1333Val),MET,Uncertain significance,"criteria provided, multiple submitters, no conflicts",,,c.3997C>G,,rs758738756,
454220,NM_000245.4(MET):c.2710A>T (p.Asn904Tyr),MET,Uncertain significance,"criteria provided, multiple submitters, no conflicts",,,c.2710A>T,,rs1313347428,
454221,NM_000245.4(MET):c.278C>T (p.Pro93Leu),MET,Uncertain significance,"criteria provided, single submitter",,,c.278C>T,,rs1306740707,
454222,NM_000245.4(MET):c.2745T>G (p.Ile915Met),MET,Uncertain significance,"criteria provided, single submitter",,,c.2745T>G,,rs1554398244,
480848,NM_000245.4(MET):c.3598T>C (p.Phe1200Leu),MET,Uncertain significance,"criteria provided, multiple submitters, no conflicts",,,c.3598T>C,,rs1554400099,
480851,NM_000245.4(MET):c.955G>T (p.Ala319Ser),MET,Uncertain significance,"criteria provided, multiple submitters, no conflicts",,,c.955G>T,,rs545332056,
480853,NM_000245.4(MET):c.3250A>G (p.Ile1084Val),MET,Uncertain significance,"criteria provided, multiple submitters, no conflicts",,,c.3250A>G,,rs757539632,
4053894,NM_000245.4(MET):c.3702C>A (p.Tyr1234Ter),MET,Uncertain significance,"criteria provided, single submitter",,,c.3702C>A,,,
3872376,NM_000245.4(MET):c.1456G>A (p.Val486Met),MET,Uncertain significance,"criteria provided, single submitter",,,c.1456G>A,,,
3872377,NM_000245.4(MET):c.1284C>A (p.Asp428Glu),MET,Uncertain significance,"criteria provided, single submitter",,,c.1284C>A,,,
3872378,NM_000245.4(MET):c.1559G>A (p.Cys520Tyr),MET,Uncertain significance,"criteria provided, single submitter",,,c.1559G>A,,,
3872379,NM_000245.4(MET):c.1386C>G (p.Phe462Leu),MET,Uncertain significance,"criteria provided, single submitter",,,c.1386C>G,,,
3872342,NM_000245.4(MET):c.2377C>A (p.Arg793Ser),MET,Uncertain significance,"criteria provided, single submitter",,,c.2377C>A,,,
3872343,NM_000245.4(MET):c.2583+4A>G,MET,Uncertain significance,"criteria provided, single submitter",,,NM_000245.4(MET):c.2583+4A>G,,,
3872382,NM_000245.4(MET):c.326G>T (p.Gly109Val),MET,Uncertain significance,"criteria provided, single submitter",,,c.326G>T,,,
3872383,NM_000245.4(MET):c.3259G>C (p.Gly1087Arg),MET,Uncertain significance,"criteria provided, single submitter",,,c.3259G>C,,,
3872388,NM_000245.4(MET):c.430C>T (p.His144Tyr),MET,Uncertain significance,"criteria provided, single submitter",,,c.430C>T,,,
3872389,NM_000245.4(MET):c.709G>C (p.Val237Leu),MET,Uncertain significance,"criteria provided, single submitter",,,c.709G>C,,,
3872391,NM_000245.4(MET):c.1024C>T (p.Leu342Phe),MET,Uncertain significance,"criteria provided, single submitter",,,c.1024C>T,,,
3872392,NM_000245.4(MET):c.1659C>A (p.Ser553Arg),MET,Uncertain significance,"criteria provided, single submitter",,,c.1659C>A,,,
3872357,NM_000245.4(MET):c.2717A>G (p.Glu906Gly),MET,Uncertain significance,"criteria provided, single submitter",,,c.2717A>G,,,
3872358,NM_000245.4(MET):c.2633G>A (p.Gly878Glu),MET,Uncertain significance,"criteria provided, single submitter",,,c.2633G>A,,,
3872361,NM_000245.4(MET):c.3504C>A (p.Phe1168Leu),MET,Uncertain significance,"criteria provided, single submitter",,,c.3504C>A,,,
3872362,NM_000245.4(MET):c.3176A>G (p.Asn1059Ser),MET,Uncertain significance,"criteria provided, single submitter",,,c.3176A>G,,,
3872400,NM_000245.4(MET):c.736C>G (p.Pro246Ala),MET,Uncertain significance,"criteria provided, single submitter",,,c.736C>G,,,
3872401,NM_000245.4(MET):c.2374C>T (p.His792Tyr),MET,Uncertain significance,"criteria provided, single submitter",,,c.2374C>T,,,
3872402,NM_000245.4(MET):c.2158T>C (p.Phe720Leu),MET,Uncertain significance,"criteria provided, single submitter",,,c.2158T>C,,,
3872403,NM_000245.4(MET):c.997A>G (p.Ile333Val),MET,Uncertain significance,"criteria provided, single submitter",,,c.997A>G,,,
3872367,NM_000245.4(MET):c.1042C>T (p.Gln348Ter),MET,Uncertain significance,"criteria provided, single submitter",,,c.1042C>T,,,
3872368,NM_000245.4(MET):c.1702-5T>C,MET,Uncertain significance,"criteria provided, single submitter",,,NM_000245.4(MET):c.1702-5T>C,,,
3872369,NM_000245.4(MET):c.1666T>A (p.Trp556Arg),MET,Uncertain significance,"criteria provided, single submitter",,,c.1666T>A,,,
3872370,NM_000245.4(MET):c.926C>A (p.Thr309Lys),MET,Uncertain significance,"criteria provided, single submitter",,,c.926C>A,,,
454253,NM_000245.4(MET):c.553C>G (p.Leu185Val),MET,Uncertain significance,"criteria provided, single submitter",,,c.553C>G,,rs376097698,
454254,NM_000245.4(MET):c.629del (p.Pro210fs),MET,Uncertain significance,"criteria provided, single submitter",,,c.629del,,rs1554378645,
485757,NM_000245.4(MET):c.2716G>A (p.Glu906Lys),MET,Uncertain significance,"criteria provided, multiple submitters, no conflicts",,,c.2716G>A,,rs778115147,
485761,NM_000245.4(MET):c.1241A>C (p.Asp414Ala),MET,Uncertain significance,"criteria provided, multiple submitters, no conflicts",,,c.1241A>C,,rs1554388638,
485762,NM_000245.4(MET):c.2444T>C (p.Leu815Pro),MET,Uncertain significance,"criteria provided, multiple submitters, no conflicts",,,c.2444T>C,,rs1554396571,
485764,NM_000245.4(MET):c.1958C>T (p.Ser653Phe),MET,Uncertain significance,"criteria provided, multiple submitters, no conflicts",,,c.1958C>T,,rs1554395395,
485765,NM_000245.4(MET):c.298G>C (p.Asp100His),MET,Uncertain significance,"criteria provided, multiple submitters, no conflicts",,,c.298G>C,,rs1554378400,
454236,NM_000245.4(MET):c.3204T>A (p.His1068Gln),MET,Uncertain significance,"criteria provided, multiple submitters, no conflicts",,,c.3204T>A,,rs1397743069,
485747,NM_000245.4(MET):c.788C>T (p.Thr263Met),MET,Uncertain significance,"criteria provided, multiple submitters, no conflicts",,,c.788C>T,,rs764052874,
485748,NM_000245.4(MET):c.840G>T (p.Arg280Ser),MET,Uncertain significance,"criteria provided, multiple submitters, no conflicts",,,c.840G>T,,rs1207381066,
3872337,NM_000245.4(MET):c.672_674delinsGGA (p.Asp224_Gly225delinsGluAsp),MET,Uncertain significance,"criteria provided, single submitter",,,c.672_674delinsGGA,,,
3872340,NM_000245.4(MET):c.2032A>G (p.Thr678Ala),MET,Uncertain significance,"criteria provided, single submitter",,,c.2032A>G,,,
3872350,NM_000245.4(MET):c.1244A>C (p.Glu415Ala),MET,Uncertain significance,"criteria provided, single submitter",,,c.1244A>C,,,
3872353,NM_000245.4(MET):c.1148T>G (p.Val383Gly),MET,Uncertain significance,"criteria provided, single submitter",,,c.1148T>G,,,
3872354,NM_000245.4(MET):c.1326A>G (p.Ile442Met),MET,Uncertain significance,"criteria provided, single submitter",,,c.1326A>G,,,
485739,NM_000245.4(MET):c.262C>G (p.Pro88Ala),MET,Uncertain significance,"criteria provided, multiple submitters, no conflicts",,,c.262C>G,,rs1169278904,
485773,NM_000245.4(MET):c.1552T>A (p.Leu518Met),MET,Uncertain significance,"criteria provided, multiple submitters, no conflicts",,,c.1552T>A,,rs780293990,
485774,NM_000245.4(MET):c.1200G>A (p.Arg400=),MET,Uncertain significance,"criteria provided, multiple submitters, no conflicts",,,c.1200G>A,,rs1554379254,
485777,NM_000245.4(MET):c.3916G>A (p.Glu1306Lys),MET,Uncertain significance,"criteria provided, multiple submitters, no conflicts",,,c.3916G>A,,rs1436537175,
485778,NM_000245.4(MET):c.1749A>G (p.Ile583Met),MET,Uncertain significance,"criteria provided, multiple submitters, no conflicts",,,c.1749A>G,,rs776805376,
485779,NM_000245.4(MET):c.1924A>G (p.Asn642Asp),MET,Uncertain significance,"criteria provided, single submitter",,,c.1924A>G,,rs1554395374,
485781,NM_000245.4(MET):c.1917T>G (p.Ile639Met),MET,Uncertain significance,"criteria provided, multiple submitters, no conflicts",,,c.1917T>G,,rs1554395373,
1731842,NM_000245.4(MET):c.347T>C (p.Ile116Thr),MET,Uncertain significance,"criteria provided, single submitter",,,c.347T>C,,rs1490648488,
1697561,NM_000245.4(MET):c.3281A>C (p.His1094Pro),MET,Uncertain significance,"criteria provided, multiple submitters, no conflicts",,,c.3281A>C,,rs121913243,
1697562,NM_000245.4(MET):c.3286A>G (p.Thr1096Ala),MET,Uncertain significance,"criteria provided, single submitter",,,c.3286A>G,,rs2117039915,
1697563,NM_000245.4(MET):c.3593A>G (p.Lys1198Arg),MET,Uncertain significance,"criteria provided, multiple submitters, no conflicts",,,c.3593A>G,,rs2117060321,
3872363,NM_000245.4(MET):c.2888-8_2888-4del,MET,Uncertain significance,"criteria provided, single submitter",,,NM_000245.4(MET):c.2888-8_2888-4del,,,
3872365,NM_000245.4(MET):c.790G>A (p.Val264Ile),MET,Uncertain significance,"criteria provided, single submitter",,,c.790G>A,,,
1721024,NM_000245.4(MET):c.3008A>G (p.Tyr1003Cys),MET,Uncertain significance,"criteria provided, single submitter",,,c.3008A>G,,rs2116997492,
1721504,NM_000245.4(MET):c.910A>G (p.Arg304Gly),MET,Uncertain significance,"criteria provided, single submitter",,,c.910A>G,,rs2116600751,
1721598,NM_000245.4(MET):c.3860T>G (p.Val1287Gly),MET,Uncertain significance,"criteria provided, single submitter",,,c.3860T>G,,rs2485871967,
1721632,NM_000245.4(MET):c.4120A>G (p.Asn1374Asp),MET,Uncertain significance,"criteria provided, single submitter",,,c.4120A>G,,rs2117113275,
3777520,NM_000245.4(MET):c.3908T>C (p.Leu1303Pro),MET,Uncertain significance,"criteria provided, multiple submitters, no conflicts",,,c.3908T>C,,,
3872322,NM_000245.4(MET):c.2682C>A (p.Cys894Ter),MET,Uncertain significance,"criteria provided, single submitter",,,c.2682C>A,,,
3872324,NM_000245.4(MET):c.3164T>G (p.Leu1055Arg),MET,Uncertain significance,"criteria provided, multiple submitters, no conflicts",,,c.3164T>G,,,
3872326,NM_000245.4(MET):c.2104G>A (p.Val702Met),MET,Uncertain significance,"criteria provided, single submitter",,,c.2104G>A,,,
3872332,NM_000245.4(MET):c.590T>C (p.Val197Ala),MET,Uncertain significance,"criteria provided, single submitter",,,c.590T>C,,,
3872333,NM_000245.4(MET):c.2881A>C (p.Ile961Leu),MET,Uncertain significance,"criteria provided, single submitter",,,c.2881A>C,,,
1721987,NM_000245.4(MET):c.2266G>A (p.Gly756Ser),MET,Uncertain significance,"criteria provided, single submitter",,,c.2266G>A,,rs2116937477,
1727285,NM_000245.4(MET):c.3019T>A (p.Phe1007Ile),MET,Uncertain significance,"criteria provided, single submitter",,,c.3019T>A,,rs2116997702,
1714991,NM_000245.4(MET):c.3050A>G (p.Gln1017Arg),MET,Uncertain significance,"criteria provided, multiple submitters, no conflicts",,,c.3050A>G,,rs2117029679,
3872345,NM_000245.4(MET):c.3632+4dup,MET,Uncertain significance,"criteria provided, single submitter",,,NM_000245.4(MET):c.3632+4dup,,,
3872346,NM_000245.4(MET):c.3632+1G>T,MET,Uncertain significance,"criteria provided, single submitter",,,NM_000245.4(MET):c.3632+1G>T,,,
3872348,NM_000245.4(MET):c.512A>G (p.Gln171Arg),MET,Uncertain significance,"criteria provided, single submitter",,,c.512A>G,,,
1715208,NM_000245.4(MET):c.965T>A (p.Val322Asp),MET,Uncertain significance,"criteria provided, single submitter",,,c.965T>A,,rs1306040798,
485768,NM_000245.4(MET):c.2432T>A (p.Leu811Gln),MET,Uncertain significance,"criteria provided, multiple submitters, no conflicts",,,c.2432T>A,,rs1554396554,
485771,NM_000245.4(MET):c.4135G>A (p.Val1379Met),MET,Uncertain significance,"criteria provided, multiple submitters, no conflicts",,,c.4135G>A,,rs1554402266,
485772,NM_000245.4(MET):c.3055G>C (p.Gly1019Arg),MET,Uncertain significance,"criteria provided, multiple submitters, no conflicts",,,c.3055G>C,,rs950642030,
524855,NM_000245.4(MET):c.1531A>T (p.Thr511Ser),MET,Uncertain significance,"criteria provided, multiple submitters, no conflicts",,,c.1531A>T,,rs1181927481,
524856,NM_000245.4(MET):c.1477G>C (p.Glu493Gln),MET,Uncertain significance,"criteria provided, multiple submitters, no conflicts",,,c.1477G>C,,rs965319455,
524858,NM_000245.4(MET):c.2293A>G (p.Lys765Glu),MET,Uncertain significance,"criteria provided, multiple submitters, no conflicts",,,c.2293A>G,,rs1554395889,
524859,NM_000245.4(MET):c.1718C>T (p.Ala573Val),MET,Uncertain significance,"criteria provided, multiple submitters, no conflicts",,,c.1718C>T,,rs1429917144,
524860,NM_000245.4(MET):c.2568T>G (p.Asn856Lys),MET,Uncertain significance,"criteria provided, multiple submitters, no conflicts",,,c.2568T>G,,rs118057172,
524861,NM_000245.4(MET):c.2946G>C (p.Arg982Ser),MET,Uncertain significance,"criteria provided, multiple submitters, no conflicts",,,c.2946G>C,,rs1554398390,
524862,NM_000245.4(MET):c.1069A>G (p.Met357Val),MET,Uncertain significance,"criteria provided, multiple submitters, no conflicts",,,c.1069A>G,,rs1554379058,
485782,NM_000245.4(MET):c.174T>G (p.His58Gln),MET,Uncertain significance,"criteria provided, multiple submitters, no conflicts",,,c.174T>G,,rs1554378291,
485789,NM_000245.4(MET):c.1965+4A>C,MET,Uncertain significance,"criteria provided, multiple submitters, no conflicts",,,NM_000245.4(MET):c.1965+4A>C,,rs1362532895,
485790,NM_000245.4(MET):c.3659T>C (p.Val1220Ala),MET,Uncertain significance,"criteria provided, single submitter",,,c.3659T>C,,rs1554400274,
485791,NM_000245.4(MET):c.3064C>T (p.Arg1022Ter),MET,Uncertain significance,"criteria provided, single submitter",,,c.3064C>T,,rs1193441628,
488348,NM_000245.4(MET):c.3200A>T (p.Gln1067Leu),MET,Uncertain significance,"criteria provided, multiple submitters, no conflicts",,,c.3200A>T,,rs1554398900,
524878,NM_000245.4(MET):c.3340+2dup,MET,Uncertain significance,"criteria provided, single submitter",,,NM_000245.4(MET):c.3340+2dup,,rs1554399352,
1716007,NM_000245.4(MET):c.3053A>G (p.Asn1018Ser),MET,Uncertain significance,"criteria provided, single submitter",,,c.3053A>G,,rs2117029729,
1717107,NM_000245.4(MET):c.3524A>G (p.Asn1175Ser),MET,Uncertain significance,"criteria provided, multiple submitters, no conflicts",,,c.3524A>G,,rs1554400071,
1717303,NM_000245.4(MET):c.1408T>C (p.Ser470Pro),MET,Uncertain significance,"criteria provided, multiple submitters, no conflicts",,,c.1408T>C,,rs1484724510,
1717691,NM_000245.4(MET):c.632T>C (p.Leu211Ser),MET,Uncertain significance,"criteria provided, single submitter",,,c.632T>C,,rs45483396,
1718033,NM_000245.4(MET):c.343A>G (p.Asn115Asp),MET,Uncertain significance,"criteria provided, single submitter",,,c.343A>G,,rs1584876483,
1718051,NM_000245.4(MET):c.3244G>A (p.Glu1082Lys),MET,Uncertain significance,"criteria provided, multiple submitters, no conflicts",,,c.3244G>A,,rs1584957997,
1728303,NM_000245.4(MET):c.3106A>G (p.Thr1036Ala),MET,Uncertain significance,"criteria provided, single submitter",,,c.3106A>G,,rs2117030488,
1728465,NM_000245.4(MET):c.3119C>G (p.Ser1040Cys),MET,Uncertain significance,"criteria provided, multiple submitters, no conflicts",,,c.3119C>G,,rs781686908,
1728581,NM_000245.4(MET):c.3131G>A (p.Ser1044Asn),MET,Uncertain significance,"criteria provided, multiple submitters, no conflicts",,,c.3131G>A,,rs2117030775,
1719749,NM_000245.4(MET):c.1877T>C (p.Val626Ala),MET,Uncertain significance,"criteria provided, single submitter",,,c.1877T>C,,rs2116919907,
1719826,NM_000245.4(MET):c.2596G>C (p.Asp866His),MET,Uncertain significance,"criteria provided, multiple submitters, no conflicts",,,c.2596G>C,,rs2116982612,
1719853,NM_000245.4(MET):c.3217C>A (p.Pro1073Thr),MET,Uncertain significance,"criteria provided, single submitter",,,c.3217C>A,,rs398123569,
1730681,NM_000245.4(MET):c.3314T>G (p.Ile1105Ser),MET,Uncertain significance,"criteria provided, multiple submitters, no conflicts",,,c.3314T>G,,rs1562933004,
1730756,NM_000245.4(MET):c.3319T>A (p.Cys1107Ser),MET,Uncertain significance,"criteria provided, single submitter",,,c.3319T>A,,rs2485816369,
1734859,NM_000245.4(MET):c.3728C>A (p.Ala1243Glu),MET,Uncertain significance,"criteria provided, multiple submitters, no conflicts",,,c.3728C>A,,rs956827205,
1735023,NM_000245.4(MET):c.379G>A (p.Asp127Asn),MET,Uncertain significance,"criteria provided, multiple submitters, no conflicts",,,c.379G>A,,rs1584876615,
1735057,NM_000245.4(MET):c.37G>T (p.Val13Leu),MET,Uncertain significance,"criteria provided, multiple submitters, no conflicts",,,c.37G>T,,rs781777052,
1730939,NM_000245.4(MET):c.3341-4T>C,MET,Uncertain significance,"criteria provided, single submitter",,,NM_000245.4(MET):c.3341-4T>C,,rs2117044653,
1731137,NM_000245.4(MET):c.3354A>G (p.Ile1118Met),MET,Uncertain significance,"criteria provided, multiple submitters, no conflicts",,,c.3354A>G,,rs1795066067,
1731380,NM_000245.4(MET):c.3377C>G (p.Thr1126Ser),MET,Uncertain significance,"criteria provided, multiple submitters, no conflicts",,,c.3377C>G,,rs367634278,
1728886,NM_000245.4(MET):c.3155A>C (p.His1052Pro),MET,Uncertain significance,"criteria provided, single submitter",,,c.3155A>C,,rs763398740,
1728961,NM_000245.4(MET):c.3158T>C (p.Ile1053Thr),MET,Uncertain significance,"criteria provided, multiple submitters, no conflicts",,,c.3158T>C,,rs45571834,
1729087,NM_000245.4(MET):c.3167G>A (p.Ser1056Asn),MET,Uncertain significance,"criteria provided, multiple submitters, no conflicts",,,c.3167G>A,,rs2117031219,
1729187,NM_000245.4(MET):c.322T>A (p.Ser108Thr),MET,Uncertain significance,"criteria provided, multiple submitters, no conflicts",,,c.322T>A,,rs2116585822,
485784,NM_000245.4(MET):c.2050A>G (p.Ser684Gly),MET,Uncertain significance,"criteria provided, multiple submitters, no conflicts",,,c.2050A>G,,rs1554395462,
485786,NM_000245.4(MET):c.1437T>G (p.Phe479Leu),MET,Uncertain significance,"criteria provided, single submitter",,,c.1437T>G,,rs1346572528,
485787,NM_000245.4(MET):c.2265-56A>G,MET,Uncertain significance,"criteria provided, multiple submitters, no conflicts",,,NM_000245.4(MET):c.2265-56A>G,,rs1554395861,
524871,NM_000245.4(MET):c.2378G>T (p.Arg793Leu),MET,Uncertain significance,"criteria provided, multiple submitters, no conflicts",,,c.2378G>T,,rs199643166,
524873,NM_000245.4(MET):c.1913T>C (p.Ile638Thr),MET,Uncertain significance,"criteria provided, multiple submitters, no conflicts",,,c.1913T>C,,rs1554395371,
524874,NM_000245.4(MET):c.682T>C (p.Phe228Leu),MET,Uncertain significance,"criteria provided, multiple submitters, no conflicts",,,c.682T>C,,rs921083171,
524877,NM_000245.4(MET):c.2774T>C (p.Val925Ala),MET,Uncertain significance,"criteria provided, multiple submitters, no conflicts",,,c.2774T>C,,rs922442405,
524870,NM_000245.4(MET):c.424C>G (p.Gln142Glu),MET,Uncertain significance,"criteria provided, multiple submitters, no conflicts",,,c.424C>G,,rs1554378495,
1729191,NM_000245.4(MET):c.3176A>T (p.Asn1059Ile),MET,Uncertain significance,"criteria provided, multiple submitters, no conflicts",,,c.3176A>T,,rs2117031351,
1729335,NM_000245.4(MET):c.3191A>G (p.Gln1064Arg),MET,Uncertain significance,"criteria provided, single submitter",,,c.3191A>G,,rs2117031546,
1733014,NM_000245.4(MET):c.3540T>G (p.Asp1180Glu),MET,Uncertain significance,"criteria provided, multiple submitters, no conflicts",,,c.3540T>G,,rs1795171447,
1733176,NM_000245.4(MET):c.3554G>A (p.Gly1185Asp),MET,Uncertain significance,"criteria provided, multiple submitters, no conflicts",,,c.3554G>A,,rs1367445940,
1733260,NM_000245.4(MET):c.3560A>G (p.Gln1187Arg),MET,Uncertain significance,"criteria provided, single submitter",,,c.3560A>G,,rs2117059820,
1730022,NM_000245.4(MET):c.3251T>A (p.Ile1084Lys),MET,Uncertain significance,"criteria provided, single submitter",,,c.3251T>A,,rs2117032376,
1730023,NM_000245.4(MET):c.3251T>C (p.Ile1084Thr),MET,Uncertain significance,"criteria provided, single submitter",,,c.3251T>C,,rs2117032376,
1716436,NM_000245.4(MET):c.2740G>A (p.Ala914Thr),MET,Uncertain significance,"criteria provided, single submitter",,,c.2740G>A,,rs2116991382,
524850,NM_000245.4(MET):c.1441C>A (p.Leu481Met),MET,Uncertain significance,"criteria provided, multiple submitters, no conflicts",,,c.1441C>A,,rs1012909374,
524853,NM_000245.4(MET):c.427C>T (p.Arg143Ter),MET,Uncertain significance,"criteria provided, multiple submitters, no conflicts",,,c.427C>T,,rs779093896,
524887,NM_000245.4(MET):c.3562G>A (p.Val1188Ile),MET,Uncertain significance,"criteria provided, single submitter",,,c.3562G>A,,rs121913669,
524888,NM_000245.4(MET):c.2441C>T (p.Pro814Leu),MET,Uncertain significance,"criteria provided, multiple submitters, no conflicts",,,c.2441C>T,,rs781452657,
524891,NM_000245.4(MET):c.2959C>T (p.Arg987Ter),MET,Uncertain significance,"criteria provided, multiple submitters, no conflicts",,,c.2959C>T,,rs1554398397,
524892,NM_000245.4(MET):c.805C>G (p.Leu269Val),MET,Uncertain significance,"criteria provided, single submitter",,,c.805C>G,,rs781257386,
524895,NM_000245.4(MET):c.983A>G (p.Gln328Arg),MET,Uncertain significance,"criteria provided, multiple submitters, no conflicts",,,c.983A>G,,rs1165913241,
1716715,NM_000245.4(MET):c.2426T>C (p.Leu809Pro),MET,Uncertain significance,"criteria provided, single submitter",,,c.2426T>C,,rs2116954838,
4859996,NM_000245.4(MET):c.2706A>T (p.Lys902Asn),MET,Uncertain significance,"criteria provided, single submitter",,,c.2706A>T,,,
4859998,NM_000245.4(MET):c.3888G>T (p.Leu1296Phe),MET,Uncertain significance,"criteria provided, single submitter",,,c.3888G>T,,,
41619,NM_000245.4(MET):c.1392+5G>A,MET,Uncertain significance,"criteria provided, single submitter",,,NM_000245.4(MET):c.1392+5G>A,,rs386833405,
524881,NM_000245.4(MET):c.1157T>G (p.Leu386Arg),MET,Uncertain significance,"criteria provided, multiple submitters, no conflicts",,,c.1157T>G,,rs1554379180,
524885,NM_000245.4(MET):c.4141A>G (p.Thr1381Ala),MET,Uncertain significance,"criteria provided, multiple submitters, no conflicts",,,c.4141A>G,,rs1292389793,
546023,NM_000245.4(MET):c.3508C>T (p.Arg1170Ter),MET,Uncertain significance,"criteria provided, multiple submitters, no conflicts",,,c.3508C>T,,rs200754673,
563357,GRCh37/hg19 7q31.2(chr7:116371239-116811139)x1,MET,Uncertain significance,no assertion criteria provided,,,GRCh37/hg19 7q31.2(chr7:116371239-116811139)x1,,,
565910,NM_000245.4(MET):c.2747C>T (p.Ser916Phe),MET,Uncertain significance,"criteria provided, single submitter",,,c.2747C>T,,rs1288860579,
566229,NM_000245.4(MET):c.2335G>A (p.Val779Met),MET,Uncertain significance,"criteria provided, multiple submitters, no conflicts",,,c.2335G>A,,rs1562923583,
566628,NM_000245.4(MET):c.3935+2T>A,MET,Uncertain significance,"criteria provided, single submitter",,,NM_000245.4(MET):c.3935+2T>A,,rs1562941469,
568382,NM_000245.4(MET):c.938T>C (p.Val313Ala),MET,Uncertain significance,"criteria provided, multiple submitters, no conflicts",,,c.938T>C,,rs1562884246,
524896,NM_000245.4(MET):c.131C>A (p.Pro44His),MET,Uncertain significance,"criteria provided, multiple submitters, no conflicts",,,c.131C>A,,rs1554378225,
524865,NM_000245.4(MET):c.535G>T (p.Ala179Ser),MET,Uncertain significance,"criteria provided, single submitter",,,c.535G>T,,rs753697730,
524867,NM_000245.4(MET):c.128T>C (p.Leu43Pro),MET,Uncertain significance,"criteria provided, multiple submitters, no conflicts",,,c.128T>C,,rs1487106127,
524869,NM_000245.4(MET):c.2168A>C (p.Lys723Thr),MET,Uncertain significance,"criteria provided, single submitter",,,c.2168A>C,,rs1554395688,
3765440,NM_000245.4(MET):c.2630T>G (p.Val877Gly),MET,Uncertain significance,"criteria provided, single submitter",,,c.2630T>G,,,
1720048,NM_000245.4(MET):c.584T>A (p.Phe195Tyr),MET,Uncertain significance,"criteria provided, single submitter",,,c.584T>A,,rs2116592569,
1720115,NM_000245.4(MET):c.2405C>T (p.Thr802Ile),MET,Uncertain significance,"criteria provided, single submitter",,,c.2405C>T,,rs1288477621,
1720256,NM_000245.4(MET):c.2311A>G (p.Ser771Gly),MET,Uncertain significance,"criteria provided, single submitter",,,c.2311A>G,,rs2116938257,
1720262,NM_000245.4(MET):c.3365C>A (p.Ser1122Tyr),MET,Uncertain significance,"criteria provided, single submitter",,,c.3365C>A,,rs1180415202,
1720342,NM_000245.4(MET):c.1765G>C (p.Gly589Arg),MET,Uncertain significance,"criteria provided, multiple submitters, no conflicts",,,c.1765G>C,,rs2116909583,
569107,NM_000245.4(MET):c.-12_17del (p.Met1fs),MET,Uncertain significance,"criteria provided, multiple submitters, no conflicts",,,c.-12_17del,,rs1562882716,
569466,NM_000245.4(MET):c.2362G>A (p.Val788Met),MET,Uncertain significance,"criteria provided, multiple submitters, no conflicts",,,c.2362G>A,,rs1489302008,
569622,NM_000245.4(MET):c.4145G>C (p.Arg1382Pro),MET,Uncertain significance,"criteria provided, multiple submitters, no conflicts",,,c.4145G>C,,rs752694306,
571424,NM_000245.4(MET):c.278C>G (p.Pro93Arg),MET,Uncertain significance,"criteria provided, multiple submitters, no conflicts",,,c.278C>G,,rs1306740707,
572144,NM_000245.4(MET):c.1428T>A (p.His476Gln),MET,Uncertain significance,"criteria provided, single submitter",,,c.1428T>A,,rs1432416607,
572371,NM_000245.4(MET):c.212A>G (p.Tyr71Cys),MET,Uncertain significance,"criteria provided, multiple submitters, no conflicts",,,c.212A>G,,rs1260635670,
1720791,NM_000245.4(MET):c.1052C>T (p.Pro351Leu),MET,Uncertain significance,"criteria provided, multiple submitters, no conflicts",,,c.1052C>T,,rs2116604329,
1729360,NM_000245.4(MET):c.3193G>T (p.Ala1065Ser),MET,Uncertain significance,"criteria provided, single submitter",,,c.3193G>T,,rs2117031569,
1729909,NM_000245.4(MET):c.3245A>T (p.Glu1082Val),MET,Uncertain significance,"criteria provided, multiple submitters, no conflicts",,,c.3245A>T,,rs2117032293,
1727779,NM_000245.4(MET):c.3059C>T (p.Ser1020Leu),MET,Uncertain significance,"criteria provided, single submitter",,,c.3059C>T,,rs2117029815,
1728072,NM_000245.4(MET):c.313G>A (p.Ala105Thr),MET,Uncertain significance,"criteria provided, single submitter",,,c.313G>A,,rs774585404,
1728088,NM_000245.4(MET):c.3086C>T (p.Thr1029Ile),MET,Uncertain significance,"criteria provided, multiple submitters, no conflicts",,,c.3086C>T,,rs1442033161,
1728151,NM_000245.4(MET):c.3095C>G (p.Ser1032Cys),MET,Uncertain significance,"criteria provided, single submitter",,,c.3095C>G,,rs1201989602,
4839577,NM_000245.4(MET):c.2687T>A (p.Val896Asp),MET,Uncertain significance,"criteria provided, single submitter",,,c.2687T>A,,,
4859993,NM_000245.4(MET):c.2954G>T (p.Ser985Ile),MET,Uncertain significance,"criteria provided, single submitter",,,c.2954G>T,,,
572864,NM_000245.4(MET):c.1280T>C (p.Val427Ala),MET,Uncertain significance,"criteria provided, multiple submitters, no conflicts",,,c.1280T>C,,rs773626056,
545898,NM_000245.4(MET):c.2265-42del,MET,Uncertain significance,"criteria provided, multiple submitters, no conflicts",,,NM_000245.4(MET):c.2265-42del,,rs1554395864,
575058,NM_000245.4(MET):c.1758G>T (p.Trp586Cys),MET,Uncertain significance,"criteria provided, multiple submitters, no conflicts",,,c.1758G>T,,rs1562920414,
576048,NM_000245.4(MET):c.1088G>A (p.Cys363Tyr),MET,Uncertain significance,"criteria provided, multiple submitters, no conflicts",,,c.1088G>A,,rs1472858680,
576296,NM_000245.4(MET):c.2613A>C (p.Lys871Asn),MET,Uncertain significance,"criteria provided, multiple submitters, no conflicts",,,c.2613A>C,,rs1385709850,
576537,NM_000245.4(MET):c.2787G>C (p.Gln929His),MET,Uncertain significance,"criteria provided, multiple submitters, no conflicts",,,c.2787G>C,,rs908653562,
576936,NM_000245.4(MET):c.709G>A (p.Val237Ile),MET,Uncertain significance,"criteria provided, multiple submitters, no conflicts",,,c.709G>A,,rs757402499,
577214,NM_000245.4(MET):c.2538G>C (p.Lys846Asn),MET,Uncertain significance,"criteria provided, multiple submitters, no conflicts",,,c.2538G>C,,rs1562925732,
3730611,NM_000245.4(MET):c.788C>A (p.Thr263Lys),MET,Uncertain significance,"criteria provided, single submitter",,,c.788C>A,,,
3730681,NM_000245.4(MET):c.3720A>C (p.Lys1240Asn),MET,Uncertain significance,"criteria provided, single submitter",,,c.3720A>C,,,
3730685,NM_000245.4(MET):c.1136A>T (p.Asn379Ile),MET,Uncertain significance,"criteria provided, single submitter",,,c.1136A>T,,,
3719593,NM_000245.4(MET):c.3572G>A (p.Gly1191Asp),MET,Uncertain significance,"criteria provided, single submitter",,,c.3572G>A,,,
3767818,NM_000245.4(MET):c.2657_2658del (p.His886fs),MET,Uncertain significance,"criteria provided, multiple submitters, no conflicts",,,c.2657_2658del,,,
4860009,NM_000245.4(MET):c.4028C>A (p.Thr1343Asn),MET,Uncertain significance,"criteria provided, single submitter",,,c.4028C>A,,,
4860006,NM_000245.4(MET):c.1554G>C (p.Leu518Phe),MET,Uncertain significance,"criteria provided, single submitter",,,c.1554G>C,,,
4860005,NM_000245.4(MET):c.4134G>T (p.Glu1378Asp),MET,Uncertain significance,"criteria provided, single submitter",,,c.4134G>T,,,
577729,NM_000245.4(MET):c.3254G>A (p.Gly1085Glu),MET,Uncertain significance,"criteria provided, multiple submitters, no conflicts",,,c.3254G>A,,rs1562931818,
577886,NM_000245.4(MET):c.2059T>C (p.Ser687Pro),MET,Uncertain significance,"criteria provided, multiple submitters, no conflicts",,,c.2059T>C,,rs1562922167,
568469,NM_000245.4(MET):c.2265-57C>T,MET,Uncertain significance,"criteria provided, multiple submitters, no conflicts",,,NM_000245.4(MET):c.2265-57C>T,,rs1562923455,
568790,NM_000245.4(MET):c.2103-3C>T,MET,Uncertain significance,"criteria provided, single submitter",,,NM_000245.4(MET):c.2103-3C>T,,rs1431679847,
580449,NM_000245.4(MET):c.949C>A (p.Leu317Ile),MET,Uncertain significance,"criteria provided, multiple submitters, no conflicts",,,c.949C>A,,rs750531377,
580985,NM_000245.4(MET):c.2539C>T (p.Pro847Ser),MET,Uncertain significance,"criteria provided, single submitter",,,c.2539C>T,,rs1562925733,
581052,NM_000245.4(MET):c.82G>A (p.Glu28Lys),MET,Uncertain significance,"criteria provided, single submitter",,,c.82G>A,,rs1562882876,
581580,NM_000245.4(MET):c.1406G>A (p.Arg469Gln),MET,Uncertain significance,"criteria provided, multiple submitters, no conflicts",,,c.1406G>A,,rs752842662,
582413,NM_000245.4(MET):c.3739G>A (p.Val1247Met),MET,Uncertain significance,"criteria provided, single submitter",,,c.3739G>A,,rs1562935903,
582596,NM_000245.4(MET):c.4082G>A (p.Cys1361Tyr),MET,Uncertain significance,"criteria provided, multiple submitters, no conflicts",,,c.4082G>A,,rs766190061,
3726206,NM_000245.4(MET):c.2986del (p.Val996fs),MET,Uncertain significance,"criteria provided, multiple submitters, no conflicts",,,c.2986del,,,
3709274,NM_000245.4(MET):c.4154C>T (p.Ser1385Phe),MET,Uncertain significance,"criteria provided, multiple submitters, no conflicts",,,c.4154C>T,,,
3709351,NM_000245.4(MET):c.3341-1G>A,MET,Uncertain significance,"criteria provided, multiple submitters, no conflicts",,,NM_000245.4(MET):c.3341-1G>A,,,
3709756,NM_000245.4(MET):c.2075T>A (p.Ile692Asn),MET,Uncertain significance,"criteria provided, single submitter",,,c.2075T>A,,,
3712198,NM_000245.4(MET):c.1843A>C (p.Ser615Arg),MET,Uncertain significance,"criteria provided, single submitter",,,c.1843A>C,,,
3728247,NM_000245.4(MET):c.2265-14T>C,MET,Uncertain significance,"criteria provided, single submitter",,,NM_000245.4(MET):c.2265-14T>C,,,
3729035,NM_000245.4(MET):c.2730+3G>T,MET,Uncertain significance,"criteria provided, single submitter",,,NM_000245.4(MET):c.2730+3G>T,,,
582952,NM_000245.4(MET):c.2791T>A (p.Phe931Ile),MET,Uncertain significance,"criteria provided, multiple submitters, no conflicts",,,c.2791T>A,,rs1562930067,
583430,NC_000007.13:g.(?_116339129)_(117144427_?)dup,LOC113219444,Uncertain significance,"criteria provided, single submitter",,,NC_000007.13:g.(?_116339129)_(117144427_?)dup,,,
583929,NC_000007.13:g.(?_116339129)_(116340348_?)dup,MET,Uncertain significance,"criteria provided, single submitter",,,NC_000007.13:g.(?_116339129)_(116340348_?)dup,,,
574102,NM_000245.4(MET):c.3563_3564del (p.Val1188fs),MET,Uncertain significance,"criteria provided, single submitter",,,c.3563_3564del,,rs1562935204,
574639,NM_000245.4(MET):c.3713A>T (p.His1238Leu),MET,Uncertain significance,"criteria provided, single submitter",,,c.3713A>T,,rs1562935856,
574843,NM_000245.4(MET):c.1153T>A (p.Cys385Ser),MET,Uncertain significance,"criteria provided, multiple submitters, no conflicts",,,c.1153T>A,,rs1562884601,
584712,NM_000245.4(MET):c.1508T>A (p.Leu503Gln),MET,Uncertain significance,"criteria provided, single submitter",,,c.1508T>A,,rs1562908826,
584714,NM_000245.4(MET):c.1866G>C (p.Leu622Phe),MET,Uncertain significance,"criteria provided, single submitter",,,c.1866G>C,,rs1562921668,
3730185,NM_000245.4(MET):c.2761G>A (p.Gly921Arg),MET,Uncertain significance,"criteria provided, single submitter",,,c.2761G>A,,,
3719589,NM_000245.4(MET):c.3185T>C (p.Leu1062Pro),MET,Uncertain significance,"criteria provided, multiple submitters, no conflicts",,,c.3185T>C,,,
3724474,NM_000245.4(MET):c.3089A>C (p.Asp1030Ala),MET,Uncertain significance,"criteria provided, multiple submitters, no conflicts",,,c.3089A>C,,,
3725149,NM_000245.4(MET):c.2777A>C (p.Gln926Pro),MET,Uncertain significance,"criteria provided, single submitter",,,c.2777A>C,,,
3725626,NM_000245.4(MET):c.3797T>C (p.Val1266Ala),MET,Uncertain significance,"criteria provided, single submitter",,,c.3797T>C,,,
584717,NM_000245.4(MET):c.2672C>G (p.Ala891Gly),MET,Uncertain significance,"criteria provided, multiple submitters, no conflicts",,,c.2672C>G,,rs1562929174,
584718,NM_000245.4(MET):c.2995G>C (p.Glu999Gln),MET,Uncertain significance,"criteria provided, multiple submitters, no conflicts",,,c.2995G>C,,rs1404824650,
584719,NM_000245.4(MET):c.3878C>G (p.Thr1293Ser),MET,Uncertain significance,"criteria provided, multiple submitters, no conflicts",,,c.3878C>G,,rs779121848,
579348,NM_000245.4(MET):c.2723A>G (p.Asn908Ser),MET,Uncertain significance,"criteria provided, multiple submitters, no conflicts",,,c.2723A>G,,rs1478309975,
580357,NM_000245.4(MET):c.3271T>C (p.Cys1091Arg),MET,Uncertain significance,"criteria provided, multiple submitters, no conflicts",,,c.3271T>C,,rs751556706,
639269,NM_000245.4(MET):c.1363C>T (p.Leu455Phe),MET,Uncertain significance,"criteria provided, multiple submitters, no conflicts",,,c.1363C>T,,rs780077898,
639846,NM_000245.4(MET):c.2653A>G (p.Ile885Val),MET,Uncertain significance,"criteria provided, single submitter",,,c.2653A>G,,rs1584953249,
639982,NM_000245.4(MET):c.1670C>T (p.Thr557Ile),MET,Uncertain significance,"criteria provided, multiple submitters, no conflicts",,,c.1670C>T,,rs1584923423,
640383,NM_000245.4(MET):c.379G>C (p.Asp127His),MET,Uncertain significance,"criteria provided, multiple submitters, no conflicts",,,c.379G>C,,rs1584876615,
640609,NM_000245.4(MET):c.31A>G (p.Ile11Val),MET,Uncertain significance,"criteria provided, multiple submitters, no conflicts",,,c.31A>G,,rs1584875601,
640732,NM_000245.4(MET):c.269T>C (p.Leu90Pro),MET,Uncertain significance,"criteria provided, multiple submitters, no conflicts",,,c.269T>C,,rs1291977283,
641226,NM_000245.4(MET):c.2102+4T>C,MET,Uncertain significance,"criteria provided, single submitter",,,NM_000245.4(MET):c.2102+4T>C,,rs200601372,
3725956,NM_000245.4(MET):c.692A>G (p.Asp231Gly),MET,Uncertain significance,"criteria provided, single submitter",,,c.692A>G,,,
642271,NM_000245.4(MET):c.1538T>A (p.Ile513Asn),MET,Uncertain significance,"criteria provided, single submitter",,,c.1538T>A,,rs1584923080,
584704,NM_000245.4(MET):c.135C>G (p.Asn45Lys),MET,Uncertain significance,"criteria provided, multiple submitters, no conflicts",,,c.135C>G,,rs1562883006,
584706,NM_000245.4(MET):c.236A>G (p.Gln79Arg),MET,Uncertain significance,"criteria provided, multiple submitters, no conflicts",,,c.236A>G,,rs1562883214,
644803,NM_000245.4(MET):c.917_919del (p.Lys306del),MET,Uncertain significance,"criteria provided, single submitter",,,c.917_919del,,rs1584877929,
645035,NM_000245.4(MET):c.400G>A (p.Gly134Ser),MET,Uncertain significance,"criteria provided, multiple submitters, no conflicts",,,c.400G>A,,rs1584876675,
645086,NM_000245.4(MET):c.2359A>G (p.Thr787Ala),MET,Uncertain significance,"criteria provided, multiple submitters, no conflicts",,,c.2359A>G,,rs1180556775,
645340,NM_000245.4(MET):c.2996A>T (p.Glu999Val),MET,Uncertain significance,"criteria provided, multiple submitters, no conflicts",,,c.2996A>T,,rs912927724,
645754,NM_000245.4(MET):c.4115A>C (p.Glu1372Ala),MET,Uncertain significance,"criteria provided, multiple submitters, no conflicts",,,c.4115A>C,,rs1584978594,
646059,NM_000245.4(MET):c.3055G>A (p.Gly1019Ser),MET,Uncertain significance,"criteria provided, multiple submitters, no conflicts",,,c.3055G>A,,rs950642030,
646359,NM_000245.4(MET):c.2005A>G (p.Met669Val),MET,Uncertain significance,"criteria provided, multiple submitters, no conflicts",,,c.2005A>G,,rs1344902873,
646721,NM_000245.4(MET):c.647T>C (p.Val216Ala),MET,Uncertain significance,"criteria provided, multiple submitters, no conflicts",,,c.647T>C,,rs1396083482,
3719584,NM_000245.4(MET):c.2327T>A (p.Val776Asp),MET,Uncertain significance,"criteria provided, single submitter",,,c.2327T>A,,,
3699689,NM_000245.4(MET):c.1168T>C (p.Tyr390His),MET,Uncertain significance,"criteria provided, single submitter",,,c.1168T>C,,,
3701715,NM_000245.4(MET):c.449A>C (p.His150Pro),MET,Uncertain significance,"criteria provided, single submitter",,,c.449A>C,,,
3702067,NM_000245.4(MET):c.3687G>C (p.Met1229Ile),MET,Uncertain significance,"criteria provided, single submitter",,,c.3687G>C,,,
3723912,NM_000245.4(MET):c.1233_1236del (p.Arg412fs),MET,Uncertain significance,"criteria provided, single submitter",,,c.1233_1236del,,,
3673323,NM_000245.4(MET):c.2694T>A (p.Asn898Lys),MET,Uncertain significance,"criteria provided, single submitter",,,c.2694T>A,,,
3674891,NM_000245.4(MET):c.3303T>A (p.Asp1101Glu),MET,Uncertain significance,"criteria provided, single submitter",,,c.3303T>A,,,
3677756,NM_000245.4(MET):c.1517C>G (p.Thr506Ser),MET,Uncertain significance,"criteria provided, multiple submitters, no conflicts",,,c.1517C>G,,,
3704252,NM_000245.4(MET):c.1789del (p.Asp597fs),MET,Uncertain significance,"criteria provided, single submitter",,,c.1789del,,,
3705665,NM_000245.4(MET):c.2281A>G (p.Thr761Ala),MET,Uncertain significance,"criteria provided, multiple submitters, no conflicts",,,c.2281A>G,,,
3707194,NM_000245.4(MET):c.3968A>T (p.Lys1323Ile),MET,Uncertain significance,"criteria provided, single submitter",,,c.3968A>T,,,
3708248,NM_000245.4(MET):c.2391G>T (p.Glu797Asp),MET,Uncertain significance,"criteria provided, single submitter",,,c.2391G>T,,,
3689090,NM_000245.4(MET):c.744G>C (p.Lys248Asn),MET,Uncertain significance,"criteria provided, single submitter",,,c.744G>C,,,
3689575,NM_000245.4(MET):c.4085T>C (p.Val1362Ala),MET,Uncertain significance,"criteria provided, single submitter",,,c.4085T>C,,,
3691881,NM_000245.4(MET):c.3931C>T (p.Pro1311Ser),MET,Uncertain significance,"criteria provided, single submitter",,,c.3931C>T,,,
3692163,NM_000245.4(MET):c.2496T>A (p.Asp832Glu),MET,Uncertain significance,"criteria provided, single submitter",,,c.2496T>A,,,
3692185,NM_000245.4(MET):c.2804T>C (p.Ile935Thr),MET,Uncertain significance,"criteria provided, single submitter",,,c.2804T>C,,,
3714449,NM_000245.4(MET):c.3046T>C (p.Ser1016Pro),MET,Uncertain significance,"criteria provided, single submitter",,,c.3046T>C,,,
3716115,NM_000245.4(MET):c.69T>G (p.Asn23Lys),MET,Uncertain significance,"criteria provided, single submitter",,,c.69T>G,,,
3719571,NM_000245.4(MET):c.59A>G (p.Gln20Arg),MET,Uncertain significance,"criteria provided, multiple submitters, no conflicts",,,c.59A>G,,,
3719577,NM_000245.4(MET):c.613T>C (p.Tyr205His),MET,Uncertain significance,"criteria provided, single submitter",,,c.613T>C,,,
3667152,NM_000245.4(MET):c.922T>A (p.Ser308Thr),MET,Uncertain significance,"criteria provided, single submitter",,,c.922T>A,,,
3667304,NM_000245.4(MET):c.1387A>C (p.Met463Leu),MET,Uncertain significance,"criteria provided, multiple submitters, no conflicts",,,c.1387A>C,,,
3667350,NM_000245.4(MET):c.857C>T (p.Ser286Phe),MET,Uncertain significance,"criteria provided, single submitter",,,c.857C>T,,,
3694572,NM_000245.4(MET):c.1928G>C (p.Gly643Ala),MET,Uncertain significance,"criteria provided, single submitter",,,c.1928G>C,,,
3695763,NM_000245.4(MET):c.2999C>T (p.Ser1000Phe),MET,Uncertain significance,"criteria provided, single submitter",,,c.2999C>T,,,
3696937,NM_000245.4(MET):c.1527G>A (p.Lys509=),MET,Uncertain significance,"criteria provided, multiple submitters, no conflicts",,,c.1527G>A,,,
646811,NM_000245.4(MET):c.1290C>G (p.Phe430Leu),MET,Uncertain significance,"criteria provided, multiple submitters, no conflicts",,,c.1290C>G,,rs1194542748,
646988,NM_000245.4(MET):c.2389G>A (p.Glu797Lys),MET,Uncertain significance,"criteria provided, multiple submitters, no conflicts",,,c.2389G>A,,rs1307693651,
584720,NM_000245.4(MET):c.3991T>G (p.Ser1331Ala),MET,Uncertain significance,"criteria provided, multiple submitters, no conflicts",,,c.3991T>G,,rs1562941559,
584721,NM_000245.4(MET):c.4041G>T (p.Glu1347Asp),MET,Uncertain significance,"criteria provided, single submitter",,,c.4041G>T,,rs1562941622,
596287,NM_000245.4(MET):c.2265-58dup,MET,Uncertain significance,"criteria provided, multiple submitters, no conflicts",,,NM_000245.4(MET):c.2265-58dup,,rs773835391,
650267,NM_000245.4(MET):c.3034T>C (p.Phe1012Leu),MET,Uncertain significance,"criteria provided, multiple submitters, no conflicts",,,c.3034T>C,,rs376243090,
650384,NM_000245.4(MET):c.1309G>A (p.Val437Ile),MET,Uncertain significance,"criteria provided, multiple submitters, no conflicts",,,c.1309G>A,,rs1584914185,
651245,NM_000245.4(MET):c.1560C>A (p.Cys520Ter),MET,Uncertain significance,"criteria provided, multiple submitters, no conflicts",,,c.1560C>A,,rs1584923132,
651432,NM_000245.4(MET):c.3287C>T (p.Thr1096Ile),MET,Uncertain significance,"criteria provided, single submitter",,,c.3287C>T,,rs45592846,
652232,NM_000245.4(MET):c.724A>G (p.Arg242Gly),MET,Uncertain significance,"criteria provided, multiple submitters, no conflicts",,,c.724A>G,,rs904275312,
3682786,NM_000245.4(MET):c.1480C>T (p.His494Tyr),MET,Uncertain significance,"criteria provided, single submitter",,,c.1480C>T,,,
3684461,NM_000245.4(MET):c.3631A>G (p.Met1211Val),MET,Uncertain significance,"criteria provided, single submitter",,,c.3631A>G,,,
3684711,NM_000245.4(MET):c.1240G>A (p.Asp414Asn),MET,Uncertain significance,"criteria provided, single submitter",,,c.1240G>A,,,
652937,NM_000245.4(MET):c.3648C>A (p.Phe1216Leu),MET,Uncertain significance,"criteria provided, single submitter",,,c.3648C>A,,rs1584965464,
652998,NM_000245.4(MET):c.1388T>G (p.Met463Arg),MET,Uncertain significance,"criteria provided, multiple submitters, no conflicts",,,c.1388T>G,,rs1584914382,
653118,NM_000245.4(MET):c.2917G>A (p.Ala973Thr),MET,Uncertain significance,"criteria provided, multiple submitters, no conflicts",,,c.2917G>A,,rs1584955330,
642784,NM_000245.4(MET):c.1172G>T (p.Gly391Val),MET,Uncertain significance,"criteria provided, multiple submitters, no conflicts",,,c.1172G>T,,rs1584878602,
643144,NC_000007.13:g.(?_116395399)_(116395579_?)dup,MET,Uncertain significance,"criteria provided, single submitter",,,NC_000007.13:g.(?_116395399)_(116395579_?)dup,,,
643870,NM_000245.4(MET):c.2770A>G (p.Ile924Val),MET,Uncertain significance,"criteria provided, multiple submitters, no conflicts",,,c.2770A>G,,rs1247472138,
654397,NM_000245.4(MET):c.1571A>T (p.Gln524Leu),MET,Uncertain significance,"criteria provided, single submitter",,,c.1571A>T,,rs1584923162,
654505,NM_000245.4(MET):c.2081G>A (p.Gly694Glu),MET,Uncertain significance,"criteria provided, multiple submitters, no conflicts",,,c.2081G>A,,rs1584941830,
654984,NM_000245.4(MET):c.3517A>G (p.Thr1173Ala),MET,Uncertain significance,"criteria provided, multiple submitters, no conflicts",,,c.3517A>G,,rs779636840,
655207,NM_000245.4(MET):c.2245C>G (p.Pro749Ala),MET,Uncertain significance,"criteria provided, single submitter",,,c.2245C>G,,rs1584942863,
655457,NM_000245.4(MET):c.2373A>T (p.Gln791His),MET,Uncertain significance,"criteria provided, multiple submitters, no conflicts",,,c.2373A>T,,rs760294359,
3666320,NM_000245.4(MET):c.2005A>T (p.Met669Leu),MET,Uncertain significance,"criteria provided, single submitter",,,c.2005A>T,,,
3666794,NM_000245.4(MET):c.2102+3G>A,MET,Uncertain significance,"criteria provided, single submitter",,,NM_000245.4(MET):c.2102+3G>A,,,
3658842,NM_000245.4(MET):c.2102+6G>C,MET,Uncertain significance,"criteria provided, single submitter",,,NM_000245.4(MET):c.2102+6G>C,,,
3659873,NM_000245.4(MET):c.1017T>G (p.Asp339Glu),MET,Uncertain significance,"criteria provided, single submitter",,,c.1017T>G,,,
3667360,NM_000245.4(MET):c.935A>G (p.Glu312Gly),MET,Uncertain significance,"criteria provided, single submitter",,,c.935A>G,,,
3668541,NM_000245.4(MET):c.1758G>C (p.Trp586Cys),MET,Uncertain significance,"criteria provided, single submitter",,,c.1758G>C,,,
3669176,NM_000245.4(MET):c.2568T>A (p.Asn856Lys),MET,Uncertain significance,"criteria provided, single submitter",,,c.2568T>A,,,
3669309,NM_000245.4(MET):c.1392G>A (p.Gln464=),MET,Uncertain significance,"criteria provided, single submitter",,,c.1392G>A,,,
3670528,NM_000245.4(MET):c.3633-1G>A,MET,Uncertain significance,"criteria provided, single submitter",,,NM_000245.4(MET):c.3633-1G>A,,,
3672623,NM_000245.4(MET):c.433_434del (p.Val145fs),MET,Uncertain significance,"criteria provided, multiple submitters, no conflicts",,,c.433_434del,,,
3663002,NM_000245.4(MET):c.3386T>C (p.Ile1129Thr),MET,Uncertain significance,"criteria provided, single submitter",,,c.3386T>C,,,
3663182,NM_000245.4(MET):c.78T>A (p.Cys26Ter),MET,Uncertain significance,"criteria provided, single submitter",,,c.78T>A,,,
3663255,NM_000245.4(MET):c.2560A>G (p.Asn854Asp),MET,Uncertain significance,"criteria provided, single submitter",,,c.2560A>G,,,
3664312,NM_000245.4(MET):c.3717del (p.Asn1239fs),MET,Uncertain significance,"criteria provided, single submitter",,,c.3717del,,,
3664723,NM_000245.4(MET):c.3404G>C (p.Ser1135Thr),MET,Uncertain significance,"criteria provided, single submitter",,,c.3404G>C,,,
3678009,NM_000245.4(MET):c.1424C>G (p.Pro475Arg),MET,Uncertain significance,"criteria provided, multiple submitters, no conflicts",,,c.1424C>G,,,
3679605,NM_000245.4(MET):c.3936-16T>G,MET,Uncertain significance,"criteria provided, single submitter",,,NM_000245.4(MET):c.3936-16T>G,,,
3681227,NM_000245.4(MET):c.3652_3653inv (p.Val1218Thr),MET,Uncertain significance,"criteria provided, single submitter",,,c.3652_3653inv,,,
3666282,NM_000245.4(MET):c.718G>A (p.Glu240Lys),MET,Uncertain significance,"criteria provided, single submitter",,,c.718G>A,,,
3666289,NM_000245.4(MET):c.126G>T (p.Gln42His),MET,Uncertain significance,"criteria provided, single submitter",,,c.126G>T,,,
3666317,NM_000245.4(MET):c.1753G>A (p.Gly585Ser),MET,Uncertain significance,"criteria provided, single submitter",,,c.1753G>A,,,
655711,NM_000245.4(MET):c.2203A>G (p.Ile735Val),MET,Uncertain significance,"criteria provided, multiple submitters, no conflicts",,,c.2203A>G,,rs1398648043,
655716,NM_000245.4(MET):c.3640G>A (p.Glu1214Lys),MET,Uncertain significance,"criteria provided, multiple submitters, no conflicts",,,c.3640G>A,,rs1261418076,
647899,NM_000245.4(MET):c.1527+1G>A,MET,Uncertain significance,"criteria provided, single submitter",,,NM_000245.4(MET):c.1527+1G>A,,rs1584922241,
648391,NM_000245.4(MET):c.2399G>T (p.Cys800Phe),MET,Uncertain significance,"criteria provided, single submitter",,,c.2399G>T,,rs1209881740,
648758,NM_000245.4(MET):c.1513A>T (p.Ile505Phe),MET,Uncertain significance,"criteria provided, multiple submitters, no conflicts",,,c.1513A>T,,rs1584922200,
648938,NM_000245.4(MET):c.1863-3C>T,MET,Uncertain significance,"criteria provided, multiple submitters, no conflicts",,,NM_000245.4(MET):c.1863-3C>T,,rs1160304097,
658147,NM_000245.4(MET):c.571C>G (p.Arg191Gly),MET,Uncertain significance,"criteria provided, multiple submitters, no conflicts",,,c.571C>G,,rs530932258,
658233,NM_000245.4(MET):c.2545A>G (p.Met849Val),MET,Uncertain significance,"criteria provided, multiple submitters, no conflicts",,,c.2545A>G,,rs1584947097,
659224,NM_000245.4(MET):c.2432T>C (p.Leu811Pro),MET,Uncertain significance,"criteria provided, multiple submitters, no conflicts",,,c.2432T>C,,rs1554396554,
659937,NM_000245.4(MET):c.3422C>T (p.Ser1141Leu),MET,Uncertain significance,"criteria provided, multiple submitters, no conflicts",,,c.3422C>T,,rs375395179,
660086,NM_000245.4(MET):c.477C>A (p.His159Gln),MET,Uncertain significance,"criteria provided, single submitter",,,c.477C>A,,rs1584876898,
3666319,NM_000245.4(MET):c.814C>G (p.Gln272Glu),MET,Uncertain significance,"criteria provided, single submitter",,,c.814C>G,,,
3658179,NM_000245.4(MET):c.2283_2298del (p.Thr761_Gly762insTer),MET,Uncertain significance,"criteria provided, single submitter",,,c.2283_2298del,,,
3660437,NM_000245.4(MET):c.1553del (p.Leu518fs),MET,Uncertain significance,"criteria provided, single submitter",,,c.1553del,,,
3660762,NM_000245.4(MET):c.635A>G (p.His212Arg),MET,Uncertain significance,"criteria provided, single submitter",,,c.635A>G,,,
3660931,NM_000245.4(MET):c.2177T>C (p.Ile726Thr),MET,Uncertain significance,"criteria provided, single submitter",,,c.2177T>C,,,
3661298,NM_000245.4(MET):c.2798G>A (p.Gly933Glu),MET,Uncertain significance,"criteria provided, single submitter",,,c.2798G>A,,,
3662099,NM_000245.4(MET):c.520G>T (p.Asp174Tyr),MET,Uncertain significance,"criteria provided, single submitter",,,c.520G>T,,,
3662511,NM_000245.4(MET):c.854A>C (p.Asn285Thr),MET,Uncertain significance,"criteria provided, single submitter",,,c.854A>C,,,
3651769,NM_000245.4(MET):c.4158C>G (p.Phe1386Leu),MET,Uncertain significance,"criteria provided, single submitter",,,c.4158C>G,,,
3652820,NM_000245.4(MET):c.1904A>T (p.Asn635Ile),MET,Uncertain significance,"criteria provided, single submitter",,,c.1904A>T,,,
3652899,NM_000245.4(MET):c.1528A>G (p.Ile510Val),MET,Uncertain significance,"criteria provided, single submitter",,,c.1528A>G,,,
3653424,NM_000245.4(MET):c.3341-6T>A,MET,Uncertain significance,"criteria provided, single submitter",,,NM_000245.4(MET):c.3341-6T>A,,,
3664728,NM_000245.4(MET):c.3662C>A (p.Ala1221Asp),MET,Uncertain significance,"criteria provided, single submitter",,,c.3662C>A,,,
3665000,NM_000245.4(MET):c.2332A>G (p.Asn778Asp),MET,Uncertain significance,"criteria provided, single submitter",,,c.2332A>G,,,
3665015,NM_000245.4(MET):c.3209T>C (p.Val1070Ala),MET,Uncertain significance,"criteria provided, single submitter",,,c.3209T>C,,,
3665752,NM_000245.4(MET):c.1629C>A (p.Asp543Glu),MET,Uncertain significance,"criteria provided, single submitter",,,c.1629C>A,,,
3665780,NM_000245.4(MET):c.2122G>C (p.Glu708Gln),MET,Uncertain significance,"criteria provided, single submitter",,,c.2122G>C,,,
3665783,NM_000245.4(MET):c.1922C>T (p.Ser641Leu),MET,Uncertain significance,"criteria provided, single submitter",,,c.1922C>T,,,
660664,NM_000245.4(MET):c.1863-2A>G,MET,Uncertain significance,"criteria provided, multiple submitters, no conflicts",,,NM_000245.4(MET):c.1863-2A>G,,rs1370688649,
653209,NM_000245.4(MET):c.2265-2A>G,MET,Uncertain significance,"criteria provided, multiple submitters, no conflicts",,,NM_000245.4(MET):c.2265-2A>G,,rs1397775000,
653224,NM_000245.4(MET):c.2914G>A (p.Asp972Asn),MET,Uncertain significance,"criteria provided, multiple submitters, no conflicts",,,c.2914G>A,,rs756031094,
653295,NM_000245.4(MET):c.1185_1186delinsAT (p.His396Tyr),MET,Uncertain significance,"criteria provided, multiple submitters, no conflicts",,,c.1185_1186delinsAT,,rs1584878668,
662231,NM_000245.4(MET):c.1392+1G>T,MET,Uncertain significance,"criteria provided, multiple submitters, no conflicts",,,NM_000245.4(MET):c.1392+1G>T,,rs1584914409,
662263,NM_000245.4(MET):c.2464A>G (p.Met822Val),MET,Uncertain significance,"criteria provided, multiple submitters, no conflicts",,,c.2464A>G,,rs368787826,
664115,NM_000245.4(MET):c.3031C>G (p.Gln1011Glu),MET,Uncertain significance,"criteria provided, multiple submitters, no conflicts",,,c.3031C>G,,rs1584957663,
664332,NM_000245.4(MET):c.3126A>G (p.Ile1042Met),MET,Uncertain significance,"criteria provided, single submitter",,,c.3126A>G,,rs1237033724,
664409,NM_000245.4(MET):c.1392+5G>C,MET,Uncertain significance,"criteria provided, multiple submitters, no conflicts",,,NM_000245.4(MET):c.1392+5G>C,,rs386833405,
664619,NM_000245.4(MET):c.2062A>G (p.Arg688Gly),MET,Uncertain significance,"criteria provided, single submitter",,,c.2062A>G,,rs1584941772,
3656376,NM_000245.4(MET):c.1614T>A (p.Cys538Ter),MET,Uncertain significance,"criteria provided, multiple submitters, no conflicts",,,c.1614T>A,,,
3647110,NM_000245.4(MET):c.1402T>G (p.Ser468Ala),MET,Uncertain significance,"criteria provided, single submitter",,,c.1402T>G,,,
3647404,NM_000245.4(MET):c.2473G>C (p.Gly825Arg),MET,Uncertain significance,"criteria provided, single submitter",,,c.2473G>C,,,
3647993,NM_000245.4(MET):c.3736C>T (p.Pro1246Ser),MET,Uncertain significance,"criteria provided, single submitter",,,c.3736C>T,,,
3648612,NM_000245.4(MET):c.495G>T (p.Gln165His),MET,Uncertain significance,"criteria provided, multiple submitters, no conflicts",,,c.495G>T,,,
3659874,NM_000245.4(MET):c.1054G>C (p.Asp352His),MET,Uncertain significance,"criteria provided, single submitter",,,c.1054G>C,,,
3650316,NM_000245.4(MET):c.1845T>G (p.Ser615Arg),MET,Uncertain significance,"criteria provided, single submitter",,,c.1845T>G,,,
3650501,NM_000245.4(MET):c.2753C>T (p.Thr918Ile),MET,Uncertain significance,"criteria provided, multiple submitters, no conflicts",,,c.2753C>T,,,
3650520,NM_000245.4(MET):c.1235G>T (p.Arg412Leu),MET,Uncertain significance,"criteria provided, single submitter",,,c.1235G>T,,,
3650954,NM_000245.4(MET):c.10C>A (p.Pro4Thr),MET,Uncertain significance,"criteria provided, single submitter",,,c.10C>A,,,
3640117,NM_000245.4(MET):c.2265-10G>C,MET,Uncertain significance,"criteria provided, single submitter",,,NM_000245.4(MET):c.2265-10G>C,,,
3640128,NM_000245.4(MET):c.3720A>T (p.Lys1240Asn),MET,Uncertain significance,"criteria provided, single submitter",,,c.3720A>T,,,
3640272,NM_000245.4(MET):c.1701+5del,MET,Uncertain significance,"criteria provided, single submitter",,,NM_000245.4(MET):c.1701+5del,,,
3640354,NM_000245.4(MET):c.2065C>A (p.His689Asn),MET,Uncertain significance,"criteria provided, single submitter",,,c.2065C>A,,,
3653459,NM_000245.4(MET):c.451A>C (p.Thr151Pro),MET,Uncertain significance,"criteria provided, single submitter",,,c.451A>C,,,
3653757,NM_000245.4(MET):c.2251A>C (p.Lys751Gln),MET,Uncertain significance,"criteria provided, single submitter",,,c.2251A>C,,,
3654222,NM_000245.4(MET):c.3988T>G (p.Phe1330Val),MET,Uncertain significance,"criteria provided, single submitter",,,c.3988T>G,,,
3655090,NM_000245.4(MET):c.91G>T (p.Ala31Ser),MET,Uncertain significance,"criteria provided, single submitter",,,c.91G>T,,,
3655435,NM_000245.4(MET):c.3341-6T>G,MET,Uncertain significance,"criteria provided, single submitter",,,NM_000245.4(MET):c.3341-6T>G,,,
3656135,NM_000245.4(MET):c.2984T>C (p.Met995Thr),MET,Uncertain significance,"criteria provided, single submitter",,,c.2984T>C,,,
660337,NM_000245.4(MET):c.1430T>A (p.Val477Glu),MET,Uncertain significance,"criteria provided, multiple submitters, no conflicts",,,c.1430T>A,,rs1197127761,
660490,NM_000245.4(MET):c.2377C>T (p.Arg793Cys),MET,Uncertain significance,"criteria provided, multiple submitters, no conflicts",,,c.2377C>T,,rs45440991,
3645900,NM_000245.4(MET):c.3525T>A (p.Asn1175Lys),MET,Uncertain significance,"criteria provided, single submitter",,,c.3525T>A,,,
665396,NM_000245.4(MET):c.50C>T (p.Thr17Ile),MET,Uncertain significance,"criteria provided, multiple submitters, no conflicts",,,c.50C>T,,rs747777018,
665423,NM_000245.4(MET):c.1694T>C (p.Ile565Thr),MET,Uncertain significance,"criteria provided, multiple submitters, no conflicts",,,c.1694T>C,,rs1584923517,
657173,NM_000245.4(MET):c.2887+6T>C,MET,Uncertain significance,"criteria provided, single submitter",,,NM_000245.4(MET):c.2887+6T>C,,rs1584955059,
657196,NM_000245.4(MET):c.1071G>A (p.Met357Ile),MET,Uncertain significance,"criteria provided, single submitter",,,c.1071G>A,,rs1246645896,
657839,NM_000245.4(MET):c.3532G>A (p.Val1178Ile),MET,Uncertain significance,"criteria provided, multiple submitters, no conflicts",,,c.3532G>A,,rs1584964221,
666147,NM_000245.4(MET):c.3865A>T (p.Thr1289Ser),MET,Uncertain significance,"criteria provided, multiple submitters, no conflicts",,,c.3865A>T,,rs1584977945,
4860004,NM_000245.4(MET):c.3343A>G (p.Ile1115Val),MET,Uncertain significance,"criteria provided, single submitter",,,c.3343A>G,,,
4860001,NM_000245.4(MET):c.1606G>T (p.Val536Phe),MET,Uncertain significance,"criteria provided, single submitter",,,c.1606G>T,,,
4859999,NM_000245.4(MET):c.3899G>A (p.Arg1300Lys),MET,Uncertain significance,"criteria provided, single submitter",,,c.3899G>A,,,
3623720,NM_000245.4(MET):c.2380T>A (p.Ser794Thr),MET,Uncertain significance,"criteria provided, multiple submitters, no conflicts",,,c.2380T>A,,,
3625202,NM_000245.4(MET):c.352A>T (p.Met118Leu),MET,Uncertain significance,"criteria provided, single submitter",,,c.352A>T,,,
3627947,NM_000245.4(MET):c.1154G>A (p.Cys385Tyr),MET,Uncertain significance,"criteria provided, multiple submitters, no conflicts",,,c.1154G>A,,,
3649570,NM_000245.4(MET):c.85G>A (p.Ala29Thr),MET,Uncertain significance,"criteria provided, single submitter",,,c.85G>A,,,
3649661,NM_000245.4(MET):c.2602G>A (p.Glu868Lys),MET,Uncertain significance,"criteria provided, single submitter",,,c.2602G>A,,,
3650200,NM_000245.4(MET):c.1268C>G (p.Ala423Gly),MET,Uncertain significance,"criteria provided, single submitter",,,c.1268C>G,,,
3594266,NM_000245.4(MET):c.3637G>A (p.Asp1213Asn),MET,Uncertain significance,"criteria provided, single submitter",,,c.3637G>A,,,
3602677,NM_000245.4(MET):c.3029A>G (p.Asp1010Gly),MET,Uncertain significance,"criteria provided, multiple submitters, no conflicts",,,c.3029A>G,,,
3632354,NM_000245.4(MET):c.411C>A (p.Asn137Lys),MET,Uncertain significance,"criteria provided, single submitter",,,c.411C>A,,,
3632551,NM_000245.4(MET):c.332T>C (p.Val111Ala),MET,Uncertain significance,"criteria provided, single submitter",,,c.332T>C,,,
3633207,NM_000245.4(MET):c.3470T>C (p.Leu1157Pro),MET,Uncertain significance,"criteria provided, single submitter",,,c.3470T>C,,,
3637896,NM_000245.4(MET):c.1096C>T (p.Pro366Ser),MET,Uncertain significance,"criteria provided, single submitter",,,c.1096C>T,,,
3638300,NM_000245.4(MET):c.2093C>T (p.Thr698Ile),MET,Uncertain significance,"criteria provided, single submitter",,,c.2093C>T,,,
3638783,NM_000245.4(MET):c.915A>C (p.Lys305Asn),MET,Uncertain significance,"criteria provided, single submitter",,,c.915A>C,,,
3611382,NM_000245.4(MET):c.839G>T (p.Arg280Met),MET,Uncertain significance,"criteria provided, single submitter",,,c.839G>T,,,
3641625,NM_000245.4(MET):c.2002C>T (p.Pro668Ser),MET,Uncertain significance,"criteria provided, multiple submitters, no conflicts",,,c.2002C>T,,,
3641812,NM_000245.4(MET):c.2364+1G>A,MET,Uncertain significance,"criteria provided, single submitter",,,NM_000245.4(MET):c.2364+1G>A,,,
3642785,NM_000245.4(MET):c.2584-83_2614del,MET,Uncertain significance,"criteria provided, single submitter",,,NM_000245.4(MET):c.2584-83_2614del,,,
3643369,NM_000245.4(MET):c.3935+5G>T,MET,Uncertain significance,"criteria provided, single submitter",,,NM_000245.4(MET):c.3935+5G>T,,,
3643516,NM_000245.4(MET):c.1216T>G (p.Ser406Ala),MET,Uncertain significance,"criteria provided, single submitter",,,c.1216T>G,,,
3644537,NM_000245.4(MET):c.775A>T (p.Ile259Phe),MET,Uncertain significance,"criteria provided, single submitter",,,c.775A>T,,,
3645261,NM_000245.4(MET):c.3973G>T (p.Glu1325Ter),MET,Uncertain significance,"criteria provided, single submitter",,,c.3973G>T,,,
3395202,NM_000245.4(MET):c.3676G>T (p.Ala1226Ser),MET,Uncertain significance,"criteria provided, single submitter",,,c.3676G>T,,,
3395204,NM_000245.4(MET):c.1814T>C (p.Leu605Pro),MET,Uncertain significance,"criteria provided, multiple submitters, no conflicts",,,c.1814T>C,,,
3395205,NM_000245.4(MET):c.2658C>G (p.His886Gln),MET,Uncertain significance,"criteria provided, multiple submitters, no conflicts",,,c.2658C>G,,,
3395207,NM_000245.4(MET):c.2947C>T (p.Leu983Phe),MET,Uncertain significance,"criteria provided, single submitter",,,c.2947C>T,,,
3618542,NM_000245.4(MET):c.2596G>A (p.Asp866Asn),MET,Uncertain significance,"criteria provided, single submitter",,,c.2596G>A,,,
3621865,NM_000245.4(MET):c.860G>T (p.Gly287Val),MET,Uncertain significance,"criteria provided, multiple submitters, no conflicts",,,c.860G>T,,,
802344,NM_000245.4(MET):c.410A>G (p.Asn137Ser),MET,Uncertain significance,"criteria provided, single submitter",,,c.410A>G,,rs1584876716,
802346,NM_000245.4(MET):c.1393-1G>T,MET,Uncertain significance,"criteria provided, single submitter",,,NM_000245.4(MET):c.1393-1G>T,,rs1584921909,
4859984,NM_000245.4(MET):c.97T>C (p.Ser33Pro),MET,Uncertain significance,"criteria provided, single submitter",,,c.97T>C,,,
4859986,NM_000245.4(MET):c.3490G>T (p.Asp1164Tyr),MET,Uncertain significance,"criteria provided, single submitter",,,c.3490G>T,,,
665838,NM_000245.4(MET):c.738dup (p.Ile247fs),MET,Uncertain significance,"criteria provided, multiple submitters, no conflicts",,,c.738dup,,rs1584877533,
688772,GRCh37/hg19 7q31.2(chr7:115892116-116371242)x1,CAV1,Uncertain significance,no assertion criteria provided,,,GRCh37/hg19 7q31.2(chr7:115892116-116371242)x1,,,
3572199,NM_000245.4(MET):c.481A>C (p.Ile161Leu),MET,Uncertain significance,"criteria provided, single submitter",,,c.481A>C,,,
3572200,NM_000245.4(MET):c.86C>A (p.Ala29Glu),MET,Uncertain significance,"criteria provided, multiple submitters, no conflicts",,,c.86C>A,,,
3594264,NM_000245.4(MET):c.2253A>T (p.Lys751Asn),MET,Uncertain significance,"criteria provided, single submitter",,,c.2253A>T,,,
3594265,NM_000245.4(MET):c.2265-41G>C,MET,Uncertain significance,"criteria provided, single submitter",,,NM_000245.4(MET):c.2265-41G>C,,,
3608896,NM_000245.4(MET):c.3028+6T>C,MET,Uncertain significance,"criteria provided, single submitter",,,NM_000245.4(MET):c.3028+6T>C,,,
3609126,NM_000245.4(MET):c.2791T>G (p.Phe931Val),MET,Uncertain significance,"criteria provided, multiple submitters, no conflicts",,,c.2791T>G,,,
3609788,NM_000245.4(MET):c.2887+5A>G,MET,Uncertain significance,"criteria provided, multiple submitters, no conflicts",,,NM_000245.4(MET):c.2887+5A>G,,,
818778,NM_000245.4(MET):c.1277G>A (p.Arg426His),MET,Uncertain significance,"criteria provided, multiple submitters, no conflicts",,,c.1277G>A,,rs986139438,
818894,NM_000245.4(MET):c.1340A>G (p.Lys447Arg),MET,Uncertain significance,"criteria provided, multiple submitters, no conflicts",,,c.1340A>G,,rs1584914259,
818901,NM_000245.4(MET):c.1342G>A (p.Gly448Arg),MET,Uncertain significance,"criteria provided, single submitter",,,c.1342G>A,,rs1584914261,
819028,NM_000245.4(MET):c.1388T>A (p.Met463Lys),MET,Uncertain significance,"criteria provided, multiple submitters, no conflicts",,,c.1388T>A,,rs1584914382,
819063,NM_000245.4(MET):c.1381C>T (p.Arg461Cys),MET,Uncertain significance,"criteria provided, multiple submitters, no conflicts",,,c.1381C>T,,rs1584914359,
819092,NM_000245.4(MET):c.1390C>G (p.Gln464Glu),MET,Uncertain significance,"criteria provided, multiple submitters, no conflicts",,,c.1390C>G,,rs1584914402,
819273,NM_000245.4(MET):c.1459T>A (p.Ser487Thr),MET,Uncertain significance,"criteria provided, multiple submitters, no conflicts",,,c.1459T>A,,rs1584922045,
4859987,NM_000245.4(MET):c.68A>G (p.Asn23Ser),MET,Uncertain significance,"criteria provided, single submitter",,,c.68A>G,,,
802353,NM_000245.4(MET):c.2892G>A (p.Leu964=),MET,Uncertain significance,"criteria provided, multiple submitters, no conflicts",,,c.2892G>A,,rs1584955273,
802355,NM_000245.4(MET):c.4140C>A (p.Asp1380Glu),MET,Uncertain significance,"criteria provided, single submitter",,,c.4140C>A,,rs370368651,
810176,NM_000245.4(MET):c.497T>C (p.Ile166Thr),MET,Uncertain significance,"criteria provided, multiple submitters, no conflicts",,,c.497T>C,,rs773830746,
818438,NM_000245.4(MET):c.1159C>T (p.Gln387Ter),MET,Uncertain significance,"criteria provided, multiple submitters, no conflicts",,,c.1159C>T,,rs757846126,
3395201,NM_000245.4(MET):c.2636A>G (p.Asn879Ser),MET,Uncertain significance,"criteria provided, single submitter",,,c.2636A>G,,,
3395171,NM_000245.4(MET):c.2258T>C (p.Phe753Ser),MET,Uncertain significance,"criteria provided, single submitter",,,c.2258T>C,,,
3395172,NM_000245.4(MET):c.2309T>G (p.Val770Gly),MET,Uncertain significance,"criteria provided, single submitter",,,c.2309T>G,,,
3395173,NM_000245.4(MET):c.520G>C (p.Asp174His),MET,Uncertain significance,"criteria provided, single submitter",,,c.520G>C,,,
3395209,NM_000245.4(MET):c.3647T>C (p.Phe1216Ser),MET,Uncertain significance,"criteria provided, single submitter",,,c.3647T>C,,,
3395212,NM_000245.4(MET):c.633G>T (p.Leu211Phe),MET,Uncertain significance,"criteria provided, single submitter",,,c.633G>T,,,
3395214,NM_000245.4(MET):c.2390A>G (p.Glu797Gly),MET,Uncertain significance,"criteria provided, single submitter",,,c.2390A>G,,,
3395215,NM_000245.4(MET):c.4163A>T (p.Glu1388Val),MET,Uncertain significance,"criteria provided, single submitter",,,c.4163A>T,,,
3572001,Single allele,MET,Uncertain significance,"criteria provided, single submitter",,,Single allele,,,
3572198,NM_000245.4(MET):c.3936-8T>C,MET,Uncertain significance,"criteria provided, single submitter",,,NM_000245.4(MET):c.3936-8T>C,,,
3395186,NM_000245.4(MET):c.3341G>T (p.Arg1114Ile),MET,Uncertain significance,"criteria provided, single submitter",,,c.3341G>T,,,
3395187,NM_000245.4(MET):c.694C>T (p.Gln232Ter),MET,Uncertain significance,"criteria provided, single submitter",,,c.694C>T,,,
3395190,NM_000245.4(MET):c.2523_2526dup (p.Pro843Ter),MET,Uncertain significance,"criteria provided, single submitter",,,c.2523_2526dup,,,
3605410,NM_000245.4(MET):c.4001T>C (p.Val1334Ala),MET,Uncertain significance,"criteria provided, multiple submitters, no conflicts",,,c.4001T>C,,,
3606113,NM_000245.4(MET):c.244G>A (p.Ala82Thr),MET,Uncertain significance,"criteria provided, single submitter",,,c.244G>A,,,
3606651,NM_000245.4(MET):c.2504A>G (p.Tyr835Cys),MET,Uncertain significance,"criteria provided, single submitter",,,c.2504A>G,,,
3607234,NM_000245.4(MET):c.271G>A (p.Glu91Lys),MET,Uncertain significance,"criteria provided, single submitter",,,c.271G>A,,,
3395194,NM_000245.4(MET):c.3992C>T (p.Ser1331Phe),MET,Uncertain significance,"criteria provided, single submitter",,,c.3992C>T,,,
3395196,NM_000245.4(MET):c.1567T>A (p.Phe523Ile),MET,Uncertain significance,"criteria provided, single submitter",,,c.1567T>A,,,
3395197,NM_000245.4(MET):c.4A>G (p.Lys2Glu),MET,Uncertain significance,"criteria provided, single submitter",,,c.4A>G,,,
3395198,NM_000245.4(MET):c.4107G>C (p.Leu1369Phe),MET,Uncertain significance,"criteria provided, single submitter",,,c.4107G>C,,,
3395199,NM_000245.4(MET):c.3990T>G (p.Phe1330Leu),MET,Uncertain significance,"criteria provided, single submitter",,,c.3990T>G,,,
819492,NM_000245.4(MET):c.1536G>T (p.Lys512Asn),MET,Uncertain significance,"criteria provided, multiple submitters, no conflicts",,,c.1536G>T,,rs1584923073,
819496,NM_000245.4(MET):c.1538T>C (p.Ile513Thr),MET,Uncertain significance,"criteria provided, multiple submitters, no conflicts",,,c.1538T>C,,rs1584923080,
819529,NM_000245.4(MET):c.1558T>C (p.Cys520Arg),MET,Uncertain significance,"criteria provided, single submitter",,,c.1558T>C,,rs1584923126,
819575,NM_000245.4(MET):c.1577G>A (p.Cys526Tyr),MET,Uncertain significance,"criteria provided, multiple submitters, no conflicts",,,c.1577G>A,,rs1584923176,
819767,NM_000245.4(MET):c.1678A>G (p.Ile560Val),MET,Uncertain significance,"criteria provided, multiple submitters, no conflicts",,,c.1678A>G,,rs1351634349,
819799,NM_000245.4(MET):c.1697A>G (p.Tyr566Cys),MET,Uncertain significance,"criteria provided, multiple submitters, no conflicts",,,c.1697A>G,,rs1445578353,
819866,NM_000245.4(MET):c.1702-1G>C,MET,Uncertain significance,"criteria provided, multiple submitters, no conflicts",,,NM_000245.4(MET):c.1702-1G>C,,rs747390610,
819874,NM_000245.4(MET):c.16G>T (p.Val6Leu),MET,Uncertain significance,"criteria provided, multiple submitters, no conflicts",,,c.16G>T,,rs1395233386,
819932,NM_000245.4(MET):c.1732G>A (p.Gly578Arg),MET,Uncertain significance,"criteria provided, multiple submitters, no conflicts",,,c.1732G>A,,rs1584939128,
820282,NM_000245.4(MET):c.1906A>G (p.Met636Val),MET,Uncertain significance,"criteria provided, multiple submitters, no conflicts",,,c.1906A>G,,rs761183186,
820446,NM_000245.4(MET):c.1982G>A (p.Ser661Asn),MET,Uncertain significance,"criteria provided, multiple submitters, no conflicts",,,c.1982G>A,,rs755139610,
3395141,NM_000245.4(MET):c.1635T>G (p.Cys545Trp),MET,Uncertain significance,"criteria provided, single submitter",,,c.1635T>G,,,
3395142,NM_000245.4(MET):c.2731T>C (p.Trp911Arg),MET,Uncertain significance,"criteria provided, multiple submitters, no conflicts",,,c.2731T>C,,,
3395175,NM_000245.4(MET):c.3798G>A (p.Val1266=),MET,Uncertain significance,"criteria provided, single submitter",,,c.3798G>A,,,
3395178,NM_000245.4(MET):c.355G>T (p.Ala119Ser),MET,Uncertain significance,"criteria provided, single submitter",,,c.355G>T,,,
3395181,NM_000245.4(MET):c.3743A>G (p.Lys1248Arg),MET,Uncertain significance,"criteria provided, single submitter",,,c.3743A>G,,,
3395182,NM_000245.4(MET):c.1481A>C (p.His494Pro),MET,Uncertain significance,"criteria provided, single submitter",,,c.1481A>C,,,
3395183,NM_000245.4(MET):c.79A>G (p.Lys27Glu),MET,Uncertain significance,"criteria provided, multiple submitters, no conflicts",,,c.79A>G,,,
820609,NM_000245.4(MET):c.2054G>A (p.Gly685Glu),MET,Uncertain significance,"criteria provided, single submitter",,,c.2054G>A,,rs1584941747,
820746,NM_000245.4(MET):c.2113A>G (p.Ser705Gly),MET,Uncertain significance,"criteria provided, multiple submitters, no conflicts",,,c.2113A>G,,rs781110968,
820920,NM_000245.4(MET):c.2221G>A (p.Asp741Asn),MET,Uncertain significance,"criteria provided, multiple submitters, no conflicts",,,c.2221G>A,,rs1318406399,
821490,NM_000245.4(MET):c.2509C>T (p.His837Tyr),MET,Uncertain significance,"criteria provided, multiple submitters, no conflicts",,,c.2509C>T,,rs1584947043,
3395184,NM_000245.4(MET):c.671A>G (p.Asp224Gly),MET,Uncertain significance,"criteria provided, single submitter",,,c.671A>G,,,
3395156,NM_000245.4(MET):c.3774A>C (p.Gln1258His),MET,Uncertain significance,"criteria provided, single submitter",,,c.3774A>C,,,
3395158,NM_000245.4(MET):c.2549T>C (p.Ile850Thr),MET,Uncertain significance,"criteria provided, single submitter",,,c.2549T>C,,,
3395191,NM_000245.4(MET):c.3187G>A (p.Val1063Ile),MET,Uncertain significance,"criteria provided, single submitter",,,c.3187G>A,,,
3395192,NM_000245.4(MET):c.1918A>C (p.Ile640Leu),MET,Uncertain significance,"criteria provided, single submitter",,,c.1918A>C,,,
3395163,NM_000245.4(MET):c.4055T>C (p.Val1352Ala),MET,Uncertain significance,"criteria provided, single submitter",,,c.4055T>C,,,
3395164,NM_000245.4(MET):c.3944T>G (p.Val1315Gly),MET,Uncertain significance,"criteria provided, single submitter",,,c.3944T>G,,,
3395165,NM_000245.4(MET):c.1948A>T (p.Ser650Cys),MET,Uncertain significance,"criteria provided, single submitter",,,c.1948A>T,,,
3395167,NM_000245.4(MET):c.3858_3859delinsTA (p.Val1287Ile),MET,Uncertain significance,"criteria provided, single submitter",,,c.3858_3859delinsTA,,,
821849,NM_000245.4(MET):c.281A>G (p.Asp94Gly),MET,Uncertain significance,"criteria provided, multiple submitters, no conflicts",,,c.281A>G,,rs368328347,
821897,NM_000245.4(MET):c.2795C>T (p.Thr932Ile),MET,Uncertain significance,"criteria provided, multiple submitters, no conflicts",,,c.2795C>T,,rs758486777,
822365,NM_000245.4(MET):c.2905G>T (p.Val969Phe),MET,Uncertain significance,"criteria provided, multiple submitters, no conflicts",,,c.2905G>T,,rs757925979,
822441,NM_000245.4(MET):c.2935C>T (p.His979Tyr),MET,Uncertain significance,"criteria provided, multiple submitters, no conflicts",,,c.2935C>T,,rs1584955347,
822592,NM_000245.4(MET):c.2960G>A (p.Arg987Gln),MET,Uncertain significance,"criteria provided, multiple submitters, no conflicts",,,c.2960G>A,,rs910937816,
822593,NM_000245.4(MET):c.2960G>C (p.Arg987Pro),MET,Uncertain significance,"criteria provided, single submitter",,,c.2960G>C,,rs910937816,
822911,NM_000245.4(MET):c.3056G>C (p.Gly1019Ala),MET,Uncertain significance,"criteria provided, multiple submitters, no conflicts",,,c.3056G>C,,rs1584957697,
822954,NM_000245.4(MET):c.3070G>A (p.Val1024Met),MET,Uncertain significance,"criteria provided, multiple submitters, no conflicts",,,c.3070G>A,,rs1584957724,
823065,NM_000245.4(MET):c.3117C>A (p.Asp1039Glu),MET,Uncertain significance,"criteria provided, multiple submitters, no conflicts",,,c.3117C>A,,rs575907920,
823114,NM_000245.4(MET):c.3130A>T (p.Ser1044Cys),MET,Uncertain significance,"criteria provided, multiple submitters, no conflicts",,,c.3130A>T,,rs1357266763,
3395168,NM_000245.4(MET):c.3610G>C (p.Asp1204His),MET,Uncertain significance,"criteria provided, single submitter",,,c.3610G>C,,,
3395140,NM_000245.4(MET):c.334T>C (p.Trp112Arg),MET,Uncertain significance,"criteria provided, single submitter",,,c.334T>C,,,
3395146,NM_000245.4(MET):c.170T>C (p.Leu57Pro),MET,Uncertain significance,"criteria provided, single submitter",,,c.170T>C,,,
3395147,NM_000245.4(MET):c.2752A>G (p.Thr918Ala),MET,Uncertain significance,"criteria provided, multiple submitters, no conflicts",,,c.2752A>G,,,
3395148,NM_000245.4(MET):c.2867A>C (p.Lys956Thr),MET,Uncertain significance,"criteria provided, single submitter",,,c.2867A>C,,,
3395149,NM_000245.4(MET):c.2491T>C (p.Phe831Leu),MET,Uncertain significance,"criteria provided, single submitter",,,c.2491T>C,,,
3395151,NM_000245.4(MET):c.1152A>T (p.Arg384Ser),MET,Uncertain significance,"criteria provided, single submitter",,,c.1152A>T,,,
823354,NM_000245.4(MET):c.3215G>T (p.Gly1072Val),MET,Uncertain significance,"criteria provided, single submitter",,,c.3215G>T,,rs1584957937,
823428,NM_000245.4(MET):c.3230T>C (p.Ile1077Thr),MET,Uncertain significance,"criteria provided, multiple submitters, no conflicts",,,c.3230T>C,,rs1177400289,
823699,NM_000245.4(MET):c.3332C>G (p.Ser1111Cys),MET,Uncertain significance,"criteria provided, multiple submitters, no conflicts",,,c.3332C>G,,rs1584960002,
823742,NM_000245.4(MET):c.3356_3358del (p.Gly1119del),MET,Uncertain significance,"criteria provided, multiple submitters, no conflicts",,,c.3356_3358del,,rs1584961122,
823880,NM_000245.4(MET):c.3466G>A (p.Val1156Ile),MET,Uncertain significance,"criteria provided, multiple submitters, no conflicts",,,c.3466G>A,,rs1584961300,
823884,NM_000245.4(MET):c.3472C>T (p.Pro1158Ser),MET,Uncertain significance,"criteria provided, multiple submitters, no conflicts",,,c.3472C>T,,rs766489685,
823925,NM_000245.4(MET):c.3505A>G (p.Ile1169Val),MET,Uncertain significance,"criteria provided, multiple submitters, no conflicts",,,c.3505A>G,,rs752109953,
3395120,NM_000245.4(MET):c.1852A>T (p.Thr618Ser),MET,Uncertain significance,"criteria provided, single submitter",,,c.1852A>T,,,
3395122,NM_000245.4(MET):c.1144A>C (p.Asn382His),MET,Uncertain significance,"criteria provided, single submitter",,,c.1144A>C,,,
3395125,NM_000245.4(MET):c.3595A>C (p.Lys1199Gln),MET,Uncertain significance,"criteria provided, single submitter",,,c.3595A>C,,,
3395159,NM_000245.4(MET):c.1771C>G (p.Arg591Gly),MET,Uncertain significance,"criteria provided, single submitter",,,c.1771C>G,,,
824153,NM_000245.4(MET):c.3692A>T (p.Asp1231Val),MET,Uncertain significance,"criteria provided, single submitter",,,c.3692A>T,,rs1584965536,
824304,NM_000245.4(MET):c.3799-3T>C,MET,Uncertain significance,"criteria provided, single submitter",,,NM_000245.4(MET):c.3799-3T>C,,rs1584977801,
824341,NM_000245.4(MET):c.388C>T (p.Leu130Phe),MET,Uncertain significance,"criteria provided, multiple submitters, no conflicts",,,c.388C>T,,rs1584876640,
824384,NM_000245.4(MET):c.3866C>T (p.Thr1289Ile),MET,Uncertain significance,"criteria provided, multiple submitters, no conflicts",,,c.3866C>T,,rs1584977952,
824400,NM_000245.4(MET):c.3880G>A (p.Val1294Ile),MET,Uncertain significance,"criteria provided, multiple submitters, no conflicts",,,c.3880G>A,,rs1263785859,
824432,NM_000245.4(MET):c.3907C>A (p.Leu1303Ile),MET,Uncertain significance,"criteria provided, multiple submitters, no conflicts",,,c.3907C>A,,rs1584978029,
824515,NM_000245.4(MET):c.3967A>G (p.Lys1323Glu),MET,Uncertain significance,"criteria provided, multiple submitters, no conflicts",,,c.3967A>G,,rs1584978266,
824527,NM_000245.4(MET):c.3980G>A (p.Arg1327His),MET,Uncertain significance,"criteria provided, multiple submitters, no conflicts",,,c.3980G>A,,rs1443741792,
824551,NM_000245.4(MET):c.4006C>T (p.Arg1336Trp),MET,Uncertain significance,"criteria provided, multiple submitters, no conflicts",,,c.4006C>T,,rs1258671501,
824580,NM_000245.4(MET):c.4035del (p.Ile1345fs),MET,Uncertain significance,"criteria provided, single submitter",,,c.4035del,,rs1584978394,
824616,NM_000245.4(MET):c.4081T>G (p.Cys1361Gly),MET,Uncertain significance,"criteria provided, single submitter",,,c.4081T>G,,rs1584978510,
3395104,NM_000245.4(MET):c.3539A>G (p.Asp1180Gly),MET,Uncertain significance,"criteria provided, single submitter",,,c.3539A>G,,,
3395105,NM_000245.4(MET):c.920_921del (p.Arg307fs),MET,Uncertain significance,"criteria provided, single submitter",,,c.920_921del,,,
3395107,NM_000245.4(MET):c.1681T>G (p.Cys561Gly),MET,Uncertain significance,"criteria provided, single submitter",,,c.1681T>G,,,
3395108,NM_000245.4(MET):c.2413T>G (p.Ser805Ala),MET,Uncertain significance,"criteria provided, single submitter",,,c.2413T>G,,,
3395145,NM_000245.4(MET):c.3424C>A (p.Leu1142Ile),MET,Uncertain significance,"criteria provided, single submitter",,,c.3424C>A,,,
3395112,NM_000245.4(MET):c.3485A>G (p.His1162Arg),MET,Uncertain significance,"criteria provided, single submitter",,,c.3485A>G,,,
3395113,NM_000245.4(MET):c.3340+2T>C,MET,Uncertain significance,"criteria provided, single submitter",,,NM_000245.4(MET):c.3340+2T>C,,,
3395114,NM_000245.4(MET):c.3856_3858delinsAAT (p.Asp1286Asn),MET,Uncertain significance,"criteria provided, single submitter",,,c.3856_3858delinsAAT,,,
3395115,NM_000245.4(MET):c.3856G>A (p.Asp1286Asn),MET,Uncertain significance,"criteria provided, multiple submitters, no conflicts",,,c.3856G>A,,,
3395116,NM_000245.4(MET):c.2417T>G (p.Leu806Arg),MET,Uncertain significance,"criteria provided, multiple submitters, no conflicts",,,c.2417T>G,,,
3395117,NM_000245.4(MET):c.524G>C (p.Cys175Ser),MET,Uncertain significance,"criteria provided, single submitter",,,c.524G>C,,,
3395087,NM_000245.4(MET):c.2620G>T (p.Val874Leu),MET,Uncertain significance,"criteria provided, single submitter",,,c.2620G>T,,,
3395088,NM_000245.4(MET):c.1358C>T (p.Ala453Val),MET,Uncertain significance,"criteria provided, single submitter",,,c.1358C>T,,,
3395090,NM_000245.4(MET):c.2704A>C (p.Lys902Gln),MET,Uncertain significance,"criteria provided, single submitter",,,c.2704A>C,,,
3395091,NM_000245.4(MET):c.890A>G (p.Glu297Gly),MET,Uncertain significance,"criteria provided, multiple submitters, no conflicts",,,c.890A>G,,,
3395126,NM_000245.4(MET):c.1094T>C (p.Phe365Ser),MET,Uncertain significance,"criteria provided, single submitter",,,c.1094T>C,,,
3395127,NM_000245.4(MET):c.1298A>T (p.Gln433Leu),MET,Uncertain significance,"criteria provided, multiple submitters, no conflicts",,,c.1298A>T,,,
3395128,NM_000245.4(MET):c.1888A>C (p.Met630Leu),MET,Uncertain significance,"criteria provided, single submitter",,,c.1888A>C,,,
3395129,NM_000245.4(MET):c.1352C>T (p.Thr451Ile),MET,Uncertain significance,"criteria provided, single submitter",,,c.1352C>T,,,
3395130,NM_000245.4(MET):c.2715C>G (p.Ser905Arg),MET,Uncertain significance,"criteria provided, single submitter",,,c.2715C>G,,,
3395135,NM_000245.4(MET):c.1948A>G (p.Ser650Gly),MET,Uncertain significance,"criteria provided, single submitter",,,c.1948A>G,,,
3364678,NM_000245.4(MET):c.490C>T (p.Pro164Ser),MET,Uncertain significance,"criteria provided, single submitter",,,c.490C>T,,,
3367230,NM_000245.4(MET):c.2797G>A (p.Gly933Arg),MET,Uncertain significance,"criteria provided, multiple submitters, no conflicts",,,c.2797G>A,,,
3395093,NM_000245.4(MET):c.1205T>C (p.Leu402Pro),MET,Uncertain significance,"criteria provided, single submitter",,,c.1205T>C,,,
3395094,NM_000245.4(MET):c.1574C>T (p.Ser525Phe),MET,Uncertain significance,"criteria provided, multiple submitters, no conflicts",,,c.1574C>T,,,
3395096,NM_000245.4(MET):c.143C>A (p.Ala48Glu),MET,Uncertain significance,"criteria provided, single submitter",,,c.143C>A,,,
3395097,NM_000245.4(MET):c.4081T>C (p.Cys1361Arg),MET,Uncertain significance,"criteria provided, single submitter",,,c.4081T>C,,,
3395098,NM_000245.4(MET):c.3300T>G (p.Asn1100Lys),MET,Uncertain significance,"criteria provided, multiple submitters, no conflicts",,,c.3300T>G,,,
3395099,NM_000245.4(MET):c.2676_2680del (p.Leu893fs),MET,Uncertain significance,"criteria provided, multiple submitters, no conflicts",,,c.2676_2680del,,,
3395101,NM_000245.4(MET):c.64A>G (p.Ser22Gly),MET,Uncertain significance,"criteria provided, single submitter",,,c.64A>G,,,
3395102,NM_000245.4(MET):c.2258T>G (p.Phe753Cys),MET,Uncertain significance,"criteria provided, single submitter",,,c.2258T>G,,,
4859927,NM_000245.4(MET):c.406_444dup (p.His148_Asn149insValAsnArgGlyThrCysGlnArgHisValPheProHis),MET,Uncertain significance,"criteria provided, single submitter",,,c.406_444dup,,,
4859930,NM_000245.4(MET):c.1414C>A (p.Pro472Thr),MET,Uncertain significance,"criteria provided, single submitter",,,c.1414C>A,,,
4859932,NM_000245.4(MET):c.162T>G (p.Asn54Lys),MET,Uncertain significance,"criteria provided, single submitter",,,c.162T>G,,,
4859934,NM_000245.4(MET):c.2265-51T>C,MET,Uncertain significance,"criteria provided, single submitter",,,NM_000245.4(MET):c.2265-51T>C,,,
3395109,NM_000245.4(MET):c.2612A>G (p.Lys871Arg),MET,Uncertain significance,"criteria provided, single submitter",,,c.2612A>G,,,
3395111,NM_000245.4(MET):c.3881T>C (p.Val1294Ala),MET,Uncertain significance,"criteria provided, single submitter",,,c.3881T>C,,,
3294386,NM_000245.4(MET):c.1031G>A (p.Gly344Glu),MET,Uncertain significance,"criteria provided, single submitter",,,c.1031G>A,,,
3294387,NM_000245.4(MET):c.2021T>C (p.Leu674Ser),MET,Uncertain significance,"criteria provided, single submitter",,,c.2021T>C,,,
4859945,NM_000245.4(MET):c.3106A>C (p.Thr1036Pro),MET,Uncertain significance,"criteria provided, single submitter",,,c.3106A>C,,,
4859950,NM_000245.4(MET):c.194G>A (p.Gly65Asp),MET,Uncertain significance,"criteria provided, single submitter",,,c.194G>A,,,
4859952,NM_000245.4(MET):c.1981A>C (p.Ser661Arg),MET,Uncertain significance,"criteria provided, single submitter",,,c.1981A>C,,,
4859953,NM_000245.4(MET):c.3803C>A (p.Ser1268Tyr),MET,Uncertain significance,"criteria provided, single submitter",,,c.3803C>A,,,
824660,NM_000245.4(MET):c.4144C>G (p.Arg1382Gly),MET,Uncertain significance,"criteria provided, single submitter",,,c.4144C>G,,rs200315561,
825439,NM_000245.4(MET):c.50C>G (p.Thr17Ser),MET,Uncertain significance,"criteria provided, multiple submitters, no conflicts",,,c.50C>G,,rs747777018,
826560,NM_000245.4(MET):c.66C>A (p.Ser22Arg),MET,Uncertain significance,"criteria provided, multiple submitters, no conflicts",,,c.66C>A,,rs773018125,
826635,NM_000245.4(MET):c.680T>C (p.Met227Thr),MET,Uncertain significance,"criteria provided, multiple submitters, no conflicts",,,c.680T>C,,rs1226545782,
827261,NM_000245.4(MET):c.77G>A (p.Cys26Tyr),MET,Uncertain significance,"criteria provided, multiple submitters, no conflicts",,,c.77G>A,,rs1584875719,
4859954,NM_000245.4(MET):c.740T>C (p.Ile247Thr),MET,Uncertain significance,"criteria provided, single submitter",,,c.740T>C,,,
3347915,NM_000245.4(MET):c.1196del (p.Asn399fs),MET,Uncertain significance,no assertion criteria provided,,,c.1196del,,,
3359619,NM_000245.4(MET):c.3205G>A (p.Val1069Ile),MET,Uncertain significance,"criteria provided, single submitter",,,c.3205G>A,,,
3363493,NM_000245.4(MET):c.2359A>T (p.Thr787Ser),MET,Uncertain significance,"criteria provided, single submitter",,,c.2359A>T,,,
3364305,NM_000245.4(MET):c.2599C>T (p.Pro867Ser),MET,Uncertain significance,"criteria provided, single submitter",,,c.2599C>T,,,
3395082,NM_000245.4(MET):c.-3A>G,MET,Uncertain significance,"criteria provided, single submitter",,,NM_000245.4(MET):c.-3A>G,,,
3395083,NM_000245.4(MET):c.262C>T (p.Pro88Ser),MET,Uncertain significance,"criteria provided, single submitter",,,c.262C>T,,,
831589,NC_000007.14:g.(?_116699085)_(116700294_?)dup,MET,Uncertain significance,"criteria provided, single submitter",,,NC_000007.14:g.(?_116699085)_(116700294_?)dup,,,
832283,NC_000007.14:g.(?_116740842)_(116796134_?)dup,MET,Uncertain significance,"criteria provided, single submitter",,,NC_000007.14:g.(?_116740842)_(116796134_?)dup,,,
832341,NC_000007.14:g.(?_116699075)_(116796134_?)dup,MET,Uncertain significance,"criteria provided, single submitter",,,NC_000007.14:g.(?_116699075)_(116796134_?)dup,,,
832473,NC_000007.14:g.(?_116699075)_(117667118_?)del,ST7,Uncertain significance,"criteria provided, single submitter",,,NC_000007.14:g.(?_116699075)_(117667118_?)del,,,
834270,NM_000245.4(MET):c.1208T>C (p.Leu403Pro),MET,Uncertain significance,"criteria provided, single submitter",,,c.1208T>C,,rs761254993,
834421,NM_000245.4(MET):c.1958_1960del (p.Ser653del),MET,Uncertain significance,"criteria provided, multiple submitters, no conflicts",,,c.1958_1960del,,rs1430652609,
834790,NM_000245.4(MET):c.2401T>C (p.Cys801Arg),MET,Uncertain significance,"criteria provided, multiple submitters, no conflicts",,,c.2401T>C,,rs1794461185,
835241,NM_000245.4(MET):c.2672C>T (p.Ala891Val),MET,Uncertain significance,"criteria provided, multiple submitters, no conflicts",,,c.2672C>T,,rs1562929174,
835313,NM_000245.4(MET):c.1081G>C (p.Ala361Pro),MET,Uncertain significance,"criteria provided, single submitter",,,c.1081G>C,,rs786202310,
835872,NM_000245.4(MET):c.2786A>G (p.Gln929Arg),MET,Uncertain significance,"criteria provided, multiple submitters, no conflicts",,,c.2786A>G,,rs1794833626,
836192,NM_000245.4(MET):c.811G>A (p.Ala271Thr),MET,Uncertain significance,"criteria provided, multiple submitters, no conflicts",,,c.811G>A,,rs1162540199,
3294381,NM_000245.4(MET):c.1291A>T (p.Met431Leu),MET,Uncertain significance,"criteria provided, single submitter",,,c.1291A>T,,,
3294382,NM_000245.4(MET):c.3601G>C (p.Val1201Leu),MET,Uncertain significance,"criteria provided, single submitter",,,c.3601G>C,,,
3294385,NM_000245.4(MET):c.3455C>T (p.Ser1152Phe),MET,Uncertain significance,"criteria provided, single submitter",,,c.3455C>T,,,
3343069,NM_000245.4(MET):c.3818T>C (p.Leu1273Pro),MET,Uncertain significance,"criteria provided, multiple submitters, no conflicts",,,c.3818T>C,,,
3344602,NM_000245.4(MET):c.2471A>C (p.Asp824Ala),MET,Uncertain significance,"criteria provided, multiple submitters, no conflicts",,,c.2471A>C,,,
3344636,NM_000245.4(MET):c.1389G>T (p.Met463Ile),MET,Uncertain significance,"criteria provided, single submitter",,,c.1389G>T,,,
3294362,NM_000245.4(MET):c.2336T>A (p.Val779Glu),MET,Uncertain significance,"criteria provided, single submitter",,,c.2336T>A,,,
3294363,NM_000245.4(MET):c.2195A>G (p.Glu732Gly),MET,Uncertain significance,"criteria provided, single submitter",,,c.2195A>G,,,
3294365,NM_000245.4(MET):c.4111T>C (p.Ser1371Pro),MET,Uncertain significance,"criteria provided, single submitter",,,c.4111T>C,,,
3294366,NM_000245.4(MET):c.4111T>A (p.Ser1371Thr),MET,Uncertain significance,"criteria provided, single submitter",,,c.4111T>A,,,
3294368,NM_000245.4(MET):c.4000G>C (p.Val1334Leu),MET,Uncertain significance,"criteria provided, single submitter",,,c.4000G>C,,,
3294369,NM_000245.4(MET):c.2619A>C (p.Glu873Asp),MET,Uncertain significance,"criteria provided, single submitter",,,c.2619A>C,,,
3367473,NM_000245.4(MET):c.2265-50T>C,MET,Uncertain significance,"criteria provided, multiple submitters, no conflicts",,,NM_000245.4(MET):c.2265-50T>C,,,
3368854,NM_000245.4(MET):c.3781A>G (p.Thr1261Ala),MET,Uncertain significance,"criteria provided, multiple submitters, no conflicts",,,c.3781A>G,,,
3369459,NM_000245.4(MET):c.3037C>T (p.Pro1013Ser),MET,Uncertain significance,"criteria provided, multiple submitters, no conflicts",,,c.3037C>T,,,
3371949,NM_000245.4(MET):c.2566A>T (p.Asn856Tyr),MET,Uncertain significance,"criteria provided, single submitter",,,c.2566A>T,,,
3375902,NM_000245.4(MET):c.2848G>A (p.Gly950Arg),MET,Uncertain significance,"criteria provided, single submitter",,,c.2848G>A,,,
3391723,NM_000245.4(MET):c.563T>G (p.Val188Gly),MET,Uncertain significance,"criteria provided, single submitter",,,c.563T>G,,,
3395081,NM_000245.4(MET):c.3691G>T (p.Asp1231Tyr),MET,Uncertain significance,"criteria provided, multiple submitters, no conflicts",,,c.3691G>T,,,
3294333,NM_000245.4(MET):c.3269G>C (p.Gly1090Ala),MET,Uncertain significance,"criteria provided, single submitter",,,c.3269G>C,,,
3294371,NM_000245.4(MET):c.3455C>A (p.Ser1152Tyr),MET,Uncertain significance,"criteria provided, single submitter",,,c.3455C>A,,,
3294372,NM_000245.4(MET):c.514T>G (p.Cys172Gly),MET,Uncertain significance,"criteria provided, single submitter",,,c.514T>G,,,
3294373,NM_000245.4(MET):c.2265-47T>C,MET,Uncertain significance,"criteria provided, multiple submitters, no conflicts",,,NM_000245.4(MET):c.2265-47T>C,,,
3294374,NM_000245.4(MET):c.2260A>T (p.Ile754Phe),MET,Uncertain significance,"criteria provided, single submitter",,,c.2260A>T,,,
3294376,NM_000245.4(MET):c.952C>G (p.Gln318Glu),MET,Uncertain significance,"criteria provided, single submitter",,,c.952C>G,,,
3294378,NM_000245.4(MET):c.2957C>T (p.Ala986Val),MET,Uncertain significance,"criteria provided, single submitter",,,c.2957C>T,,,
3294379,NM_000245.4(MET):c.773T>C (p.Phe258Ser),MET,Uncertain significance,"criteria provided, single submitter",,,c.773T>C,,,
3294343,NM_000245.4(MET):c.1143C>A (p.Asn381Lys),MET,Uncertain significance,"criteria provided, single submitter",,,c.1143C>A,,,
3294348,NM_000245.4(MET):c.1883C>T (p.Pro628Leu),MET,Uncertain significance,"criteria provided, single submitter",,,c.1883C>T,,,
3294350,NM_000245.4(MET):c.1400T>A (p.Val467Asp),MET,Uncertain significance,"criteria provided, single submitter",,,c.1400T>A,,,
3294388,NM_000245.4(MET):c.2605G>A (p.Ala869Thr),MET,Uncertain significance,"criteria provided, single submitter",,,c.2605G>A,,,
3294389,NM_000245.4(MET):c.3492T>G (p.Asp1164Glu),MET,Uncertain significance,"criteria provided, single submitter",,,c.3492T>G,,,
3294390,NM_000245.4(MET):c.953A>G (p.Gln318Arg),MET,Uncertain significance,"criteria provided, single submitter",,,c.953A>G,,,
3294391,NM_000245.4(MET):c.1475T>C (p.Val492Ala),MET,Uncertain significance,"criteria provided, single submitter",,,c.1475T>C,,,
3294392,NM_000245.4(MET):c.4096C>G (p.Pro1366Ala),MET,Uncertain significance,"criteria provided, single submitter",,,c.4096C>G,,,
836823,NM_000245.4(MET):c.3509G>T (p.Arg1170Leu),MET,Uncertain significance,"criteria provided, multiple submitters, no conflicts",,,c.3509G>T,,rs369838973,
836999,NM_000245.4(MET):c.786G>C (p.Leu262Phe),MET,Uncertain significance,"criteria provided, single submitter",,,c.786G>C,,rs1791501952,
837183,NM_000245.4(MET):c.4097C>A (p.Pro1366His),MET,Uncertain significance,"criteria provided, multiple submitters, no conflicts",,,c.4097C>A,,rs778084120,
837737,NM_000245.4(MET):c.3986C>G (p.Ser1329Cys),MET,Uncertain significance,"criteria provided, multiple submitters, no conflicts",,,c.3986C>G,,rs1398543726,
838215,NM_000245.4(MET):c.1415C>T (p.Pro472Leu),MET,Uncertain significance,"criteria provided, multiple submitters, no conflicts",,,c.1415C>T,,rs1793379533,
838329,NM_000245.4(MET):c.775_777del (p.Ile259del),MET,Uncertain significance,"criteria provided, single submitter",,,c.775_777del,,rs1791501640,
838548,NM_000245.4(MET):c.2112C>A (p.Asn704Lys),MET,Uncertain significance,"criteria provided, single submitter",,,c.2112C>A,,rs1458912347,
839208,NM_000245.4(MET):c.2102+6G>T,MET,Uncertain significance,"criteria provided, single submitter",,,NM_000245.4(MET):c.2102+6G>T,,rs757561412,
840296,NM_000245.4(MET):c.2533G>C (p.Glu845Gln),MET,Uncertain significance,"criteria provided, multiple submitters, no conflicts",,,c.2533G>C,,rs1794470895,
841134,NM_000245.4(MET):c.2437C>A (p.Leu813Ile),MET,Uncertain significance,"criteria provided, multiple submitters, no conflicts",,,c.2437C>A,,rs745345346,
841145,NM_000245.4(MET):c.3149C>T (p.Thr1050Ile),MET,Uncertain significance,"criteria provided, single submitter",,,c.3149C>T,,rs1179812872,
841207,NM_000245.4(MET):c.1813C>T (p.Leu605Phe),MET,Uncertain significance,"criteria provided, multiple submitters, no conflicts",,,c.1813C>T,,rs774945178,
3294326,NM_000245.4(MET):c.2118T>G (p.Ile706Met),MET,Uncertain significance,"criteria provided, single submitter",,,c.2118T>G,,,
3294327,NM_000245.4(MET):c.2167A>T (p.Lys723Ter),MET,Uncertain significance,"criteria provided, single submitter",,,c.2167A>T,,,
3294330,NM_000245.4(MET):c.3533T>C (p.Val1178Ala),MET,Uncertain significance,"criteria provided, single submitter",,,c.3533T>C,,,
3294332,NM_000245.4(MET):c.3260G>A (p.Gly1087Glu),MET,Uncertain significance,"criteria provided, single submitter",,,c.3260G>A,,,
3294339,NM_000245.4(MET):c.434T>A (p.Val145Asp),MET,Uncertain significance,"criteria provided, single submitter",,,c.434T>A,,,
3294340,NM_000245.4(MET):c.1606G>A (p.Val536Ile),MET,Uncertain significance,"criteria provided, single submitter",,,c.1606G>A,,,
3294341,NM_000245.4(MET):c.974C>A (p.Pro325His),MET,Uncertain significance,"criteria provided, single submitter",,,c.974C>A,,,
3294311,NM_000245.4(MET):c.3761G>A (p.Ser1254Asn),MET,Uncertain significance,"criteria provided, single submitter",,,c.3761G>A,,,
3294312,NM_000245.4(MET):c.2465T>G (p.Met822Arg),MET,Uncertain significance,"criteria provided, single submitter",,,c.2465T>G,,,
3294313,NM_000245.4(MET):c.1144A>G (p.Asn382Asp),MET,Uncertain significance,"criteria provided, single submitter",,,c.1144A>G,,,
3294315,NM_000245.4(MET):c.1619G>A (p.Trp540Ter),MET,Uncertain significance,"criteria provided, single submitter",,,c.1619G>A,,,
3294316,NM_000245.4(MET):c.103A>G (p.Met35Val),MET,Uncertain significance,"criteria provided, single submitter",,,c.103A>G,,,
3294351,NM_000245.4(MET):c.2102+1G>C,MET,Uncertain significance,"criteria provided, single submitter",,,NM_000245.4(MET):c.2102+1G>C,,,
3294352,NM_000245.4(MET):c.2846T>G (p.Leu949Arg),MET,Uncertain significance,"criteria provided, single submitter",,,c.2846T>G,,,
3294353,NM_000245.4(MET):c.2963G>T (p.Ser988Ile),MET,Uncertain significance,"criteria provided, single submitter",,,c.2963G>T,,,
3294354,NM_000245.4(MET):c.1831A>C (p.Thr611Pro),MET,Uncertain significance,"criteria provided, single submitter",,,c.1831A>C,,,
3294355,NM_000245.4(MET):c.962A>C (p.Tyr321Ser),MET,Uncertain significance,"criteria provided, single submitter",,,c.962A>C,,,
3294356,NM_000245.4(MET):c.1460C>T (p.Ser487Phe),MET,Uncertain significance,"criteria provided, single submitter",,,c.1460C>T,,,
3294358,NM_000245.4(MET):c.3714C>A (p.His1238Gln),MET,Uncertain significance,"criteria provided, single submitter",,,c.3714C>A,,,
3294361,NM_000245.4(MET):c.2893G>C (p.Gly965Arg),MET,Uncertain significance,"criteria provided, single submitter",,,c.2893G>C,,,
841726,NM_000245.4(MET):c.3116A>G (p.Asp1039Gly),MET,Uncertain significance,"criteria provided, multiple submitters, no conflicts",,,c.3116A>G,,rs1794949125,
842803,NM_000245.4(MET):c.3936-2A>G,MET,Uncertain significance,"criteria provided, single submitter",,,NM_000245.4(MET):c.3936-2A>G,,rs1795654625,
842804,NM_000245.4(MET):c.154A>G (p.Ile52Val),MET,Uncertain significance,"criteria provided, single submitter",,,c.154A>G,,rs777336138,
842945,NM_000245.4(MET):c.3035T>C (p.Phe1012Ser),MET,Uncertain significance,"criteria provided, multiple submitters, no conflicts",,,c.3035T>C,,rs1794945602,
843183,NM_000245.4(MET):c.3790T>C (p.Ser1264Pro),MET,Uncertain significance,"criteria provided, single submitter",,,c.3790T>C,,rs1795214265,
843343,NM_000245.4(MET):c.1701G>C (p.Lys567Asn),MET,Uncertain significance,"criteria provided, single submitter",,,c.1701G>C,,rs1793429265,
843762,NM_000245.4(MET):c.1058C>T (p.Ser353Phe),MET,Uncertain significance,"criteria provided, multiple submitters, no conflicts",,,c.1058C>T,,rs1791516755,
844464,NM_000245.4(MET):c.916A>C (p.Lys306Gln),MET,Uncertain significance,"criteria provided, multiple submitters, no conflicts",,,c.916A>C,,rs1032682239,
844699,NM_000245.4(MET):c.1594G>A (p.Ala532Thr),MET,Uncertain significance,"criteria provided, multiple submitters, no conflicts",,,c.1594G>A,,rs1793421596,
844825,NM_000245.4(MET):c.2440C>A (p.Pro814Thr),MET,Uncertain significance,"criteria provided, multiple submitters, no conflicts",,,c.2440C>A,,rs1052270861,
3294290,NM_000245.4(MET):c.2076del (p.Ile692fs),MET,Uncertain significance,"criteria provided, single submitter",,,c.2076del,,,
3294295,NM_000245.4(MET):c.2683A>G (p.Thr895Ala),MET,Uncertain significance,"criteria provided, single submitter",,,c.2683A>G,,,
3294334,NM_000245.4(MET):c.547A>G (p.Lys183Glu),MET,Uncertain significance,"criteria provided, single submitter",,,c.547A>G,,,
3294336,NM_000245.4(MET):c.2816T>G (p.Val939Gly),MET,Uncertain significance,"criteria provided, single submitter",,,c.2816T>G,,,
3294337,NM_000245.4(MET):c.1471A>C (p.Ile491Leu),MET,Uncertain significance,"criteria provided, single submitter",,,c.1471A>C,,,
3294338,NM_000245.4(MET):c.396C>G (p.Ser132Arg),MET,Uncertain significance,"criteria provided, single submitter",,,c.396C>G,,,
3294309,NM_000245.4(MET):c.2654T>C (p.Ile885Thr),MET,Uncertain significance,"criteria provided, single submitter",,,c.2654T>C,,,
3241917,NM_000245.4(MET):c.683T>C (p.Phe228Ser),MET,Uncertain significance,"criteria provided, multiple submitters, no conflicts",,,c.683T>C,,rs2116595259,
3241918,NM_000245.4(MET):c.4066T>C (p.Tyr1356His),MET,Uncertain significance,"criteria provided, multiple submitters, no conflicts",,,c.4066T>C,,rs2117112406,
3241921,NM_000245.4(MET):c.1867A>C (p.Lys623Gln),MET,Uncertain significance,"criteria provided, multiple submitters, no conflicts",,,c.1867A>C,,rs2116919707,
3241922,NM_000245.4(MET):c.2131A>T (p.Thr711Ser),MET,Uncertain significance,"criteria provided, single submitter",,,c.2131A>T,,rs2485719794,
3241923,NM_000245.4(MET):c.194G>T (p.Gly65Val),MET,Uncertain significance,"criteria provided, single submitter",,,c.194G>T,,rs1381554784,
3241924,NM_000245.4(MET):c.539T>A (p.Leu180Gln),MET,Uncertain significance,"criteria provided, single submitter",,,c.539T>A,,rs2485510409,
3241925,NM_000245.4(MET):c.982C>A (p.Gln328Lys),MET,Uncertain significance,"criteria provided, single submitter",,,c.982C>A,,rs2116602510,
3294317,NM_000245.4(MET):c.2334T>A (p.Asn778Lys),MET,Uncertain significance,"criteria provided, single submitter",,,c.2334T>A,,,
3294318,NM_000245.4(MET):c.1268C>T (p.Ala423Val),MET,Uncertain significance,"criteria provided, single submitter",,,c.1268C>T,,,
3294319,NM_000245.4(MET):c.2364+1G>T,MET,Uncertain significance,"criteria provided, single submitter",,,NM_000245.4(MET):c.2364+1G>T,,,
3294320,NM_000245.4(MET):c.1948_1949delinsCA (p.Ser650His),MET,Uncertain significance,"criteria provided, single submitter",,,c.1948_1949delinsCA,,,
3294321,NM_000245.4(MET):c.1948A>C (p.Ser650Arg),MET,Uncertain significance,"criteria provided, single submitter",,,c.1948A>C,,,
3294322,NM_000245.4(MET):c.1949G>A (p.Ser650Asn),MET,Uncertain significance,"criteria provided, single submitter",,,c.1949G>A,,,
3294325,NM_000245.4(MET):c.2494G>C (p.Asp832His),MET,Uncertain significance,"criteria provided, single submitter",,,c.2494G>C,,,
841477,NM_000245.4(MET):c.1436T>C (p.Phe479Ser),MET,Uncertain significance,"criteria provided, multiple submitters, no conflicts",,,c.1436T>C,,rs1793380587,
846674,NM_000245.4(MET):c.2493T>G (p.Phe831Leu),MET,Uncertain significance,"criteria provided, multiple submitters, no conflicts",,,c.2493T>G,,rs749730267,
847503,NM_000245.4(MET):c.2510A>G (p.His837Arg),MET,Uncertain significance,"criteria provided, multiple submitters, no conflicts",,,c.2510A>G,,rs1041349799,
847600,NM_000245.4(MET):c.2264+5G>A,MET,Uncertain significance,"criteria provided, multiple submitters, no conflicts",,,NM_000245.4(MET):c.2264+5G>A,,rs745547523,
848184,NM_000245.4(MET):c.991A>G (p.Arg331Gly),MET,Uncertain significance,"criteria provided, multiple submitters, no conflicts",,,c.991A>G,,rs1791512225,
848319,NM_000245.4(MET):c.3151G>A (p.Val1051Ile),MET,Uncertain significance,"criteria provided, multiple submitters, no conflicts",,,c.3151G>A,,rs775997318,
848978,NM_000245.4(MET):c.2547G>T (p.Met849Ile),MET,Uncertain significance,"criteria provided, multiple submitters, no conflicts",,,c.2547G>T,,rs747989932,
849451,NM_000245.4(MET):c.3079C>G (p.Pro1027Ala),MET,Uncertain significance,"criteria provided, multiple submitters, no conflicts",,,c.3079C>G,,rs373419003,
849813,NM_000245.4(MET):c.1164T>A (p.His388Gln),MET,Uncertain significance,"criteria provided, single submitter",,,c.1164T>A,,rs1791523904,
852179,NM_000245.4(MET):c.2488T>C (p.Tyr830His),MET,Uncertain significance,"criteria provided, multiple submitters, no conflicts",,,c.2488T>C,,rs1794468017,
852742,NM_000245.4(MET):c.3565G>A (p.Ala1189Thr),MET,Uncertain significance,"criteria provided, multiple submitters, no conflicts",,,c.3565G>A,,rs1348453406,
852867,NM_000245.4(MET):c.3097C>G (p.Pro1033Ala),MET,Uncertain significance,"criteria provided, single submitter",,,c.3097C>G,,rs1294910019,
3233006,NM_000245.4(MET):c.665C>A (p.Thr222Lys),MET,Uncertain significance,"criteria provided, single submitter",,,c.665C>A,,rs200776610,
3233008,NM_000245.4(MET):c.716C>A (p.Pro239His),MET,Uncertain significance,"criteria provided, single submitter",,,c.716C>A,,rs45551737,
3294301,NM_000245.4(MET):c.54G>T (p.Leu18Phe),MET,Uncertain significance,"criteria provided, single submitter",,,c.54G>T,,,
3294304,NM_000245.4(MET):c.365T>G (p.Val122Gly),MET,Uncertain significance,"criteria provided, multiple submitters, no conflicts",,,c.365T>G,,,
3294308,NM_000245.4(MET):c.3010C>T (p.Arg1004Ter),MET,Uncertain significance,"criteria provided, multiple submitters, no conflicts",,,c.3010C>T,,,
3233012,NM_000245.4(MET):c.882G>A (p.Met294Ile),MET,Uncertain significance,"criteria provided, single submitter",,,c.882G>A,,rs2116600156,
3233013,NM_000245.4(MET):c.937G>C (p.Val313Leu),MET,Uncertain significance,"criteria provided, single submitter",,,c.937G>C,,rs2116601309,
3241915,NM_000245.4(MET):c.2396_2404del (p.Ile799_Cys801del),MET,Uncertain significance,"criteria provided, single submitter",,,c.2396_2404del,,rs2485740585,
3241916,NM_000245.4(MET):c.1063G>C (p.Glu355Gln),MET,Uncertain significance,"criteria provided, multiple submitters, no conflicts",,,c.1063G>C,,rs561295443,
3232985,NM_000245.4(MET):c.3620C>G (p.Ala1207Gly),MET,Uncertain significance,"criteria provided, single submitter",,,c.3620C>G,,rs2117060644,
3232987,NM_000245.4(MET):c.3747G>A (p.Trp1249Ter),MET,Uncertain significance,"criteria provided, single submitter",,,c.3747G>A,,rs2117066979,
3232988,NM_000245.4(MET):c.3875T>C (p.Ile1292Thr),MET,Uncertain significance,"criteria provided, single submitter",,,c.3875T>C,,rs2485872109,
3232989,NM_000245.4(MET):c.3935T>C (p.Leu1312Ser),MET,Uncertain significance,"criteria provided, single submitter",,,c.3935T>C,,rs2117109295,
3232990,NM_000245.4(MET):c.3948G>T (p.Met1316Ile),MET,Uncertain significance,"criteria provided, multiple submitters, no conflicts",,,c.3948G>T,,rs1434248114,
3232991,NM_000245.4(MET):c.4021T>G (p.Phe1341Val),MET,Uncertain significance,"criteria provided, single submitter",,,c.4021T>G,,rs2485874483,
3232992,NM_000245.4(MET):c.4035T>A (p.Ile1345=),MET,Uncertain significance,"criteria provided, single submitter",,,c.4035T>A,,rs2485874617,
3245622,NC_000007.13:g.(?_116339139)_(116340358_?)del,MET,Uncertain significance,"criteria provided, single submitter",,,NC_000007.13:g.(?_116339139)_(116340358_?)del,,,
3245623,NC_000007.13:g.(?_116165117)_(116340358_?)dup,CAV1,Uncertain significance,"criteria provided, single submitter",,,NC_000007.13:g.(?_116165117)_(116340358_?)dup,,,
3245625,NC_000007.13:g.(?_116339139)_(116381089_?)dup,MET,Uncertain significance,"criteria provided, single submitter",,,NC_000007.13:g.(?_116339139)_(116381089_?)dup,,,
3245626,NC_000007.13:g.(?_116380896)_(116436178_?)dup,MET,Uncertain significance,"criteria provided, single submitter",,,NC_000007.13:g.(?_116380896)_(116436178_?)dup,,,
3245627,NC_000007.13:g.(?_116380991)_(116385169_?)del,MET,Uncertain significance,"criteria provided, single submitter",,,NC_000007.13:g.(?_116380991)_(116385169_?)del,,,
853922,NM_000245.4(MET):c.3430G>A (p.Gly1144Arg),MET,Uncertain significance,"criteria provided, multiple submitters, no conflicts",,,c.3430G>A,,rs1795070539,
855581,NM_000245.4(MET):c.1333T>G (p.Phe445Val),MET,Uncertain significance,"criteria provided, single submitter",,,c.1333T>G,,rs1793017605,
856034,NM_000245.4(MET):c.1086G>C (p.Met362Ile),MET,Uncertain significance,"criteria provided, single submitter",,,c.1086G>C,,rs779724665,
856061,NM_000245.4(MET):c.3259+5G>A,MET,Uncertain significance,"criteria provided, multiple submitters, no conflicts",,,NM_000245.4(MET):c.3259+5G>A,,rs1794955894,
856076,NM_000245.4(MET):c.2930C>T (p.Thr977Ile),MET,Uncertain significance,"criteria provided, single submitter",,,c.2930C>T,,rs1794847178,
856166,NM_000245.4(MET):c.1979C>T (p.Thr660Ile),MET,Uncertain significance,"criteria provided, multiple submitters, no conflicts",,,c.1979C>T,,rs1584941563,
856847,NM_000245.4(MET):c.2941G>T (p.Asp981Tyr),MET,Uncertain significance,"criteria provided, multiple submitters, no conflicts",,,c.2941G>T,,rs1794847447,
857660,NM_000245.4(MET):c.299A>G (p.Asp100Gly),MET,Uncertain significance,"criteria provided, single submitter",,,c.299A>G,,rs1791473592,
858401,NM_000245.4(MET):c.130C>T (p.Pro44Ser),MET,Uncertain significance,"criteria provided, multiple submitters, no conflicts",,,c.130C>T,,rs1474436542,
859959,NM_000245.4(MET):c.970A>G (p.Lys324Glu),MET,Uncertain significance,"criteria provided, single submitter",,,c.970A>G,,rs1791511003,
3232969,NM_000245.4(MET):c.3121G>A (p.Asp1041Asn),MET,Uncertain significance,"criteria provided, single submitter",,,c.3121G>A,,rs2117030675,
3232972,NM_000245.4(MET):c.3147del (p.Asn1049fs),MET,Uncertain significance,"criteria provided, single submitter",,,c.3147del,,rs2485806669,
3232974,NM_000245.4(MET):c.3232G>T (p.Val1078Leu),MET,Uncertain significance,"criteria provided, multiple submitters, no conflicts",,,c.3232G>T,,rs1479922279,
3232975,NM_000245.4(MET):c.3235C>A (p.His1079Asn),MET,Uncertain significance,"criteria provided, single submitter",,,c.3235C>A,,rs2117032152,
3233010,NM_000245.4(MET):c.787A>G (p.Thr263Ala),MET,Uncertain significance,"criteria provided, single submitter",,,c.787A>G,,rs2116597837,
3233011,NM_000245.4(MET):c.832A>G (p.Ile278Val),MET,Uncertain significance,"criteria provided, multiple submitters, no conflicts",,,c.832A>G,,rs2116599107,
3232978,NM_000245.4(MET):c.3272G>A (p.Cys1091Tyr),MET,Uncertain significance,"criteria provided, single submitter",,,c.3272G>A,,rs1235755029,
3232979,NM_000245.4(MET):c.3301G>C (p.Asp1101His),MET,Uncertain significance,"criteria provided, single submitter",,,c.3301G>C,,rs749678495,
3232980,NM_000245.4(MET):c.3308A>G (p.Lys1103Arg),MET,Uncertain significance,"criteria provided, single submitter",,,c.3308A>G,,rs2485816272,
3232983,NM_000245.4(MET):c.3507T>G (p.Ile1169Met),MET,Uncertain significance,"criteria provided, single submitter",,,c.3507T>G,,rs200184140,
3232984,NM_000245.4(MET):c.3599T>C (p.Phe1200Ser),MET,Uncertain significance,"criteria provided, single submitter",,,c.3599T>C,,rs2117060416,
3232951,NM_000245.4(MET):c.2768T>C (p.Val923Ala),MET,Uncertain significance,"criteria provided, single submitter",,,c.2768T>C,,rs2485774740,
3232956,NM_000245.4(MET):c.2860T>A (p.Trp954Arg),MET,Uncertain significance,"criteria provided, single submitter",,,c.2860T>A,,rs2116993003,
3232957,NM_000245.4(MET):c.2873G>T (p.Arg958Ile),MET,Uncertain significance,"criteria provided, single submitter",,,c.2873G>T,,rs2116993154,
3232958,NM_000245.4(MET):c.2887+1G>A,MET,Uncertain significance,"criteria provided, single submitter",,,NM_000245.4(MET):c.2887+1G>A,,rs2116993301,
3232993,NM_000245.4(MET):c.4039G>A (p.Glu1347Lys),MET,Uncertain significance,"criteria provided, single submitter",,,c.4039G>A,,rs2117111941,
3232995,NM_000245.4(MET):c.4067A>G (p.Tyr1356Cys),MET,Uncertain significance,"criteria provided, single submitter",,,c.4067A>G,,rs2117112415,
3232999,NM_000245.4(MET):c.480C>G (p.Cys160Trp),MET,Uncertain significance,"criteria provided, single submitter",,,c.480C>G,,rs1294924754,
3232968,NM_000245.4(MET):c.3032A>G (p.Gln1011Arg),MET,Uncertain significance,"criteria provided, single submitter",,,c.3032A>G,,rs1286754741,
853000,NM_000245.4(MET):c.947T>C (p.Ile316Thr),MET,Uncertain significance,"criteria provided, single submitter",,,c.947T>C,,rs1584877972,
853254,NM_000245.4(MET):c.1848_1849delinsTT (p.Glu616_Ser617delinsAspCys),MET,Uncertain significance,"criteria provided, multiple submitters, no conflicts",,,c.1848_1849delinsTT,,rs1794145066,
853485,NM_000245.4(MET):c.3960G>A (p.Trp1320Ter),MET,Uncertain significance,"criteria provided, multiple submitters, no conflicts",,,c.3960G>A,,rs1174194833,
861228,NM_000245.4(MET):c.2417T>C (p.Leu806Pro),MET,Uncertain significance,"criteria provided, single submitter",,,c.2417T>C,,rs1390958903,
861357,NM_000245.4(MET):c.2956G>T (p.Ala986Ser),MET,Uncertain significance,"criteria provided, multiple submitters, no conflicts",,,c.2956G>T,,rs1794848174,
861477,NM_000245.4(MET):c.2647G>A (p.Glu883Lys),MET,Uncertain significance,"criteria provided, multiple submitters, no conflicts",,,c.2647G>A,,rs769253547,
861586,NM_000245.4(MET):c.2626A>C (p.Lys876Gln),MET,Uncertain significance,"criteria provided, multiple submitters, no conflicts",,,c.2626A>C,,rs368891381,
861942,NM_000245.4(MET):c.2284G>A (p.Gly762Ser),MET,Uncertain significance,"criteria provided, multiple submitters, no conflicts",,,c.2284G>A,,rs1794310272,
861974,NM_000245.4(MET):c.1865T>G (p.Leu622Trp),MET,Uncertain significance,"criteria provided, multiple submitters, no conflicts",,,c.1865T>G,,rs1794220084,
863031,NM_000245.4(MET):c.1541C>A (p.Pro514Gln),MET,Uncertain significance,"criteria provided, multiple submitters, no conflicts",,,c.1541C>A,,rs1793418567,
863846,NM_000245.4(MET):c.1303A>T (p.Ser435Cys),MET,Uncertain significance,"criteria provided, multiple submitters, no conflicts",,,c.1303A>T,,rs1186230260,
864528,NM_000245.4(MET):c.1033G>A (p.Val345Met),MET,Uncertain significance,"criteria provided, multiple submitters, no conflicts",,,c.1033G>A,,rs1232896056,
864554,NM_000245.4(MET):c.3446G>C (p.Ser1149Thr),MET,Uncertain significance,"criteria provided, multiple submitters, no conflicts",,,c.3446G>C,,rs1795071435,
873183,NM_000245.4(MET):c.2265-118del,MET,Uncertain significance,no assertion criteria provided,,,NM_000245.4(MET):c.2265-118del,,rs1794304820,
908057,NM_000245.4(MET):c.*2G>T,MET,Uncertain significance,"criteria provided, single submitter",,,NM_000245.4(MET):c.*2G>T,,rs1795668471,
3232936,NM_000245.4(MET):c.2441C>A (p.Pro814His),MET,Uncertain significance,"criteria provided, single submitter",,,c.2441C>A,,rs781452657,
3232938,NM_000245.4(MET):c.260G>A (p.Gly87Glu),MET,Uncertain significance,"criteria provided, single submitter",,,c.260G>A,,rs2116584210,
3232942,NM_000245.4(MET):c.2578A>G (p.Ile860Val),MET,Uncertain significance,"criteria provided, single submitter",,,c.2578A>G,,rs2485743435,
3232977,NM_000245.4(MET):c.3266T>C (p.Phe1089Ser),MET,Uncertain significance,"criteria provided, multiple submitters, no conflicts",,,c.3266T>C,,rs2485815840,
3232946,NM_000245.4(MET):c.2629G>C (p.Val877Leu),MET,Uncertain significance,"criteria provided, single submitter",,,c.2629G>C,,rs2116983137,
3232948,NM_000245.4(MET):c.2663A>C (p.His888Pro),MET,Uncertain significance,"criteria provided, single submitter",,,c.2663A>C,,rs1584953276,
3232949,NM_000245.4(MET):c.2731-3T>C,MET,Uncertain significance,"criteria provided, single submitter",,,NM_000245.4(MET):c.2731-3T>C,,rs2485774358,
3232950,NM_000245.4(MET):c.2765A>G (p.Lys922Arg),MET,Uncertain significance,"criteria provided, multiple submitters, no conflicts",,,c.2765A>G,,rs2116991749,
3232919,NM_000245.4(MET):c.1886C>T (p.Ala629Val),MET,Uncertain significance,"criteria provided, multiple submitters, no conflicts",,,c.1886C>T,,rs2116920054,
3232920,NM_000245.4(MET):c.1960T>C (p.Tyr654His),MET,Uncertain significance,"criteria provided, single submitter",,,c.1960T>C,,rs2116921361,
3232922,NM_000245.4(MET):c.2048A>G (p.Asn683Ser),MET,Uncertain significance,"criteria provided, single submitter",,,c.2048A>G,,rs2116924488,
3232924,NM_000245.4(MET):c.2089T>C (p.Cys697Arg),MET,Uncertain significance,"criteria provided, multiple submitters, no conflicts",,,c.2089T>C,,rs2116925232,
3232925,NM_000245.4(MET):c.2101A>G (p.Ser701Gly),MET,Uncertain significance,"criteria provided, single submitter",,,c.2101A>G,,rs2116925486,
3232926,NM_000245.4(MET):c.2102G>T (p.Ser701Ile),MET,Uncertain significance,"criteria provided, single submitter",,,c.2102G>T,,rs2116925510,
3232959,NM_000245.4(MET):c.2890C>G (p.Leu964Val),MET,Uncertain significance,"criteria provided, single submitter",,,c.2890C>G,,rs2116995831,
3232962,NM_000245.4(MET):c.-2T>C,MET,Uncertain significance,"criteria provided, multiple submitters, no conflicts",,,NM_000245.4(MET):c.-2T>C,,rs2116577569,
3232963,NM_000245.4(MET):c.301T>C (p.Cys101Arg),MET,Uncertain significance,"criteria provided, single submitter",,,c.301T>C,,rs2485507771,
3232964,NM_000245.4(MET):c.2972C>T (p.Pro991Leu),MET,Uncertain significance,"criteria provided, single submitter",,,c.2972C>T,,rs2116996927,
3232965,NM_000245.4(MET):c.3014C>T (p.Ala1005Val),MET,Uncertain significance,"criteria provided, multiple submitters, no conflicts",,,c.3014C>T,,rs777214043,
3232935,NM_000245.4(MET):c.2375A>T (p.His792Leu),MET,Uncertain significance,"criteria provided, single submitter",,,c.2375A>T,,rs980467681,
3020210,NM_000245.4(MET):c.1392+6T>C,MET,Uncertain significance,"criteria provided, single submitter",,,NM_000245.4(MET):c.1392+6T>C,,rs1793022563,
3020736,NM_000245.4(MET):c.1897C>T (p.His633Tyr),MET,Uncertain significance,"criteria provided, single submitter",,,c.1897C>T,,rs2485710920,
3021000,NM_000245.4(MET):c.2619A>G (p.Glu873=),MET,Uncertain significance,"criteria provided, multiple submitters, no conflicts",,,c.2619A>G,,rs2116983003,
3232927,NM_000245.4(MET):c.2156A>G (p.Glu719Gly),MET,Uncertain significance,"criteria provided, single submitter",,,c.2156A>G,,rs2116930956,
3232928,NM_000245.4(MET):c.221A>G (p.Asn74Ser),MET,Uncertain significance,"criteria provided, multiple submitters, no conflicts",,,c.221A>G,,rs2116583212,
3232931,NM_000245.4(MET):c.2265-25T>A,MET,Uncertain significance,"criteria provided, single submitter",,,NM_000245.4(MET):c.2265-25T>A,,rs1794308172,
3232932,NM_000245.4(MET):c.22G>T (p.Ala8Ser),MET,Uncertain significance,"criteria provided, single submitter",,,c.22G>T,,rs758564871,
3232934,NM_000245.4(MET):c.2368T>C (p.Cys790Arg),MET,Uncertain significance,"criteria provided, single submitter",,,c.2368T>C,,rs2116953570,
3232902,NM_000245.4(MET):c.1152A>C (p.Arg384Ser),MET,Uncertain significance,"criteria provided, single submitter",,,c.1152A>C,,rs2116606658,
3232904,NM_000245.4(MET):c.1213A>T (p.Asn405Tyr),MET,Uncertain significance,"criteria provided, single submitter",,,c.1213A>T,,rs2116779448,
3232905,NM_000245.4(MET):c.124C>A (p.Gln42Lys),MET,Uncertain significance,"criteria provided, single submitter",,,c.124C>A,,rs2116580859,
3232906,NM_000245.4(MET):c.1274A>T (p.Gln425Leu),MET,Uncertain significance,"criteria provided, multiple submitters, no conflicts",,,c.1274A>T,,rs1793013042,
3232908,NM_000245.4(MET):c.1388_1390delinsAGG (p.Met463_Gln464delinsLysGlu),MET,Uncertain significance,"criteria provided, single submitter",,,c.1388_1390delinsAGG,,rs2485614277,
3232943,NM_000245.4(MET):c.2589T>G (p.Asn863Lys),MET,Uncertain significance,"criteria provided, single submitter",,,c.2589T>G,,rs2116982492,
3232944,NM_000245.4(MET):c.2596G>T (p.Asp866Tyr),MET,Uncertain significance,"criteria provided, single submitter",,,c.2596G>T,,rs2116982612,
3232945,NM_000245.4(MET):c.2599C>A (p.Pro867Thr),MET,Uncertain significance,"criteria provided, single submitter",,,c.2599C>A,,rs2116982679,
4859988,NM_000245.4(MET):c.1624C>T (p.His542Tyr),MET,Uncertain significance,"criteria provided, single submitter",,,c.1624C>T,,,
908122,NM_000245.4(MET):c.*1244G>T,MET,Uncertain significance,"criteria provided, single submitter",,,NM_000245.4(MET):c.*1244G>T,,rs144559852,
908191,NM_000245.4(MET):c.*2202G>T,MET,Uncertain significance,"criteria provided, single submitter",,,NM_000245.4(MET):c.*2202G>T,,rs14456,
908192,NM_000245.4(MET):c.*2245G>T,MET,Uncertain significance,"criteria provided, single submitter",,,NM_000245.4(MET):c.*2245G>T,,rs1447240969,
909032,NM_000245.4(MET):c.-35C>G,MET,Uncertain significance,"criteria provided, single submitter",,,NM_000245.4(MET):c.-35C>G,,rs1796012626,
4859980,NM_000245.4(MET):c.3851A>G (p.Tyr1284Cys),MET,Uncertain significance,"criteria provided, single submitter",,,c.3851A>G,,,
910013,NM_000245.4(MET):c.*296G>C,MET,Uncertain significance,"criteria provided, single submitter",,,NM_000245.4(MET):c.*296G>C,,rs1237383281,
910014,NM_000245.4(MET):c.*359G>A,MET,Uncertain significance,"criteria provided, single submitter",,,NM_000245.4(MET):c.*359G>A,,rs1795682838,
4859997,NM_000245.4(MET):c.1568T>A (p.Phe523Tyr),MET,Uncertain significance,"criteria provided, single submitter",,,c.1568T>A,,,
910070,NM_000245.4(MET):c.*1359T>C,MET,Uncertain significance,"criteria provided, single submitter",,,NM_000245.4(MET):c.*1359T>C,,rs1795712500,
910071,NM_000245.4(MET):c.*1477C>T,MET,Uncertain significance,"criteria provided, single submitter",,,NM_000245.4(MET):c.*1477C>T,,rs750893461,
910072,NM_000245.4(MET):c.*1637G>A,MET,Uncertain significance,"criteria provided, single submitter",,,NM_000245.4(MET):c.*1637G>A,,rs534514626,
910796,NM_000245.4(MET):c.847T>C (p.Ser283Pro),MET,Uncertain significance,"criteria provided, multiple submitters, no conflicts",,,c.847T>C,,rs1791505194,
3017419,NM_000245.4(MET):c.1944_1945delinsGC (p.Tyr649His),MET,Uncertain significance,"criteria provided, multiple submitters, no conflicts",,,c.1944_1945delinsGC,,rs2485711424,
3018827,NM_000245.4(MET):c.608C>A (p.Ser203Tyr),MET,Uncertain significance,"criteria provided, multiple submitters, no conflicts",,,c.608C>A,,rs2116593187,
3019890,NM_000245.4(MET):c.1108G>A (p.Val370Ile),MET,Uncertain significance,"criteria provided, single submitter",,,c.1108G>A,,rs1167093562,
3005924,NM_000245.4(MET):c.2225C>T (p.Pro742Leu),MET,Uncertain significance,"criteria provided, single submitter",,,c.2225C>T,,rs2116932310,
3006238,NM_000245.4(MET):c.275A>G (p.His92Arg),MET,Uncertain significance,"criteria provided, single submitter",,,c.275A>G,,rs2116584634,
3009164,NM_000245.4(MET):c.3382G>A (p.Gly1128Arg),MET,Uncertain significance,"criteria provided, single submitter",,,c.3382G>A,,rs2117045610,
3009352,NM_000245.4(MET):c.2823A>G (p.Ile941Met),MET,Uncertain significance,"criteria provided, multiple submitters, no conflicts",,,c.2823A>G,,rs1216931638,
3011851,NM_000245.4(MET):c.2354A>T (p.Asn785Ile),MET,Uncertain significance,"criteria provided, multiple submitters, no conflicts",,,c.2354A>T,,rs2116939184,
3012649,NM_000245.4(MET):c.1226G>A (p.Cys409Tyr),MET,Uncertain significance,"criteria provided, single submitter",,,c.1226G>A,,rs2116779792,
3232909,NM_000245.4(MET):c.1396G>A (p.Val466Met),MET,Uncertain significance,"criteria provided, single submitter",,,c.1396G>A,,rs2116825597,
3232910,NM_000245.4(MET):c.1474G>T (p.Val492Leu),MET,Uncertain significance,"criteria provided, single submitter",,,c.1474G>T,,rs773830736,
3232911,NM_000245.4(MET):c.1556G>T (p.Gly519Val),MET,Uncertain significance,"criteria provided, single submitter",,,c.1556G>T,,rs2116834434,
3232912,NM_000245.4(MET):c.1588C>T (p.Leu530Phe),MET,Uncertain significance,"criteria provided, single submitter",,,c.1588C>T,,rs2485644814,
3232913,NM_000245.4(MET):c.1610A>C (p.Gln537Pro),MET,Uncertain significance,"criteria provided, single submitter",,,c.1610A>C,,rs2116835879,
3232917,NM_000245.4(MET):c.1827C>G (p.Ser609Arg),MET,Uncertain significance,"criteria provided, single submitter",,,c.1827C>G,,rs2116910568,
3232918,NM_000245.4(MET):c.1849A>T (p.Ser617Cys),MET,Uncertain significance,"criteria provided, single submitter",,,c.1849A>T,,rs2116910973,
3017018,NM_000245.4(MET):c.3028+3A>G,MET,Uncertain significance,"criteria provided, single submitter",,,NM_000245.4(MET):c.3028+3A>G,,rs2116998142,
908058,NM_000245.4(MET):c.*27C>A,MET,Uncertain significance,"criteria provided, single submitter",,,NM_000245.4(MET):c.*27C>A,,rs1795669540,
912196,NM_000245.4(MET):c.*1929A>G,MET,Uncertain significance,"criteria provided, single submitter",,,NM_000245.4(MET):c.*1929A>G,,rs1321841621,
2970941,NM_000245.4(MET):c.2101A>C (p.Ser701Arg),MET,Uncertain significance,"criteria provided, multiple submitters, no conflicts",,,c.2101A>C,,rs2116925486,
2973911,NM_000245.4(MET):c.3784A>G (p.Thr1262Ala),MET,Uncertain significance,"criteria provided, multiple submitters, no conflicts",,,c.3784A>G,,rs2485836649,
2974061,NM_000245.4(MET):c.2906T>C (p.Val969Ala),MET,Uncertain significance,"criteria provided, multiple submitters, no conflicts",,,c.2906T>C,,rs2116996037,
3013733,NM_000245.4(MET):c.767A>G (p.Asn256Ser),MET,Uncertain significance,"criteria provided, single submitter",,,c.767A>G,,rs2116597333,
3016612,NM_000245.4(MET):c.2921_2946del (p.Arg974fs),MET,Uncertain significance,"criteria provided, single submitter",,,c.2921_2946del,,rs2485778776,
2989927,NM_000245.4(MET):c.2640G>C (p.Lys880Asn),MET,Uncertain significance,"criteria provided, multiple submitters, no conflicts",,,c.2640G>C,,rs2116983311,
2995352,NM_000245.4(MET):c.1039G>T (p.Ala347Ser),MET,Uncertain significance,"criteria provided, single submitter",,,c.1039G>T,,rs200074800,
2995641,NM_000245.4(MET):c.2395A>G (p.Ile799Val),MET,Uncertain significance,"criteria provided, single submitter",,,c.2395A>G,,rs1288804179,
2996213,NM_000245.4(MET):c.2007G>T (p.Met669Ile),MET,Uncertain significance,"criteria provided, single submitter",,,c.2007G>T,,rs2485713404,
2998578,NM_000245.4(MET):c.3340+6T>A,MET,Uncertain significance,"criteria provided, single submitter",,,NM_000245.4(MET):c.3340+6T>A,,rs1240062915,
2998950,NM_000245.4(MET):c.365T>C (p.Val122Ala),MET,Uncertain significance,"criteria provided, single submitter",,,c.365T>C,,rs1791476896,
3076109,NM_000245.4(MET):c.3259+12C>G,MET,Uncertain significance,"criteria provided, single submitter",,,NM_000245.4(MET):c.3259+12C>G,,rs2117032556,
3232896,NM_000245.4(MET):c.1040C>T (p.Ala347Val),MET,Uncertain significance,"criteria provided, single submitter",,,c.1040C>T,,rs2116604052,
3005484,NM_000245.4(MET):c.1717G>A (p.Ala573Thr),MET,Uncertain significance,"criteria provided, single submitter",,,c.1717G>A,,rs2116908749,
2968165,NM_000245.4(MET):c.2265-25T>G,MET,Uncertain significance,"criteria provided, multiple submitters, no conflicts",,,NM_000245.4(MET):c.2265-25T>G,,rs1794308172,
2968845,NM_000245.4(MET):c.2078G>A (p.Gly693Asp),MET,Uncertain significance,"criteria provided, single submitter",,,c.2078G>A,,rs2116924991,
910849,NM_000245.4(MET):c.3246A>T (p.Glu1082Asp),MET,Uncertain significance,"criteria provided, multiple submitters, no conflicts",,,c.3246A>T,,rs1794955289,
910902,NM_000245.4(MET):c.*438T>A,MET,Uncertain significance,"criteria provided, single submitter",,,NM_000245.4(MET):c.*438T>A,,rs955990225,
910903,NM_000245.4(MET):c.*480T>C,MET,Uncertain significance,"criteria provided, single submitter",,,NM_000245.4(MET):c.*480T>C,,rs1207133647,
910904,NM_000245.4(MET):c.*493A>C,MET,Uncertain significance,"criteria provided, single submitter",,,NM_000245.4(MET):c.*493A>C,,rs1795687373,
910905,NM_000245.4(MET):c.*530G>A,MET,Uncertain significance,"criteria provided, single submitter",,,NM_000245.4(MET):c.*530G>A,,rs185897782,
910966,NM_000245.4(MET):c.*1714C>A,MET,Uncertain significance,"criteria provided, single submitter",,,NM_000245.4(MET):c.*1714C>A,,rs747850853,
910968,NM_000245.4(MET):c.*1878A>G,MET,Uncertain significance,"criteria provided, single submitter",,,NM_000245.4(MET):c.*1878A>G,,rs770910579,
910969,NM_000245.4(MET):c.*1909A>G,MET,Uncertain significance,"criteria provided, single submitter",,,NM_000245.4(MET):c.*1909A>G,,rs1795730503,
911965,NM_000245.4(MET):c.-109C>T,MET,Uncertain significance,"criteria provided, single submitter",,,NM_000245.4(MET):c.-109C>T,,rs1796009308,
912133,NM_000245.4(MET):c.*786C>T,MET,Uncertain significance,"criteria provided, single submitter",,,NM_000245.4(MET):c.*786C>T,,rs935854365,
912134,NM_000245.4(MET):c.*803T>A,MET,Uncertain significance,"criteria provided, single submitter",,,NM_000245.4(MET):c.*803T>A,,rs1001801655,
2986655,NM_000245.4(MET):c.3500A>G (p.Asn1167Ser),MET,Uncertain significance,"criteria provided, single submitter",,,c.3500A>G,,rs2117048058,
2912428,NM_000245.4(MET):c.3295G>A (p.Asp1099Asn),MET,Uncertain significance,"criteria provided, multiple submitters, no conflicts",,,c.3295G>A,,rs1196168142,
912198,NM_000245.4(MET):c.*2147T>C,MET,Uncertain significance,"criteria provided, single submitter",,,NM_000245.4(MET):c.*2147T>C,,rs1795737615,
934910,NM_000245.4(MET):c.1130T>G (p.Ile377Ser),MET,Uncertain significance,"criteria provided, multiple submitters, no conflicts",,,c.1130T>G,,rs1791521654,
935057,NM_000245.4(MET):c.3397G>C (p.Asp1133His),MET,Uncertain significance,"criteria provided, single submitter",,,c.3397G>C,,rs745437003,
935802,NM_000245.4(MET):c.1144A>T (p.Asn382Tyr),MET,Uncertain significance,"criteria provided, multiple submitters, no conflicts",,,c.1144A>T,,rs1791522873,
936363,NM_000245.4(MET):c.1780A>G (p.Asn594Asp),MET,Uncertain significance,"criteria provided, multiple submitters, no conflicts",,,c.1780A>G,,rs1794141895,
936792,NM_000245.4(MET):c.2582A>G (p.Lys861Arg),MET,Uncertain significance,"criteria provided, multiple submitters, no conflicts",,,c.2582A>G,,rs895820328,
937734,NM_000245.4(MET):c.2701C>G (p.Leu901Val),MET,Uncertain significance,"criteria provided, multiple submitters, no conflicts",,,c.2701C>G,,rs1384134548,
938834,NM_000245.4(MET):c.3544A>G (p.Ile1182Val),MET,Uncertain significance,"criteria provided, multiple submitters, no conflicts",,,c.3544A>G,,rs1795171767,
942113,NM_000245.4(MET):c.1527+6C>A,MET,Uncertain significance,"criteria provided, single submitter",,,NM_000245.4(MET):c.1527+6C>A,,rs1793387165,
2918853,NM_000245.4(MET):c.4112C>T (p.Ser1371Leu),MET,Uncertain significance,"criteria provided, single submitter",,,c.4112C>T,,rs781433659,
2919100,NM_000245.4(MET):c.17T>G (p.Val6Gly),MET,Uncertain significance,"criteria provided, single submitter",,,c.17T>G,,rs950885374,
2920571,NM_000245.4(MET):c.24dup (p.Pro9fs),MET,Uncertain significance,"criteria provided, single submitter",,,c.24dup,,rs2525367197,
3001624,NM_000245.4(MET):c.4048G>A (p.Val1350Ile),MET,Uncertain significance,"criteria provided, single submitter",,,c.4048G>A,,rs1197207766,
3003190,NM_000245.4(MET):c.665C>G (p.Thr222Arg),MET,Uncertain significance,"criteria provided, multiple submitters, no conflicts",,,c.665C>G,,rs200776610,
2886806,NM_000245.4(MET):c.2185G>A (p.Ala729Thr),MET,Uncertain significance,"criteria provided, single submitter",,,c.2185G>A,,rs2116931414,
2956031,NM_000245.4(MET):c.572G>T (p.Arg191Leu),MET,Uncertain significance,"criteria provided, single submitter",,,c.572G>T,,rs879254342,
2957122,NM_000245.4(MET):c.1445A>G (p.Asp482Gly),MET,Uncertain significance,"criteria provided, single submitter",,,c.1445A>G,,rs2116826585,
2960251,NM_000245.4(MET):c.1682G>C (p.Cys561Ser),MET,Uncertain significance,"criteria provided, single submitter",,,c.1682G>C,,rs2116837834,
2962629,NM_000245.4(MET):c.1175C>A (p.Pro392His),MET,Uncertain significance,"criteria provided, single submitter",,,c.1175C>A,,rs2116607242,
2963202,NM_000245.4(MET):c.911G>A (p.Arg304Lys),MET,Uncertain significance,"criteria provided, multiple submitters, no conflicts",,,c.911G>A,,rs1254719560,
2900746,NM_000245.4(MET):c.3871G>C (p.Asp1291His),MET,Uncertain significance,"criteria provided, multiple submitters, no conflicts",,,c.3871G>C,,rs2117108335,
2901952,NM_000245.4(MET):c.2265-29A>G,MET,Uncertain significance,"criteria provided, multiple submitters, no conflicts",,,NM_000245.4(MET):c.2265-29A>G,,rs2116937133,
2901955,NM_000245.4(MET):c.262C>A (p.Pro88Thr),MET,Uncertain significance,"criteria provided, single submitter",,,c.262C>A,,rs1169278904,
2902341,NM_000245.4(MET):c.3704A>G (p.Tyr1235Cys),MET,Uncertain significance,"criteria provided, single submitter",,,c.3704A>G,,rs2117066308,
2903179,NM_000245.4(MET):c.586T>C (p.Phe196Leu),MET,Uncertain significance,"criteria provided, multiple submitters, no conflicts",,,c.586T>C,,rs2116592621,
2904772,NM_000245.4(MET):c.2110A>T (p.Asn704Tyr),MET,Uncertain significance,"criteria provided, multiple submitters, no conflicts",,,c.2110A>T,,rs373030463,
2907157,NM_000245.4(MET):c.37G>C (p.Val13Leu),MET,Uncertain significance,"criteria provided, single submitter",,,c.37G>C,,rs781777052,
2975095,NM_000245.4(MET):c.2809G>A (p.Gly937Ser),MET,Uncertain significance,"criteria provided, single submitter",,,c.2809G>A,,rs2116992305,
2977695,NM_000245.4(MET):c.373T>A (p.Tyr125Asn),MET,Uncertain significance,"criteria provided, multiple submitters, no conflicts",,,c.373T>A,,rs2116587208,
2984276,NM_000245.4(MET):c.3143A>G (p.Gln1048Arg),MET,Uncertain significance,"criteria provided, single submitter",,,c.3143A>G,,rs1459375512,
2910021,NM_000245.4(MET):c.4027A>G (p.Thr1343Ala),MET,Uncertain significance,"criteria provided, single submitter",,,c.4027A>G,,rs1584978380,
2910909,NM_000245.4(MET):c.2137G>A (p.Ala713Thr),MET,Uncertain significance,"criteria provided, multiple submitters, no conflicts",,,c.2137G>A,,rs762004763,
2911184,NM_000245.4(MET):c.1636G>C (p.Val546Leu),MET,Uncertain significance,"criteria provided, single submitter",,,c.1636G>C,,rs774462373,
943035,NM_000245.4(MET):c.116T>A (p.Met39Lys),MET,Uncertain significance,"criteria provided, single submitter",,,c.116T>A,,rs879254330,
943360,NM_000245.4(MET):c.3772C>T (p.Gln1258Ter),MET,Uncertain significance,"criteria provided, single submitter",,,c.3772C>T,,rs1795213262,
943852,NM_000245.4(MET):c.3220A>G (p.Ser1074Gly),MET,Uncertain significance,"criteria provided, multiple submitters, no conflicts",,,c.3220A>G,,rs764947837,
944117,NM_000245.4(MET):c.2276C>A (p.Thr759Lys),MET,Uncertain significance,"criteria provided, multiple submitters, no conflicts",,,c.2276C>A,,rs1794309783,
944373,NM_000245.4(MET):c.3523-3C>T,MET,Uncertain significance,"criteria provided, multiple submitters, no conflicts",,,NM_000245.4(MET):c.3523-3C>T,,rs763246917,
944632,NM_000245.4(MET):c.1465G>A (p.Glu489Lys),MET,Uncertain significance,"criteria provided, multiple submitters, no conflicts",,,c.1465G>A,,rs1391853762,
944707,NM_000245.4(MET):c.1784A>C (p.Lys595Thr),MET,Uncertain significance,"criteria provided, multiple submitters, no conflicts",,,c.1784A>C,,rs1584939204,
944962,NM_000245.4(MET):c.3100A>G (p.Ile1034Val),MET,Uncertain significance,"criteria provided, multiple submitters, no conflicts",,,c.3100A>G,,rs993773653,
945122,NM_000245.4(MET):c.1568T>C (p.Phe523Ser),MET,Uncertain significance,"criteria provided, multiple submitters, no conflicts",,,c.1568T>C,,rs1793420216,
945204,NM_000245.4(MET):c.151C>T (p.Pro51Ser),MET,Uncertain significance,"criteria provided, single submitter",,,c.151C>T,,rs758016814,
945208,NM_000245.4(MET):c.826A>G (p.Thr276Ala),MET,Uncertain significance,"criteria provided, multiple submitters, no conflicts",,,c.826A>G,,rs769128478,
945223,NM_000245.4(MET):c.1357G>A (p.Ala453Thr),MET,Uncertain significance,"criteria provided, single submitter",,,c.1357G>A,,rs1793019219,
945354,NM_000245.4(MET):c.1228G>A (p.Glu410Lys),MET,Uncertain significance,"criteria provided, single submitter",,,c.1228G>A,,rs1793009396,
945436,NM_000245.4(MET):c.3316C>T (p.His1106Tyr),MET,Uncertain significance,"criteria provided, single submitter",,,c.3316C>T,,rs1795030662,
946649,NM_000245.4(MET):c.1018G>C (p.Asp340His),MET,Uncertain significance,"criteria provided, multiple submitters, no conflicts",,,c.1018G>C,,rs769544894,
947033,NM_000245.4(MET):c.3496C>T (p.Arg1166Ter),MET,Uncertain significance,"criteria provided, multiple submitters, no conflicts",,,c.3496C>T,,rs1795073205,
947392,NM_000245.4(MET):c.3109A>G (p.Ser1037Gly),MET,Uncertain significance,"criteria provided, multiple submitters, no conflicts",,,c.3109A>G,,rs1794948966,
948372,NM_000245.4(MET):c.524G>A (p.Cys175Tyr),MET,Uncertain significance,"criteria provided, single submitter",,,c.524G>A,,rs1584877055,
948633,NM_000245.4(MET):c.3231T>G (p.Ile1077Met),MET,Uncertain significance,"criteria provided, multiple submitters, no conflicts",,,c.3231T>G,,rs1251215478,
948883,NM_000245.4(MET):c.2983A>G (p.Met995Val),MET,Uncertain significance,"criteria provided, multiple submitters, no conflicts",,,c.2983A>G,,rs1794849768,
948981,NM_000245.4(MET):c.3935+6T>C,MET,Uncertain significance,"criteria provided, single submitter",,,NM_000245.4(MET):c.3935+6T>C,,rs1301383613,
949464,NM_000245.4(MET):c.2200A>G (p.Ser734Gly),MET,Uncertain significance,"criteria provided, single submitter",,,c.2200A>G,,rs754228039,
951021,NM_000245.4(MET):c.1986T>G (p.Ile662Met),MET,Uncertain significance,"criteria provided, multiple submitters, no conflicts",,,c.1986T>G,,rs1408351682,
951099,NM_000245.4(MET):c.3353T>C (p.Ile1118Thr),MET,Uncertain significance,"criteria provided, single submitter",,,c.3353T>C,,rs1795065976,
951177,NM_000245.4(MET):c.2557G>A (p.Gly853Ser),MET,Uncertain significance,"criteria provided, multiple submitters, no conflicts",,,c.2557G>A,,rs45575240,
2861504,NM_000245.4(MET):c.1336A>C (p.Ile446Leu),MET,Uncertain significance,"criteria provided, single submitter",,,c.1336A>C,,rs779022887,
2862372,NM_000245.4(MET):c.1310T>C (p.Val437Ala),MET,Uncertain significance,"criteria provided, single submitter",,,c.1310T>C,,rs2116782305,
2864000,NM_000245.4(MET):c.2909G>T (p.Arg970Leu),MET,Uncertain significance,"criteria provided, single submitter",,,c.2909G>T,,rs45607832,
2909718,NM_000245.4(MET):c.1392+3A>G,MET,Uncertain significance,"criteria provided, multiple submitters, no conflicts",,,NM_000245.4(MET):c.1392+3A>G,,rs2116784571,
2868759,NM_000245.4(MET):c.1024C>A (p.Leu342Ile),MET,Uncertain significance,"criteria provided, single submitter",,,c.1024C>A,,rs749082043,
2870735,NM_000245.4(MET):c.2404A>G (p.Thr802Ala),MET,Uncertain significance,"criteria provided, multiple submitters, no conflicts",,,c.2404A>G,,rs2485740700,
2872598,NM_000245.4(MET):c.2462T>G (p.Phe821Cys),MET,Uncertain significance,"criteria provided, multiple submitters, no conflicts",,,c.2462T>G,,rs2116955523,
2877193,NM_000245.4(MET):c.1048A>G (p.Lys350Glu),MET,Uncertain significance,"criteria provided, single submitter",,,c.1048A>G,,rs201191014,
2877774,NM_000245.4(MET):c.1892A>G (p.Asn631Ser),MET,Uncertain significance,"criteria provided, single submitter",,,c.1892A>G,,rs780287516,
2851599,NM_000245.4(MET):c.1832C>A (p.Thr611Asn),MET,Uncertain significance,"criteria provided, single submitter",,,c.1832C>A,,rs2116910666,
2852194,NM_000245.4(MET):c.3584T>A (p.Leu1195His),MET,Uncertain significance,"criteria provided, single submitter",,,c.3584T>A,,rs2117060197,
2853789,NM_000245.4(MET):c.1569C>G (p.Phe523Leu),MET,Uncertain significance,"criteria provided, single submitter",,,c.1569C>G,,rs1329886933,
2854357,NM_000245.4(MET):c.1381C>A (p.Arg461Ser),MET,Uncertain significance,"criteria provided, single submitter",,,c.1381C>A,,rs1584914359,
2855441,NM_000245.4(MET):c.844T>G (p.Cys282Gly),MET,Uncertain significance,"criteria provided, single submitter",,,c.844T>G,,rs2116599352,
2855676,NM_000245.4(MET):c.880A>C (p.Met294Leu),MET,Uncertain significance,"criteria provided, multiple submitters, no conflicts",,,c.880A>C,,rs2116600114,
2887839,NM_000245.4(MET):c.2918C>G (p.Ala973Gly),MET,Uncertain significance,"criteria provided, multiple submitters, no conflicts",,,c.2918C>G,,rs1256425988,
2888966,NM_000245.4(MET):c.3687G>A (p.Met1229Ile),MET,Uncertain significance,"criteria provided, single submitter",,,c.3687G>A,,rs1795208410,
2890573,NM_000245.4(MET):c.985C>G (p.Leu329Val),MET,Uncertain significance,"criteria provided, single submitter",,,c.985C>G,,rs1554378983,
2859787,NM_000245.4(MET):c.2453A>G (p.Lys818Arg),MET,Uncertain significance,"criteria provided, single submitter",,,c.2453A>G,,rs2116955343,
2860691,NM_000245.4(MET):c.3778T>C (p.Phe1260Leu),MET,Uncertain significance,"criteria provided, single submitter",,,c.3778T>C,,rs2117067416,
952705,NM_000245.4(MET):c.2656C>G (p.His886Asp),MET,Uncertain significance,"criteria provided, single submitter",,,c.2656C>G,,rs1209392687,
952706,NM_000245.4(MET):c.371C>T (p.Thr124Ile),MET,Uncertain significance,"criteria provided, single submitter",,,c.371C>T,,rs1791477416,
952798,NM_000245.4(MET):c.3157A>G (p.Ile1053Val),MET,Uncertain significance,"criteria provided, multiple submitters, no conflicts",,,c.3157A>G,,rs1278254320,
952973,NM_000245.4(MET):c.2767G>C (p.Val923Leu),MET,Uncertain significance,"criteria provided, single submitter",,,c.2767G>C,,rs1794832354,
953122,NM_000245.4(MET):c.3206T>C (p.Val1069Ala),MET,Uncertain significance,"criteria provided, single submitter",,,c.3206T>C,,rs1794953455,
953275,NM_000245.4(MET):c.2698C>A (p.Leu900Met),MET,Uncertain significance,"criteria provided, single submitter",,,c.2698C>A,,rs1398243931,
953504,NM_000245.4(MET):c.3005A>G (p.Asp1002Gly),MET,Uncertain significance,"criteria provided, single submitter",,,c.3005A>G,,rs1794850672,
953859,NM_000245.4(MET):c.1844G>A (p.Ser615Asn),MET,Uncertain significance,"criteria provided, single submitter",,,c.1844G>A,,rs1794144964,
954461,NM_000245.4(MET):c.1287A>C (p.Leu429Phe),MET,Uncertain significance,"criteria provided, multiple submitters, no conflicts",,,c.1287A>C,,rs1793014361,
954604,NM_000245.4(MET):c.2897G>A (p.Ser966Asn),MET,Uncertain significance,"criteria provided, single submitter",,,c.2897G>A,,rs1460031754,
954622,NM_000245.4(MET):c.4087G>T (p.Ala1363Ser),MET,Uncertain significance,"criteria provided, multiple submitters, no conflicts",,,c.4087G>T,,rs45578433,
954717,NM_000245.4(MET):c.2585G>C (p.Gly862Ala),MET,Uncertain significance,"criteria provided, multiple submitters, no conflicts",,,c.2585G>C,,rs1394626435,
955118,NM_000245.4(MET):c.2246C>T (p.Pro749Leu),MET,Uncertain significance,"criteria provided, single submitter",,,c.2246C>T,,rs1794279427,
2842773,NM_000245.4(MET):c.3362T>C (p.Val1121Ala),MET,Uncertain significance,"criteria provided, single submitter",,,c.3362T>C,,rs2117045072,
2843226,NM_000245.4(MET):c.3895G>C (p.Gly1299Arg),MET,Uncertain significance,"criteria provided, single submitter",,,c.3895G>C,,rs2117108658,
2844409,NM_000245.4(MET):c.2398T>A (p.Cys800Ser),MET,Uncertain significance,"criteria provided, single submitter",,,c.2398T>A,,rs1794460713,
2851110,NM_000245.4(MET):c.3547G>A (p.Gly1183Ser),MET,Uncertain significance,"criteria provided, single submitter",,,c.3547G>A,,rs2117059592,
2833380,NM_000245.4(MET):c.2585_2605del (p.Gly862_Glu868del),MET,Uncertain significance,"criteria provided, single submitter",,,c.2585_2605del,,rs2485766420,
2833406,NM_000245.4(MET):c.3115G>C (p.Asp1039His),MET,Uncertain significance,"criteria provided, single submitter",,,c.3115G>C,,rs777748634,
2834684,NM_000245.4(MET):c.2575G>A (p.Glu859Lys),MET,Uncertain significance,"criteria provided, multiple submitters, no conflicts",,,c.2575G>A,,rs2485743396,
2835629,NM_000245.4(MET):c.2515C>T (p.Pro839Ser),MET,Uncertain significance,"criteria provided, single submitter",,,c.2515C>T,,rs2116956434,
2835973,NM_000245.4(MET):c.2845C>T (p.Leu949Phe),MET,Uncertain significance,"criteria provided, multiple submitters, no conflicts",,,c.2845C>T,,rs2116992800,
2837248,NM_000245.4(MET):c.3166A>G (p.Ser1056Gly),MET,Uncertain significance,"criteria provided, single submitter",,,c.3166A>G,,rs2117031204,
2837962,NM_000245.4(MET):c.1217C>T (p.Ser406Leu),MET,Uncertain significance,"criteria provided, single submitter",,,c.1217C>T,,rs2116779504,
2857152,NM_000245.4(MET):c.4052A>C (p.His1351Pro),MET,Uncertain significance,"criteria provided, single submitter",,,c.4052A>C,,rs1490801483,
2857281,NM_000245.4(MET):c.1364T>C (p.Leu455Pro),MET,Uncertain significance,"criteria provided, single submitter",,,c.1364T>C,,rs2116783728,
2858170,NM_000245.4(MET):c.1283A>G (p.Asp428Gly),MET,Uncertain significance,"criteria provided, multiple submitters, no conflicts",,,c.1283A>G,,rs2116781400,
2858193,NM_000245.4(MET):c.1108G>T (p.Val370Phe),MET,Uncertain significance,"criteria provided, multiple submitters, no conflicts",,,c.1108G>T,,rs1167093562,
2859715,NM_000245.4(MET):c.875T>G (p.Met292Arg),MET,Uncertain significance,"criteria provided, multiple submitters, no conflicts",,,c.875T>G,,rs2485513973,
2842364,NM_000245.4(MET):c.1096C>G (p.Pro366Ala),MET,Uncertain significance,"criteria provided, single submitter",,,c.1096C>G,,rs2116605388,
951340,NM_000245.4(MET):c.3725G>T (p.Gly1242Val),MET,Uncertain significance,"criteria provided, multiple submitters, no conflicts",,,c.3725G>T,,rs776086430,
952329,NM_000245.4(MET):c.2711A>G (p.Asn904Ser),MET,Uncertain significance,"criteria provided, multiple submitters, no conflicts",,,c.2711A>G,,rs765441927,
2811634,NM_000245.4(MET):c.693C>A (p.Asp231Glu),MET,Uncertain significance,"criteria provided, single submitter",,,c.693C>A,,rs786203471,
2814731,NM_000245.4(MET):c.1741C>G (p.Leu581Val),MET,Uncertain significance,"criteria provided, multiple submitters, no conflicts",,,c.1741C>G,,rs1584939151,
2815707,NM_000245.4(MET):c.374A>G (p.Tyr125Cys),MET,Uncertain significance,"criteria provided, multiple submitters, no conflicts",,,c.374A>G,,rs2116587235,
2841471,NM_000245.4(MET):c.930G>T (p.Lys310Asn),MET,Uncertain significance,"criteria provided, single submitter",,,c.930G>T,,rs2116601156,
2841668,NM_000245.4(MET):c.3026A>C (p.Glu1009Ala),MET,Uncertain significance,"criteria provided, single submitter",,,c.3026A>C,,rs2116997966,
2841670,NM_000245.4(MET):c.2455G>T (p.Ala819Ser),MET,Uncertain significance,"criteria provided, single submitter",,,c.2455G>T,,rs786203672,
2821817,NM_000245.4(MET):c.1392+3A>C,MET,Uncertain significance,"criteria provided, single submitter",,,NM_000245.4(MET):c.1392+3A>C,,rs2116784571,
2822235,NM_000245.4(MET):c.350A>G (p.Asn117Ser),MET,Uncertain significance,"criteria provided, multiple submitters, no conflicts",,,c.350A>G,,rs1247750099,
2826868,NM_000245.4(MET):c.3841G>A (p.Ala1281Thr),MET,Uncertain significance,"criteria provided, multiple submitters, no conflicts",,,c.3841G>A,,rs2485871814,
2826875,NM_000245.4(MET):c.478T>C (p.Cys160Arg),MET,Uncertain significance,"criteria provided, multiple submitters, no conflicts",,,c.478T>C,,rs2116589888,
2828621,NM_000245.4(MET):c.1736C>T (p.Thr579Ile),MET,Uncertain significance,"criteria provided, multiple submitters, no conflicts",,,c.1736C>T,,rs2116909140,
2828973,NM_000245.4(MET):c.1891A>G (p.Asn631Asp),MET,Uncertain significance,"criteria provided, single submitter",,,c.1891A>G,,rs2485710842,
2847132,NM_000245.4(MET):c.2615G>T (p.Gly872Val),MET,Uncertain significance,"criteria provided, multiple submitters, no conflicts",,,c.2615G>T,,rs1427051207,
2847536,NM_000245.4(MET):c.3367C>T (p.Gln1123Ter),MET,Uncertain significance,"criteria provided, single submitter",,,c.3367C>T,,rs2117045211,
2850030,NM_000245.4(MET):c.841T>C (p.Phe281Leu),MET,Uncertain significance,"criteria provided, single submitter",,,c.841T>C,,rs1791504987,
2850567,NM_000245.4(MET):c.3031del (p.Gln1011fs),MET,Uncertain significance,"criteria provided, single submitter",,,c.3031del,,rs2485805128,
2832388,NM_000245.4(MET):c.2495A>T (p.Asp832Val),MET,Uncertain significance,"criteria provided, single submitter",,,c.2495A>T,,rs2116956114,
2809880,NM_000245.4(MET):c.2265-55G>C,MET,Uncertain significance,"criteria provided, single submitter",,,NM_000245.4(MET):c.2265-55G>C,,rs2116936783,
2811086,NM_000245.4(MET):c.2912A>T (p.Tyr971Phe),MET,Uncertain significance,"criteria provided, single submitter",,,c.2912A>T,,rs780819058,
955516,NM_000245.4(MET):c.3842C>T (p.Ala1281Val),MET,Uncertain significance,"criteria provided, single submitter",,,c.3842C>T,,rs750337451,
955839,NM_000245.4(MET):c.3940G>A (p.Glu1314Lys),MET,Uncertain significance,"criteria provided, single submitter",,,c.3940G>A,,rs1395763398,
956414,NM_000245.4(MET):c.570C>G (p.Asp190Glu),MET,Uncertain significance,"criteria provided, single submitter",,,c.570C>G,,rs1791490183,
956576,NM_000245.4(MET):c.977G>C (p.Gly326Ala),MET,Uncertain significance,"criteria provided, multiple submitters, no conflicts",,,c.977G>C,,rs1791511601,
956746,NM_000245.4(MET):c.272A>G (p.Glu91Gly),MET,Uncertain significance,"criteria provided, multiple submitters, no conflicts",,,c.272A>G,,rs1791471735,
956826,NM_000245.4(MET):c.1871G>T (p.Cys624Phe),MET,Uncertain significance,"criteria provided, multiple submitters, no conflicts",,,c.1871G>T,,rs1794220294,
957037,NM_000245.4(MET):c.2583+5G>A,MET,Uncertain significance,"criteria provided, multiple submitters, no conflicts",,,NM_000245.4(MET):c.2583+5G>A,,rs1432247099,
957399,NM_000245.4(MET):c.1331C>T (p.Thr444Ile),MET,Uncertain significance,"criteria provided, single submitter",,,c.1331C>T,,rs1793017472,
958070,NM_000245.4(MET):c.3140T>C (p.Leu1047Pro),MET,Uncertain significance,"criteria provided, multiple submitters, no conflicts",,,c.3140T>C,,rs1794950215,
958823,NM_000245.4(MET):c.3208G>T (p.Val1070Leu),MET,Uncertain significance,"criteria provided, multiple submitters, no conflicts",,,c.3208G>T,,rs760285693,
958946,NM_000245.4(MET):c.3418C>T (p.Leu1140Phe),MET,Uncertain significance,"criteria provided, multiple submitters, no conflicts",,,c.3418C>T,,rs1333930330,
959166,NM_000245.4(MET):c.2773G>A (p.Val925Ile),MET,Uncertain significance,"criteria provided, multiple submitters, no conflicts",,,c.2773G>A,,rs1794833108,
959253,NM_000245.4(MET):c.2086del (p.Thr696fs),MET,Uncertain significance,"criteria provided, single submitter",,,c.2086del,,rs1794245712,
960855,NM_000245.4(MET):c.764G>T (p.Ser255Ile),MET,Uncertain significance,"criteria provided, multiple submitters, no conflicts",,,c.764G>T,,rs1294994065,
961017,NM_000245.4(MET):c.1424C>T (p.Pro475Leu),MET,Uncertain significance,"criteria provided, multiple submitters, no conflicts",,,c.1424C>T,,rs1793380035,
962356,NM_000245.4(MET):c.1090G>A (p.Ala364Thr),MET,Uncertain significance,"criteria provided, multiple submitters, no conflicts",,,c.1090G>A,,rs200016433,
962813,NM_000245.4(MET):c.1766G>T (p.Gly589Val),MET,Uncertain significance,"criteria provided, multiple submitters, no conflicts",,,c.1766G>T,,rs943753621,
963173,NM_000245.4(MET):c.2803A>G (p.Ile935Val),MET,Uncertain significance,"criteria provided, single submitter",,,c.2803A>G,,rs1420349380,
963255,NM_000245.4(MET):c.1366G>A (p.Gly456Arg),MET,Uncertain significance,"criteria provided, single submitter",,,c.1366G>A,,rs1793020405,
963256,NM_000245.4(MET):c.3344T>C (p.Ile1115Thr),MET,Uncertain significance,"criteria provided, multiple submitters, no conflicts",,,c.3344T>C,,rs1795065701,
963599,NM_000245.4(MET):c.2303A>G (p.Asn768Ser),MET,Uncertain significance,"criteria provided, multiple submitters, no conflicts",,,c.2303A>G,,rs749126070,
968291,NM_000245.4(MET):c.3049C>G (p.Gln1017Glu),MET,Uncertain significance,"criteria provided, single submitter",,,c.3049C>G,,rs1794946568,
969538,NM_000245.4(MET):c.386A>C (p.Gln129Pro),MET,Uncertain significance,"criteria provided, multiple submitters, no conflicts",,,c.386A>C,,rs1791478036,
970387,NM_000245.4(MET):c.2102+6G>A,MET,Uncertain significance,"criteria provided, single submitter",,,NM_000245.4(MET):c.2102+6G>A,,rs757561412,
970706,NM_000245.4(MET):c.29G>A (p.Gly10Asp),MET,Uncertain significance,"criteria provided, multiple submitters, no conflicts",,,c.29G>A,,rs919828654,
971028,NM_000245.4(MET):c.1527+6C>T,MET,Uncertain significance,"criteria provided, single submitter",,,NM_000245.4(MET):c.1527+6C>T,,rs1793387165,
2799882,NM_000245.4(MET):c.2431C>A (p.Leu811Met),MET,Uncertain significance,"criteria provided, multiple submitters, no conflicts",,,c.2431C>A,,rs1584946893,
2801247,NM_000245.4(MET):c.2951dup (p.Ser985fs),MET,Uncertain significance,"criteria provided, single submitter",,,c.2951dup,,rs2485779097,
2830265,NM_000245.4(MET):c.754G>A (p.Ala252Thr),MET,Uncertain significance,"criteria provided, single submitter",,,c.754G>A,,rs2116596984,
2802990,NM_000245.4(MET):c.1200+3A>G,MET,Uncertain significance,"criteria provided, single submitter",,,NM_000245.4(MET):c.1200+3A>G,,rs2485517418,
2803586,NM_000245.4(MET):c.1968T>A (p.Asp656Glu),MET,Uncertain significance,"criteria provided, single submitter",,,c.1968T>A,,rs2485712843,
2806747,NM_000245.4(MET):c.1087T>C (p.Cys363Arg),MET,Uncertain significance,"criteria provided, single submitter",,,c.1087T>C,,rs2116605201,
2809238,NM_000245.4(MET):c.605A>C (p.Asn202Thr),MET,Uncertain significance,"criteria provided, multiple submitters, no conflicts",,,c.605A>C,,rs1791491672,
2780240,NM_000245.4(MET):c.161A>G (p.Asn54Ser),MET,Uncertain significance,"criteria provided, multiple submitters, no conflicts",,,c.161A>G,,rs2116581845,
2787263,NM_000245.4(MET):c.52T>G (p.Leu18Val),MET,Uncertain significance,"criteria provided, single submitter",,,c.52T>G,,rs1260001540,
2789483,NM_000245.4(MET):c.1370C>T (p.Thr457Ile),MET,Uncertain significance,"criteria provided, single submitter",,,c.1370C>T,,rs2116783913,
2792691,NM_000245.4(MET):c.3083T>C (p.Leu1028Pro),MET,Uncertain significance,"criteria provided, multiple submitters, no conflicts",,,c.3083T>C,,rs2485805855,
2817220,NM_000245.4(MET):c.1528-7T>G,MET,Uncertain significance,"criteria provided, single submitter",,,NM_000245.4(MET):c.1528-7T>G,,rs2116833566,
2818075,NM_000245.4(MET):c.1430T>G (p.Val477Gly),MET,Uncertain significance,"criteria provided, multiple submitters, no conflicts",,,c.1430T>G,,rs1197127761,
2818668,NM_000245.4(MET):c.3548G>A (p.Gly1183Asp),MET,Uncertain significance,"criteria provided, single submitter",,,c.3548G>A,,rs2117059607,
2818670,NM_000245.4(MET):c.3767A>G (p.Gln1256Arg),MET,Uncertain significance,"criteria provided, single submitter",,,c.3767A>G,,rs2117067262,
2820926,NM_000245.4(MET):c.368A>T (p.Asp123Val),MET,Uncertain significance,"criteria provided, multiple submitters, no conflicts",,,c.368A>T,,rs2116587081,
2821559,NM_000245.4(MET):c.2428A>G (p.Asn810Asp),MET,Uncertain significance,"criteria provided, single submitter",,,c.2428A>G,,rs2116954869,
960114,NM_000245.4(MET):c.4000G>T (p.Val1334Leu),MET,Uncertain significance,"criteria provided, single submitter",,,c.4000G>T,,rs1795657629,
960489,NM_000245.4(MET):c.2357T>C (p.Phe786Ser),MET,Uncertain significance,"criteria provided, multiple submitters, no conflicts",,,c.2357T>C,,rs1794313226,
2794748,NM_000245.4(MET):c.1747A>G (p.Ile583Val),MET,Uncertain significance,"criteria provided, single submitter",,,c.1747A>G,,rs1289697844,
2794769,NM_000245.4(MET):c.1142A>G (p.Asn381Ser),MET,Uncertain significance,"criteria provided, single submitter",,,c.1142A>G,,rs148526613,
2797102,NM_000245.4(MET):c.3156_3166del (p.His1052fs),MET,Uncertain significance,"criteria provided, multiple submitters, no conflicts",,,c.3156_3166del,,rs2485806762,
2771076,NM_000245.4(MET):c.2394A>G (p.Ile798Met),MET,Uncertain significance,"criteria provided, single submitter",,,c.2394A>G,,rs2116954116,
972467,NM_000245.4(MET):c.2461T>C (p.Phe821Leu),MET,Uncertain significance,"criteria provided, multiple submitters, no conflicts",,,c.2461T>C,,rs1794465668,
1003572,NM_000245.4(MET):c.102G>C (p.Glu34Asp),MET,Uncertain significance,"criteria provided, multiple submitters, no conflicts",,,c.102G>C,,rs1296330997,
983225,NM_000245.4(MET):c.3028G>A (p.Asp1010Asn),MET,Uncertain significance,"criteria provided, single submitter",,,c.3028G>A,,rs1794851612,
998832,NM_000245.4(MET):c.3247G>A (p.Val1083Ile),MET,Uncertain significance,"criteria provided, single submitter",,,c.3247G>A,,rs1794955378,
999003,NM_000245.4(MET):c.1238G>C (p.Arg413Pro),MET,Uncertain significance,"criteria provided, single submitter",,,c.1238G>C,,rs375391602,
999263,NM_000245.4(MET):c.1862+1G>A,MET,Uncertain significance,"criteria provided, multiple submitters, no conflicts",,,NM_000245.4(MET):c.1862+1G>A,,rs1013431413,
999320,NM_000245.4(MET):c.2534A>G (p.Glu845Gly),MET,Uncertain significance,"criteria provided, multiple submitters, no conflicts",,,c.2534A>G,,rs1794471154,
2771244,NM_000245.4(MET):c.3505A>C (p.Ile1169Leu),MET,Uncertain significance,"criteria provided, single submitter",,,c.3505A>C,,rs752109953,
2772248,NM_000245.4(MET):c.2806G>C (p.Ala936Pro),MET,Uncertain significance,"criteria provided, single submitter",,,c.2806G>C,,rs1794834628,
2772320,NM_000245.4(MET):c.3561A>T (p.Gln1187His),MET,Uncertain significance,"criteria provided, single submitter",,,c.3561A>T,,rs2117059827,
2772999,NM_000245.4(MET):c.463C>A (p.Gln155Lys),MET,Uncertain significance,"criteria provided, single submitter",,,c.463C>A,,rs2116589460,
2802422,NM_000245.4(MET):c.1730G>A (p.Gly577Glu),MET,Uncertain significance,"criteria provided, single submitter",,,c.1730G>A,,rs2116909013,
999857,NM_000245.4(MET):c.3458C>T (p.Pro1153Leu),MET,Uncertain significance,"criteria provided, multiple submitters, no conflicts",,,c.3458C>T,,rs1795071897,
1000580,NM_000245.4(MET):c.4078A>G (p.Lys1360Glu),MET,Uncertain significance,"criteria provided, multiple submitters, no conflicts",,,c.4078A>G,,rs1795661591,
1009117,NM_000245.4(MET):c.2267G>A (p.Gly756Asp),MET,Uncertain significance,"criteria provided, multiple submitters, no conflicts",,,c.2267G>A,,rs1794309303,
1001080,NM_000245.4(MET):c.2573T>G (p.Leu858Arg),MET,Uncertain significance,"criteria provided, multiple submitters, no conflicts",,,c.2573T>G,,rs1794474295,
1001112,NM_000245.4(MET):c.554T>A (p.Leu185His),MET,Uncertain significance,"criteria provided, multiple submitters, no conflicts",,,c.554T>A,,rs1791489495,
1001228,NM_000245.4(MET):c.1604T>C (p.Phe535Ser),MET,Uncertain significance,"criteria provided, multiple submitters, no conflicts",,,c.1604T>C,,rs1402713307,
1001279,NM_000245.4(MET):c.826A>C (p.Thr276Pro),MET,Uncertain significance,"criteria provided, multiple submitters, no conflicts",,,c.826A>C,,rs769128478,
1001288,NM_000245.4(MET):c.653G>T (p.Arg218Met),MET,Uncertain significance,"criteria provided, multiple submitters, no conflicts",,,c.653G>T,,rs1441045077,
1001428,NM_000245.4(MET):c.654G>C (p.Arg218Ser),MET,Uncertain significance,"criteria provided, multiple submitters, no conflicts",,,c.654G>C,,rs35284565,
1001674,NM_000245.4(MET):c.3017C>G (p.Thr1006Ser),MET,Uncertain significance,"criteria provided, multiple submitters, no conflicts",,,c.3017C>G,,rs1794851181,
2765031,NM_000245.4(MET):c.1701G>T (p.Lys567Asn),MET,Uncertain significance,"criteria provided, single submitter",,,c.1701G>T,,rs1793429265,
2765277,NM_000245.4(MET):c.2082A>T (p.Gly694=),MET,Uncertain significance,"criteria provided, single submitter",,,c.2082A>T,,rs1156480798,
2766346,NM_000245.4(MET):c.2265-2A>C,MET,Uncertain significance,"criteria provided, single submitter",,,NM_000245.4(MET):c.2265-2A>C,,rs1397775000,
2766545,NM_000245.4(MET):c.82G>C (p.Glu28Gln),MET,Uncertain significance,"criteria provided, single submitter",,,c.82G>C,,rs1562882876,
2766817,NM_000245.4(MET):c.1776G>C (p.Arg592Ser),MET,Uncertain significance,"criteria provided, single submitter",,,c.1776G>C,,rs2116909808,
2793044,NM_000245.4(MET):c.2590G>A (p.Asp864Asn),MET,Uncertain significance,"criteria provided, single submitter",,,c.2590G>A,,rs1584953171,
2769720,NM_000245.4(MET):c.1657A>T (p.Ser553Cys),MET,Uncertain significance,"criteria provided, single submitter",,,c.1657A>T,,rs2116837091,
2756537,NM_000245.4(MET):c.1348C>G (p.Leu450Val),MET,Uncertain significance,"criteria provided, single submitter",,,c.1348C>G,,rs1793018571,
2758248,NM_000245.4(MET):c.3989T>C (p.Phe1330Ser),MET,Uncertain significance,"criteria provided, multiple submitters, no conflicts",,,c.3989T>C,,rs2117111194,
2758978,NM_000245.4(MET):c.3071T>G (p.Val1024Gly),MET,Uncertain significance,"criteria provided, single submitter",,,c.3071T>G,,rs2117030004,
2760567,NM_000245.4(MET):c.1469T>A (p.Val490Glu),MET,Uncertain significance,"criteria provided, single submitter",,,c.1469T>A,,rs1386580690,
2761433,NM_000245.4(MET):c.2730+1G>A,MET,Uncertain significance,"criteria provided, single submitter",,,NM_000245.4(MET):c.2730+1G>A,,rs2116984731,
2776439,NM_000245.4(MET):c.1890G>A (p.Met630Ile),MET,Uncertain significance,"criteria provided, single submitter",,,c.1890G>A,,rs756209410,
2776790,NM_000245.4(MET):c.3998T>G (p.Leu1333Arg),MET,Uncertain significance,"criteria provided, multiple submitters, no conflicts",,,c.3998T>G,,rs2485874218,
2777334,NM_000245.4(MET):c.1444G>T (p.Asp482Tyr),MET,Uncertain significance,"criteria provided, single submitter",,,c.1444G>T,,rs863224694,
2777511,NM_000245.4(MET):c.3340+5G>A,MET,Uncertain significance,"criteria provided, single submitter",,,NM_000245.4(MET):c.3340+5G>A,,rs2117040504,
2778037,NM_000245.4(MET):c.1703T>C (p.Val568Ala),MET,Uncertain significance,"criteria provided, single submitter",,,c.1703T>C,,rs2116908533,
2779848,NM_000245.4(MET):c.1361A>G (p.Asn454Ser),MET,Uncertain significance,"criteria provided, multiple submitters, no conflicts",,,c.1361A>G,,rs587780734,
2763844,NM_000245.4(MET):c.3719A>G (p.Lys1240Arg),MET,Uncertain significance,"criteria provided, single submitter",,,c.3719A>G,,rs2485836038,
2764814,NM_000245.4(MET):c.1100T>A (p.Ile367Asn),MET,Uncertain significance,"criteria provided, multiple submitters, no conflicts",,,c.1100T>A,,rs1293760543,
999445,NM_000245.4(MET):c.3074A>G (p.Gln1025Arg),MET,Uncertain significance,"criteria provided, multiple submitters, no conflicts",,,c.3074A>G,,rs1794947477,
999734,NM_000245.4(MET):c.1367_1370del (p.Gly456fs),MET,Uncertain significance,"criteria provided, single submitter",,,c.1367_1370del,,rs1793020534,
2736820,NM_000245.4(MET):c.61A>G (p.Arg21Gly),MET,Uncertain significance,"criteria provided, single submitter",,,c.61A>G,,rs2116579265,
2737491,NM_000245.4(MET):c.3215G>C (p.Gly1072Ala),MET,Uncertain significance,"criteria provided, single submitter",,,c.3215G>C,,rs1584957937,
2739106,NM_000245.4(MET):c.1936A>G (p.Thr646Ala),MET,Uncertain significance,"criteria provided, multiple submitters, no conflicts",,,c.1936A>G,,rs2116920876,
2763289,NM_000245.4(MET):c.2866A>G (p.Lys956Glu),MET,Uncertain significance,"criteria provided, single submitter",,,c.2866A>G,,rs2116993085,
2763360,NM_000245.4(MET):c.1745C>T (p.Thr582Ile),MET,Uncertain significance,"criteria provided, single submitter",,,c.1745C>T,,rs2116909287,
2763411,NM_000245.4(MET):c.835A>G (p.Ile279Val),MET,Uncertain significance,"criteria provided, multiple submitters, no conflicts",,,c.835A>G,,rs2116599152,
2763567,NM_000245.4(MET):c.1021A>T (p.Ile341Phe),MET,Uncertain significance,"criteria provided, single submitter",,,c.1021A>T,,rs1791513686,
2746480,NM_000245.4(MET):c.2265-59T>C,MET,Uncertain significance,"criteria provided, single submitter",,,NM_000245.4(MET):c.2265-59T>C,,rs2485725318,
2746619,NM_000245.4(MET):c.133A>G (p.Asn45Asp),MET,Uncertain significance,"criteria provided, single submitter",,,c.133A>G,,rs2116581127,
2747021,NM_000245.4(MET):c.3259+4A>G,MET,Uncertain significance,"criteria provided, single submitter",,,NM_000245.4(MET):c.3259+4A>G,,rs2117032501,
2749200,NM_000245.4(MET):c.3443del (p.Arg1148fs),MET,Uncertain significance,"criteria provided, single submitter",,,c.3443del,,rs2485821959,
2749824,NM_000245.4(MET):c.3341-11G>A,MET,Uncertain significance,"criteria provided, single submitter",,,NM_000245.4(MET):c.3341-11G>A,,rs2117044586,
2750335,NM_000245.4(MET):c.3576G>C (p.Met1192Ile),MET,Uncertain significance,"criteria provided, single submitter",,,c.3576G>C,,rs2117060069,
2767114,NM_000245.4(MET):c.838A>G (p.Arg280Gly),MET,Uncertain significance,"criteria provided, multiple submitters, no conflicts",,,c.838A>G,,rs2485513584,
2767674,NM_000245.4(MET):c.4126G>A (p.Asp1376Asn),MET,Uncertain significance,"criteria provided, single submitter",,,c.4126G>A,,rs2117113388,
2768974,NM_000245.4(MET):c.646G>A (p.Val216Met),MET,Uncertain significance,"criteria provided, single submitter",,,c.646G>A,,rs571453992,
2732940,NM_000245.4(MET):c.2911_2912insGAGT (p.Tyr971Ter),MET,Uncertain significance,"criteria provided, single submitter",,,c.2911_2912insGAGT,,rs2485778592,
1002302,NC_000007.13:g.116166573-?_116436183+?dup,CAV1,Uncertain significance,"criteria provided, single submitter",,,NC_000007.13:g.116166573-?_116436183+?dup,,,
1002365,NM_000245.4(MET):c.952C>T (p.Gln318Ter),MET,Uncertain significance,"criteria provided, single submitter",,,c.952C>T,,rs1791509642,
1002485,NM_000245.4(MET):c.755C>T (p.Ala252Val),MET,Uncertain significance,"criteria provided, single submitter",,,c.755C>T,,rs1791500546,
1003053,NM_000245.4(MET):c.874A>G (p.Met292Val),MET,Uncertain significance,"criteria provided, multiple submitters, no conflicts",,,c.874A>G,,rs1395827839,
1003269,NM_000245.4(MET):c.2614G>A (p.Gly872Ser),MET,Uncertain significance,"criteria provided, single submitter",,,c.2614G>A,,rs1794767589,
1003317,NC_000007.14:g.(?_116740846)_(116741031_?)del,MET,Uncertain significance,"criteria provided, single submitter",,,NC_000007.14:g.(?_116740846)_(116741031_?)del,,,
1003318,NC_000007.13:g.(?_116339133)_(116399550_?)dup,MET,Uncertain significance,"criteria provided, single submitter",,,NC_000007.13:g.(?_116339133)_(116399550_?)dup,,,
1018155,NM_000245.4(MET):c.2114G>A (p.Ser705Asn),MET,Uncertain significance,"criteria provided, multiple submitters, no conflicts",,,c.2114G>A,,rs1003586623,
1003863,NM_000245.4(MET):c.826A>T (p.Thr276Ser),MET,Uncertain significance,"criteria provided, single submitter",,,c.826A>T,,rs769128478,
1004076,NM_000245.4(MET):c.2528C>G (p.Pro843Arg),MET,Uncertain significance,"criteria provided, multiple submitters, no conflicts",,,c.2528C>G,,rs762228405,
1005796,NM_000245.4(MET):c.1568T>G (p.Phe523Cys),MET,Uncertain significance,"criteria provided, single submitter",,,c.1568T>G,,rs1793420216,
1006167,NM_000245.4(MET):c.3539A>T (p.Asp1180Val),MET,Uncertain significance,"criteria provided, multiple submitters, no conflicts",,,c.3539A>T,,rs751961995,
1006321,NM_000245.4(MET):c.196G>T (p.Ala66Ser),MET,Uncertain significance,"criteria provided, multiple submitters, no conflicts",,,c.196G>T,,rs770341307,
1006595,NM_000245.4(MET):c.26C>T (p.Pro9Leu),MET,Uncertain significance,"criteria provided, multiple submitters, no conflicts",,,c.26C>T,,rs1355886011,
2734773,NM_000245.4(MET):c.353T>C (p.Met118Thr),MET,Uncertain significance,"criteria provided, single submitter",,,c.353T>C,,rs2116586678,
1007265,NM_000245.4(MET):c.1789G>T (p.Asp597Tyr),MET,Uncertain significance,"criteria provided, multiple submitters, no conflicts",,,c.1789G>T,,rs769073123,
1007722,NM_000245.4(MET):c.3215G>A (p.Gly1072Glu),MET,Uncertain significance,"criteria provided, single submitter",,,c.3215G>A,,rs1584957937,
1009100,NM_000245.4(MET):c.1580G>A (p.Ser527Asn),MET,Uncertain significance,"criteria provided, single submitter",,,c.1580G>A,,rs1328454755,
1009184,NM_000245.4(MET):c.2737C>A (p.Gln913Lys),MET,Uncertain significance,"criteria provided, multiple submitters, no conflicts",,,c.2737C>A,,rs1794830159,
1009364,NM_000245.4(MET):c.3983C>T (p.Pro1328Leu),MET,Uncertain significance,"criteria provided, multiple submitters, no conflicts",,,c.3983C>T,,rs755043272,
1011423,NM_000245.4(MET):c.3961C>T (p.His1321Tyr),MET,Uncertain significance,"criteria provided, multiple submitters, no conflicts",,,c.3961C>T,,rs1795655626,
1012588,GRCh37/hg19 7q31.2(chr7:116395409-116436178)x3,MET,Uncertain significance,"criteria provided, single submitter",,,GRCh37/hg19 7q31.2(chr7:116395409-116436178)x3,,,
1013985,NM_000245.4(MET):c.159G>C (p.Gln53His),MET,Uncertain significance,"criteria provided, single submitter",,,c.159G>C,,rs1791464303,
1014297,NM_000245.4(MET):c.2954G>C (p.Ser985Thr),MET,Uncertain significance,"criteria provided, single submitter",,,c.2954G>C,,rs779906308,
1014854,NM_000245.4(MET):c.3428T>A (p.Leu1143Gln),MET,Uncertain significance,"criteria provided, multiple submitters, no conflicts",,,c.3428T>A,,rs1795070394,
2728385,NM_000245.4(MET):c.3817del (p.Leu1273fs),MET,Uncertain significance,"criteria provided, single submitter",,,c.3817del,,rs2485871577,
2753653,NM_000245.4(MET):c.83A>T (p.Glu28Val),MET,Uncertain significance,"criteria provided, single submitter",,,c.83A>T,,rs2116579734,
2753766,NM_000245.4(MET):c.3214G>A (p.Gly1072Arg),MET,Uncertain significance,"criteria provided, single submitter",,,c.3214G>A,,rs2485807571,
2754829,NM_000245.4(MET):c.1055A>T (p.Asp352Val),MET,Uncertain significance,"criteria provided, multiple submitters, no conflicts",,,c.1055A>T,,rs1791516586,
2755476,NM_000245.4(MET):c.3302A>G (p.Asp1101Gly),MET,Uncertain significance,"criteria provided, single submitter",,,c.3302A>G,,rs2117040101,
2756063,NM_000245.4(MET):c.2374C>A (p.His792Asn),MET,Uncertain significance,"criteria provided, single submitter",,,c.2374C>A,,rs2116953734,
2729187,NM_000245.4(MET):c.1979C>A (p.Thr660Lys),MET,Uncertain significance,"criteria provided, single submitter",,,c.1979C>A,,rs1584941563,
2730679,NM_000245.4(MET):c.1645G>A (p.Glu549Lys),MET,Uncertain significance,"criteria provided, single submitter",,,c.1645G>A,,rs2116836723,
2712860,NM_000245.4(MET):c.3612C>G (p.Asp1204Glu),MET,Uncertain significance,"criteria provided, multiple submitters, no conflicts",,,c.3612C>G,,rs2117060536,
2712894,NM_000245.4(MET):c.4074C>A (p.Asn1358Lys),MET,Uncertain significance,"criteria provided, single submitter",,,c.4074C>A,,rs772860611,
2716548,NM_000245.4(MET):c.973C>A (p.Pro325Thr),MET,Uncertain significance,"criteria provided, single submitter",,,c.973C>A,,rs1254707965,
2717304,NM_000245.4(MET):c.550_579dup (p.Ile193_Asn194insValLeuSerSerValLysAspArgPheIle),MET,Uncertain significance,"criteria provided, single submitter",,,c.550_579dup,,rs2485510504,
2717921,NM_000245.4(MET):c.3858C>G (p.Asp1286Glu),MET,Uncertain significance,"criteria provided, single submitter",,,c.3858C>G,,rs41736,
2741349,NM_000245.4(MET):c.3636G>A (p.Leu1212=),MET,Uncertain significance,"criteria provided, single submitter",,,c.3636G>A,,rs2117065298,
2743363,NM_000245.4(MET):c.2355C>A (p.Asn785Lys),MET,Uncertain significance,"criteria provided, multiple submitters, no conflicts",,,c.2355C>A,,rs2485727230,
2743662,NM_000245.4(MET):c.1612T>C (p.Cys538Arg),MET,Uncertain significance,"criteria provided, single submitter",,,c.1612T>C,,rs2116835919,
2745094,NM_000245.4(MET):c.3340+5del,MET,Uncertain significance,"criteria provided, single submitter",,,NM_000245.4(MET):c.3340+5del,,rs2485816578,
2745273,NM_000245.4(MET):c.4130A>G (p.Asp1377Gly),MET,Uncertain significance,"criteria provided, single submitter",,,c.4130A>G,,rs2117113461,
2745805,NM_000245.4(MET):c.889G>C (p.Glu297Gln),MET,Uncertain significance,"criteria provided, single submitter",,,c.889G>C,,rs1027738818,
2721939,NM_000245.4(MET):c.860G>A (p.Gly287Glu),MET,Uncertain significance,"criteria provided, single submitter",,,c.860G>A,,rs2116599722,
1006899,NM_000245.4(MET):c.2351G>A (p.Arg784Lys),MET,Uncertain significance,"criteria provided, multiple submitters, no conflicts",,,c.2351G>A,,rs1794313115,
1007026,NM_000245.4(MET):c.1360A>C (p.Asn454His),MET,Uncertain significance,"criteria provided, multiple submitters, no conflicts",,,c.1360A>C,,rs1793019649,
1016239,NM_000245.4(MET):c.3284G>C (p.Gly1095Ala),MET,Uncertain significance,"criteria provided, multiple submitters, no conflicts",,,c.3284G>C,,rs1795029105,
1016629,NM_000245.4(MET):c.2950G>A (p.Val984Ile),MET,Uncertain significance,"criteria provided, multiple submitters, no conflicts",,,c.2950G>A,,rs1258377870,
1017937,NM_000245.4(MET):c.1392+6T>G,MET,Uncertain significance,"criteria provided, single submitter",,,NM_000245.4(MET):c.1392+6T>G,,rs1793022563,
1034591,NM_000245.4(MET):c.554T>C (p.Leu185Pro),MET,Uncertain significance,"criteria provided, single submitter",,,c.554T>C,,rs1791489495,
1018416,NM_000245.4(MET):c.2065C>T (p.His689Tyr),MET,Uncertain significance,"criteria provided, single submitter",,,c.2065C>T,,rs1794244388,
1018553,NM_000245.4(MET):c.3994G>C (p.Glu1332Gln),MET,Uncertain significance,"criteria provided, multiple submitters, no conflicts",,,c.3994G>C,,rs748382550,
1018877,NM_000245.4(MET):c.2128T>C (p.Tyr710His),MET,Uncertain significance,"criteria provided, multiple submitters, no conflicts",,,c.2128T>C,,rs1794273981,
1019095,NM_000245.4(MET):c.3437G>A (p.Cys1146Tyr),MET,Uncertain significance,"criteria provided, single submitter",,,c.3437G>A,,rs1795070664,
1019320,NM_000245.4(MET):c.1318A>C (p.Thr440Pro),MET,Uncertain significance,"criteria provided, single submitter",,,c.1318A>C,,rs1793016615,
1020037,NM_000245.4(MET):c.387A>T (p.Gln129His),MET,Uncertain significance,"criteria provided, single submitter",,,c.387A>T,,rs1791478119,
1020440,NM_000245.4(MET):c.2951T>C (p.Val984Ala),MET,Uncertain significance,"criteria provided, single submitter",,,c.2951T>C,,rs1794847963,
2706397,NM_000245.4(MET):c.679A>G (p.Met227Val),MET,Uncertain significance,"criteria provided, single submitter",,,c.679A>G,,rs2116595177,
2708106,NM_000245.4(MET):c.1661G>C (p.Gly554Ala),MET,Uncertain significance,"criteria provided, multiple submitters, no conflicts",,,c.1661G>C,,rs755487203,
2708692,NM_000245.4(MET):c.467del (p.Ser156fs),MET,Uncertain significance,"criteria provided, single submitter",,,c.467del,,rs2485509686,
2709317,NM_000245.4(MET):c.1927G>T (p.Gly643Cys),MET,Uncertain significance,"criteria provided, single submitter",,,c.1927G>T,,rs2485711177,
2728845,NM_000245.4(MET):c.3874A>G (p.Ile1292Val),MET,Uncertain significance,"criteria provided, multiple submitters, no conflicts",,,c.3874A>G,,rs1485105398,
2710228,NM_000245.4(MET):c.1388T>C (p.Met463Thr),MET,Uncertain significance,"criteria provided, multiple submitters, no conflicts",,,c.1388T>C,,rs1584914382,
2710539,NM_000245.4(MET):c.2418G>C (p.Leu806=),MET,Uncertain significance,"criteria provided, single submitter",,,c.2418G>C,,rs2116954628,
2710600,NM_000245.4(MET):c.4009A>G (p.Ile1337Val),MET,Uncertain significance,"criteria provided, single submitter",,,c.4009A>G,,rs771436236,
2693085,NM_000245.4(MET):c.2265-1G>A,MET,Uncertain significance,"criteria provided, single submitter",,,NM_000245.4(MET):c.2265-1G>A,,rs2116937462,
2695777,NM_000245.4(MET):c.1819A>C (p.Asn607His),MET,Uncertain significance,"criteria provided, multiple submitters, no conflicts",,,c.1819A>C,,rs2485700948,
2697408,NM_000245.4(MET):c.1582C>T (p.Gln528Ter),MET,Uncertain significance,"criteria provided, single submitter",,,c.1582C>T,,rs2116835200,
2698899,NM_000245.4(MET):c.4117G>T (p.Asp1373Tyr),MET,Uncertain significance,"criteria provided, single submitter",,,c.4117G>T,,rs398123570,
2699138,NM_000245.4(MET):c.4058A>T (p.Asn1353Ile),MET,Uncertain significance,"criteria provided, single submitter",,,c.4058A>T,,rs2117112255,
2699658,NM_000245.4(MET):c.3853C>A (p.Pro1285Thr),MET,Uncertain significance,"criteria provided, single submitter",,,c.3853C>A,,rs267601244,
2719559,NM_000245.4(MET):c.3001del (p.Ser1000_Val1001insTer),MET,Uncertain significance,"criteria provided, single submitter",,,c.3001del,,rs2485779636,
2720033,NM_000245.4(MET):c.242T>G (p.Val81Gly),MET,Uncertain significance,"criteria provided, multiple submitters, no conflicts",,,c.242T>G,,rs777473183,
2704774,NM_000245.4(MET):c.1555G>A (p.Gly519Ser),MET,Uncertain significance,"criteria provided, single submitter",,,c.1555G>A,,rs2116834390,
2706255,NM_000245.4(MET):c.1523A>T (p.Lys508Met),MET,Uncertain significance,"criteria provided, single submitter",,,c.1523A>T,,rs1301750241,
1015143,NM_000245.4(MET):c.703A>C (p.Ile235Leu),MET,Uncertain significance,"criteria provided, single submitter",,,c.703A>C,,rs1266863567,
1015665,NM_000245.4(MET):c.1597C>A (p.Pro533Thr),MET,Uncertain significance,"criteria provided, multiple submitters, no conflicts",,,c.1597C>A,,rs1793422040,
1016149,NM_000245.4(MET):c.122A>G (p.Tyr41Cys),MET,Uncertain significance,"criteria provided, multiple submitters, no conflicts",,,c.122A>G,,rs780358093,
2700390,NM_000245.4(MET):c.3523A>C (p.Asn1175His),MET,Uncertain significance,"criteria provided, single submitter",,,c.3523A>C,,rs2485830875,
2700989,NM_000245.4(MET):c.2339A>C (p.His780Pro),MET,Uncertain significance,"criteria provided, multiple submitters, no conflicts",,,c.2339A>C,,rs375523121,
2702017,NM_000245.4(MET):c.457G>A (p.Asp153Asn),MET,Uncertain significance,"criteria provided, single submitter",,,c.457G>A,,rs747391719,
2702153,NM_000245.4(MET):c.883C>T (p.Pro295Ser),MET,Uncertain significance,"criteria provided, multiple submitters, no conflicts",,,c.883C>T,,rs542103167,
2702785,NM_000245.4(MET):c.2670A>C (p.Glu890Asp),MET,Uncertain significance,"criteria provided, single submitter",,,c.2670A>C,,rs2116983723,
2704440,NM_000245.4(MET):c.3230T>A (p.Ile1077Asn),MET,Uncertain significance,"criteria provided, single submitter",,,c.3230T>A,,rs1177400289,
2676527,NM_000245.4(MET):c.2608G>A (p.Val870Ile),MET,Uncertain significance,"criteria provided, multiple submitters, no conflicts",,,c.2608G>A,,rs2485766727,
2676528,NM_000245.4(MET):c.3307A>G (p.Lys1103Glu),MET,Uncertain significance,"criteria provided, multiple submitters, no conflicts",,,c.3307A>G,,rs1347737002,
2676529,NM_000245.4(MET):c.3212T>C (p.Ile1071Thr),MET,Uncertain significance,"criteria provided, single submitter",,,c.3212T>C,,rs2117031830,
2676530,NM_000245.4(MET):c.839G>C (p.Arg280Thr),MET,Uncertain significance,"criteria provided, multiple submitters, no conflicts",,,c.839G>C,,rs770528254,
2689423,NM_000245.4(MET):c.3076T>C (p.Tyr1026His),MET,Uncertain significance,"criteria provided, multiple submitters, no conflicts",,,c.3076T>C,,rs1484799408,
2692118,NM_000245.4(MET):c.356C>A (p.Ala119Asp),MET,Uncertain significance,"criteria provided, single submitter",,,c.356C>A,,rs904162290,
2692120,NM_000245.4(MET):c.1838C>T (p.Thr613Ile),MET,Uncertain significance,"criteria provided, multiple submitters, no conflicts",,,c.1838C>T,,rs1258088041,
2709519,NM_000245.4(MET):c.2218G>C (p.Glu740Gln),MET,Uncertain significance,"criteria provided, single submitter",,,c.2218G>C,,rs2116932223,
2709857,NM_000245.4(MET):c.2153C>G (p.Thr718Ser),MET,Uncertain significance,"criteria provided, single submitter",,,c.2153C>G,,rs2116930901,
2587499,NM_000245.4(MET):c.3615G>T (p.Leu1205Phe),MET,Uncertain significance,"criteria provided, single submitter",,,c.3615G>T,,rs2117060563,
2587500,NM_000245.4(MET):c.2550C>G (p.Ile850Met),MET,Uncertain significance,"criteria provided, multiple submitters, no conflicts",,,c.2550C>G,,rs1424567821,
2587501,NM_000245.4(MET):c.707A>C (p.Asp236Ala),MET,Uncertain significance,"criteria provided, single submitter",,,c.707A>C,,rs2116595880,
2587502,NM_000245.4(MET):c.1565A>G (p.His522Arg),MET,Uncertain significance,"criteria provided, multiple submitters, no conflicts",,,c.1565A>G,,rs2116834715,
2587503,NM_000245.4(MET):c.2657A>T (p.His886Leu),MET,Uncertain significance,"criteria provided, single submitter",,,c.2657A>T,,rs2116983578,
2692126,NM_000245.4(MET):c.3317A>G (p.His1106Arg),MET,Uncertain significance,"criteria provided, multiple submitters, no conflicts",,,c.3317A>G,,rs2117040242,
2692905,NM_000245.4(MET):c.3233T>C (p.Val1078Ala),MET,Uncertain significance,"criteria provided, multiple submitters, no conflicts",,,c.3233T>C,,rs2117032111,
2624918,NM_000245.4(MET):c.2576A>T (p.Glu859Val),MET,Uncertain significance,"criteria provided, single submitter",,,c.2576A>T,,rs1031650077,
2624919,NM_000245.4(MET):c.2502T>G (p.Ile834Met),MET,Uncertain significance,"criteria provided, multiple submitters, no conflicts",,,c.2502T>G,,rs45450897,
2624920,NM_000245.4(MET):c.1462C>T (p.Pro488Ser),MET,Uncertain significance,"criteria provided, single submitter",,,c.1462C>T,,rs1793382118,
2629506,NM_000245.4(MET):c.1276C>A (p.Arg426Ser),MET,Uncertain significance,"criteria provided, single submitter",,,c.1276C>A,,rs774779741,
2662100,NM_000245.4(MET):c.3716A>G (p.Asn1239Ser),MET,Uncertain significance,"criteria provided, multiple submitters, no conflicts",,,c.3716A>G,,rs1362733840,
2676517,NM_000245.4(MET):c.1427A>T (p.His476Leu),MET,Uncertain significance,"criteria provided, multiple submitters, no conflicts",,,c.1427A>T,,rs2485637914,
2676518,NM_000245.4(MET):c.611C>T (p.Ser204Phe),MET,Uncertain significance,"criteria provided, multiple submitters, no conflicts",,,c.611C>T,,rs2485511135,
2676519,NM_000245.4(MET):c.4055T>A (p.Val1352Glu),MET,Uncertain significance,"criteria provided, single submitter",,,c.4055T>A,,rs2117112186,
2676520,NM_000245.4(MET):c.768C>A (p.Asn256Lys),MET,Uncertain significance,"criteria provided, multiple submitters, no conflicts",,,c.768C>A,,rs1221580502,
2587494,NM_000245.4(MET):c.4017_4018delinsAG (p.Ile1340Val),MET,Uncertain significance,"criteria provided, single submitter",,,c.4017_4018delinsAG,,rs2485874445,
2587496,NM_000245.4(MET):c.2616dup (p.Glu873Ter),MET,Uncertain significance,"criteria provided, multiple submitters, no conflicts",,,c.2616dup,,rs2485766828,
1020441,NM_000245.4(MET):c.2736G>C (p.Lys912Asn),MET,Uncertain significance,"criteria provided, multiple submitters, no conflicts",,,c.2736G>C,,rs1794830011,
1020823,NM_000245.4(MET):c.2092A>G (p.Thr698Ala),MET,Uncertain significance,"criteria provided, single submitter",,,c.2092A>G,,rs1794246284,
1020846,NM_000245.4(MET):c.3415G>A (p.Val1139Ile),MET,Uncertain significance,"criteria provided, single submitter",,,c.3415G>A,,rs1795069790,
1021168,NM_000245.4(MET):c.4096C>A (p.Pro1366Thr),MET,Uncertain significance,"criteria provided, single submitter",,,c.4096C>A,,rs1795662723,
1021685,NM_000245.4(MET):c.3199C>G (p.Gln1067Glu),MET,Uncertain significance,"criteria provided, single submitter",,,c.3199C>G,,rs45628136,
1038882,NM_000245.4(MET):c.2195A>C (p.Glu732Ala),MET,Uncertain significance,"criteria provided, single submitter",,,c.2195A>C,,rs1794276426,
1022871,NM_000245.4(MET):c.2569G>A (p.Val857Ile),MET,Uncertain significance,"criteria provided, single submitter",,,c.2569G>A,,rs1794474122,
1024064,NC_000007.13:g.(?_116339139)_(116436178_?)dup,MET,Uncertain significance,"criteria provided, single submitter",,,NC_000007.13:g.(?_116339139)_(116436178_?)dup,,,
1024065,NC_000007.13:g.(?_116339139)_(116411718_?)dup,MET,Uncertain significance,"criteria provided, single submitter",,,NC_000007.13:g.(?_116339139)_(116411718_?)dup,,,
1024132,NM_000245.4(MET):c.1527+6C>G,MET,Uncertain significance,"criteria provided, single submitter",,,NM_000245.4(MET):c.1527+6C>G,,rs1793387165,
1024574,NM_000245.4(MET):c.1322C>G (p.Ser441Cys),MET,Uncertain significance,"criteria provided, single submitter",,,c.1322C>G,,rs751158986,
1024715,NM_000245.4(MET):c.3155A>G (p.His1052Arg),MET,Uncertain significance,"criteria provided, multiple submitters, no conflicts",,,c.3155A>G,,rs763398740,
1025314,NM_000245.4(MET):c.302G>A (p.Cys101Tyr),MET,Uncertain significance,"criteria provided, multiple submitters, no conflicts",,,c.302G>A,,rs1791473684,
2587498,NM_000245.4(MET):c.290C>T (p.Pro97Leu),MET,Uncertain significance,"criteria provided, multiple submitters, no conflicts",,,c.290C>T,,rs1791473061,
2612857,NM_000245.4(MET):c.3658G>T (p.Val1220Phe),MET,Uncertain significance,"criteria provided, single submitter",,,c.3658G>T,,rs121913670,
2624915,NM_000245.4(MET):c.2308G>A (p.Val770Ile),MET,Uncertain significance,"criteria provided, multiple submitters, no conflicts",,,c.2308G>A,,rs2485726553,
2587478,NM_000245.4(MET):c.2846T>A (p.Leu949His),MET,Uncertain significance,"criteria provided, multiple submitters, no conflicts",,,c.2846T>A,,rs2116992824,
2587479,NM_000245.4(MET):c.734A>G (p.Tyr245Cys),MET,Uncertain significance,"criteria provided, single submitter",,,c.734A>G,,rs2485512511,
2587480,NM_000245.4(MET):c.1618T>A (p.Trp540Arg),MET,Uncertain significance,"criteria provided, single submitter",,,c.1618T>A,,rs2485645190,
2587481,NM_000245.4(MET):c.2768T>A (p.Val923Glu),MET,Uncertain significance,"criteria provided, single submitter",,,c.2768T>A,,rs2485774740,
2587482,NM_000245.4(MET):c.2970C>A (p.Ser990Arg),MET,Uncertain significance,"criteria provided, single submitter",,,c.2970C>A,,rs544081614,
2587483,NM_000245.4(MET):c.3232G>C (p.Val1078Leu),MET,Uncertain significance,"criteria provided, single submitter",,,c.3232G>C,,rs1479922279,
2587485,NM_000245.4(MET):c.1393-3T>C,MET,Uncertain significance,"criteria provided, single submitter",,,NM_000245.4(MET):c.1393-3T>C,,rs2116825489,
2587486,NM_000245.4(MET):c.3613T>A (p.Leu1205Met),MET,Uncertain significance,"criteria provided, single submitter",,,c.3613T>A,,rs886042262,
2676521,NM_000245.4(MET):c.803C>A (p.Thr268Asn),MET,Uncertain significance,"criteria provided, single submitter",,,c.803C>A,,rs757427533,
2676522,NM_000245.4(MET):c.191T>C (p.Leu64Pro),MET,Uncertain significance,"criteria provided, single submitter",,,c.191T>C,,rs1791466202,
2676523,NM_000245.4(MET):c.3748A>T (p.Met1250Leu),MET,Uncertain significance,"criteria provided, multiple submitters, no conflicts",,,c.3748A>T,,rs2117066995,
2676524,NM_000245.4(MET):c.803C>G (p.Thr268Ser),MET,Uncertain significance,"criteria provided, single submitter",,,c.803C>G,,rs757427533,
2676525,NM_000245.4(MET):c.3493C>T (p.Leu1165Phe),MET,Uncertain significance,"criteria provided, single submitter",,,c.3493C>T,,rs2117047923,
2676526,NM_000245.4(MET):c.2821A>G (p.Ile941Val),MET,Uncertain significance,"criteria provided, multiple submitters, no conflicts",,,c.2821A>G,,rs751909630,
2587489,NM_000245.4(MET):c.670G>C (p.Asp224His),MET,Uncertain significance,"criteria provided, multiple submitters, no conflicts",,,c.670G>C,,rs765257726,
2587490,NM_000245.4(MET):c.1130T>C (p.Ile377Thr),MET,Uncertain significance,"criteria provided, single submitter",,,c.1130T>C,,rs1791521654,
2587491,NM_000245.4(MET):c.1389G>C (p.Met463Ile),MET,Uncertain significance,"criteria provided, single submitter",,,c.1389G>C,,rs1218003906,
2587492,NM_000245.4(MET):c.434T>C (p.Val145Ala),MET,Uncertain significance,"criteria provided, multiple submitters, no conflicts",,,c.434T>C,,rs2116588743,
2587493,NM_000245.4(MET):c.2638A>C (p.Lys880Gln),MET,Uncertain significance,"criteria provided, single submitter",,,c.2638A>C,,rs2116983288,
2585192,NM_000245.4(MET):c.2887+1G>T,MET,Uncertain significance,"criteria provided, single submitter",,,NM_000245.4(MET):c.2887+1G>T,,rs2116993301,
2587463,NM_000245.4(MET):c.3766C>G (p.Gln1256Glu),MET,Uncertain significance,"criteria provided, single submitter",,,c.3766C>G,,rs1420240934,
2587464,NM_000245.4(MET):c.2691dup (p.Asn898fs),MET,Uncertain significance,"criteria provided, single submitter",,,c.2691dup,,rs2485767731,
2587465,NM_000245.4(MET):c.3784A>C (p.Thr1262Pro),MET,Uncertain significance,"criteria provided, single submitter",,,c.3784A>C,,rs2485836649,
2587466,NM_000245.4(MET):c.3376A>G (p.Thr1126Ala),MET,Uncertain significance,"criteria provided, single submitter",,,c.3376A>G,,rs2117045466,
2587469,NM_000245.4(MET):c.2363T>G (p.Val788Gly),MET,Uncertain significance,"criteria provided, multiple submitters, no conflicts",,,c.2363T>G,,rs786204142,
2587471,NM_000245.4(MET):c.2617G>A (p.Glu873Lys),MET,Uncertain significance,"criteria provided, single submitter",,,c.2617G>A,,rs2116982958,
2612549,NM_000245.4(MET):c.3515A>T (p.Glu1172Val),MET,Uncertain significance,"criteria provided, single submitter",,,c.3515A>T,,rs2117048357,
2612816,NM_000245.4(MET):c.197C>T (p.Ala66Val),MET,Uncertain significance,"criteria provided, multiple submitters, no conflicts",,,c.197C>T,,rs2485506572,
2612827,NM_000245.4(MET):c.2739A>C (p.Gln913His),MET,Uncertain significance,"criteria provided, multiple submitters, no conflicts",,,c.2739A>C,,rs1311983597,
2612837,NM_000245.4(MET):c.3962A>G (p.His1321Arg),MET,Uncertain significance,"criteria provided, multiple submitters, no conflicts",,,c.3962A>G,,rs1238983700,
2587473,NM_000245.4(MET):c.3847C>T (p.Pro1283Ser),MET,Uncertain significance,"criteria provided, multiple submitters, no conflicts",,,c.3847C>T,,rs1795646988,
2587474,NM_000245.4(MET):c.3403A>G (p.Ser1135Gly),MET,Uncertain significance,"criteria provided, single submitter",,,c.3403A>G,,rs1394199299,
2587477,NM_000245.4(MET):c.236A>C (p.Gln79Pro),MET,Uncertain significance,"criteria provided, single submitter",,,c.236A>C,,rs1562883214,
2574777,NM_000245.4(MET):c.259G>T (p.Gly87Trp),MET,Uncertain significance,"criteria provided, multiple submitters, no conflicts",,,c.259G>T,,rs2116584163,
2575477,NM_000245.4(MET):c.751C>G (p.His251Asp),MET,Uncertain significance,"criteria provided, single submitter",,,c.751C>G,,rs2116596898,
1026230,NM_000245.4(MET):c.2323A>G (p.Met775Val),MET,Uncertain significance,"criteria provided, single submitter",,,c.2323A>G,,rs1794311390,
1026626,NM_000245.4(MET):c.2437C>T (p.Leu813Phe),MET,Uncertain significance,"criteria provided, multiple submitters, no conflicts",,,c.2437C>T,,rs745345346,
1026890,NM_000245.4(MET):c.239A>G (p.Lys80Arg),MET,Uncertain significance,"criteria provided, single submitter",,,c.239A>G,,rs1791468662,
1027113,NM_000245.4(MET):c.1527+4A>G,MET,Uncertain significance,"criteria provided, multiple submitters, no conflicts",,,NM_000245.4(MET):c.1527+4A>G,,rs1793387054,
1027332,NM_000245.4(MET):c.403A>T (p.Ser135Cys),MET,Uncertain significance,"criteria provided, single submitter",,,c.403A>T,,rs1791478961,
1034465,NM_000245.4(MET):c.1403C>T (p.Ser468Phe),MET,Uncertain significance,"criteria provided, single submitter",,,c.1403C>T,,rs1793378040,
1035183,NM_000245.4(MET):c.3986C>T (p.Ser1329Phe),MET,Uncertain significance,"criteria provided, multiple submitters, no conflicts",,,c.3986C>T,,rs1398543726,
1036004,NM_000245.4(MET):c.2043C>G (p.Tyr681Ter),MET,Uncertain significance,"criteria provided, single submitter",,,c.2043C>G,,rs1354964885,
1036075,NM_000245.4(MET):c.610T>C (p.Ser204Pro),MET,Uncertain significance,"criteria provided, multiple submitters, no conflicts",,,c.610T>C,,rs1791492133,
1036576,NM_000245.4(MET):c.3520C>T (p.His1174Tyr),MET,Uncertain significance,"criteria provided, multiple submitters, no conflicts",,,c.3520C>T,,rs1795074297,
2587488,NM_000245.4(MET):c.1294G>A (p.Gly432Ser),MET,Uncertain significance,"criteria provided, single submitter",,,c.1294G>A,,rs2116781728,
1036632,NM_000245.4(MET):c.4015G>C (p.Ala1339Pro),MET,Uncertain significance,"criteria provided, multiple submitters, no conflicts",,,c.4015G>C,,rs1795658722,
1036967,NM_000245.4(MET):c.891G>C (p.Glu297Asp),MET,Uncertain significance,"criteria provided, multiple submitters, no conflicts",,,c.891G>C,,rs1791506647,
1038186,NM_000245.4(MET):c.1363C>A (p.Leu455Ile),MET,Uncertain significance,"criteria provided, multiple submitters, no conflicts",,,c.1363C>A,,rs780077898,
1038542,NM_000245.4(MET):c.3117C>G (p.Asp1039Glu),MET,Uncertain significance,"criteria provided, multiple submitters, no conflicts",,,c.3117C>G,,rs575907920,
1038742,NM_000245.4(MET):c.2806G>A (p.Ala936Thr),MET,Uncertain significance,"criteria provided, single submitter",,,c.2806G>A,,rs1794834628,
1054256,NM_000245.4(MET):c.1133T>G (p.Val378Gly),MET,Uncertain significance,"criteria provided, single submitter",,,c.1133T>G,,rs2116606225,
1039245,NM_000245.4(MET):c.874A>C (p.Met292Leu),MET,Uncertain significance,"criteria provided, single submitter",,,c.874A>C,,rs1395827839,
1039362,NM_000245.4(MET):c.674G>T (p.Gly225Val),MET,Uncertain significance,"criteria provided, single submitter",,,c.674G>T,,rs1791495307,
1039379,NM_000245.4(MET):c.3798+1G>A,MET,Uncertain significance,"criteria provided, single submitter",,,NM_000245.4(MET):c.3798+1G>A,,rs1795214615,
1039445,NM_000245.4(MET):c.3518C>G (p.Thr1173Ser),MET,Uncertain significance,"criteria provided, single submitter",,,c.3518C>G,,rs121913675,
1039553,NM_000245.4(MET):c.292T>C (p.Cys98Arg),MET,Uncertain significance,"criteria provided, multiple submitters, no conflicts",,,c.292T>C,,rs1791473262,
1039828,NM_000245.4(MET):c.1639C>T (p.Arg547Ter),MET,Uncertain significance,"criteria provided, multiple submitters, no conflicts",,,c.1639C>T,,rs1047795344,
2567707,NM_000245.4(MET):c.742A>G (p.Lys248Glu),MET,Uncertain significance,"criteria provided, single submitter",,,c.742A>G,,rs2116596700,
2567708,NM_000245.4(MET):c.3325G>A (p.Val1109Met),MET,Uncertain significance,"criteria provided, multiple submitters, no conflicts",,,c.3325G>A,,rs2117040332,
2567709,NM_000245.4(MET):c.1061C>A (p.Ala354Asp),MET,Uncertain significance,"criteria provided, single submitter",,,c.1061C>A,,rs2116604518,
2567710,NM_000245.4(MET):c.149C>A (p.Thr50Lys),MET,Uncertain significance,"criteria provided, single submitter",,,c.149C>A,,rs2116581574,
2567674,NM_000245.4(MET):c.3443G>T (p.Arg1148Leu),MET,Uncertain significance,"criteria provided, single submitter",,,c.3443G>T,,rs761808213,
2567713,NM_000245.4(MET):c.3977T>C (p.Met1326Thr),MET,Uncertain significance,"criteria provided, single submitter",,,c.3977T>C,,rs2117110997,
2567717,NM_000245.4(MET):c.4135G>C (p.Val1379Leu),MET,Uncertain significance,"criteria provided, multiple submitters, no conflicts",,,c.4135G>C,,rs1554402266,
2574182,NM_000245.4(MET):c.3503T>C (p.Phe1168Ser),MET,Uncertain significance,"criteria provided, multiple submitters, no conflicts",,,c.3503T>C,,rs1423699789,
2567684,NM_000245.4(MET):c.1151_1152delinsTG (p.Arg384Met),MET,Uncertain significance,"criteria provided, single submitter",,,c.1151_1152delinsTG,,rs2485516938,
2567685,NM_000245.4(MET):c.1151G>T (p.Arg384Ile),MET,Uncertain significance,"criteria provided, single submitter",,,c.1151G>T,,rs2116606632,
2567686,NM_000245.4(MET):c.2730+5G>T,MET,Uncertain significance,"criteria provided, single submitter",,,NM_000245.4(MET):c.2730+5G>T,,rs2116984761,
2567688,NM_000245.4(MET):c.2264+1G>C,MET,Uncertain significance,"criteria provided, single submitter",,,NM_000245.4(MET):c.2264+1G>C,,rs2116932873,
2567689,NM_000245.4(MET):c.943A>C (p.Asn315His),MET,Uncertain significance,"criteria provided, single submitter",,,c.943A>C,,rs2116601398,
2567691,NM_000245.4(MET):c.1868A>T (p.Lys623Ile),MET,Uncertain significance,"criteria provided, single submitter",,,c.1868A>T,,rs2116919726,
2567692,NM_000245.4(MET):c.2470G>A (p.Asp824Asn),MET,Uncertain significance,"criteria provided, single submitter",,,c.2470G>A,,rs2116955725,
2567693,NM_000245.4(MET):c.829A>G (p.Arg277Gly),MET,Uncertain significance,"criteria provided, multiple submitters, no conflicts",,,c.829A>G,,rs2116599034,
2579855,NM_000245.4(MET):c.1625A>G (p.His542Arg),MET,Uncertain significance,"criteria provided, multiple submitters, no conflicts",,,c.1625A>G,,rs775183859,
2579873,NM_000245.4(MET):c.1827C>A (p.Ser609Arg),MET,Uncertain significance,"criteria provided, single submitter",,,c.1827C>A,,rs2116910568,
2567702,NM_000245.4(MET):c.1702-5T>A,MET,Uncertain significance,"criteria provided, multiple submitters, no conflicts",,,NM_000245.4(MET):c.1702-5T>A,,rs2116908460,
2567703,NM_000245.4(MET):c.2446A>G (p.Lys816Glu),MET,Uncertain significance,"criteria provided, single submitter",,,c.2446A>G,,rs2485741303,
1040531,NM_000245.4(MET):c.1265C>T (p.Thr422Ile),MET,Uncertain significance,"criteria provided, multiple submitters, no conflicts",,,c.1265C>T,,rs1793012257,
1040774,NM_000245.4(MET):c.2986G>A (p.Val996Ile),MET,Uncertain significance,"criteria provided, multiple submitters, no conflicts",,,c.2986G>A,,rs773447798,
1041405,NM_000245.4(MET):c.1977A>G (p.Ile659Met),MET,Uncertain significance,"criteria provided, single submitter",,,c.1977A>G,,rs1794236479,
1041619,NM_000245.4(MET):c.949C>T (p.Leu317Phe),MET,Uncertain significance,"criteria provided, multiple submitters, no conflicts",,,c.949C>T,,rs750531377,
1059033,NM_000245.4(MET):c.1998C>A (p.Tyr666Ter),MET,Uncertain significance,"criteria provided, single submitter",,,c.1998C>A,,rs566540058,
1059379,NM_000245.4(MET):c.4051C>T (p.His1351Tyr),MET,Uncertain significance,"criteria provided, single submitter",,,c.4051C>T,,rs2117112144,
1043363,NM_000245.4(MET):c.3203A>C (p.His1068Pro),MET,Uncertain significance,"criteria provided, single submitter",,,c.3203A>C,,rs767587065,
1043635,NM_000245.4(MET):c.2100A>C (p.Lys700Asn),MET,Uncertain significance,"criteria provided, single submitter",,,c.2100A>C,,rs1794246923,
1044066,NM_000245.4(MET):c.1540C>G (p.Pro514Ala),MET,Uncertain significance,"criteria provided, single submitter",,,c.1540C>G,,rs756526057,
1044222,NM_000245.4(MET):c.3239T>C (p.Phe1080Ser),MET,Uncertain significance,"criteria provided, multiple submitters, no conflicts",,,c.3239T>C,,rs1794954978,
1044383,NM_000245.4(MET):c.3930C>A (p.Asp1310Glu),MET,Uncertain significance,"criteria provided, single submitter",,,c.3930C>A,,rs773763852,
1045629,NM_000245.4(MET):c.3929A>T (p.Asp1310Val),MET,Uncertain significance,"criteria provided, single submitter",,,c.3929A>T,,rs1390590380,
2567668,NM_000245.4(MET):c.881T>A (p.Met294Lys),MET,Uncertain significance,"criteria provided, single submitter",,,c.881T>A,,rs2116600134,
2567670,NM_000245.4(MET):c.2822T>C (p.Ile941Thr),MET,Uncertain significance,"criteria provided, single submitter",,,c.2822T>C,,rs2116992483,
2567671,NM_000245.4(MET):c.2896A>C (p.Ser966Arg),MET,Uncertain significance,"criteria provided, single submitter",,,c.2896A>C,,rs2116995926,
2567672,NM_000245.4(MET):c.2285G>T (p.Gly762Val),MET,Uncertain significance,"criteria provided, single submitter",,,c.2285G>T,,rs1060503541,
2501298,NM_000245.4(MET):c.3400T>A (p.Phe1134Ile),MET,Uncertain significance,"criteria provided, single submitter",,,c.3400T>A,,rs2117046070,
2502052,NM_000245.4(MET):c.4141A>T (p.Thr1381Ser),MET,Uncertain significance,"criteria provided, single submitter",,,c.4141A>T,,rs1292389793,
2504797,NM_000245.4(MET):c.361G>A (p.Val121Ile),MET,Uncertain significance,"criteria provided, multiple submitters, no conflicts",,,c.361G>A,,rs1357453854,
2529972,NM_000245.4(MET):c.1606G>C (p.Val536Leu),MET,Uncertain significance,"criteria provided, single submitter",,,c.1606G>C,,rs2116835798,
2561308,NM_000245.4(MET):c.2827A>G (p.Thr943Ala),MET,Uncertain significance,"criteria provided, multiple submitters, no conflicts",,,c.2827A>G,,rs1794835436,
2561312,NM_000245.4(MET):c.2608G>T (p.Val870Phe),MET,Uncertain significance,"criteria provided, multiple submitters, no conflicts",,,c.2608G>T,,rs2485766727,
2562476,NM_000245.4(MET):c.1620G>A (p.Trp540Ter),MET,Uncertain significance,"criteria provided, single submitter",,,c.1620G>A,,rs2116836070,
2567695,NM_000245.4(MET):c.2312G>A (p.Ser771Asn),MET,Uncertain significance,"criteria provided, single submitter",,,c.2312G>A,,rs2116938294,
2567696,NM_000245.4(MET):c.2353A>G (p.Asn785Asp),MET,Uncertain significance,"criteria provided, single submitter",,,c.2353A>G,,rs2116939162,
2567701,NM_000245.4(MET):c.911G>T (p.Arg304Ile),MET,Uncertain significance,"criteria provided, single submitter",,,c.911G>T,,rs1254719560,
2567664,NM_000245.4(MET):c.1300T>C (p.Phe434Leu),MET,Uncertain significance,"criteria provided, single submitter",,,c.1300T>C,,rs2485613153,
2567665,NM_000245.4(MET):c.247G>A (p.Glu83Lys),MET,Uncertain significance,"criteria provided, single submitter",,,c.247G>A,,rs2116583845,
2567666,NM_000245.4(MET):c.248A>G (p.Glu83Gly),MET,Uncertain significance,"criteria provided, single submitter",,,c.248A>G,,rs2116583864,
1040013,NC_000007.13:g.(?_116339139)_(117307162_?)del,WNT2,Uncertain significance,"criteria provided, single submitter",,,NC_000007.13:g.(?_116339139)_(117307162_?)del,,,
1040014,NC_000007.13:g.(?_116435699)_(116436178_?)dup,MET,Uncertain significance,"criteria provided, single submitter",,,NC_000007.13:g.(?_116435699)_(116436178_?)dup,,,
1040526,NM_000245.4(MET):c.190C>G (p.Leu64Val),MET,Uncertain significance,"criteria provided, multiple submitters, no conflicts",,,c.190C>G,,rs1791466070,
2453413,NM_000245.4(MET):c.2871G>C (p.Lys957Asn),MET,Uncertain significance,"criteria provided, multiple submitters, no conflicts",,,c.2871G>C,,rs2485776030,
2453414,NM_000245.4(MET):c.104T>C (p.Met35Thr),MET,Uncertain significance,"criteria provided, multiple submitters, no conflicts",,,c.104T>C,,rs1584875799,
2453415,NM_000245.4(MET):c.1747A>T (p.Ile583Leu),MET,Uncertain significance,"criteria provided, multiple submitters, no conflicts",,,c.1747A>T,,rs1289697844,
2562479,NM_000245.4(MET):c.738del (p.Ile247fs),MET,Uncertain significance,"criteria provided, single submitter",,,c.738del,,rs1584877533,
2562480,NM_000245.4(MET):c.4068T>G (p.Tyr1356Ter),MET,Uncertain significance,"criteria provided, single submitter",,,c.4068T>G,,rs767214353,
2567661,NM_000245.4(MET):c.250T>C (p.Tyr84His),MET,Uncertain significance,"criteria provided, multiple submitters, no conflicts",,,c.250T>C,,rs2116583932,
2567662,NM_000245.4(MET):c.3706A>C (p.Ser1236Arg),MET,Uncertain significance,"criteria provided, single submitter",,,c.3706A>C,,rs2117066340,
2453423,NM_000245.4(MET):c.358C>G (p.Leu120Val),MET,Uncertain significance,"criteria provided, multiple submitters, no conflicts",,,c.358C>G,,rs2116586812,
2453424,NM_000245.4(MET):c.1153T>C (p.Cys385Arg),MET,Uncertain significance,"criteria provided, multiple submitters, no conflicts",,,c.1153T>C,,rs1562884601,
2453425,NM_000245.4(MET):c.341A>G (p.Asp114Gly),MET,Uncertain significance,"criteria provided, single submitter",,,c.341A>G,,rs773659883,
2453427,NM_000245.4(MET):c.2441C>G (p.Pro814Arg),MET,Uncertain significance,"criteria provided, multiple submitters, no conflicts",,,c.2441C>G,,rs781452657,
2495294,NM_000245.4(MET):c.1805G>T (p.Arg602Ile),MET,Uncertain significance,"criteria provided, single submitter",,,c.1805G>T,,rs1484732727,
2567676,NM_000245.4(MET):c.4112C>G (p.Ser1371Ter),MET,Uncertain significance,"criteria provided, single submitter",,,c.4112C>G,,rs781433659,
2567677,NM_000245.4(MET):c.3878C>T (p.Thr1293Ile),MET,Uncertain significance,"criteria provided, single submitter",,,c.3878C>T,,rs779121848,
2567680,NM_000245.4(MET):c.536C>A (p.Ala179Asp),MET,Uncertain significance,"criteria provided, single submitter",,,c.536C>A,,rs2116591375,
2567681,NM_000245.4(MET):c.1792T>A (p.Leu598Ile),MET,Uncertain significance,"criteria provided, single submitter",,,c.1792T>A,,rs2116910042,
2495828,NM_000245.4(MET):c.1067C>T (p.Pro356Leu),MET,Uncertain significance,"criteria provided, multiple submitters, no conflicts",,,c.1067C>T,,rs2116604668,
2453406,NM_000245.4(MET):c.758T>G (p.Phe253Cys),MET,Uncertain significance,"criteria provided, multiple submitters, no conflicts",,,c.758T>G,,rs752495532,
2453408,NM_000245.4(MET):c.2668G>C (p.Glu890Gln),MET,Uncertain significance,"criteria provided, single submitter",,,c.2668G>C,,rs547777397,
1045850,NM_000245.4(MET):c.1603T>C (p.Phe535Leu),MET,Uncertain significance,"criteria provided, single submitter",,,c.1603T>C,,rs1793422722,
1045989,NM_000245.4(MET):c.1076G>T (p.Arg359Leu),MET,Uncertain significance,"criteria provided, single submitter",,,c.1076G>T,,rs201274041,
1051350,NM_000245.4(MET):c.1562G>A (p.Arg521Lys),MET,Uncertain significance,"criteria provided, single submitter",,,c.1562G>A,,rs1404664878,
1051887,NM_000245.4(MET):c.577A>C (p.Ile193Leu),MET,Uncertain significance,"criteria provided, multiple submitters, no conflicts",,,c.577A>C,,rs747138607,
1054951,NM_000245.4(MET):c.3094T>A (p.Ser1032Thr),MET,Uncertain significance,"criteria provided, single submitter",,,c.3094T>A,,rs2117030307,
1055119,NM_000245.4(MET):c.3653T>C (p.Val1218Ala),MET,Uncertain significance,"criteria provided, multiple submitters, no conflicts",,,c.3653T>C,,rs1191381216,
1055197,NM_000245.4(MET):c.2870A>G (p.Lys957Arg),MET,Uncertain significance,"criteria provided, multiple submitters, no conflicts",,,c.2870A>G,,rs1794836962,
1055254,NM_000245.4(MET):c.3379G>A (p.Glu1127Lys),MET,Uncertain significance,"criteria provided, single submitter",,,c.3379G>A,,rs1158021755,
1055400,NM_000245.4(MET):c.3964C>T (p.Pro1322Ser),MET,Uncertain significance,"criteria provided, multiple submitters, no conflicts",,,c.3964C>T,,rs368312290,
1056101,NM_000245.4(MET):c.1850G>A (p.Ser617Asn),MET,Uncertain significance,"criteria provided, multiple submitters, no conflicts",,,c.1850G>A,,rs1481812764,
2453409,NM_000245.4(MET):c.3408T>A (p.His1136Gln),MET,Uncertain significance,"criteria provided, single submitter",,,c.3408T>A,,rs202110450,
2453410,NM_000245.4(MET):c.2255C>A (p.Ser752Tyr),MET,Uncertain significance,"criteria provided, multiple submitters, no conflicts",,,c.2255C>A,,rs1351264833,
2453411,NM_000245.4(MET):c.3955T>C (p.Cys1319Arg),MET,Uncertain significance,"criteria provided, multiple submitters, no conflicts",,,c.3955T>C,,rs2117110663,
2453379,NM_000245.4(MET):c.2752A>C (p.Thr918Pro),MET,Uncertain significance,"criteria provided, single submitter",,,c.2752A>C,,rs746865243,
2453380,NM_000245.4(MET):c.2689C>G (p.Pro897Ala),MET,Uncertain significance,"criteria provided, single submitter",,,c.2689C>G,,rs2116984035,
2453417,NM_000245.4(MET):c.3616G>T (p.Ala1206Ser),MET,Uncertain significance,"criteria provided, multiple submitters, no conflicts",,,c.3616G>T,,rs2117060579,
2453418,NM_000245.4(MET):c.459C>A (p.Asp153Glu),MET,Uncertain significance,"criteria provided, single submitter",,,c.459C>A,,rs2116589366,
2453419,NM_000245.4(MET):c.893G>A (p.Cys298Tyr),MET,Uncertain significance,"criteria provided, single submitter",,,c.893G>A,,rs2116600419,
2453389,NM_000245.4(MET):c.2392A>C (p.Ile798Leu),MET,Uncertain significance,"criteria provided, single submitter",,,c.2392A>C,,rs1794459560,
2453390,NM_000245.4(MET):c.2383A>C (p.Asn795His),MET,Uncertain significance,"criteria provided, single submitter",,,c.2383A>C,,rs200633053,
2453391,NM_000245.4(MET):c.912A>T (p.Arg304Ser),MET,Uncertain significance,"criteria provided, single submitter",,,c.912A>T,,rs762885066,
2453395,NM_000245.4(MET):c.2896A>G (p.Ser966Gly),MET,Uncertain significance,"criteria provided, single submitter",,,c.2896A>G,,rs2116995926,
2453396,NM_000245.4(MET):c.1465G>C (p.Glu489Gln),MET,Uncertain significance,"criteria provided, single submitter",,,c.1465G>C,,rs1391853762,
2453398,NM_000245.4(MET):c.2090G>A (p.Cys697Tyr),MET,Uncertain significance,"criteria provided, single submitter",,,c.2090G>A,,rs2485714660,
2453399,NM_000245.4(MET):c.2414C>A (p.Ser805Tyr),MET,Uncertain significance,"criteria provided, single submitter",,,c.2414C>A,,rs1410859976,
2495514,NM_000245.4(MET):c.3062G>A (p.Cys1021Tyr),MET,Uncertain significance,"criteria provided, single submitter",,,c.3062G>A,,rs2117029854,
2495619,NM_000245.4(MET):c.2860T>C (p.Trp954Arg),MET,Uncertain significance,"criteria provided, multiple submitters, no conflicts",,,c.2860T>C,,rs2116993003,
2495762,NM_000245.4(MET):c.52T>A (p.Leu18Met),MET,Uncertain significance,"criteria provided, single submitter",,,c.52T>A,,rs1260001540,
2495772,NM_000245.4(MET):c.979G>C (p.Ala327Pro),MET,Uncertain significance,"criteria provided, single submitter",,,c.979G>C,,rs2116602432,
2453371,NM_000245.4(MET):c.1666T>C (p.Trp556Arg),MET,Uncertain significance,"criteria provided, single submitter",,,c.1666T>C,,rs2485645842,
2453372,NM_000245.4(MET):c.3385A>G (p.Ile1129Val),MET,Uncertain significance,"criteria provided, single submitter",,,c.3385A>G,,rs1795068335,
1056298,NM_000245.4(MET):c.3686T>C (p.Met1229Thr),MET,Uncertain significance,"criteria provided, multiple submitters, no conflicts",,,c.3686T>C,,rs1193542215,
1056543,NM_000245.4(MET):c.527T>C (p.Val176Ala),MET,Uncertain significance,"criteria provided, multiple submitters, no conflicts",,,c.527T>C,,rs1343674412,
1057708,NM_000245.4(MET):c.2104G>C (p.Val702Leu),MET,Uncertain significance,"criteria provided, single submitter",,,c.2104G>C,,rs1485891606,
1057876,NM_000245.4(MET):c.1893T>G (p.Asn631Lys),MET,Uncertain significance,"criteria provided, multiple submitters, no conflicts",,,c.1893T>G,,rs1250868411,
1058604,NM_000245.4(MET):c.1902C>G (p.Phe634Leu),MET,Uncertain significance,"criteria provided, multiple submitters, no conflicts",,,c.1902C>G,,rs772450441,
1061371,NM_000245.4(MET):c.2285G>A (p.Gly762Asp),MET,Uncertain significance,"criteria provided, multiple submitters, no conflicts",,,c.2285G>A,,rs1060503541,
1061577,NM_000245.4(MET):c.3339C>G (p.Asn1113Lys),MET,Uncertain significance,"criteria provided, multiple submitters, no conflicts",,,c.3339C>G,,rs1214629015,
1061760,NM_000245.4(MET):c.1082C>T (p.Ala361Val),MET,Uncertain significance,"criteria provided, multiple submitters, no conflicts",,,c.1082C>T,,rs949765512,
1062090,NM_000245.4(MET):c.158A>G (p.Gln53Arg),MET,Uncertain significance,"criteria provided, multiple submitters, no conflicts",,,c.158A>G,,rs1002286461,
1062462,NC_000007.13:g.(?_116339139)_(116436178_?)del,MET,Uncertain significance,"criteria provided, single submitter",,,NC_000007.13:g.(?_116339139)_(116436178_?)del,,,
1063796,NM_000245.4(MET):c.340G>A (p.Asp114Asn),MET,Uncertain significance,"criteria provided, single submitter",,,c.340G>A,,rs2116586335,
2453374,NM_000245.4(MET):c.3037C>A (p.Pro1013Thr),MET,Uncertain significance,"criteria provided, single submitter",,,c.3037C>A,,rs1191592629,
2453375,NM_000245.4(MET):c.733T>C (p.Tyr245His),MET,Uncertain significance,"criteria provided, multiple submitters, no conflicts",,,c.733T>C,,rs780411452,
2453378,NM_000245.4(MET):c.2633G>T (p.Gly878Val),MET,Uncertain significance,"criteria provided, single submitter",,,c.2633G>T,,rs2116983232,
2453385,NM_000245.4(MET):c.161A>C (p.Asn54Thr),MET,Uncertain significance,"criteria provided, single submitter",,,c.161A>C,,rs2116581845,
2453386,NM_000245.4(MET):c.484T>G (p.Phe162Val),MET,Uncertain significance,"criteria provided, single submitter",,,c.484T>G,,rs2116590036,
2453387,NM_000245.4(MET):c.2437C>G (p.Leu813Val),MET,Uncertain significance,"criteria provided, single submitter",,,c.2437C>G,,rs745345346,
2444554,NM_000245.4(MET):c.2014G>A (p.Gly672Ser),MET,Uncertain significance,"criteria provided, single submitter",,,c.2014G>A,,rs746388251,
2444577,NM_000245.4(MET):c.2995G>A (p.Glu999Lys),MET,Uncertain significance,"criteria provided, single submitter",,,c.2995G>A,,rs1404824650,
2444722,NM_000245.4(MET):c.493C>T (p.Gln165Ter),MET,Uncertain significance,"criteria provided, multiple submitters, no conflicts",,,c.493C>T,,rs2116590270,
2446643,NM_000245.4(MET):c.3365C>T (p.Ser1122Phe),MET,Uncertain significance,"criteria provided, single submitter",,,c.3365C>T,,rs1180415202,
2447317,NM_000245.4(MET):c.3725G>A (p.Gly1242Asp),MET,Uncertain significance,"criteria provided, multiple submitters, no conflicts",,,c.3725G>A,,rs776086430,
2447318,NM_000245.4(MET):c.2265-52C>G,MET,Uncertain significance,"criteria provided, multiple submitters, no conflicts",,,NM_000245.4(MET):c.2265-52C>G,,rs1481670311,
2447321,NM_000245.4(MET):c.1798A>G (p.Lys600Glu),MET,Uncertain significance,"criteria provided, multiple submitters, no conflicts",,,c.1798A>G,,rs2116910143,
2447322,NM_000245.4(MET):c.3692A>G (p.Asp1231Gly),MET,Uncertain significance,"criteria provided, single submitter",,,c.3692A>G,,rs1584965536,
2453400,NM_000245.4(MET):c.2640G>T (p.Lys880Asn),MET,Uncertain significance,"criteria provided, single submitter",,,c.2640G>T,,rs2116983311,
2453401,NM_000245.4(MET):c.4018A>C (p.Ile1340Leu),MET,Uncertain significance,"criteria provided, single submitter",,,c.4018A>C,,rs1060503543,
2453403,NM_000245.4(MET):c.1895A>G (p.Lys632Arg),MET,Uncertain significance,"criteria provided, single submitter",,,c.1895A>G,,rs2116920157,
2453404,NM_000245.4(MET):c.3853C>G (p.Pro1285Ala),MET,Uncertain significance,"criteria provided, single submitter",,,c.3853C>G,,rs267601244,
2453405,NM_000245.4(MET):c.3971C>T (p.Ala1324Val),MET,Uncertain significance,"criteria provided, single submitter",,,c.3971C>T,,rs2117110911,
2447324,NM_000245.4(MET):c.2254T>A (p.Ser752Thr),MET,Uncertain significance,"criteria provided, single submitter",,,c.2254T>A,,rs2116932750,
2447325,NM_000245.4(MET):c.58C>A (p.Gln20Lys),MET,Uncertain significance,"criteria provided, single submitter",,,c.58C>A,,rs2116579143,
2447326,NM_000245.4(MET):c.3260-2A>G,MET,Uncertain significance,"criteria provided, single submitter",,,NM_000245.4(MET):c.3260-2A>G,,rs2117039681,
2199541,NM_000245.4(MET):c.1249C>T (p.Arg417Ter),MET,Uncertain significance,"criteria provided, multiple submitters, no conflicts",,,c.1249C>T,,rs369705803,
2200390,NM_000245.4(MET):c.3203A>G (p.His1068Arg),MET,Uncertain significance,"criteria provided, multiple submitters, no conflicts",,,c.3203A>G,,rs767587065,
2201863,NM_000245.4(MET):c.1696T>G (p.Tyr566Asp),MET,Uncertain significance,"criteria provided, multiple submitters, no conflicts",,,c.1696T>G,,rs2116838212,
1064358,NM_000245.4(MET):c.1411G>A (p.Gly471Arg),MET,Uncertain significance,"criteria provided, multiple submitters, no conflicts",,,c.1411G>A,,rs1207715563,
2416638,NM_000245.4(MET):c.1397T>C (p.Val466Ala),MET,Uncertain significance,"criteria provided, single submitter",,,c.1397T>C,,rs2116825627,
2417527,NM_000245.4(MET):c.3326T>A (p.Val1109Glu),MET,Uncertain significance,"criteria provided, single submitter",,,c.3326T>A,,rs2117040342,
2417938,NM_000245.4(MET):c.1799A>C (p.Lys600Thr),MET,Uncertain significance,"criteria provided, single submitter",,,c.1799A>C,,rs1794142770,
2417967,NM_000245.4(MET):c.2887+3G>A,MET,Uncertain significance,"criteria provided, multiple submitters, no conflicts",,,NM_000245.4(MET):c.2887+3G>A,,rs2116993318,
2423763,NC_000007.13:g.(?_116417433)_(116436178_?)dup,MET,Uncertain significance,"criteria provided, single submitter",,,NC_000007.13:g.(?_116417433)_(116436178_?)dup,,,
2430540,NM_000245.4(MET):c.1227T>G (p.Cys409Trp),MET,Uncertain significance,"criteria provided, single submitter",,,c.1227T>G,,rs2116779815,
2431674,NM_000245.4(MET):c.557C>T (p.Ser186Leu),MET,Uncertain significance,"criteria provided, single submitter",,,c.557C>T,,rs2116591856,
2443396,NM_000245.4(MET):c.988G>T (p.Ala330Ser),MET,Uncertain significance,"criteria provided, multiple submitters, no conflicts",,,c.988G>T,,rs1791512125,
1192249,NM_000245.4(MET):c.3658G>C (p.Val1220Leu),MET,Uncertain significance,"criteria provided, multiple submitters, no conflicts",,,c.3658G>C,,rs121913670,
1199923,NM_000245.4(MET):c.2263A>C (p.Ser755Arg),MET,Uncertain significance,"criteria provided, multiple submitters, no conflicts",,,c.2263A>C,,rs981401332,
1319016,NM_000245.4(MET):c.1100del (p.Ile367fs),MET,Uncertain significance,"criteria provided, single submitter",,,c.1100del,,rs2116605487,
1319317,NM_000245.4(MET):c.589G>A (p.Val197Ile),MET,Uncertain significance,"criteria provided, multiple submitters, no conflicts",,,c.589G>A,,rs2116592694,
2183818,NM_000245.4(MET):c.3098C>G (p.Pro1033Arg),MET,Uncertain significance,"criteria provided, multiple submitters, no conflicts",,,c.3098C>G,,rs2117030380,
2186136,NM_000245.4(MET):c.2506G>T (p.Val836Leu),MET,Uncertain significance,"criteria provided, single submitter",,,c.2506G>T,,rs372699296,
2186291,NM_000245.4(MET):c.2201G>A (p.Ser734Asn),MET,Uncertain significance,"criteria provided, single submitter",,,c.2201G>A,,rs2116931801,
1328578,NM_000245.4(MET):c.4037G>A (p.Gly1346Glu),MET,Uncertain significance,"criteria provided, multiple submitters, no conflicts",,,c.4037G>A,,rs2117111902,
1315632,NM_000245.4(MET):c.3793G>A (p.Asp1265Asn),MET,Uncertain significance,"criteria provided, single submitter",,,c.3793G>A,,rs45532942,
1317295,NM_000245.4(MET):c.2500A>G (p.Ile834Val),MET,Uncertain significance,"criteria provided, multiple submitters, no conflicts",,,c.2500A>G,,rs2116956205,
1317351,NM_000245.4(MET):c.1391A>G (p.Gln464Arg),MET,Uncertain significance,"criteria provided, single submitter",,,c.1391A>G,,rs1793022221,
2166647,NM_000245.4(MET):c.2074A>G (p.Ile692Val),MET,Uncertain significance,"criteria provided, multiple submitters, no conflicts",,,c.2074A>G,,rs2116924929,
2166782,NM_000245.4(MET):c.613T>G (p.Tyr205Asp),MET,Uncertain significance,"criteria provided, multiple submitters, no conflicts",,,c.613T>G,,rs1203476400,
2168228,NM_000245.4(MET):c.347T>A (p.Ile116Asn),MET,Uncertain significance,"criteria provided, multiple submitters, no conflicts",,,c.347T>A,,rs1490648488,
2423764,NC_000007.13:g.(?_116371712)_(116436178_?)dup,MET,Uncertain significance,"criteria provided, single submitter",,,NC_000007.13:g.(?_116371712)_(116436178_?)dup,,,
2423765,NC_000007.13:g.(?_116380902)_(116403184_?)del,MET,Uncertain significance,"criteria provided, single submitter",,,NC_000007.13:g.(?_116380902)_(116403184_?)del,,,
2428812,NM_000245.4(MET):c.3293T>C (p.Leu1098Ser),MET,Uncertain significance,"criteria provided, multiple submitters, no conflicts",,,c.3293T>C,,rs2485816106,
2129770,NM_000245.4(MET):c.3529A>G (p.Thr1177Ala),MET,Uncertain significance,"criteria provided, single submitter",,,c.3529A>G,,rs2117059400,
2132013,NM_000245.4(MET):c.3935+5G>A,MET,Uncertain significance,"criteria provided, multiple submitters, no conflicts",,,NM_000245.4(MET):c.3935+5G>A,,rs1795650693,
2133291,NM_000245.4(MET):c.1990C>T (p.Pro664Ser),MET,Uncertain significance,"criteria provided, single submitter",,,c.1990C>T,,rs2116923346,
2168559,NM_000245.4(MET):c.3131_3143del (p.Ser1044fs),MET,Uncertain significance,"criteria provided, single submitter",,,c.3131_3143del,,rs2485806491,
2169645,NM_000245.4(MET):c.3943G>A (p.Val1315Ile),MET,Uncertain significance,"criteria provided, multiple submitters, no conflicts",,,c.3943G>A,,rs2117110480,
2139334,NM_000245.4(MET):c.1550G>C (p.Gly517Ala),MET,Uncertain significance,"criteria provided, multiple submitters, no conflicts",,,c.1550G>C,,rs1417975136,
2144883,NM_000245.4(MET):c.2243A>G (p.His748Arg),MET,Uncertain significance,"criteria provided, multiple submitters, no conflicts",,,c.2243A>G,,rs2116932613,
2195251,NM_000245.4(MET):c.3781A>T (p.Thr1261Ser),MET,Uncertain significance,"criteria provided, multiple submitters, no conflicts",,,c.3781A>T,,rs45595632,
2197591,NM_000245.4(MET):c.2921G>A (p.Arg974Lys),MET,Uncertain significance,"criteria provided, multiple submitters, no conflicts",,,c.2921G>A,,rs2116996275,
2198066,NM_000245.4(MET):c.1966-3C>T,MET,Uncertain significance,"criteria provided, single submitter",,,NM_000245.4(MET):c.1966-3C>T,,rs1490997489,
2199365,NM_000245.4(MET):c.2087C>T (p.Thr696Ile),MET,Uncertain significance,"criteria provided, single submitter",,,c.2087C>T,,rs750276956,
2155877,NM_000245.4(MET):c.2276C>T (p.Thr759Ile),MET,Uncertain significance,"criteria provided, single submitter",,,c.2276C>T,,rs1794309783,
2158058,NM_000245.4(MET):c.1378G>A (p.Gly460Ser),MET,Uncertain significance,"criteria provided, single submitter",,,c.1378G>A,,rs1584914352,
2159918,NM_000245.4(MET):c.3151G>C (p.Val1051Leu),MET,Uncertain significance,"criteria provided, multiple submitters, no conflicts",,,c.3151G>C,,rs775997318,
1318557,NM_000245.4(MET):c.2284G>C (p.Gly762Arg),MET,Uncertain significance,"criteria provided, multiple submitters, no conflicts",,,c.2284G>C,,rs1794310272,
1318564,NM_000245.4(MET):c.3051G>C (p.Gln1017His),MET,Uncertain significance,"criteria provided, multiple submitters, no conflicts",,,c.3051G>C,,rs2117029691,
1318630,NM_000245.4(MET):c.1598C>T (p.Pro533Leu),MET,Uncertain significance,"criteria provided, multiple submitters, no conflicts",,,c.1598C>T,,rs2116835610,
1318632,NM_000245.4(MET):c.3133C>A (p.Pro1045Thr),MET,Uncertain significance,"criteria provided, multiple submitters, no conflicts",,,c.3133C>A,,rs1794949971,
1318641,NM_000245.4(MET):c.107A>G (p.Asn36Ser),MET,Uncertain significance,"criteria provided, multiple submitters, no conflicts",,,c.107A>G,,rs1282716584,
1318819,NM_000245.4(MET):c.1991C>T (p.Pro664Leu),MET,Uncertain significance,"criteria provided, multiple submitters, no conflicts",,,c.1991C>T,,rs1367341975,
1349688,NM_000245.4(MET):c.748G>A (p.Val250Ile),MET,Uncertain significance,"criteria provided, single submitter",,,c.748G>A,,rs2116596826,
1350521,NM_000245.4(MET):c.1288T>C (p.Phe430Leu),MET,Uncertain significance,"criteria provided, single submitter",,,c.1288T>C,,rs2116781526,
1319318,NM_000245.4(MET):c.34C>A (p.Leu12Ile),MET,Uncertain significance,"criteria provided, single submitter",,,c.34C>A,,rs764455004,
1319489,NM_000245.4(MET):c.2392A>T (p.Ile798Leu),MET,Uncertain significance,"criteria provided, multiple submitters, no conflicts",,,c.2392A>T,,rs1794459560,
1320346,NM_000245.4(MET):c.2435A>C (p.Gln812Pro),MET,Uncertain significance,"criteria provided, multiple submitters, no conflicts",,,c.2435A>C,,rs777833095,
1320526,NM_000245.4(MET):c.3811G>T (p.Val1271Leu),MET,Uncertain significance,"criteria provided, multiple submitters, no conflicts",,,c.3811G>T,,rs751186512,
1320705,NM_000245.4(MET):c.-3A>T,MET,Uncertain significance,"criteria provided, multiple submitters, no conflicts",,,NM_000245.4(MET):c.-3A>T,,rs963663507,
1320756,NM_000245.4(MET):c.3797T>A (p.Val1266Glu),MET,Uncertain significance,"criteria provided, multiple submitters, no conflicts",,,c.3797T>A,,rs2117067730,
2128287,NM_000245.4(MET):c.376T>C (p.Tyr126His),MET,Uncertain significance,"criteria provided, single submitter",,,c.376T>C,,rs2485508646,
2128319,NM_000245.4(MET):c.3760A>C (p.Ser1254Arg),MET,Uncertain significance,"criteria provided, single submitter",,,c.3760A>C,,rs2485836430,
2112641,NM_000245.4(MET):c.2365-3T>C,MET,Uncertain significance,"criteria provided, single submitter",,,NM_000245.4(MET):c.2365-3T>C,,rs2485740154,
2112898,NM_000245.4(MET):c.3757G>A (p.Glu1253Lys),MET,Uncertain significance,"criteria provided, single submitter",,,c.3757G>A,,rs2117067138,
2134515,NM_000245.4(MET):c.2265-46G>A,MET,Uncertain significance,"criteria provided, single submitter",,,NM_000245.4(MET):c.2265-46G>A,,rs1584943653,
2135327,NM_000245.4(MET):c.2822T>G (p.Ile941Arg),MET,Uncertain significance,"criteria provided, single submitter",,,c.2822T>G,,rs2116992483,
2135768,NM_000245.4(MET):c.3538G>T (p.Asp1180Tyr),MET,Uncertain significance,"criteria provided, multiple submitters, no conflicts",,,c.3538G>T,,rs45541232,
2119357,NM_000245.4(MET):c.80_81delinsGG (p.Lys27Arg),MET,Uncertain significance,"criteria provided, single submitter",,,c.80_81delinsGG,,rs2485505028,
2120803,NM_000245.4(MET):c.3589A>G (p.Ser1197Gly),MET,Uncertain significance,"criteria provided, single submitter",,,c.3589A>G,,rs2117060265,
2120998,NM_000245.4(MET):c.3573C>T (p.Gly1191=),MET,Uncertain significance,"criteria provided, single submitter",,,c.3573C>T,,rs2117060015,
2123062,NM_000245.4(MET):c.970A>C (p.Lys324Gln),MET,Uncertain significance,"criteria provided, multiple submitters, no conflicts",,,c.970A>C,,rs1791511003,
2123121,NM_000245.4(MET):c.1179T>A (p.Asn393Lys),MET,Uncertain significance,"criteria provided, single submitter",,,c.1179T>A,,rs1430726033,
2123726,NM_000245.4(MET):c.2231T>C (p.Val744Ala),MET,Uncertain significance,"criteria provided, single submitter",,,c.2231T>C,,rs2116932399,
2154377,NM_000245.4(MET):c.1498G>A (p.Gly500Ser),MET,Uncertain significance,"criteria provided, multiple submitters, no conflicts",,,c.1498G>A,,rs765311042,
2154734,NM_000245.4(MET):c.47T>G (p.Phe16Cys),MET,Uncertain significance,"criteria provided, multiple submitters, no conflicts",,,c.47T>G,,rs2485504670,
2126840,NM_000245.4(MET):c.508A>G (p.Ser170Gly),MET,Uncertain significance,"criteria provided, single submitter",,,c.508A>G,,rs750102016,
2127862,NM_000245.4(MET):c.4015G>A (p.Ala1339Thr),MET,Uncertain significance,"criteria provided, single submitter",,,c.4015G>A,,rs1795658722,
1318526,NM_000245.4(MET):c.2265-49G>C,MET,Uncertain significance,"criteria provided, multiple submitters, no conflicts",,,NM_000245.4(MET):c.2265-49G>C,,rs1196543273,
2107031,NM_000245.4(MET):c.3268G>T (p.Gly1090Cys),MET,Uncertain significance,"criteria provided, multiple submitters, no conflicts",,,c.3268G>T,,rs2117039745,
1320822,NM_000245.4(MET):c.866A>C (p.His289Pro),MET,Uncertain significance,"criteria provided, multiple submitters, no conflicts",,,c.866A>C,,rs1584877845,
1320824,NM_000245.4(MET):c.3505A>T (p.Ile1169Phe),MET,Uncertain significance,"criteria provided, single submitter",,,c.3505A>T,,rs752109953,
1320841,NM_000245.4(MET):c.1261A>G (p.Thr421Ala),MET,Uncertain significance,"criteria provided, single submitter",,,c.1261A>G,,rs2116780759,
1320909,NM_000245.4(MET):c.3128C>A (p.Ser1043Tyr),MET,Uncertain significance,"criteria provided, multiple submitters, no conflicts",,,c.3128C>A,,rs1267419620,
1321052,NM_000245.4(MET):c.4150G>C (p.Ala1384Pro),MET,Uncertain significance,"criteria provided, multiple submitters, no conflicts",,,c.4150G>C,,rs758486336,
1321370,NM_000245.4(MET):c.1910C>A (p.Ser637Tyr),MET,Uncertain significance,"criteria provided, multiple submitters, no conflicts",,,c.1910C>A,,rs2116920387,
1357740,NM_000245.4(MET):c.2200A>C (p.Ser734Arg),MET,Uncertain significance,"criteria provided, single submitter",,,c.2200A>C,,rs754228039,
1358992,NM_000245.4(MET):c.2506G>A (p.Val836Ile),MET,Uncertain significance,"criteria provided, multiple submitters, no conflicts",,,c.2506G>A,,rs372699296,
1345408,NM_000245.4(MET):c.473T>C (p.Val158Ala),MET,Uncertain significance,"criteria provided, single submitter",,,c.473T>C,,rs2116589740,
1345618,NM_000245.4(MET):c.1570C>G (p.Gln524Glu),MET,Uncertain significance,"criteria provided, multiple submitters, no conflicts",,,c.1570C>G,,rs2116834835,
1346598,NM_000245.4(MET):c.3691G>A (p.Asp1231Asn),MET,Uncertain significance,"criteria provided, multiple submitters, no conflicts",,,c.3691G>A,,rs1168862161,
1346858,NM_000245.4(MET):c.851T>C (p.Ile284Thr),MET,Uncertain significance,"criteria provided, single submitter",,,c.851T>C,,rs2116599526,
2107429,NM_000245.4(MET):c.3968A>G (p.Lys1323Arg),MET,Uncertain significance,"criteria provided, single submitter",,,c.3968A>G,,rs2117110873,
2108063,NM_000245.4(MET):c.89T>C (p.Leu30Pro),MET,Uncertain significance,"criteria provided, multiple submitters, no conflicts",,,c.89T>C,,rs1797069603,
2109001,NM_000245.4(MET):c.3656A>G (p.Lys1219Arg),MET,Uncertain significance,"criteria provided, multiple submitters, no conflicts",,,c.3656A>G,,rs2117065573,
2072274,NM_000245.4(MET):c.1924A>C (p.Asn642His),MET,Uncertain significance,"criteria provided, single submitter",,,c.1924A>C,,rs1554395374,
2074806,NM_000245.4(MET):c.3812T>A (p.Val1271Glu),MET,Uncertain significance,"criteria provided, single submitter",,,c.3812T>A,,rs2117107432,
2076486,NM_000245.4(MET):c.532A>G (p.Ser178Gly),MET,Uncertain significance,"criteria provided, multiple submitters, no conflicts",,,c.532A>G,,rs2116591257,
2113822,NM_000245.4(MET):c.2420A>G (p.Gln807Arg),MET,Uncertain significance,"criteria provided, single submitter",,,c.2420A>G,,rs868437104,
2115813,NM_000245.4(MET):c.2299C>G (p.Leu767Val),MET,Uncertain significance,"criteria provided, multiple submitters, no conflicts",,,c.2299C>G,,rs1794310643,
2117490,NM_000245.4(MET):c.3415G>T (p.Val1139Phe),MET,Uncertain significance,"criteria provided, single submitter",,,c.3415G>T,,rs1795069790,
2089970,NM_000245.4(MET):c.2018C>T (p.Thr673Ile),MET,Uncertain significance,"criteria provided, single submitter",,,c.2018C>T,,rs1401138460,
2090262,NM_000245.4(MET):c.117G>A (p.Met39Ile),MET,Uncertain significance,"criteria provided, multiple submitters, no conflicts",,,c.117G>A,,rs2116580621,
2090340,NM_000245.4(MET):c.2216G>T (p.Arg739Leu),MET,Uncertain significance,"criteria provided, multiple submitters, no conflicts",,,c.2216G>T,,rs45553236,
2092344,NM_000245.4(MET):c.2071T>G (p.Ser691Ala),MET,Uncertain significance,"criteria provided, multiple submitters, no conflicts",,,c.2071T>G,,rs2485714344,
2093005,NM_000245.4(MET):c.3513T>G (p.Asn1171Lys),MET,Uncertain significance,"criteria provided, single submitter",,,c.3513T>G,,rs2117048322,
2094380,NM_000245.4(MET):c.2435A>T (p.Gln812Leu),MET,Uncertain significance,"criteria provided, single submitter",,,c.2435A>T,,rs777833095,
2123743,NM_000245.4(MET):c.3661_3662delinsAT (p.Ala1221Ile),MET,Uncertain significance,"criteria provided, single submitter",,,c.3661_3662delinsAT,,rs2485835500,
2124714,NM_000245.4(MET):c.1857G>A (p.Met619Ile),MET,Uncertain significance,"criteria provided, single submitter",,,c.1857G>A,,rs2116911106,
2125368,NM_000245.4(MET):c.2180A>C (p.Asp727Ala),MET,Uncertain significance,"criteria provided, multiple submitters, no conflicts",,,c.2180A>C,,rs767770443,
2106475,NM_000245.4(MET):c.2161G>T (p.Ala721Ser),MET,Uncertain significance,"criteria provided, single submitter",,,c.2161G>T,,rs2116931029,
1347908,NM_000245.4(MET):c.381T>A (p.Asp127Glu),MET,Uncertain significance,"criteria provided, multiple submitters, no conflicts",,,c.381T>A,,rs2116587402,
1347952,NM_000245.4(MET):c.1456G>C (p.Val486Leu),MET,Uncertain significance,"criteria provided, single submitter",,,c.1456G>C,,rs746334800,
1348805,NM_000245.4(MET):c.3029-1G>A,MET,Uncertain significance,"criteria provided, single submitter",,,NM_000245.4(MET):c.3029-1G>A,,rs2117029383,
1349137,NM_000245.4(MET):c.1403C>G (p.Ser468Cys),MET,Uncertain significance,"criteria provided, single submitter",,,c.1403C>G,,rs1793378040,
1349334,NM_000245.4(MET):c.1079C>T (p.Ser360Phe),MET,Uncertain significance,"criteria provided, single submitter",,,c.1079C>T,,rs2116604992,
1364807,NM_000245.4(MET):c.3397G>T (p.Asp1133Tyr),MET,Uncertain significance,"criteria provided, multiple submitters, no conflicts",,,c.3397G>T,,rs745437003,
1365000,NM_000245.4(MET):c.2176A>G (p.Ile726Val),MET,Uncertain significance,"criteria provided, multiple submitters, no conflicts",,,c.2176A>G,,rs1794275336,
1350657,NM_000245.4(MET):c.85G>C (p.Ala29Pro),MET,Uncertain significance,"criteria provided, multiple submitters, no conflicts",,,c.85G>C,,rs765246117,
1350721,NM_000245.4(MET):c.3586G>A (p.Ala1196Thr),MET,Uncertain significance,"criteria provided, multiple submitters, no conflicts",,,c.3586G>A,,rs970206545,
1351287,NM_000245.4(MET):c.2075T>C (p.Ile692Thr),MET,Uncertain significance,"criteria provided, multiple submitters, no conflicts",,,c.2075T>C,,rs1183432579,
1352085,NM_000245.4(MET):c.2849G>A (p.Gly950Glu),MET,Uncertain significance,"criteria provided, single submitter",,,c.2849G>A,,rs2116992857,
1352329,NM_000245.4(MET):c.3257G>A (p.Arg1086Lys),MET,Uncertain significance,"criteria provided, multiple submitters, no conflicts",,,c.3257G>A,,rs2117032447,
1353332,NM_000245.4(MET):c.3204T>G (p.His1068Gln),MET,Uncertain significance,"criteria provided, multiple submitters, no conflicts",,,c.3204T>G,,rs1397743069,
1353442,NM_000245.4(MET):c.1637T>A (p.Val546Glu),MET,Uncertain significance,"criteria provided, multiple submitters, no conflicts",,,c.1637T>A,,rs993463693,
2066162,NM_000245.4(MET):c.2326G>A (p.Val776Ile),MET,Uncertain significance,"criteria provided, single submitter",,,c.2326G>A,,rs771976817,
2068159,NM_000245.4(MET):c.3568A>G (p.Lys1190Glu),MET,Uncertain significance,"criteria provided, multiple submitters, no conflicts",,,c.3568A>G,,rs2485831283,
1359374,NM_000245.4(MET):c.1399G>T (p.Val467Phe),MET,Uncertain significance,"criteria provided, multiple submitters, no conflicts",,,c.1399G>T,,rs1004264326,
1360267,NM_000245.4(MET):c.3338A>T (p.Asn1113Ile),MET,Uncertain significance,"criteria provided, single submitter",,,c.3338A>T,,rs2117040446,
1360881,NM_000245.4(MET):c.1740G>T (p.Arg580Ser),MET,Uncertain significance,"criteria provided, multiple submitters, no conflicts",,,c.1740G>T,,rs1182994959,
1361011,NM_000245.4(MET):c.2657A>G (p.His886Arg),MET,Uncertain significance,"criteria provided, multiple submitters, no conflicts",,,c.2657A>G,,rs2116983578,
1361038,NM_000245.4(MET):c.3181G>A (p.Glu1061Lys),MET,Uncertain significance,"criteria provided, multiple submitters, no conflicts",,,c.3181G>A,,rs2117031426,
2078395,NM_000245.4(MET):c.694C>G (p.Gln232Glu),MET,Uncertain significance,"criteria provided, single submitter",,,c.694C>G,,rs2116595534,
2084554,NM_000245.4(MET):c.3844C>T (p.Pro1282Ser),MET,Uncertain significance,"criteria provided, single submitter",,,c.3844C>T,,rs2117107960,
2045187,NM_000245.4(MET):c.2873G>A (p.Arg958Lys),MET,Uncertain significance,"criteria provided, single submitter",,,c.2873G>A,,rs2116993154,
2046436,NM_000245.4(MET):c.2497C>T (p.Leu833Phe),MET,Uncertain significance,"criteria provided, multiple submitters, no conflicts",,,c.2497C>T,,rs2116956146,
2049657,NM_000245.4(MET):c.3848dup (p.Tyr1284fs),MET,Uncertain significance,"criteria provided, single submitter",,,c.3848dup,,rs2485871857,
2054628,NM_000245.4(MET):c.3929A>G (p.Asp1310Gly),MET,Uncertain significance,"criteria provided, single submitter",,,c.3929A>G,,rs1390590380,
2098449,NM_000245.4(MET):c.2248A>C (p.Thr750Pro),MET,Uncertain significance,"criteria provided, single submitter",,,c.2248A>C,,rs1060503531,
2101624,NM_000245.4(MET):c.2265-37C>G,MET,Uncertain significance,"criteria provided, multiple submitters, no conflicts",,,NM_000245.4(MET):c.2265-37C>G,,rs367649400,
2102183,NM_000245.4(MET):c.583T>C (p.Phe195Leu),MET,Uncertain significance,"criteria provided, single submitter",,,c.583T>C,,rs2116592550,
2063382,NM_000245.4(MET):c.950T>C (p.Leu317Pro),MET,Uncertain significance,"criteria provided, multiple submitters, no conflicts",,,c.950T>C,,rs1300961648,
1347836,NM_000245.4(MET):c.4132G>A (p.Glu1378Lys),MET,Uncertain significance,"criteria provided, multiple submitters, no conflicts",,,c.4132G>A,,rs1795665686,
2008516,NM_000245.4(MET):c.2974A>T (p.Thr992Ser),MET,Uncertain significance,"criteria provided, single submitter",,,c.2974A>T,,rs774433287,
2010734,NM_000245.4(MET):c.1687C>T (p.Pro563Ser),MET,Uncertain significance,"criteria provided, single submitter",,,c.1687C>T,,rs2116837951,
2012160,NM_000245.4(MET):c.3011G>A (p.Arg1004Gln),MET,Uncertain significance,"criteria provided, multiple submitters, no conflicts",,,c.3011G>A,,rs2116997559,
2013884,NM_000245.4(MET):c.157C>A (p.Gln53Lys),MET,Uncertain significance,"criteria provided, single submitter",,,c.157C>A,,rs2116581752,
2056290,NM_000245.4(MET):c.2794A>C (p.Thr932Pro),MET,Uncertain significance,"criteria provided, single submitter",,,c.2794A>C,,rs2116992102,
2060025,NM_000245.4(MET):c.1054G>A (p.Asp352Asn),MET,Uncertain significance,"criteria provided, single submitter",,,c.1054G>A,,rs2116604369,
2061275,NM_000245.4(MET):c.972G>C (p.Lys324Asn),MET,Uncertain significance,"criteria provided, single submitter",,,c.972G>C,,rs1305174716,
1353922,NM_000245.4(MET):c.3905T>C (p.Leu1302Pro),MET,Uncertain significance,"criteria provided, single submitter",,,c.3905T>C,,rs2117108825,
1355960,NM_000245.4(MET):c.3148A>G (p.Thr1050Ala),MET,Uncertain significance,"criteria provided, multiple submitters, no conflicts",,,c.3148A>G,,rs1794950502,
1356079,NM_000245.4(MET):c.3341-8T>C,MET,Uncertain significance,"criteria provided, single submitter",,,NM_000245.4(MET):c.3341-8T>C,,rs1323109627,
1356298,NM_000245.4(MET):c.3282T>G (p.His1094Gln),MET,Uncertain significance,"criteria provided, multiple submitters, no conflicts",,,c.3282T>G,,rs1185332869,
1356300,NM_000245.4(MET):c.1036T>C (p.Phe346Leu),MET,Uncertain significance,"criteria provided, multiple submitters, no conflicts",,,c.1036T>C,,rs1791514789,
1356925,NM_000245.4(MET):c.1789G>C (p.Asp597His),MET,Uncertain significance,"criteria provided, multiple submitters, no conflicts",,,c.1789G>C,,rs769073123,
1357411,NM_000245.4(MET):c.4172del (p.Ter1391CysextTer?),MET,Uncertain significance,"criteria provided, single submitter",,,c.4172del,,rs2117114331,
1370403,NM_000245.4(MET):c.105G>A (p.Met35Ile),MET,Uncertain significance,"criteria provided, single submitter",,,c.105G>A,,rs376244358,
1370848,NM_000245.4(MET):c.3038C>G (p.Pro1013Arg),MET,Uncertain significance,"criteria provided, single submitter",,,c.3038C>G,,rs1203610182,
1999626,NM_000245.4(MET):c.1333T>C (p.Phe445Leu),MET,Uncertain significance,"criteria provided, single submitter",,,c.1333T>C,,rs1793017605,
1999735,NM_000245.4(MET):c.3634C>A (p.Leu1212Met),MET,Uncertain significance,"criteria provided, single submitter",,,c.3634C>A,,rs2117065276,
2034603,NM_000245.4(MET):c.2590_2592del (p.Asp864del),MET,Uncertain significance,"criteria provided, single submitter",,,c.2590_2592del,,rs2485766483,
2037546,NM_000245.4(MET):c.3160G>T (p.Asp1054Tyr),MET,Uncertain significance,"criteria provided, multiple submitters, no conflicts",,,c.3160G>T,,rs2117031109,
1362151,NM_000245.4(MET):c.1145A>T (p.Asn382Ile),MET,Uncertain significance,"criteria provided, single submitter",,,c.1145A>T,,rs2116606480,
1362158,NM_000245.4(MET):c.2373A>C (p.Gln791His),MET,Uncertain significance,"criteria provided, single submitter",,,c.2373A>C,,rs760294359,
1362608,NM_000245.4(MET):c.3340+6T>C,MET,Uncertain significance,"criteria provided, single submitter",,,NM_000245.4(MET):c.3340+6T>C,,rs1240062915,
1363576,NM_000245.4(MET):c.2583+3A>G,MET,Uncertain significance,"criteria provided, single submitter",,,NM_000245.4(MET):c.2583+3A>G,,rs781401324,
1364166,NM_000245.4(MET):c.3064C>G (p.Arg1022Gly),MET,Uncertain significance,"criteria provided, multiple submitters, no conflicts",,,c.3064C>G,,rs1193441628,
1364179,NM_000245.4(MET):c.85G>T (p.Ala29Ser),MET,Uncertain significance,"criteria provided, single submitter",,,c.85G>T,,rs765246117,
1382275,NM_000245.4(MET):c.1535A>C (p.Lys512Thr),MET,Uncertain significance,"criteria provided, multiple submitters, no conflicts",,,c.1535A>C,,rs1793417875,
1365137,NM_000245.4(MET):c.2372A>G (p.Gln791Arg),MET,Uncertain significance,"criteria provided, multiple submitters, no conflicts",,,c.2372A>G,,rs1794457657,
1365773,NM_000245.4(MET):c.1253C>T (p.Thr418Ile),MET,Uncertain significance,"criteria provided, single submitter",,,c.1253C>T,,rs2116780591,
1366301,NM_000245.4(MET):c.3181G>C (p.Glu1061Gln),MET,Uncertain significance,"criteria provided, single submitter",,,c.3181G>C,,rs2117031426,
1367276,NM_000245.4(MET):c.3616G>A (p.Ala1206Thr),MET,Uncertain significance,"criteria provided, single submitter",,,c.3616G>A,,rs2117060579,
2007778,NM_000245.4(MET):c.3106A>T (p.Thr1036Ser),MET,Uncertain significance,"criteria provided, single submitter",,,c.3106A>T,,rs2117030488,
1369344,NM_000245.4(MET):c.979G>T (p.Ala327Ser),MET,Uncertain significance,"criteria provided, single submitter",,,c.979G>T,,rs2116602432,
1369581,NM_000245.4(MET):c.498A>G (p.Ile166Met),MET,Uncertain significance,"criteria provided, single submitter",,,c.498A>G,,rs2116590397,
1369598,NM_000245.4(MET):c.2849G>T (p.Gly950Val),MET,Uncertain significance,"criteria provided, single submitter",,,c.2849G>T,,rs2116992857,
1369813,NM_000245.4(MET):c.1453C>T (p.Pro485Ser),MET,Uncertain significance,"criteria provided, multiple submitters, no conflicts",,,c.1453C>T,,rs1451954069,
1370299,NM_000245.4(MET):c.2600C>G (p.Pro867Arg),MET,Uncertain significance,"criteria provided, multiple submitters, no conflicts",,,c.2600C>G,,rs983062105,
1370387,NM_000245.4(MET):c.3509G>C (p.Arg1170Pro),MET,Uncertain significance,"criteria provided, single submitter",,,c.3509G>C,,rs369838973,
1394053,NM_000245.4(MET):c.2638A>G (p.Lys880Glu),MET,Uncertain significance,"criteria provided, multiple submitters, no conflicts",,,c.2638A>G,,rs2116983288,
1394253,NM_000245.4(MET):c.2747C>A (p.Ser916Tyr),MET,Uncertain significance,"criteria provided, multiple submitters, no conflicts",,,c.2747C>A,,rs1288860579,
1372452,NM_000245.4(MET):c.1706T>C (p.Phe569Ser),MET,Uncertain significance,"criteria provided, multiple submitters, no conflicts",,,c.1706T>C,,rs778626291,
1374190,NM_000245.4(MET):c.1848G>C (p.Glu616Asp),MET,Uncertain significance,"criteria provided, single submitter",,,c.1848G>C,,rs2116910921,
1376731,NM_000245.4(MET):c.2027C>A (p.Thr676Asn),MET,Uncertain significance,"criteria provided, single submitter",,,c.2027C>A,,rs2116924095,
1376779,NM_000245.4(MET):c.1207C>A (p.Leu403Met),MET,Uncertain significance,"criteria provided, multiple submitters, no conflicts",,,c.1207C>A,,rs202236031,
1995405,NM_000245.4(MET):c.2120T>C (p.Leu707Pro),MET,Uncertain significance,"criteria provided, single submitter",,,c.2120T>C,,rs2116930141,
1995996,NM_000245.4(MET):c.4109C>G (p.Ser1370Ter),MET,Uncertain significance,"criteria provided, single submitter",,,c.4109C>G,,rs2117113091,
1997529,NM_000245.4(MET):c.3838G>A (p.Gly1280Arg),MET,Uncertain significance,"criteria provided, single submitter",,,c.3838G>A,,rs2117107875,
1999262,NM_000245.4(MET):c.3254G>C (p.Gly1085Ala),MET,Uncertain significance,"criteria provided, single submitter",,,c.3254G>C,,rs1562931818,
1385186,NM_000245.4(MET):c.3132T>A (p.Ser1044Arg),MET,Uncertain significance,"criteria provided, single submitter",,,c.3132T>A,,rs746291237,
1385970,NM_000245.4(MET):c.1276C>T (p.Arg426Cys),MET,Uncertain significance,"criteria provided, multiple submitters, no conflicts",,,c.1276C>T,,rs774779741,
1386182,NM_000245.4(MET):c.1250G>C (p.Arg417Pro),MET,Uncertain significance,"criteria provided, multiple submitters, no conflicts",,,c.1250G>C,,rs2116780504,
1968704,NM_000245.4(MET):c.1200+6T>A,MET,Uncertain significance,"criteria provided, single submitter",,,NM_000245.4(MET):c.1200+6T>A,,rs2485517436,
1968843,NM_000245.4(MET):c.1928G>A (p.Gly643Asp),MET,Uncertain significance,"criteria provided, multiple submitters, no conflicts",,,c.1928G>A,,rs2116920707,
1970625,NM_000245.4(MET):c.1715G>T (p.Ser572Ile),MET,Uncertain significance,"criteria provided, multiple submitters, no conflicts",,,c.1715G>T,,rs199771406,
2003211,NM_000245.4(MET):c.227A>T (p.Glu76Val),MET,Uncertain significance,"criteria provided, single submitter",,,c.227A>T,,rs2116583368,
1984486,NM_000245.4(MET):c.2992A>G (p.Asn998Asp),MET,Uncertain significance,"criteria provided, single submitter",,,c.2992A>G,,rs2116997233,
1986851,NM_000245.4(MET):c.1222G>T (p.Gly408Cys),MET,Uncertain significance,"criteria provided, single submitter",,,c.1222G>T,,rs1289461217,
1987931,NM_000245.4(MET):c.2045T>G (p.Leu682Arg),MET,Uncertain significance,"criteria provided, single submitter",,,c.2045T>G,,rs2485713935,
1988429,NM_000245.4(MET):c.466_467insATGT (p.Ser156fs),MET,Uncertain significance,"criteria provided, single submitter",,,c.466_467insATGT,,rs2485509650,
2016999,NM_000245.4(MET):c.3709G>T (p.Val1237Leu),MET,Uncertain significance,"criteria provided, single submitter",,,c.3709G>T,,rs1031263507,
2023060,NM_000245.4(MET):c.3115del (p.Asp1039fs),MET,Uncertain significance,"criteria provided, single submitter",,,c.3115del,,rs2485806264,
1994340,NM_000245.4(MET):c.3790T>A (p.Ser1264Thr),MET,Uncertain significance,"criteria provided, single submitter",,,c.3790T>A,,rs1795214265,
1995392,NM_000245.4(MET):c.2461T>A (p.Phe821Ile),MET,Uncertain significance,"criteria provided, single submitter",,,c.2461T>A,,rs1794465668,
1368120,NM_000245.4(MET):c.956C>T (p.Ala319Val),MET,Uncertain significance,"criteria provided, single submitter",,,c.956C>T,,rs1791510135,
1990123,NM_000245.4(MET):c.1029C>A (p.Phe343Leu),MET,Uncertain significance,"criteria provided, single submitter",,,c.1029C>A,,rs56340719,
1994201,NM_000245.4(MET):c.1880G>A (p.Gly627Asp),MET,Uncertain significance,"criteria provided, multiple submitters, no conflicts",,,c.1880G>A,,rs2116919930,
1994202,NM_000245.4(MET):c.2265-35C>T,MET,Uncertain significance,"criteria provided, multiple submitters, no conflicts",,,NM_000245.4(MET):c.2265-35C>T,,rs751101285,
1965073,NM_000245.4(MET):c.2105T>C (p.Val702Ala),MET,Uncertain significance,"criteria provided, single submitter",,,c.2105T>C,,rs2116929861,
1965312,NM_000245.4(MET):c.2629G>T (p.Val877Phe),MET,Uncertain significance,"criteria provided, multiple submitters, no conflicts",,,c.2629G>T,,rs2116983137,
1378972,NM_000245.4(MET):c.76T>C (p.Cys26Arg),MET,Uncertain significance,"criteria provided, multiple submitters, no conflicts",,,c.76T>C,,rs2116579595,
1379228,NM_000245.4(MET):c.2312_2315del (p.Ser771fs),MET,Uncertain significance,"criteria provided, single submitter",,,c.2312_2315del,,rs2116938318,
1379517,NM_000245.4(MET):c.2527C>A (p.Pro843Thr),MET,Uncertain significance,"criteria provided, multiple submitters, no conflicts",,,c.2527C>A,,rs905891313,
1379884,NM_000245.4(MET):c.1405C>T (p.Arg469Ter),MET,Uncertain significance,"criteria provided, multiple submitters, no conflicts",,,c.1405C>T,,rs2116825789,
1380423,NM_000245.4(MET):c.2501T>A (p.Ile834Asn),MET,Uncertain significance,"criteria provided, multiple submitters, no conflicts",,,c.2501T>A,,rs1215872095,
1381758,NM_000245.4(MET):c.3313A>G (p.Ile1105Val),MET,Uncertain significance,"criteria provided, single submitter",,,c.3313A>G,,rs2117040207,
1403824,NM_000245.4(MET):c.3127T>C (p.Ser1043Pro),MET,Uncertain significance,"criteria provided, single submitter",,,c.3127T>C,,rs2117030729,
1404268,NM_000245.4(MET):c.1822G>A (p.Glu608Lys),MET,Uncertain significance,"criteria provided, single submitter",,,c.1822G>A,,rs2116910480,
1383788,NM_000245.4(MET):c.4103T>C (p.Leu1368Pro),MET,Uncertain significance,"criteria provided, single submitter",,,c.4103T>C,,rs2117112993,
1383952,NM_000245.4(MET):c.3978G>C (p.Met1326Ile),MET,Uncertain significance,"criteria provided, multiple submitters, no conflicts",,,c.3978G>C,,rs1795656686,
1385140,NM_000245.4(MET):c.3048_3049delinsAA (p.Gln1017Lys),MET,Uncertain significance,"criteria provided, single submitter",,,c.3048_3049delinsAA,,rs2117029651,
1387536,NM_000245.4(MET):c.3979C>T (p.Arg1327Cys),MET,Uncertain significance,"criteria provided, multiple submitters, no conflicts",,,c.3979C>T,,rs2117111027,
1390621,NM_000245.4(MET):c.771T>G (p.Asn257Lys),MET,Uncertain significance,"criteria provided, single submitter",,,c.771T>G,,rs2116597435,
1392843,NM_000245.4(MET):c.3798+6G>A,MET,Uncertain significance,"criteria provided, single submitter",,,NM_000245.4(MET):c.3798+6G>A,,rs2117067806,
1392875,NM_000245.4(MET):c.1010T>A (p.Leu337Gln),MET,Uncertain significance,"criteria provided, single submitter",,,c.1010T>A,,rs2116603244,
1393298,NM_000245.4(MET):c.401G>A (p.Gly134Asp),MET,Uncertain significance,"criteria provided, multiple submitters, no conflicts",,,c.401G>A,,rs2116587889,
1415877,NM_000245.4(MET):c.790G>T (p.Val264Phe),MET,Uncertain significance,"criteria provided, single submitter",,,c.790G>T,,rs2116597936,
1395145,NM_000245.4(MET):c.2591A>G (p.Asp864Gly),MET,Uncertain significance,"criteria provided, multiple submitters, no conflicts",,,c.2591A>G,,rs778309347,
1396771,NM_000245.4(MET):c.3200A>G (p.Gln1067Arg),MET,Uncertain significance,"criteria provided, multiple submitters, no conflicts",,,c.3200A>G,,rs1554398900,
1397239,NM_000245.4(MET):c.3041A>G (p.Asn1014Ser),MET,Uncertain significance,"criteria provided, multiple submitters, no conflicts",,,c.3041A>G,,rs2117029538,
1397620,NM_000245.4(MET):c.253A>G (p.Lys85Glu),MET,Uncertain significance,"criteria provided, multiple submitters, no conflicts",,,c.253A>G,,rs1791469321,
1397736,NM_000245.4(MET):c.404G>A (p.Ser135Asn),MET,Uncertain significance,"criteria provided, multiple submitters, no conflicts",,,c.404G>A,,rs1203410917,
1398370,NM_000245.4(MET):c.3679A>G (p.Arg1227Gly),MET,Uncertain significance,"criteria provided, single submitter",,,c.3679A>G,,rs2117065927,
1399050,NM_000245.4(MET):c.2381C>A (p.Ser794Tyr),MET,Uncertain significance,"criteria provided, single submitter",,,c.2381C>A,,rs371939364,
1952000,NM_000245.4(MET):c.1824G>C (p.Glu608Asp),MET,Uncertain significance,"criteria provided, single submitter",,,c.1824G>C,,rs2116910513,
1955053,NM_000245.4(MET):c.3714C>G (p.His1238Gln),MET,Uncertain significance,"criteria provided, single submitter",,,c.3714C>G,,rs2117066490,
1959042,NM_000245.4(MET):c.2160T>A (p.Phe720Leu),MET,Uncertain significance,"criteria provided, single submitter",,,c.2160T>A,,rs2485720244,
1911045,NM_000245.4(MET):c.1945T>C (p.Tyr649His),MET,Uncertain significance,"criteria provided, multiple submitters, no conflicts",,,c.1945T>C,,rs2116921026,
1917760,NM_000245.4(MET):c.1522A>G (p.Lys508Glu),MET,Uncertain significance,"criteria provided, multiple submitters, no conflicts",,,c.1522A>G,,rs2116828420,
1960168,NM_000245.4(MET):c.2927A>G (p.His976Arg),MET,Uncertain significance,"criteria provided, multiple submitters, no conflicts",,,c.2927A>G,,rs1794846997,
1961079,NM_000245.4(MET):c.2146A>G (p.Ile716Val),MET,Uncertain significance,"criteria provided, single submitter",,,c.2146A>G,,rs2485720054,
1961698,NM_000245.4(MET):c.3312A>C (p.Lys1104Asn),MET,Uncertain significance,"criteria provided, single submitter",,,c.3312A>C,,rs1584959967,
1964150,NM_000245.4(MET):c.1526A>T (p.Lys509Met),MET,Uncertain significance,"criteria provided, single submitter",,,c.1526A>T,,rs758565332,
1928294,NM_000245.4(MET):c.3162C>A (p.Asp1054Glu),MET,Uncertain significance,"criteria provided, single submitter",,,c.3162C>A,,rs1166344170,
1929227,NM_000245.4(MET):c.3151G>T (p.Val1051Phe),MET,Uncertain significance,"criteria provided, single submitter",,,c.3151G>T,,rs775997318,
1929402,NM_000245.4(MET):c.2265-48G>A,MET,Uncertain significance,"criteria provided, single submitter",,,NM_000245.4(MET):c.2265-48G>A,,rs587780540,
1937117,NM_000245.4(MET):c.3578A>G (p.Lys1193Arg),MET,Uncertain significance,"criteria provided, single submitter",,,c.3578A>G,,rs2485831368,
1941256,NM_000245.4(MET):c.1091C>T (p.Ala364Val),MET,Uncertain significance,"criteria provided, single submitter",,,c.1091C>T,,rs2116605294,
1975586,NM_000245.4(MET):c.3112G>T (p.Gly1038Trp),MET,Uncertain significance,"criteria provided, multiple submitters, no conflicts",,,c.3112G>T,,rs2117030562,
1977208,NM_000245.4(MET):c.2503T>C (p.Tyr835His),MET,Uncertain significance,"criteria provided, multiple submitters, no conflicts",,,c.2503T>C,,rs2116956244,
1948627,NM_000245.4(MET):c.1081G>A (p.Ala361Thr),MET,Uncertain significance,"criteria provided, multiple submitters, no conflicts",,,c.1081G>A,,rs786202310,
1949562,NM_000245.4(MET):c.66C>G (p.Ser22Arg),MET,Uncertain significance,"criteria provided, single submitter",,,c.66C>G,,rs773018125,
1950247,NM_000245.4(MET):c.2737C>G (p.Gln913Glu),MET,Uncertain significance,"criteria provided, single submitter",,,c.2737C>G,,rs1794830159,
1903509,NM_000245.4(MET):c.1527+5G>A,MET,Uncertain significance,"criteria provided, single submitter",,,NM_000245.4(MET):c.1527+5G>A,,rs2116828607,
1904702,NM_000245.4(MET):c.2027C>T (p.Thr676Ile),MET,Uncertain significance,"criteria provided, multiple submitters, no conflicts",,,c.2027C>T,,rs2116924095,
1400454,NM_000245.4(MET):c.2015G>A (p.Gly672Asp),MET,Uncertain significance,"criteria provided, multiple submitters, no conflicts",,,c.2015G>A,,rs2116923826,
1400973,NM_000245.4(MET):c.4052A>T (p.His1351Leu),MET,Uncertain significance,"criteria provided, multiple submitters, no conflicts",,,c.4052A>T,,rs1490801483,
1401743,NM_000245.4(MET):c.816G>C (p.Gln272His),MET,Uncertain significance,"criteria provided, multiple submitters, no conflicts",,,c.816G>C,,rs1168091854,
1402039,NM_000245.4(MET):c.620C>G (p.Pro207Arg),MET,Uncertain significance,"criteria provided, single submitter",,,c.620C>G,,rs1246281148,
1402664,NM_000245.4(MET):c.1348C>T (p.Leu450Phe),MET,Uncertain significance,"criteria provided, multiple submitters, no conflicts",,,c.1348C>T,,rs1793018571,
1403061,NM_000245.4(MET):c.2152A>C (p.Thr718Pro),MET,Uncertain significance,"criteria provided, single submitter",,,c.2152A>C,,rs1794275099,
1424641,NM_000245.4(MET):c.377A>G (p.Tyr126Cys),MET,Uncertain significance,"criteria provided, multiple submitters, no conflicts",,,c.377A>G,,rs542267057,
1424915,NM_000245.4(MET):c.1999_2018del (p.Gly667fs),MET,Uncertain significance,"criteria provided, single submitter",,,c.1999_2018del,,rs2116923507,
1404617,NM_000245.4(MET):c.4025C>G (p.Ser1342Cys),MET,Uncertain significance,"criteria provided, multiple submitters, no conflicts",,,c.4025C>G,,rs2117111729,
1404739,NM_000245.4(MET):c.1406G>C (p.Arg469Pro),MET,Uncertain significance,"criteria provided, multiple submitters, no conflicts",,,c.1406G>C,,rs752842662,
1405591,NM_000245.4(MET):c.2122G>A (p.Glu708Lys),MET,Uncertain significance,"criteria provided, multiple submitters, no conflicts",,,c.2122G>A,,rs2116930184,
1406749,NM_000245.4(MET):c.1622G>C (p.Cys541Ser),MET,Uncertain significance,"criteria provided, single submitter",,,c.1622G>C,,rs2116836106,
1407738,NM_000245.4(MET):c.2767G>A (p.Val923Ile),MET,Uncertain significance,"criteria provided, multiple submitters, no conflicts",,,c.2767G>A,,rs1794832354,
1408060,NM_000245.4(MET):c.3446G>A (p.Ser1149Asn),MET,Uncertain significance,"criteria provided, single submitter",,,c.3446G>A,,rs1795071435,
1797928,NM_000245.4(MET):c.2888-28_2888-2del,MET,Uncertain significance,"criteria provided, single submitter",,,NM_000245.4(MET):c.2888-28_2888-2del,,rs2485777788,
1798315,NM_000245.4(MET):c.2920A>G (p.Arg974Gly),MET,Uncertain significance,"criteria provided, multiple submitters, no conflicts",,,c.2920A>G,,rs1332049203,
1798339,NM_000245.4(MET):c.2923G>A (p.Val975Ile),MET,Uncertain significance,"criteria provided, multiple submitters, no conflicts",,,c.2923G>A,,rs2116996302,
1920836,NM_000245.4(MET):c.962A>G (p.Tyr321Cys),MET,Uncertain significance,"criteria provided, multiple submitters, no conflicts",,,c.962A>G,,rs2116601951,
1922260,NM_000245.4(MET):c.3409C>A (p.Pro1137Thr),MET,Uncertain significance,"criteria provided, multiple submitters, no conflicts",,,c.3409C>A,,rs2117046235,
1926152,NM_000245.4(MET):c.284G>A (p.Cys95Tyr),MET,Uncertain significance,"criteria provided, multiple submitters, no conflicts",,,c.284G>A,,rs2116584878,
1926840,NM_000245.4(MET):c.1439T>C (p.Leu480Pro),MET,Uncertain significance,"criteria provided, multiple submitters, no conflicts",,,c.1439T>C,,rs2116826490,
1799078,NM_000245.4(MET):c.2981A>G (p.Glu994Gly),MET,Uncertain significance,"criteria provided, single submitter",,,c.2981A>G,,rs2116997049,
1799115,NM_000245.4(MET):c.2985G>A (p.Met995Ile),MET,Uncertain significance,"criteria provided, single submitter",,,c.2985G>A,,rs1162243103,
1802753,NM_000245.4(MET):c.2959C>G (p.Arg987Gly),MET,Uncertain significance,"criteria provided, single submitter",,,c.2959C>G,,rs1554398397,
1942441,NM_000245.4(MET):c.4009A>T (p.Ile1337Leu),MET,Uncertain significance,"criteria provided, multiple submitters, no conflicts",,,c.4009A>T,,rs771436236,
1942512,NM_000245.4(MET):c.1572G>C (p.Gln524His),MET,Uncertain significance,"criteria provided, multiple submitters, no conflicts",,,c.1572G>C,,rs201878238,
1943568,NM_000245.4(MET):c.1627G>C (p.Asp543His),MET,Uncertain significance,"criteria provided, multiple submitters, no conflicts",,,c.1627G>C,,rs763991073,
1944143,NM_000245.4(MET):c.2842C>A (p.Leu948Ile),MET,Uncertain significance,"criteria provided, single submitter",,,c.2842C>A,,rs2116992741,
1944249,NM_000245.4(MET):c.1623C>G (p.Cys541Trp),MET,Uncertain significance,"criteria provided, single submitter",,,c.1623C>G,,rs769649681,
1947950,NM_000245.4(MET):c.1066C>T (p.Pro356Ser),MET,Uncertain significance,"criteria provided, single submitter",,,c.1066C>T,,rs2116604644,
1797504,NM_000245.4(MET):c.2851T>G (p.Phe951Val),MET,Uncertain significance,"criteria provided, single submitter",,,c.2851T>G,,rs756670611,
1409014,NM_000245.4(MET):c.2080G>A (p.Gly694Arg),MET,Uncertain significance,"criteria provided, multiple submitters, no conflicts",,,c.2080G>A,,rs2116925025,
1409165,NM_000245.4(MET):c.2510A>C (p.His837Pro),MET,Uncertain significance,"criteria provided, multiple submitters, no conflicts",,,c.2510A>C,,rs1041349799,
1410813,NM_000245.4(MET):c.3071T>C (p.Val1024Ala),MET,Uncertain significance,"criteria provided, multiple submitters, no conflicts",,,c.3071T>C,,rs2117030004,
1411930,NM_000245.4(MET):c.2099A>G (p.Lys700Arg),MET,Uncertain significance,"criteria provided, multiple submitters, no conflicts",,,c.2099A>G,,rs751907602,
1411991,NM_000245.4(MET):c.3991T>C (p.Ser1331Pro),MET,Uncertain significance,"criteria provided, single submitter",,,c.3991T>C,,rs1562941559,
1414993,NM_000245.4(MET):c.3346A>G (p.Thr1116Ala),MET,Uncertain significance,"criteria provided, single submitter",,,c.3346A>G,,rs2117044784,
1415025,NM_000245.4(MET):c.2018C>G (p.Thr673Ser),MET,Uncertain significance,"criteria provided, multiple submitters, no conflicts",,,c.2018C>G,,rs1401138460,
1430735,NM_000245.4(MET):c.3029-2A>G,MET,Uncertain significance,"criteria provided, multiple submitters, no conflicts",,,NM_000245.4(MET):c.3029-2A>G,,rs2117029370,
1416814,NM_000245.4(MET):c.391A>G (p.Ile131Val),MET,Uncertain significance,"criteria provided, multiple submitters, no conflicts",,,c.391A>G,,rs1309236031,
1417134,NM_000245.4(MET):c.3596A>G (p.Lys1199Arg),MET,Uncertain significance,"criteria provided, multiple submitters, no conflicts",,,c.3596A>G,,rs2117060357,
1419866,NM_000245.4(MET):c.3985T>A (p.Ser1329Thr),MET,Uncertain significance,"criteria provided, single submitter",,,c.3985T>A,,rs2117111134,
1420031,NM_000245.4(MET):c.3731A>C (p.Lys1244Thr),MET,Uncertain significance,"criteria provided, multiple submitters, no conflicts",,,c.3731A>C,,rs121913677,
1420887,NM_000245.4(MET):c.1024C>G (p.Leu342Val),MET,Uncertain significance,"criteria provided, multiple submitters, no conflicts",,,c.1024C>G,,rs749082043,
1797804,NM_000245.4(MET):c.292T>G (p.Cys98Gly),MET,Uncertain significance,"criteria provided, single submitter",,,c.292T>G,,rs1791473262,
1797918,NM_000245.4(MET):c.2887+3G>T,MET,Uncertain significance,"criteria provided, single submitter",,,NM_000245.4(MET):c.2887+3G>T,,rs2116993318,
1423643,NM_000245.4(MET):c.3964C>G (p.Pro1322Ala),MET,Uncertain significance,"criteria provided, multiple submitters, no conflicts",,,c.3964C>G,,rs368312290,
1423885,NM_000245.4(MET):c.1033G>T (p.Val345Leu),MET,Uncertain significance,"criteria provided, multiple submitters, no conflicts",,,c.1033G>T,,rs1232896056,
1424281,NM_000245.4(MET):c.703A>G (p.Ile235Val),MET,Uncertain significance,"criteria provided, multiple submitters, no conflicts",,,c.703A>G,,rs1266863567,
1440479,NM_000245.4(MET):c.868T>C (p.Ser290Pro),MET,Uncertain significance,"criteria provided, single submitter",,,c.868T>C,,rs2116599896,
1441069,NM_000245.4(MET):c.451A>G (p.Thr151Ala),MET,Uncertain significance,"criteria provided, multiple submitters, no conflicts",,,c.451A>G,,rs2116589147,
1426999,NM_000245.4(MET):c.774del (p.Phe258fs),MET,Uncertain significance,"criteria provided, multiple submitters, no conflicts",,,c.774del,,rs1281772042,
1427516,NM_000245.4(MET):c.1810C>A (p.Leu604Ile),MET,Uncertain significance,"criteria provided, multiple submitters, no conflicts",,,c.1810C>A,,rs201861645,
1427793,NM_000245.4(MET):c.1838C>A (p.Thr613Asn),MET,Uncertain significance,"criteria provided, multiple submitters, no conflicts",,,c.1838C>A,,rs1258088041,
1427875,NM_000245.4(MET):c.3368A>G (p.Gln1123Arg),MET,Uncertain significance,"criteria provided, multiple submitters, no conflicts",,,c.3368A>G,,rs2117045243,
1428518,NM_000245.4(MET):c.2076T>G (p.Ile692Met),MET,Uncertain significance,"criteria provided, multiple submitters, no conflicts",,,c.2076T>G,,rs752740791,
1795881,NM_000245.4(MET):c.2725A>G (p.Ile909Val),MET,Uncertain significance,"criteria provided, single submitter",,,c.2725A>G,,rs2116984661,
1795966,NM_000245.4(MET):c.2730+2T>A,MET,Uncertain significance,"criteria provided, single submitter",,,NM_000245.4(MET):c.2730+2T>A,,rs2485768291,
1796086,NM_000245.4(MET):c.2741C>A (p.Ala914Glu),MET,Uncertain significance,"criteria provided, single submitter",,,c.2741C>A,,rs2116991412,
1810495,NM_000245.4(MET):c.1190G>A (p.Cys397Tyr),MET,Uncertain significance,"criteria provided, multiple submitters, no conflicts",,,c.1190G>A,,rs1018999843,
1797245,NM_000245.4(MET):c.2834T>A (p.Leu945Gln),MET,Uncertain significance,"criteria provided, single submitter",,,c.2834T>A,,rs2116992666,
1796442,NM_000245.4(MET):c.2766A>G (p.Lys922=),MET,Uncertain significance,"criteria provided, multiple submitters, no conflicts",,,c.2766A>G,,rs1794832170,
1796614,NM_000245.4(MET):c.2779C>T (p.Pro927Ser),MET,Uncertain significance,"criteria provided, single submitter",,,c.2779C>T,,rs2116991972,
1796682,NM_000245.4(MET):c.2785C>G (p.Gln929Glu),MET,Uncertain significance,"criteria provided, single submitter",,,c.2785C>G,,rs2116992030,
1797002,NM_000245.4(MET):c.2812G>A (p.Val938Ile),MET,Uncertain significance,"criteria provided, single submitter",,,c.2812G>A,,rs2116992338,
1793555,NM_000245.4(MET):c.2540C>T (p.Pro847Leu),MET,Uncertain significance,"criteria provided, single submitter",,,c.2540C>T,,rs2116956803,
1794106,NM_000245.4(MET):c.2581A>C (p.Lys861Gln),MET,Uncertain significance,"criteria provided, single submitter",,,c.2581A>C,,rs2485743484,
1794123,NM_000245.4(MET):c.2583+1G>A,MET,Uncertain significance,"criteria provided, single submitter",,,NM_000245.4(MET):c.2583+1G>A,,rs2116957547,
1794708,NM_000245.4(MET):c.2630T>C (p.Val877Ala),MET,Uncertain significance,"criteria provided, multiple submitters, no conflicts",,,c.2630T>C,,rs2116983150,
1798400,NM_000245.4(MET):c.2926C>T (p.His976Tyr),MET,Uncertain significance,"criteria provided, multiple submitters, no conflicts",,,c.2926C>T,,rs1794846913,
1798731,NM_000245.4(MET):c.2950G>C (p.Val984Leu),MET,Uncertain significance,"criteria provided, single submitter",,,c.2950G>C,,rs1258377870,
1798868,NM_000245.4(MET):c.2963G>A (p.Ser988Asn),MET,Uncertain significance,"criteria provided, multiple submitters, no conflicts",,,c.2963G>A,,rs1794848550,
1795449,NM_000245.4(MET):c.2687T>C (p.Val896Ala),MET,Uncertain significance,"criteria provided, single submitter",,,c.2687T>C,,rs1794771881,
1795559,NM_000245.4(MET):c.2696A>T (p.Asp899Val),MET,Uncertain significance,"criteria provided, single submitter",,,c.2696A>T,,rs2116984150,
1422640,NM_000245.4(MET):c.2242C>A (p.His748Asn),MET,Uncertain significance,"criteria provided, multiple submitters, no conflicts",,,c.2242C>A,,rs2116932590,
1422901,NM_000245.4(MET):c.3799-3T>A,MET,Uncertain significance,"criteria provided, single submitter",,,NM_000245.4(MET):c.3799-3T>A,,rs1584977801,
1423191,NM_000245.4(MET):c.2843T>C (p.Leu948Pro),MET,Uncertain significance,"criteria provided, single submitter",,,c.2843T>C,,rs2116992766,
1429189,NM_000245.4(MET):c.3709G>A (p.Val1237Ile),MET,Uncertain significance,"criteria provided, multiple submitters, no conflicts",,,c.3709G>A,,rs1031263507,
1429631,NM_000245.4(MET):c.3013G>A (p.Ala1005Thr),MET,Uncertain significance,"criteria provided, single submitter",,,c.3013G>A,,rs2116997594,
1430177,NM_000245.4(MET):c.2540C>G (p.Pro847Arg),MET,Uncertain significance,"criteria provided, multiple submitters, no conflicts",,,c.2540C>G,,rs2116956803,
1448958,NM_000245.4(MET):c.1056T>G (p.Asp352Glu),MET,Uncertain significance,"criteria provided, multiple submitters, no conflicts",,,c.1056T>G,,rs2116604421,
1431095,NM_000245.4(MET):c.3160G>A (p.Asp1054Asn),MET,Uncertain significance,"criteria provided, single submitter",,,c.3160G>A,,rs2117031109,
1434428,NM_000245.4(MET):c.1231G>A (p.Ala411Thr),MET,Uncertain significance,"criteria provided, multiple submitters, no conflicts",,,c.1231G>A,,rs752281264,
1434657,NM_000245.4(MET):c.3592A>G (p.Lys1198Glu),MET,Uncertain significance,"criteria provided, multiple submitters, no conflicts",,,c.3592A>G,,rs2117060312,
1437070,NM_000245.4(MET):c.940T>G (p.Phe314Val),MET,Uncertain significance,"criteria provided, single submitter",,,c.940T>G,,rs2116601372,
1437167,NM_000245.4(MET):c.3413A>T (p.Asn1138Ile),MET,Uncertain significance,"criteria provided, single submitter",,,c.3413A>T,,rs2117046370,
1437460,NM_000245.4(MET):c.1330A>G (p.Thr444Ala),MET,Uncertain significance,"criteria provided, multiple submitters, no conflicts",,,c.1330A>G,,rs2116782829,
1437484,NM_000245.4(MET):c.920G>A (p.Arg307Lys),MET,Uncertain significance,"criteria provided, multiple submitters, no conflicts",,,c.920G>A,,rs2116600992,
1792293,NM_000245.4(MET):c.2450C>T (p.Thr817Ile),MET,Uncertain significance,"criteria provided, single submitter",,,c.2450C>T,,rs2116955293,
1792706,NM_000245.4(MET):c.2477T>C (p.Ile826Thr),MET,Uncertain significance,"criteria provided, single submitter",,,c.2477T>C,,rs1794467654,
1792770,NM_000245.4(MET):c.2483C>A (p.Ser828Tyr),MET,Uncertain significance,"criteria provided, single submitter",,,c.2483C>A,,rs2116955919,
1792852,NM_000245.4(MET):c.2488T>A (p.Tyr830Asn),MET,Uncertain significance,"criteria provided, single submitter",,,c.2488T>A,,rs1794468017,
1796383,NM_000245.4(MET):c.2762G>T (p.Gly921Val),MET,Uncertain significance,"criteria provided, multiple submitters, no conflicts",,,c.2762G>T,,rs769721494,
1788453,NM_000245.4(MET):c.2252A>G (p.Lys751Arg),MET,Uncertain significance,"criteria provided, single submitter",,,c.2252A>G,,rs2485721767,
1793192,NM_000245.4(MET):c.2515C>G (p.Pro839Ala),MET,Uncertain significance,"criteria provided, single submitter",,,c.2515C>G,,rs2116956434,
1793208,NM_000245.4(MET):c.256A>G (p.Thr86Ala),MET,Uncertain significance,"criteria provided, multiple submitters, no conflicts",,,c.256A>G,,rs2116584079,
1793265,NM_000245.4(MET):c.2518G>T (p.Val840Leu),MET,Uncertain significance,"criteria provided, single submitter",,,c.2518G>T,,rs2116956501,
1793380,NM_000245.4(MET):c.2527C>T (p.Pro843Ser),MET,Uncertain significance,"criteria provided, multiple submitters, no conflicts",,,c.2527C>T,,rs905891313,
1789782,NM_000245.4(MET):c.2282C>T (p.Thr761Ile),MET,Uncertain significance,"criteria provided, single submitter",,,c.2282C>T,,rs2116937765,
1790028,NM_000245.4(MET):c.2298C>A (p.Asn766Lys),MET,Uncertain significance,"criteria provided, single submitter",,,c.2298C>A,,rs2485726407,
1790246,NM_000245.4(MET):c.2314G>A (p.Val772Ile),MET,Uncertain significance,"criteria provided, single submitter",,,c.2314G>A,,rs2116938346,
1790390,NM_000245.4(MET):c.2324T>A (p.Met775Lys),MET,Uncertain significance,"criteria provided, single submitter",,,c.2324T>A,,rs2485726781,
1790456,NM_000245.4(MET):c.2327T>G (p.Val776Gly),MET,Uncertain significance,"criteria provided, single submitter",,,c.2327T>G,,rs2116938578,
1790561,NM_000245.4(MET):c.2336T>C (p.Val779Ala),MET,Uncertain significance,"criteria provided, single submitter",,,c.2336T>C,,rs1257647207,
1794865,NM_000245.4(MET):c.110T>G (p.Val37Gly),MET,Uncertain significance,"criteria provided, single submitter",,,c.110T>G,,rs201315884,
1795329,NM_000245.4(MET):c.2681G>A (p.Cys894Tyr),MET,Uncertain significance,"criteria provided, multiple submitters, no conflicts",,,c.2681G>A,,rs2116983900,
1791554,NM_000245.4(MET):c.2402G>C (p.Cys801Ser),MET,Uncertain significance,"criteria provided, multiple submitters, no conflicts",,,c.2402G>C,,rs2116954309,
1428933,NM_000245.4(MET):c.2334T>G (p.Asn778Lys),MET,Uncertain significance,"criteria provided, multiple submitters, no conflicts",,,c.2334T>G,,rs2116938738,
1428980,NM_000245.4(MET):c.2430T>A (p.Asn810Lys),MET,Uncertain significance,"criteria provided, multiple submitters, no conflicts",,,c.2430T>A,,rs1160047047,
1437569,NM_000245.4(MET):c.1655T>C (p.Leu552Pro),MET,Uncertain significance,"criteria provided, single submitter",,,c.1655T>C,,rs2116837022,
1438593,NM_000245.4(MET):c.1700A>G (p.Lys567Arg),MET,Uncertain significance,"criteria provided, multiple submitters, no conflicts",,,c.1700A>G,,rs1793429138,
1439216,NM_000245.4(MET):c.749T>C (p.Val250Ala),MET,Uncertain significance,"criteria provided, multiple submitters, no conflicts",,,c.749T>C,,rs2116596855,
1439518,NM_000245.4(MET):c.2380T>C (p.Ser794Pro),MET,Uncertain significance,"criteria provided, multiple submitters, no conflicts",,,c.2380T>C,,rs2116953849,
1439624,NM_000245.4(MET):c.1879G>T (p.Gly627Cys),MET,Uncertain significance,"criteria provided, single submitter",,,c.1879G>T,,rs2116919915,
1463280,NM_000245.4(MET):c.3937T>C (p.Tyr1313His),MET,Uncertain significance,"criteria provided, multiple submitters, no conflicts",,,c.3937T>C,,rs1290917552,
1463767,NM_000245.4(MET):c.839G>A (p.Arg280Lys),MET,Uncertain significance,"criteria provided, multiple submitters, no conflicts",,,c.839G>A,,rs770528254,
1441143,NM_000245.4(MET):c.1821T>A (p.Asn607Lys),MET,Uncertain significance,"criteria provided, multiple submitters, no conflicts",,,c.1821T>A,,rs762389147,
1441986,NM_000245.4(MET):c.3284G>A (p.Gly1095Glu),MET,Uncertain significance,"criteria provided, multiple submitters, no conflicts",,,c.3284G>A,,rs1795029105,
1442009,NM_000245.4(MET):c.602T>C (p.Ile201Thr),MET,Uncertain significance,"criteria provided, single submitter",,,c.602T>C,,rs2116593025,
1442248,NM_000245.4(MET):c.79A>T (p.Lys27Ter),MET,Uncertain significance,"criteria provided, single submitter",,,c.79A>T,,rs2116579656,
1442515,NM_000245.4(MET):c.1553T>C (p.Leu518Ser),MET,Uncertain significance,"criteria provided, multiple submitters, no conflicts",,,c.1553T>C,,rs2116834331,
1443234,NM_000245.4(MET):c.134A>G (p.Asn45Ser),MET,Uncertain significance,"criteria provided, single submitter",,,c.134A>G,,rs77651398,
1787972,NM_000245.4(MET):c.2224C>A (p.Pro742Thr),MET,Uncertain significance,"criteria provided, single submitter",,,c.2224C>A,,rs2485721372,
1788159,NM_000245.4(MET):c.2234A>G (p.Tyr745Cys),MET,Uncertain significance,"criteria provided, multiple submitters, no conflicts",,,c.2234A>G,,rs1794278950,
1788196,NM_000245.4(MET):c.2236G>T (p.Glu746Ter),MET,Uncertain significance,"criteria provided, single submitter",,,c.2236G>T,,rs2116932492,
1783589,NM_000245.4(MET):c.196G>A (p.Ala66Thr),MET,Uncertain significance,"criteria provided, multiple submitters, no conflicts",,,c.196G>A,,rs770341307,
1784092,NM_000245.4(MET):c.1998C>G (p.Tyr666Ter),MET,Uncertain significance,"criteria provided, multiple submitters, no conflicts",,,c.1998C>G,,rs566540058,
1784114,NM_000245.4(MET):c.1999G>A (p.Gly667Ser),MET,Uncertain significance,"criteria provided, multiple submitters, no conflicts",,,c.1999G>A,,rs1164546569,
1789160,NM_000245.4(MET):c.2265-24C>G,MET,Uncertain significance,"criteria provided, single submitter",,,NM_000245.4(MET):c.2265-24C>G,,rs1584943686,
1789287,NM_000245.4(MET):c.1090G>T (p.Ala364Ser),MET,Uncertain significance,"criteria provided, multiple submitters, no conflicts",,,c.1090G>T,,rs200016433,
1784717,NM_000245.4(MET):c.1075C>T (p.Arg359Ter),MET,Uncertain significance,"criteria provided, multiple submitters, no conflicts",,,c.1075C>T,,rs753762177,
1784718,NM_000245.4(MET):c.2029T>G (p.Leu677Val),MET,Uncertain significance,"criteria provided, single submitter",,,c.2029T>G,,rs2116924148,
1784843,NM_000245.4(MET):c.2038A>G (p.Asn680Asp),MET,Uncertain significance,"criteria provided, single submitter",,,c.2038A>G,,rs2116924321,
1786280,NM_000245.4(MET):c.2124_2135delinsCACTGTTTCA (p.Glu708fs),MET,Uncertain significance,"criteria provided, single submitter",,,c.2124_2135delinsCACTGTTTCA,,rs2485719678,
1786451,NM_000245.4(MET):c.2134C>G (p.Pro712Ala),MET,Uncertain significance,"criteria provided, multiple submitters, no conflicts",,,c.2134C>G,,rs1253894496,
1790957,NM_000245.4(MET):c.2363T>A (p.Val788Glu),MET,Uncertain significance,"criteria provided, multiple submitters, no conflicts",,,c.2363T>A,,rs786204142,
1790961,NM_000245.4(MET):c.2364+3A>G,MET,Uncertain significance,"criteria provided, single submitter",,,NM_000245.4(MET):c.2364+3A>G,,rs2485727387,
1791361,NM_000245.4(MET):c.2389G>C (p.Glu797Gln),MET,Uncertain significance,"criteria provided, single submitter",,,c.2389G>C,,rs1307693651,
1791523,NM_000245.4(MET):c.2399G>A (p.Cys800Tyr),MET,Uncertain significance,"criteria provided, single submitter",,,c.2399G>A,,rs1209881740,
1787729,NM_000245.4(MET):c.2209A>T (p.Ser737Cys),MET,Uncertain significance,"criteria provided, multiple submitters, no conflicts",,,c.2209A>T,,rs755571526,
1787823,NM_000245.4(MET):c.2215C>A (p.Arg739Ser),MET,Uncertain significance,"criteria provided, single submitter",,,c.2215C>A,,rs45587940,
1787467,NM_000245.4(MET):c.2194G>A (p.Glu732Lys),MET,Uncertain significance,"criteria provided, single submitter",,,c.2194G>A,,rs2116931656,
1787469,NM_000245.4(MET):c.2194G>C (p.Glu732Gln),MET,Uncertain significance,"criteria provided, multiple submitters, no conflicts",,,c.2194G>C,,rs2116931656,
1783097,NM_000245.4(MET):c.1944A>C (p.Gln648His),MET,Uncertain significance,"criteria provided, single submitter",,,c.1944A>C,,rs13223756,
1783127,NM_000245.4(MET):c.1946A>G (p.Tyr649Cys),MET,Uncertain significance,"criteria provided, single submitter",,,c.1946A>G,,rs45605635,
1783308,NM_000245.4(MET):c.1956C>G (p.Phe652Leu),MET,Uncertain significance,"criteria provided, multiple submitters, no conflicts",,,c.1956C>G,,rs756154521,
1444928,NM_000245.4(MET):c.1507C>G (p.Leu503Val),MET,Uncertain significance,"criteria provided, multiple submitters, no conflicts",,,c.1507C>G,,rs1417433919,
1445663,NM_000245.4(MET):c.2159T>A (p.Phe720Tyr),MET,Uncertain significance,"criteria provided, single submitter",,,c.2159T>A,,rs2116931016,
1447207,NM_000245.4(MET):c.1063G>T (p.Glu355Ter),MET,Uncertain significance,"criteria provided, single submitter",,,c.1063G>T,,rs561295443,
1448825,NM_000245.4(MET):c.3688T>G (p.Tyr1230Asp),MET,Uncertain significance,"criteria provided, multiple submitters, no conflicts",,,c.3688T>G,,rs121913247,
1471187,NM_000245.4(MET):c.2909G>C (p.Arg970Pro),MET,Uncertain significance,"criteria provided, single submitter",,,c.2909G>C,,rs45607832,
1471423,NM_000245.4(MET):c.1250G>A (p.Arg417Gln),MET,Uncertain significance,"criteria provided, multiple submitters, no conflicts",,,c.1250G>A,,rs2116780504,
1449962,NM_000245.4(MET):c.1787T>A (p.Phe596Tyr),MET,Uncertain significance,"criteria provided, multiple submitters, no conflicts",,,c.1787T>A,,rs1330648228,
1450021,NM_000245.4(MET):c.2265-18del,MET,Uncertain significance,"criteria provided, single submitter",,,NM_000245.4(MET):c.2265-18del,,rs761305394,
1450453,NM_000245.4(MET):c.1505C>T (p.Thr502Ile),MET,Uncertain significance,"criteria provided, multiple submitters, no conflicts",,,c.1505C>T,,rs2116827998,
1783501,NM_000245.4(MET):c.1965+1G>A,MET,Uncertain significance,"criteria provided, multiple submitters, no conflicts",,,NM_000245.4(MET):c.1965+1G>A,,rs2116921447,
1783519,NM_000245.4(MET):c.1966-5T>C,MET,Uncertain significance,"criteria provided, single submitter",,,NM_000245.4(MET):c.1966-5T>C,,rs760664725,
1778208,NM_000245.4(MET):c.1694T>G (p.Ile565Ser),MET,Uncertain significance,"criteria provided, single submitter",,,c.1694T>G,,rs1584923517,
1778331,NM_000245.4(MET):c.16G>A (p.Val6Met),MET,Uncertain significance,"criteria provided, multiple submitters, no conflicts",,,c.16G>A,,rs1395233386,
1778382,NM_000245.4(MET):c.1702G>A (p.Val568Ile),MET,Uncertain significance,"criteria provided, multiple submitters, no conflicts",,,c.1702G>A,,rs2485699594,
1779053,NM_000245.4(MET):c.1735A>G (p.Thr579Ala),MET,Uncertain significance,"criteria provided, multiple submitters, no conflicts",,,c.1735A>G,,rs2116909126,
1784224,NM_000245.4(MET):c.200_201delinsAC (p.Thr67Asn),MET,Uncertain significance,"criteria provided, multiple submitters, no conflicts",,,c.200_201delinsAC,,rs2485506613,
1784282,NM_000245.4(MET):c.2003C>T (p.Pro668Leu),MET,Uncertain significance,"criteria provided, single submitter",,,c.2003C>T,,rs2116923615,
1784369,NM_000245.4(MET):c.2009C>T (p.Ala670Val),MET,Uncertain significance,"criteria provided, single submitter",,,c.2009C>T,,rs2116923666,
1780831,NM_000245.4(MET):c.1825A>G (p.Ser609Gly),MET,Uncertain significance,"criteria provided, multiple submitters, no conflicts",,,c.1825A>G,,rs2116910533,
1781280,NM_000245.4(MET):c.1848G>T (p.Glu616Asp),MET,Uncertain significance,"criteria provided, single submitter",,,c.1848G>T,,rs2116910921,
1781366,NM_000245.4(MET):c.1853C>A (p.Thr618Lys),MET,Uncertain significance,"criteria provided, single submitter",,,c.1853C>A,,rs753407699,
1781839,NM_000245.4(MET):c.1066C>A (p.Pro356Thr),MET,Uncertain significance,"criteria provided, multiple submitters, no conflicts",,,c.1066C>A,,rs2116604644,
1781845,NM_000245.4(MET):c.1879G>A (p.Gly627Ser),MET,Uncertain significance,"criteria provided, single submitter",,,c.1879G>A,,rs2116919915,
1782236,NM_000245.4(MET):c.1067del (p.Pro356fs),MET,Uncertain significance,"criteria provided, multiple submitters, no conflicts",,,c.1067del,,rs2485515948,
1782382,NM_000245.4(MET):c.1905T>A (p.Asn635Lys),MET,Uncertain significance,"criteria provided, single submitter",,,c.1905T>A,,rs1794222447,
1787331,NM_000245.4(MET):c.2185G>T (p.Ala729Ser),MET,Uncertain significance,"criteria provided, single submitter",,,c.2185G>T,,rs2116931414,
1787377,NM_000245.4(MET):c.2189A>T (p.Asn730Ile),MET,Uncertain significance,"criteria provided, multiple submitters, no conflicts",,,c.2189A>T,,rs2116931508,
1782746,NM_000245.4(MET):c.1924A>T (p.Asn642Tyr),MET,Uncertain significance,"criteria provided, single submitter",,,c.1924A>T,,rs1554395374,
1782924,NM_000245.4(MET):c.1933G>C (p.Gly645Arg),MET,Uncertain significance,"criteria provided, single submitter",,,c.1933G>C,,rs763849125,
1777778,NM_000245.4(MET):c.1675C>T (p.Gln559Ter),MET,Uncertain significance,"criteria provided, single submitter",,,c.1675C>T,,rs2116837622,
1461574,NM_000245.4(MET):c.140C>A (p.Thr47Asn),MET,Uncertain significance,"criteria provided, single submitter",,,c.140C>A,,rs2116581323,
1461578,NM_000245.4(MET):c.2204dup (p.Phe736fs),MET,Uncertain significance,"criteria provided, single submitter",,,c.2204dup,,rs2116931908,
1461779,NM_000245.4(MET):c.73G>T (p.Glu25Ter),MET,Uncertain significance,"criteria provided, multiple submitters, no conflicts",,,c.73G>T,,rs2116579525,
1461846,NM_000245.4(MET):c.2265-29A>T,MET,Uncertain significance,"criteria provided, multiple submitters, no conflicts",,,NM_000245.4(MET):c.2265-29A>T,,rs2116937133,
1462170,NM_000245.4(MET):c.353T>G (p.Met118Arg),MET,Uncertain significance,"criteria provided, single submitter",,,c.353T>G,,rs2116586678,
1483012,NM_000245.4(MET):c.340G>T (p.Asp114Tyr),MET,Uncertain significance,"criteria provided, single submitter",,,c.340G>T,,rs2116586335,
1483170,NM_000245.4(MET):c.1952C>T (p.Thr651Ile),MET,Uncertain significance,"criteria provided, multiple submitters, no conflicts",,,c.1952C>T,,rs2116921189,
1463950,NM_000245.4(MET):c.3194C>T (p.Ala1065Val),MET,Uncertain significance,"criteria provided, multiple submitters, no conflicts",,,c.3194C>T,,rs2117031577,
1464437,NM_000245.4(MET):c.1795A>G (p.Lys599Glu),MET,Uncertain significance,"criteria provided, single submitter",,,c.1795A>G,,rs2116910086,
1464923,NM_000245.4(MET):c.3061T>C (p.Cys1021Arg),MET,Uncertain significance,"criteria provided, single submitter",,,c.3061T>C,,rs2117029846,
1467610,NM_000245.4(MET):c.562G>A (p.Val188Ile),MET,Uncertain significance,"criteria provided, single submitter",,,c.562G>A,,rs2116591991,
1467800,NM_000245.4(MET):c.1157T>A (p.Leu386His),MET,Uncertain significance,"criteria provided, single submitter",,,c.1157T>A,,rs1554379180,
1778143,NM_000245.4(MET):c.1691C>T (p.Ala564Val),MET,Uncertain significance,"criteria provided, single submitter",,,c.1691C>T,,rs2116838070,
1775650,NM_000245.4(MET):c.157C>G (p.Gln53Glu),MET,Uncertain significance,"criteria provided, single submitter",,,c.157C>G,,rs2116581752,
1469546,NM_000245.4(MET):c.2190C>G (p.Asn730Lys),MET,Uncertain significance,"criteria provided, single submitter",,,c.2190C>G,,rs2116931541,
1469796,NM_000245.4(MET):c.1274A>G (p.Gln425Arg),MET,Uncertain significance,"criteria provided, multiple submitters, no conflicts",,,c.1274A>G,,rs1793013042,
1469804,NM_000245.4(MET):c.1001G>A (p.Gly334Glu),MET,Uncertain significance,"criteria provided, single submitter",,,c.1001G>A,,rs2116603002,
1470365,NM_000245.4(MET):c.2878C>A (p.Gln960Lys),MET,Uncertain significance,"criteria provided, single submitter",,,c.2878C>A,,rs2116993223,
1470672,NM_000245.4(MET):c.3467T>C (p.Val1156Ala),MET,Uncertain significance,"criteria provided, multiple submitters, no conflicts",,,c.3467T>C,,rs2117047452,
1470904,NM_000245.4(MET):c.2213A>C (p.Tyr738Ser),MET,Uncertain significance,"criteria provided, single submitter",,,c.2213A>C,,rs2116932101,
1488832,NM_000245.4(MET):c.3092T>C (p.Met1031Thr),MET,Uncertain significance,"criteria provided, multiple submitters, no conflicts",,,c.3092T>C,,rs1255185058,
1476581,NM_000245.4(MET):c.2583G>A (p.Lys861=),MET,Uncertain significance,"criteria provided, multiple submitters, no conflicts",,,c.2583G>A,,rs1584947168,
1476600,NM_000245.4(MET):c.2474G>A (p.Gly825Glu),MET,Uncertain significance,"criteria provided, single submitter",,,c.2474G>A,,rs1307584609,
1477105,NM_000245.4(MET):c.208A>G (p.Ile70Val),MET,Uncertain significance,"criteria provided, multiple submitters, no conflicts",,,c.208A>G,,rs2116582927,
1477642,NM_000245.4(MET):c.1131C>G (p.Ile377Met),MET,Uncertain significance,"criteria provided, single submitter",,,c.1131C>G,,rs28444388,
1775822,NM_000245.4(MET):c.1587C>A (p.Cys529Ter),MET,Uncertain significance,"criteria provided, single submitter",,,c.1587C>A,,rs2116835345,
1775987,NM_000245.4(MET):c.1048A>T (p.Lys350Ter),MET,Uncertain significance,"criteria provided, single submitter",,,c.1048A>T,,rs201191014,
1776053,NM_000245.4(MET):c.1599A>T (p.Pro533=),MET,Uncertain significance,"criteria provided, single submitter",,,c.1599A>T,,rs1318611404,
1782545,NM_000245.4(MET):c.1914A>G (p.Ile638Met),MET,Uncertain significance,"criteria provided, single submitter",,,c.1914A>G,,rs2116920489,
1771160,NM_000245.4(MET):c.1376A>G (p.Glu459Gly),MET,Uncertain significance,"criteria provided, single submitter",,,c.1376A>G,,rs2485614100,
1771772,NM_000245.4(MET):c.13G>T (p.Ala5Ser),MET,Uncertain significance,"criteria provided, single submitter",,,c.13G>T,,rs765444467,
1772310,NM_000245.4(MET):c.1423C>T (p.Pro475Ser),MET,Uncertain significance,"criteria provided, multiple submitters, no conflicts",,,c.1423C>T,,rs2485637869,
1776897,NM_000245.4(MET):c.1634G>A (p.Cys545Tyr),MET,Uncertain significance,"criteria provided, multiple submitters, no conflicts",,,c.1634G>A,,rs2116836401,
1776939,NM_000245.4(MET):c.1636dup (p.Val546fs),MET,Uncertain significance,"criteria provided, single submitter",,,c.1636dup,,rs2485645420,
1777152,NM_000245.4(MET):c.1646A>G (p.Glu549Gly),MET,Uncertain significance,"criteria provided, multiple submitters, no conflicts",,,c.1646A>G,,rs1160821810,
1773455,NM_000245.4(MET):c.1475T>G (p.Val492Gly),MET,Uncertain significance,"criteria provided, single submitter",,,c.1475T>G,,rs2116827202,
1773789,NM_000245.4(MET):c.1491C>A (p.Asn497Lys),MET,Uncertain significance,"criteria provided, single submitter",,,c.1491C>A,,rs2116827620,
1773826,NM_000245.4(MET):c.1493A>G (p.Gln498Arg),MET,Uncertain significance,"criteria provided, single submitter",,,c.1493A>G,,rs1219979845,
1774378,NM_000245.4(MET):c.1519G>A (p.Gly507Arg),MET,Uncertain significance,"criteria provided, multiple submitters, no conflicts",,,c.1519G>A,,rs1793386405,
1779495,NM_000245.4(MET):c.1757G>T (p.Trp586Leu),MET,Uncertain significance,"criteria provided, single submitter",,,c.1757G>T,,rs2116909448,
1780017,NM_000245.4(MET):c.105G>T (p.Met35Ile),MET,Uncertain significance,"criteria provided, multiple submitters, no conflicts",,,c.105G>T,,rs376244358,
1780102,NM_000245.4(MET):c.1786T>C (p.Phe596Leu),MET,Uncertain significance,"criteria provided, single submitter",,,c.1786T>C,,rs879254332,
1780180,NM_000245.4(MET):c.1790A>G (p.Asp597Gly),MET,Uncertain significance,"criteria provided, multiple submitters, no conflicts",,,c.1790A>G,,rs2116910029,
1780694,NM_000245.4(MET):c.1817G>T (p.Gly606Val),MET,Uncertain significance,"criteria provided, multiple submitters, no conflicts",,,c.1817G>T,,rs2116910408,
1775503,NM_000245.4(MET):c.1570C>T (p.Gln524Ter),MET,Uncertain significance,"criteria provided, single submitter",,,c.1570C>T,,rs2116834835,
1770398,NM_000245.4(MET):c.1342G>C (p.Gly448Arg),MET,Uncertain significance,"criteria provided, single submitter",,,c.1342G>C,,rs1584914261,
1478952,NM_000245.4(MET):c.25C>A (p.Pro9Thr),MET,Uncertain significance,"criteria provided, single submitter",,,c.25C>A,,rs2116578170,
1480179,NM_000245.4(MET):c.998T>C (p.Ile333Thr),MET,Uncertain significance,"criteria provided, single submitter",,,c.998T>C,,rs1584878120,
1480786,NM_000245.4(MET):c.1820A>G (p.Asn607Ser),MET,Uncertain significance,"criteria provided, multiple submitters, no conflicts",,,c.1820A>G,,rs2116910444,
1480925,NM_000245.4(MET):c.2893G>A (p.Gly965Ser),MET,Uncertain significance,"criteria provided, multiple submitters, no conflicts",,,c.2893G>A,,rs1413209214,
1482067,NM_000245.4(MET):c.3291G>T (p.Leu1097Phe),MET,Uncertain significance,"criteria provided, single submitter",,,c.3291G>T,,rs2117039952,
1482319,NM_000245.4(MET):c.1237C>T (p.Arg413Cys),MET,Uncertain significance,"criteria provided, multiple submitters, no conflicts",,,c.1237C>T,,rs201980687,
1482516,NM_000245.4(MET):c.3475T>C (p.Tyr1159His),MET,Uncertain significance,"criteria provided, multiple submitters, no conflicts",,,c.3475T>C,,rs2117047603,
1497643,NM_000245.4(MET):c.3343A>C (p.Ile1115Leu),MET,Uncertain significance,"criteria provided, multiple submitters, no conflicts",,,c.3343A>C,,rs2117044727,
1497651,NM_000245.4(MET):c.348C>G (p.Ile116Met),MET,Uncertain significance,"criteria provided, multiple submitters, no conflicts",,,c.348C>G,,rs2116586543,
1483262,NM_000245.4(MET):c.2479C>T (p.Leu827Phe),MET,Uncertain significance,"criteria provided, single submitter",,,c.2479C>T,,rs2116955879,
1483300,NM_000245.4(MET):c.1298A>G (p.Gln433Arg),MET,Uncertain significance,"criteria provided, single submitter",,,c.1298A>G,,rs774952152,
1483965,NM_000245.4(MET):c.3236A>C (p.His1079Pro),MET,Uncertain significance,"criteria provided, multiple submitters, no conflicts",,,c.3236A>C,,rs758292223,
1484700,NM_000245.4(MET):c.3197T>A (p.Val1066Glu),MET,Uncertain significance,"criteria provided, single submitter",,,c.3197T>A,,rs2117031615,
1484976,NM_000245.4(MET):c.3183G>C (p.Glu1061Asp),MET,Uncertain significance,"criteria provided, single submitter",,,c.3183G>C,,rs1554398889,
1771144,NM_000245.4(MET):c.1375G>A (p.Glu459Lys),MET,Uncertain significance,"criteria provided, multiple submitters, no conflicts",,,c.1375G>A,,rs2116784052,
1492021,NM_000245.4(MET):c.248A>C (p.Glu83Ala),MET,Uncertain significance,"criteria provided, single submitter",,,c.248A>C,,rs2116583864,
1763385,NM_000245.4(MET):c.843C>G (p.Phe281Leu),MET,Uncertain significance,"criteria provided, multiple submitters, no conflicts",,,c.843C>G,,rs2116599322,
1764356,NM_000245.4(MET):c.86C>G (p.Ala29Gly),MET,Uncertain significance,"criteria provided, single submitter",,,c.86C>G,,rs775439897,
1764446,NM_000245.4(MET):c.871T>C (p.Tyr291His),MET,Uncertain significance,"criteria provided, single submitter",,,c.871T>C,,rs2116599973,
1764465,NM_000245.4(MET):c.872A>G (p.Tyr291Cys),MET,Uncertain significance,"criteria provided, multiple submitters, no conflicts",,,c.872A>G,,rs2116600000,
1772394,NM_000245.4(MET):c.1427A>G (p.His476Arg),MET,Uncertain significance,"criteria provided, multiple submitters, no conflicts",,,c.1427A>G,,rs2485637914,
1766477,NM_000245.4(MET):c.1275G>T (p.Gln425His),MET,Uncertain significance,"criteria provided, single submitter",,,c.1275G>T,,rs201181441,
1766957,NM_000245.4(MET):c.943A>G (p.Asn315Asp),MET,Uncertain significance,"criteria provided, multiple submitters, no conflicts",,,c.943A>G,,rs2116601398,
1768540,NM_000245.4(MET):c.98C>A (p.Ser33Tyr),MET,Uncertain significance,"criteria provided, single submitter",,,c.98C>A,,rs2485505223,
1768643,NM_000245.4(MET):c.992G>T (p.Arg331Ile),MET,Uncertain significance,"criteria provided, multiple submitters, no conflicts",,,c.992G>T,,rs2116602789,
1768690,NM_000245.4(MET):c.994C>A (p.Gln332Lys),MET,Uncertain significance,"criteria provided, multiple submitters, no conflicts",,,c.994C>A,,rs1791512313,
1774702,NM_000245.4(MET):c.1043A>T (p.Gln348Leu),MET,Uncertain significance,"criteria provided, multiple submitters, no conflicts",,,c.1043A>T,,rs2485515687,
1774843,NM_000245.4(MET):c.1540C>T (p.Pro514Ser),MET,Uncertain significance,"criteria provided, multiple submitters, no conflicts",,,c.1540C>T,,rs756526057,
1774857,NM_000245.4(MET):c.1541C>T (p.Pro514Leu),MET,Uncertain significance,"criteria provided, multiple submitters, no conflicts",,,c.1541C>T,,rs1793418567,
1774956,NM_000245.4(MET):c.1547A>G (p.Asn516Ser),MET,Uncertain significance,"criteria provided, multiple submitters, no conflicts",,,c.1547A>G,,rs1793418893,
1770242,NM_000245.4(MET):c.1336A>T (p.Ile446Phe),MET,Uncertain significance,"criteria provided, multiple submitters, no conflicts",,,c.1336A>T,,rs779022887,
1759045,NM_000245.4(MET):c.746A>G (p.Tyr249Cys),MET,Uncertain significance,"criteria provided, single submitter",,,c.746A>G,,rs2116596788,
1761037,NM_000245.4(MET):c.788C>G (p.Thr263Arg),MET,Uncertain significance,"criteria provided, single submitter",,,c.788C>G,,rs764052874,
1761229,NM_000245.4(MET):c.791T>C (p.Val264Ala),MET,Uncertain significance,"criteria provided, single submitter",,,c.791T>C,,rs2116597970,
1769697,NM_000245.4(MET):c.1312C>A (p.Leu438Ile),MET,Uncertain significance,"criteria provided, single submitter",,,c.1312C>A,,rs587780733,
1769699,NM_000245.4(MET):c.1312C>T (p.Leu438Phe),MET,Uncertain significance,"criteria provided, single submitter",,,c.1312C>T,,rs587780733,
1763019,NM_000245.4(MET):c.834A>G (p.Ile278Met),MET,Uncertain significance,"criteria provided, single submitter",,,c.834A>G,,rs2116599136,
1486195,NM_000245.4(MET):c.3978G>A (p.Met1326Ile),MET,Uncertain significance,"criteria provided, multiple submitters, no conflicts",,,c.3978G>A,,rs1795656686,
1486338,NM_000245.4(MET):c.3095C>T (p.Ser1032Phe),MET,Uncertain significance,"criteria provided, multiple submitters, no conflicts",,,c.3095C>T,,rs1201989602,
1487420,NM_000245.4(MET):c.4092_4093inv (p.Tyr1365His),MET,Uncertain significance,"criteria provided, single submitter",,,c.4092_4093inv,,,
1487766,NM_000245.4(MET):c.1807G>A (p.Val603Ile),MET,Uncertain significance,"criteria provided, multiple submitters, no conflicts",,,c.1807G>A,,rs2116910262,
1487950,NM_000245.4(MET):c.3508C>G (p.Arg1170Gly),MET,Uncertain significance,"criteria provided, single submitter",,,c.3508C>G,,rs200754673,
1487989,NM_000245.4(MET):c.1295G>A (p.Gly432Asp),MET,Uncertain significance,"criteria provided, single submitter",,,c.1295G>A,,rs2116781776,
1505642,NM_000245.4(MET):c.2419C>A (p.Gln807Lys),MET,Uncertain significance,"criteria provided, multiple submitters, no conflicts",,,c.2419C>A,,rs2116954655,
1489522,NM_000245.4(MET):c.3029A>C (p.Asp1010Ala),MET,Uncertain significance,"criteria provided, multiple submitters, no conflicts",,,c.3029A>C,,rs2117029391,
1489953,NM_000245.4(MET):c.3202C>T (p.His1068Tyr),MET,Uncertain significance,"criteria provided, single submitter",,,c.3202C>T,,rs1330566980,
1491921,NM_000245.4(MET):c.759T>G (p.Phe253Leu),MET,Uncertain significance,"criteria provided, single submitter",,,c.759T>G,,rs2116597103,
1758606,NM_000245.4(MET):c.737C>T (p.Pro246Leu),MET,Uncertain significance,"criteria provided, single submitter",,,c.737C>T,,rs2116596570,
1493343,NM_000245.4(MET):c.1033del (p.Val345fs),MET,Uncertain significance,"criteria provided, single submitter",,,c.1033del,,rs1791514332,
1493870,NM_000245.4(MET):c.3410C>T (p.Pro1137Leu),MET,Uncertain significance,"criteria provided, single submitter",,,c.3410C>T,,rs2117046293,
1493874,NM_000245.4(MET):c.2317C>T (p.Pro773Ser),MET,Uncertain significance,"criteria provided, multiple submitters, no conflicts",,,c.2317C>T,,rs2116938395,
1495081,NM_000245.4(MET):c.3657G>C (p.Lys1219Asn),MET,Uncertain significance,"criteria provided, single submitter",,,c.3657G>C,,rs1795207276,
1495620,NM_000245.4(MET):c.2941G>A (p.Asp981Asn),MET,Uncertain significance,"criteria provided, multiple submitters, no conflicts",,,c.2941G>A,,rs1794847447,
1496610,NM_000245.4(MET):c.674G>A (p.Gly225Asp),MET,Uncertain significance,"criteria provided, single submitter",,,c.674G>A,,rs1791495307,
1496880,NM_000245.4(MET):c.4123G>T (p.Ala1375Ser),MET,Uncertain significance,"criteria provided, single submitter",,,c.4123G>T,,rs373517956,
1513000,NM_000245.4(MET):c.608CTT[1] (p.Ser204del),MET,Uncertain significance,"criteria provided, multiple submitters, no conflicts",,,c.608CTT[1],,rs764811491,
1498031,NM_000245.4(MET):c.464A>G (p.Gln155Arg),MET,Uncertain significance,"criteria provided, multiple submitters, no conflicts",,,c.464A>G,,rs2116589485,
1499340,NM_000245.4(MET):c.4094A>G (p.Tyr1365Cys),MET,Uncertain significance,"criteria provided, single submitter",,,c.4094A>G,,rs1795662590,
1499687,NM_000245.4(MET):c.472G>T (p.Val158Phe),MET,Uncertain significance,"criteria provided, multiple submitters, no conflicts",,,c.472G>T,,rs1227091238,
1500064,NM_000245.4(MET):c.466T>C (p.Ser156Pro),MET,Uncertain significance,"criteria provided, single submitter",,,c.466T>C,,rs2116589535,
1501148,NM_000245.4(MET):c.1018G>A (p.Asp340Asn),MET,Uncertain significance,"criteria provided, single submitter",,,c.1018G>A,,rs769544894,
1502309,NM_000245.4(MET):c.3065_3067del (p.Arg1022del),MET,Uncertain significance,"criteria provided, single submitter",,,c.3065_3067del,,rs2117029920,
1758727,NM_000245.4(MET):c.73G>A (p.Glu25Lys),MET,Uncertain significance,"criteria provided, single submitter",,,c.73G>A,,rs2116579525,
1508658,NM_000245.4(MET):c.2238A>T (p.Glu746Asp),MET,Uncertain significance,"criteria provided, single submitter",,,c.2238A>T,,rs2116932511,
1508777,NM_000245.4(MET):c.836T>C (p.Ile279Thr),MET,Uncertain significance,"criteria provided, multiple submitters, no conflicts",,,c.836T>C,,rs2116599173,
1747567,NM_000245.4(MET):c.1201-3C>A,MET,Uncertain significance,"criteria provided, single submitter",,,NM_000245.4(MET):c.1201-3C>A,,rs2116778989,
1747843,NM_000245.4(MET):c.1202C>A (p.Thr401Lys),MET,Uncertain significance,"criteria provided, single submitter",,,c.1202C>A,,rs2116779096,
1748540,NM_000245.4(MET):c.559T>G (p.Ser187Ala),MET,Uncertain significance,"criteria provided, single submitter",,,c.559T>G,,rs1791489630,
1748614,NM_000245.4(MET):c.560C>A (p.Ser187Tyr),MET,Uncertain significance,"criteria provided, single submitter",,,c.560C>A,,rs2116591948,
1762344,NM_000245.4(MET):c.818C>T (p.Thr273Ile),MET,Uncertain significance,"criteria provided, multiple submitters, no conflicts",,,c.818C>T,,rs368144654,
1753220,NM_000245.4(MET):c.638C>T (p.Ser213Leu),MET,Uncertain significance,"criteria provided, multiple submitters, no conflicts",,,c.638C>T,,rs367722737,
1754064,NM_000245.4(MET):c.652A>T (p.Arg218Trp),MET,Uncertain significance,"criteria provided, single submitter",,,c.652A>T,,rs2116594422,
1754895,NM_000245.4(MET):c.668A>G (p.Lys223Arg),MET,Uncertain significance,"criteria provided, multiple submitters, no conflicts",,,c.668A>G,,rs2485511841,
1755136,NM_000245.4(MET):c.672T>G (p.Asp224Glu),MET,Uncertain significance,"criteria provided, single submitter",,,c.672T>G,,rs2116594941,
1755574,NM_000245.4(MET):c.680T>G (p.Met227Arg),MET,Uncertain significance,"criteria provided, single submitter",,,c.680T>G,,rs1226545782,
1755680,NM_000245.4(MET):c.682T>G (p.Phe228Val),MET,Uncertain significance,"criteria provided, single submitter",,,c.682T>G,,rs921083171,
1764569,NM_000245.4(MET):c.1268C>A (p.Ala423Asp),MET,Uncertain significance,"criteria provided, multiple submitters, no conflicts",,,c.1268C>A,,rs2116781001,
1764872,NM_000245.4(MET):c.884C>T (p.Pro295Leu),MET,Uncertain significance,"criteria provided, single submitter",,,c.884C>T,,rs2116600208,
1757590,NM_000245.4(MET):c.718G>C (p.Glu240Gln),MET,Uncertain significance,"criteria provided, single submitter",,,c.718G>C,,rs2116596145,
1746925,NM_000245.4(MET):c.533G>A (p.Ser178Asn),MET,Uncertain significance,"criteria provided, single submitter",,,c.533G>A,,rs1239166904,
1747281,NM_000245.4(MET):c.1200+2T>C,MET,Uncertain significance,"criteria provided, multiple submitters, no conflicts",,,NM_000245.4(MET):c.1200+2T>C,,rs2116607832,
1747440,NM_000245.4(MET):c.541G>T (p.Gly181Ter),MET,Uncertain significance,"criteria provided, single submitter",,,c.541G>T,,rs779040487,
1502640,NM_000245.4(MET):c.2702T>C (p.Leu901Pro),MET,Uncertain significance,"criteria provided, single submitter",,,c.2702T>C,,rs755194593,
1502789,NM_000245.4(MET):c.1868A>G (p.Lys623Arg),MET,Uncertain significance,"criteria provided, single submitter",,,c.1868A>G,,rs2116919726,
1503207,NM_000245.4(MET):c.439C>T (p.Pro147Ser),MET,Uncertain significance,"criteria provided, multiple submitters, no conflicts",,,c.439C>T,,rs2116588845,
1503654,NM_000245.4(MET):c.1187A>C (p.His396Pro),MET,Uncertain significance,"criteria provided, multiple submitters, no conflicts",,,c.1187A>C,,rs2116607543,
1503765,NM_000245.4(MET):c.4052A>G (p.His1351Arg),MET,Uncertain significance,"criteria provided, multiple submitters, no conflicts",,,c.4052A>G,,rs1490801483,
1504608,NM_000245.4(MET):c.2912A>G (p.Tyr971Cys),MET,Uncertain significance,"criteria provided, multiple submitters, no conflicts",,,c.2912A>G,,rs780819058,
1505339,NM_000245.4(MET):c.961T>C (p.Tyr321His),MET,Uncertain significance,"criteria provided, single submitter",,,c.961T>C,,rs2116601933,
1524504,NM_000245.4(MET):c.1805G>A (p.Arg602Lys),MET,Uncertain significance,"criteria provided, single submitter",,,c.1805G>A,,rs1484732727,
1524782,NM_000245.4(MET):c.4142C>T (p.Thr1381Ile),MET,Uncertain significance,"criteria provided, multiple submitters, no conflicts",,,c.4142C>T,,rs2117113682,
1505991,NM_000245.4(MET):c.179A>G (p.His60Arg),MET,Uncertain significance,"criteria provided, multiple submitters, no conflicts",,,c.179A>G,,rs776426414,
1506579,NM_000245.4(MET):c.2273G>A (p.Ser758Asn),MET,Uncertain significance,"criteria provided, single submitter",,,c.2273G>A,,rs2116937610,
1507734,NM_000245.4(MET):c.3161A>T (p.Asp1054Val),MET,Uncertain significance,"criteria provided, multiple submitters, no conflicts",,,c.3161A>T,,rs2117031126,
1508104,NM_000245.4(MET):c.2620G>A (p.Val874Met),MET,Uncertain significance,"criteria provided, multiple submitters, no conflicts",,,c.2620G>A,,rs1299130122,
1510744,NM_000245.4(MET):c.2102+5T>A,MET,Uncertain significance,"criteria provided, multiple submitters, no conflicts",,,NM_000245.4(MET):c.2102+5T>A,,rs1794247110,
1511567,NM_000245.4(MET):c.395G>T (p.Ser132Ile),MET,Uncertain significance,"criteria provided, multiple submitters, no conflicts",,,c.395G>T,,rs1791478666,
1512310,NM_000245.4(MET):c.2777A>G (p.Gln926Arg),MET,Uncertain significance,"criteria provided, single submitter",,,c.2777A>G,,rs1464316950,
1512507,NM_000245.4(MET):c.1701+3A>C,MET,Uncertain significance,"criteria provided, single submitter",,,NM_000245.4(MET):c.1701+3A>C,,rs779880717,
1513797,NM_000245.4(MET):c.1937C>T (p.Thr646Ile),MET,Uncertain significance,"criteria provided, multiple submitters, no conflicts",,,c.1937C>T,,rs751307227,
1514266,NM_000245.4(MET):c.1907T>A (p.Met636Lys),MET,Uncertain significance,"criteria provided, multiple submitters, no conflicts",,,c.1907T>A,,rs775011117,
1515176,NM_000245.4(MET):c.3545T>C (p.Ile1182Thr),MET,Uncertain significance,"criteria provided, multiple submitters, no conflicts",,,c.3545T>C,,rs1795171887,
1516512,NM_000245.4(MET):c.3794A>T (p.Asp1265Val),MET,Uncertain significance,"criteria provided, multiple submitters, no conflicts",,,c.3794A>T,,rs2117067679,
1516929,NM_000245.4(MET):c.25C>T (p.Pro9Ser),MET,Uncertain significance,"criteria provided, single submitter",,,c.25C>T,,rs2116578170,
1518101,NM_000245.4(MET):c.2220A>C (p.Glu740Asp),MET,Uncertain significance,"criteria provided, single submitter",,,c.2220A>C,,rs1554395720,
1741045,NM_000245.4(MET):c.44T>C (p.Leu15Pro),MET,Uncertain significance,"criteria provided, single submitter",,,c.44T>C,,rs2116578774,
1756457,NM_000245.4(MET):c.698C>G (p.Ser233Cys),MET,Uncertain significance,"criteria provided, single submitter",,,c.698C>G,,rs2116595626,
1756685,NM_000245.4(MET):c.700T>C (p.Tyr234His),MET,Uncertain significance,"criteria provided, multiple submitters, no conflicts",,,c.700T>C,,rs2116595685,
1757174,NM_000245.4(MET):c.1237C>G (p.Arg413Gly),MET,Uncertain significance,"criteria provided, single submitter",,,c.1237C>G,,rs201980687,
1757466,NM_000245.4(MET):c.716C>G (p.Pro239Arg),MET,Uncertain significance,"criteria provided, single submitter",,,c.716C>G,,rs45551737,
1737303,NM_000245.4(MET):c.3989T>G (p.Phe1330Cys),MET,Uncertain significance,"criteria provided, single submitter",,,c.3989T>G,,rs2117111194,
1745146,NM_000245.4(MET):c.506C>G (p.Pro169Arg),MET,Uncertain significance,"criteria provided, single submitter",,,c.506C>G,,rs2116590631,
1745523,NM_000245.4(MET):c.512A>C (p.Gln171Pro),MET,Uncertain significance,"criteria provided, multiple submitters, no conflicts",,,c.512A>C,,rs2485510149,
1745666,NM_000245.4(MET):c.514T>A (p.Cys172Ser),MET,Uncertain significance,"criteria provided, single submitter",,,c.514T>A,,rs2116590809,
1746760,NM_000245.4(MET):c.530T>C (p.Val177Ala),MET,Uncertain significance,"criteria provided, single submitter",,,c.530T>C,,rs2116591211,
1737853,NM_000245.4(MET):c.4046A>G (p.Tyr1349Cys),MET,Uncertain significance,"criteria provided, single submitter",,,c.4046A>G,,rs2117112070,
1737968,NM_000245.4(MET):c.4064C>T (p.Thr1355Ile),MET,Uncertain significance,"criteria provided, multiple submitters, no conflicts",,,c.4064C>T,,rs2117112371,
1738211,NM_000245.4(MET):c.4093T>C (p.Tyr1365His),MET,Uncertain significance,"criteria provided, single submitter",,,c.4093T>C,,rs2117112821,
1738214,NM_000245.4(MET):c.4094A>T (p.Tyr1365Phe),MET,Uncertain significance,"criteria provided, multiple submitters, no conflicts",,,c.4094A>T,,rs1795662590,
1752486,NM_000245.4(MET):c.625C>G (p.His209Asp),MET,Uncertain significance,"criteria provided, single submitter",,,c.625C>G,,rs866183824,
1753038,NM_000245.4(MET):c.635A>T (p.His212Leu),MET,Uncertain significance,"criteria provided, multiple submitters, no conflicts",,,c.635A>T,,rs2116593957,
1739678,NM_000245.4(MET):c.431A>C (p.His144Pro),MET,Uncertain significance,"criteria provided, single submitter",,,c.431A>C,,rs2116588677,
1739777,NM_000245.4(MET):c.432T>A (p.His144Gln),MET,Uncertain significance,"criteria provided, single submitter",,,c.432T>A,,rs2116588696,
1509000,NM_000245.4(MET):c.2870A>T (p.Lys957Met),MET,Uncertain significance,"criteria provided, single submitter",,,c.2870A>T,,rs1794836962,
1509718,NM_000245.4(MET):c.3589A>T (p.Ser1197Cys),MET,Uncertain significance,"criteria provided, multiple submitters, no conflicts",,,c.3589A>T,,rs2117060265,
1510656,NM_000245.4(MET):c.2941G>C (p.Asp981His),MET,Uncertain significance,"criteria provided, multiple submitters, no conflicts",,,c.2941G>C,,rs1794847447,
1738781,NM_000245.4(MET):c.4162G>A (p.Glu1388Lys),MET,Uncertain significance,"criteria provided, multiple submitters, no conflicts",,,c.4162G>A,,rs1795667792,
1738829,NM_000245.4(MET):c.4166C>T (p.Thr1389Ile),MET,Uncertain significance,"criteria provided, single submitter",,,c.4166C>T,,rs1204472220,
1736770,NM_000245.4(MET):c.3936-3C>T,MET,Uncertain significance,"criteria provided, single submitter",,,NM_000245.4(MET):c.3936-3C>T,,rs2117110330,
1518293,NM_000245.4(MET):c.2360C>T (p.Thr787Ile),MET,Uncertain significance,"criteria provided, multiple submitters, no conflicts",,,c.2360C>T,,rs2116939286,
1518771,NM_000245.4(MET):c.3717C>A (p.Asn1239Lys),MET,Uncertain significance,"criteria provided, single submitter",,,c.3717C>A,,rs2117066535,
1520569,NM_000245.4(MET):c.2880A>T (p.Gln960His),MET,Uncertain significance,"criteria provided, single submitter",,,c.2880A>T,,rs2116993238,
1521376,NM_000245.4(MET):c.84G>C (p.Glu28Asp),MET,Uncertain significance,"criteria provided, single submitter",,,c.84G>C,,rs759602956,
1521529,NM_000245.4(MET):c.2311_2314del (p.Val772fs),MET,Uncertain significance,"criteria provided, single submitter",,,c.2311_2314del,,rs2116938280,
1522449,NM_000245.4(MET):c.622G>T (p.Asp208Tyr),MET,Uncertain significance,"criteria provided, single submitter",,,c.622G>T,,rs2116593557,
1522865,NM_000245.4(MET):c.1859A>G (p.Asn620Ser),MET,Uncertain significance,"criteria provided, single submitter",,,c.1859A>G,,rs2116911133,
1525069,NM_000245.4(MET):c.4127A>C (p.Asp1376Ala),MET,Uncertain significance,"criteria provided, single submitter",,,c.4127A>C,,rs760339018,
1525592,NM_000245.4(MET):c.3157A>T (p.Ile1053Phe),MET,Uncertain significance,"criteria provided, single submitter",,,c.3157A>T,,rs1278254320,
1736771,NM_000245.4(MET):c.3936-4A>G,MET,Uncertain significance,"criteria provided, single submitter",,,NM_000245.4(MET):c.3936-4A>G,,rs2117110321,
1736772,NM_000245.4(MET):c.3936A>T (p.Leu1312Phe),MET,Uncertain significance,"criteria provided, multiple submitters, no conflicts",,,c.3936A>T,,rs1402503967,
1736930,NM_000245.4(MET):c.3946A>G (p.Met1316Val),MET,Uncertain significance,"criteria provided, single submitter",,,c.3946A>G,,rs2117110520,
1736948,NM_000245.4(MET):c.3948G>A (p.Met1316Ile),MET,Uncertain significance,"criteria provided, single submitter",,,c.3948G>A,,rs1434248114,
1719079,NM_000245.4(MET):c.2805T>G (p.Ile935Met),MET,Uncertain significance,"criteria provided, single submitter",,,c.2805T>G,,rs763131600,
1734439,NM_000245.4(MET):c.3684C>G (p.Asp1228Glu),MET,Uncertain significance,"criteria provided, single submitter",,,c.3684C>G,,rs786201612,
1737517,NM_000245.4(MET):c.4015_4017delinsCCA (p.Ala1339Pro),MET,Uncertain significance,"criteria provided, single submitter",,,c.4015_4017delinsCCA,,rs2485874415,
41607,NM_000245.2:c.-14-3312A>T,MET,Benign,no assertion criteria provided,,,NM_000245.2:c.-14-3312A>T,,,
93566,NM_000245.4(MET):c.1131C>T (p.Ile377=),MET,Benign,"criteria provided, multiple submitters, no conflicts",,,c.1131C>T,,rs28444388,
93567,NM_000245.4(MET):c.144G>A (p.Ala48=),MET,Benign,"criteria provided, multiple submitters, no conflicts",,,c.144G>A,,rs11762213,
93569,NM_000245.4(MET):c.1944A>G (p.Gln648=),MET,Benign,"criteria provided, multiple submitters, no conflicts",,,c.1944A>G,,rs13223756,
93573,NM_000245.4(MET):c.390C>T (p.Leu130=),MET,Benign,"criteria provided, multiple submitters, no conflicts",,,c.390C>T,,rs150588908,
93574,NM_000245.4(MET):c.3858C>T (p.Asp1286=),MET,Benign,"criteria provided, multiple submitters, no conflicts",,,c.3858C>T,,rs41736,
93575,NM_000245.4(MET):c.4017G>A (p.Ala1339=),MET,Benign,"criteria provided, multiple submitters, no conflicts",,,c.4017G>A,,rs2023748,
135556,NM_000245.4(MET):c.1701+25A>G,MET,Benign,"criteria provided, multiple submitters, no conflicts",,,NM_000245.4(MET):c.1701+25A>G,,rs73469198,
93576,NM_000245.4(MET):c.4092G>A (p.Pro1364=),MET,Benign,"criteria provided, multiple submitters, no conflicts",,,c.4092G>A,,rs41737,
93578,NM_000245.4(MET):c.534C>T (p.Ser178=),MET,Benign,"criteria provided, multiple submitters, no conflicts",,,c.534C>T,,rs35775721,
358697,NM_000245.4(MET):c.*87G>A,MET,Benign,"criteria provided, single submitter",,,NM_000245.4(MET):c.*87G>A,,rs41281081,
358699,NM_000245.4(MET):c.*216C>A,MET,Benign,"criteria provided, multiple submitters, no conflicts",,,NM_000245.4(MET):c.*216C>A,,rs149188493,
257517,NM_000245.4(MET):c.4038G>A (p.Gly1346=),MET,Benign,"criteria provided, single submitter",,,c.4038G>A,,rs886038413,
358712,NM_000245.4(MET):c.*1010G>T,MET,Benign,"criteria provided, single submitter",,,NM_000245.4(MET):c.*1010G>T,,rs150534017,
358713,NM_000245.4(MET):c.*1028A>G,MET,Benign,"criteria provided, multiple submitters, no conflicts",,,NM_000245.4(MET):c.*1028A>G,,rs41738,
358714,NM_000245.4(MET):c.*1220G>A,MET,Benign,"criteria provided, single submitter",,,NM_000245.4(MET):c.*1220G>A,,rs139535303,
358715,NM_000245.4(MET):c.*1224C>T,MET,Benign,"criteria provided, single submitter",,,NM_000245.4(MET):c.*1224C>T,,rs149713628,
358716,NM_000245.4(MET):c.*1326A>G,MET,Benign,"criteria provided, multiple submitters, no conflicts",,,NM_000245.4(MET):c.*1326A>G,,rs41739,
358730,NM_000245.4(MET):c.*2240G>A,MET,Benign,"criteria provided, multiple submitters, no conflicts",,,NM_000245.4(MET):c.*2240G>A,,rs6566,
381955,NM_000245.4(MET):c.-14-13C>T,MET,Benign,"criteria provided, multiple submitters, no conflicts",,,NM_000245.4(MET):c.-14-13C>T,,rs36080330,
358701,NM_000245.4(MET):c.*231T>G,MET,Benign,"criteria provided, multiple submitters, no conflicts",,,NM_000245.4(MET):c.*231T>G,,rs59399612,
358702,NM_000245.4(MET):c.*385G>A,MET,Benign,"criteria provided, single submitter",,,NM_000245.4(MET):c.*385G>A,,rs181068390,
358706,NM_000245.4(MET):c.*656G>A,MET,Benign,"criteria provided, single submitter",,,NM_000245.4(MET):c.*656G>A,,rs531456758,
358707,NM_000245.4(MET):c.*684G>A,MET,Benign,"criteria provided, multiple submitters, no conflicts",,,NM_000245.4(MET):c.*684G>A,,rs12540703,
358708,NM_000245.4(MET):c.*787G>A,MET,Benign,"criteria provided, single submitter",,,NM_000245.4(MET):c.*787G>A,,rs143472935,
358709,NM_000245.4(MET):c.*944A>G,MET,Benign,"criteria provided, single submitter",,,NM_000245.4(MET):c.*944A>G,,rs565768785,
358717,NM_000245.4(MET):c.*1428G>A,MET,Benign,"criteria provided, multiple submitters, no conflicts",,,NM_000245.4(MET):c.*1428G>A,,rs1621,
358704,NM_000245.4(MET):c.*602C>T,MET,Benign,"criteria provided, single submitter",,,NM_000245.4(MET):c.*602C>T,,rs147343288,
358725,NM_000245.4(MET):c.*1987C>T,MET,Benign,"criteria provided, single submitter",,,NM_000245.4(MET):c.*1987C>T,,rs76322625,
439896,NM_000245.4(MET):c.1528-39_1528-38delinsAT,MET,Benign,"criteria provided, single submitter",,,NM_000245.4(MET):c.1528-39_1528-38delinsAT,,rs1554391208,
3773472,NM_000245.4(MET):c.867T>C (p.His289=),MET,Benign,"criteria provided, single submitter",,,c.867T>C,,,
3773485,NM_000245.4(MET):c.2698C>T (p.Leu900=),MET,Benign,"criteria provided, single submitter",,,c.2698C>T,,,
3773489,NM_000245.4(MET):c.2952A>G (p.Val984=),MET,Benign,"criteria provided, single submitter",,,c.2952A>G,,,
3773492,NM_000245.4(MET):c.1356A>T (p.Ile452=),MET,Benign,"criteria provided, single submitter",,,c.1356A>T,,,
3773471,NM_000245.4(MET):c.3159T>A (p.Ile1053=),MET,Benign,"criteria provided, single submitter",,,c.3159T>A,,,
3773322,NM_000245.4(MET):c.3813G>A (p.Val1271=),MET,Benign,"criteria provided, single submitter",,,c.3813G>A,,,
3773325,NM_000245.4(MET):c.2868A>G (p.Lys956=),MET,Benign,"criteria provided, single submitter",,,c.2868A>G,,,
3773327,NM_000245.4(MET):c.1239T>C (p.Arg413=),MET,Benign,"criteria provided, single submitter",,,c.1239T>C,,,
3773397,NM_000245.4(MET):c.909G>A (p.Lys303=),MET,Benign,"criteria provided, single submitter",,,c.909G>A,,,
3773399,NM_000245.4(MET):c.645A>C (p.Ser215=),MET,Benign,"criteria provided, single submitter",,,c.645A>C,,,
3773404,NM_000245.4(MET):c.3996A>G (p.Glu1332=),MET,Benign,"criteria provided, single submitter",,,c.3996A>G,,,
3773451,NM_000245.4(MET):c.246T>G (p.Ala82=),MET,Benign,"criteria provided, single submitter",,,c.246T>G,,,
3773302,NM_000245.4(MET):c.2394A>T (p.Ile798=),MET,Benign,"criteria provided, single submitter",,,c.2394A>T,,,
3773141,NM_000245.4(MET):c.1368G>T (p.Gly456=),MET,Benign,"criteria provided, single submitter",,,c.1368G>T,,,
3773142,NM_000245.4(MET):c.1119C>T (p.Phe373=),MET,Benign,"criteria provided, single submitter",,,c.1119C>T,,,
3773151,NM_000245.4(MET):c.1486T>C (p.Leu496=),MET,Benign,"criteria provided, single submitter",,,c.1486T>C,,,
3773332,NM_000245.4(MET):c.1737A>G (p.Thr579=),MET,Benign,"criteria provided, single submitter",,,c.1737A>G,,,
3773364,NM_000245.4(MET):c.660G>A (p.Lys220=),MET,Benign,"criteria provided, single submitter",,,c.660G>A,,,
3773367,NM_000245.4(MET):c.3228G>A (p.Leu1076=),MET,Benign,"criteria provided, single submitter",,,c.3228G>A,,,
3773381,NM_000245.4(MET):c.1311C>A (p.Val437=),MET,Benign,"criteria provided, single submitter",,,c.1311C>A,,,
3773387,NM_000245.4(MET):c.2289T>C (p.Val763=),MET,Benign,"criteria provided, single submitter",,,c.2289T>C,,,
3773230,NM_000245.4(MET):c.2625A>G (p.Leu875=),MET,Benign,"criteria provided, single submitter",,,c.2625A>G,,,
3773236,NM_000245.4(MET):c.528G>C (p.Val176=),MET,Benign,"criteria provided, single submitter",,,c.528G>C,,,
3773258,NM_000245.4(MET):c.525T>C (p.Cys175=),MET,Benign,"criteria provided, single submitter",,,c.525T>C,,,
3773264,NM_000245.4(MET):c.1851C>T (p.Ser617=),MET,Benign,"criteria provided, single submitter",,,c.1851C>T,,,
3773405,NM_000245.4(MET):c.120G>A (p.Lys40=),MET,Benign,"criteria provided, single submitter",,,c.120G>A,,,
3773442,NM_000245.4(MET):c.1920T>C (p.Ile640=),MET,Benign,"criteria provided, single submitter",,,c.1920T>C,,,
3773105,NM_000245.4(MET):c.2676T>C (p.Val892=),MET,Benign,"criteria provided, single submitter",,,c.2676T>C,,,
3773112,NM_000245.4(MET):c.2763A>G (p.Gly921=),MET,Benign,"criteria provided, single submitter",,,c.2763A>G,,,
3773114,NM_000245.4(MET):c.3483A>G (p.Lys1161=),MET,Benign,"criteria provided, single submitter",,,c.3483A>G,,,
3773116,NM_000245.4(MET):c.2301G>A (p.Leu767=),MET,Benign,"criteria provided, single submitter",,,c.2301G>A,,,
3773118,NM_000245.4(MET):c.1347C>T (p.Asp449=),MET,Benign,"criteria provided, single submitter",,,c.1347C>T,,,
3773271,NM_000245.4(MET):c.144_147delinsAGAG (p.Ala48_Glu49=),MET,Benign,"criteria provided, single submitter",,,c.144_147delinsAGAG,,,
3773278,NM_000245.4(MET):c.1251A>G (p.Arg417=),MET,Benign,"criteria provided, single submitter",,,c.1251A>G,,,
3773284,NM_000245.4(MET):c.2427G>C (p.Leu809=),MET,Benign,"criteria provided, single submitter",,,c.2427G>C,,,
3773286,NM_000245.4(MET):c.4014_4017delinsGGCA (p.Ser1338_Ala1339=),MET,Benign,"criteria provided, single submitter",,,c.4014_4017delinsGGCA,,,
3773067,NM_000245.4(MET):c.2580T>A (p.Ile860=),MET,Benign,"criteria provided, single submitter",,,c.2580T>A,,,
3773068,NM_000245.4(MET):c.*5A>G,MET,Benign,"criteria provided, single submitter",,,NM_000245.4(MET):c.*5A>G,,,
3773071,NM_000245.4(MET):c.4143A>G (p.Thr1381=),MET,Benign,"criteria provided, single submitter",,,c.4143A>G,,,
3773073,NM_000245.4(MET):c.2622G>T (p.Val874=),MET,Benign,"criteria provided, single submitter",,,c.2622G>T,,,
3773161,NM_000245.4(MET):c.2967A>T (p.Val989=),MET,Benign,"criteria provided, single submitter",,,c.2967A>T,,,
3773164,NM_000245.4(MET):c.1875A>G (p.Thr625=),MET,Benign,"criteria provided, single submitter",,,c.1875A>G,,,
3773175,NM_000245.4(MET):c.102G>A (p.Glu34=),MET,Benign,"criteria provided, single submitter",,,c.102G>A,,,
3773191,NM_000245.4(MET):c.2346A>G (p.Ala782=),MET,Benign,"criteria provided, single submitter",,,c.2346A>G,,,
3773128,NM_000245.4(MET):c.4152C>T (p.Ala1384=),MET,Benign,"criteria provided, single submitter",,,c.4152C>T,,,
3773133,NM_000245.4(MET):c.1329C>T (p.Ser443=),MET,Benign,"criteria provided, single submitter",,,c.1329C>T,,,
3773134,NM_000245.4(MET):c.2082A>G (p.Gly694=),MET,Benign,"criteria provided, single submitter",,,c.2082A>G,,,
3773136,NM_000245.4(MET):c.600C>T (p.Thr200=),MET,Benign,"criteria provided, single submitter",,,c.600C>T,,,
3773076,NM_000245.4(MET):c.3840A>G (p.Gly1280=),MET,Benign,"criteria provided, single submitter",,,c.3840A>G,,,
3773082,NM_000245.4(MET):c.2073A>T (p.Ser691=),MET,Benign,"criteria provided, single submitter",,,c.2073A>T,,,
3773090,NM_000245.4(MET):c.3351C>T (p.Asp1117=),MET,Benign,"criteria provided, single submitter",,,c.3351C>T,,,
3773092,NM_000245.4(MET):c.1509G>T (p.Leu503=),MET,Benign,"criteria provided, single submitter",,,c.1509G>T,,,
3773096,NM_000245.4(MET):c.2505T>C (p.Tyr835=),MET,Benign,"criteria provided, single submitter",,,c.2505T>C,,,
3773028,NM_000245.4(MET):c.*9C>T,MET,Benign,"criteria provided, single submitter",,,NM_000245.4(MET):c.*9C>T,,,
3773033,NM_000245.4(MET):c.2355C>T (p.Asn785=),MET,Benign,"criteria provided, single submitter",,,c.2355C>T,,,
3773034,NM_000245.4(MET):c.1128G>A (p.Lys376=),MET,Benign,"criteria provided, single submitter",,,c.1128G>A,,,
3773124,NM_000245.4(MET):c.3060A>G (p.Ser1020=),MET,Benign,"criteria provided, single submitter",,,c.3060A>G,,,
3773035,NM_000245.4(MET):c.2601T>C (p.Pro867=),MET,Benign,"criteria provided, single submitter",,,c.2601T>C,,,
3773051,NM_000245.4(MET):c.3324T>A (p.Ala1108=),MET,Benign,"criteria provided, single submitter",,,c.3324T>A,,,
3773056,NM_000245.4(MET):c.3144A>G (p.Gln1048=),MET,Benign,"criteria provided, single submitter",,,c.3144A>G,,,
3773058,NM_000245.4(MET):c.2499C>G (p.Leu833=),MET,Benign,"criteria provided, single submitter",,,c.2499C>G,,,
3773065,NM_000245.4(MET):c.*9del,MET,Benign,"criteria provided, single submitter",,,NM_000245.4(MET):c.*9del,,,
3773006,NM_000245.4(MET):c.*2G>A,MET,Benign,"criteria provided, single submitter",,,NM_000245.4(MET):c.*2G>A,,,
3773009,NM_000245.4(MET):c.3219C>G (p.Pro1073=),MET,Benign,"criteria provided, single submitter",,,c.3219C>G,,,
3773016,NM_000245.4(MET):c.3123T>C (p.Asp1041=),MET,Benign,"criteria provided, single submitter",,,c.3123T>C,,,
676936,NM_000245.4(MET):c.3523-241C>T,MET,Benign,"criteria provided, single submitter",,,NM_000245.4(MET):c.3523-241C>T,,rs73471130,
676949,NM_000245.4(MET):c.3523-217T>A,MET,Benign,"criteria provided, single submitter",,,NM_000245.4(MET):c.3523-217T>A,,rs73471132,
677720,NM_000245.4(MET):c.2264+89C>T,MET,Benign,"criteria provided, multiple submitters, no conflicts",,,NM_000245.4(MET):c.2264+89C>T,,rs17138978,
802347,NM_000245.4(MET):c.1701+58dup,MET,Benign,"criteria provided, multiple submitters, no conflicts",,,NM_000245.4(MET):c.1701+58dup,,rs112241458,
802348,NM_000245.4(MET):c.1701+59G>T,MET,Benign,"criteria provided, single submitter",,,NM_000245.4(MET):c.1701+59G>T,,rs759007523,
802351,NM_000245.4(MET):c.2584-9del,MET,Benign,"criteria provided, multiple submitters, no conflicts",,,NM_000245.4(MET):c.2584-9del,,rs57349036,
908121,NM_000245.4(MET):c.*1244G>A,MET,Benign,"criteria provided, single submitter",,,NM_000245.4(MET):c.*1244G>A,,rs144559852,
910012,NM_000245.4(MET):c.*201C>T,MET,Benign,"criteria provided, single submitter",,,NM_000245.4(MET):c.*201C>T,,rs1129355,
910015,NM_000245.4(MET):c.*376G>T,MET,Benign,"criteria provided, single submitter",,,NM_000245.4(MET):c.*376G>T,,rs553602374,
1232770,NM_000245.4(MET):c.1200+244A>C,MET,Benign,"criteria provided, single submitter",,,NM_000245.4(MET):c.1200+244A>C,,rs17138937,
1238499,NM_000245.4(MET):c.3523-163G>A,MET,Benign,"criteria provided, single submitter",,,NM_000245.4(MET):c.3523-163G>A,,rs138238598,
1241630,NM_000245.4(MET):c.3633-197G>A,MET,Benign,"criteria provided, single submitter",,,NM_000245.4(MET):c.3633-197G>A,,rs2073560,
1243259,NM_000245.4(MET):c.1702-152C>T,MET,Benign,"criteria provided, single submitter",,,NM_000245.4(MET):c.1702-152C>T,,rs38860,
1246722,NM_000245.4(MET):c.1200+193_1200+194insT,MET,Benign,"criteria provided, single submitter",,,NM_000245.4(MET):c.1200+193_1200+194insT,,rs35212357,
2710074,NM_000245.4(MET):c.2102+20del,MET,Benign,"criteria provided, single submitter",,,NM_000245.4(MET):c.2102+20del,,rs2116925653,
912197,NM_000245.4(MET):c.*2100C>T,MET,Benign,"criteria provided, single submitter",,,NM_000245.4(MET):c.*2100C>T,,rs190739281,
911964,NM_000245.4(MET):c.-182C>A,COMETT,Benign,"criteria provided, single submitter",,,NM_000245.4(MET):c.-182C>A,,rs536603694,
1251132,NM_000245.4(MET):c.3632+63C>T,MET,Benign,"criteria provided, multiple submitters, no conflicts",,,NM_000245.4(MET):c.3632+63C>T,,rs6966012,
1253453,NM_000245.4(MET):c.2888-54_2888-53dup,MET,Benign,"criteria provided, single submitter",,,NM_000245.4(MET):c.2888-54_2888-53dup,,rs140824245,
1255261,NM_000245.4(MET):c.3799-293G>A,MET,Benign,"criteria provided, single submitter",,,NM_000245.4(MET):c.3799-293G>A,,rs41735,
1258112,NM_000245.4(MET):c.3522+251T>C,MET,Benign,"criteria provided, single submitter",,,NM_000245.4(MET):c.3522+251T>C,,rs73716771,
1260114,NM_000245.4(MET):c.1392+276G>C,MET,Benign,"criteria provided, single submitter",,,NM_000245.4(MET):c.1392+276G>C,,rs10244916,
1292727,NM_000245.4(MET):c.1201-247T>C,MET,Benign,"criteria provided, single submitter",,,NM_000245.4(MET):c.1201-247T>C,,rs7804778,
1697549,NM_000245.4(MET):c.1701+57_1701+58dup,MET,Benign,"criteria provided, single submitter",,,NM_000245.4(MET):c.1701+57_1701+58dup,,rs112241458,
1600045,NM_000245.4(MET):c.1862+15dup,MET,Benign,"criteria provided, single submitter",,,NM_000245.4(MET):c.1862+15dup,,rs768074029,
1297426,NM_000245.4(MET):c.2888-36G>A,MET,Benign,"criteria provided, multiple submitters, no conflicts",,,NM_000245.4(MET):c.2888-36G>A,,rs35624294,
1292738,NM_000245.4(MET):c.3260-233T>C,LOC126860158,Benign,"criteria provided, multiple submitters, no conflicts",,,NM_000245.4(MET):c.3260-233T>C,,rs916941,
1247191,NM_000245.4(MET):c.2887+70G>A,MET,Benign,"criteria provided, multiple submitters, no conflicts",,,NM_000245.4(MET):c.2887+70G>A,,rs6978257,
1250863,NM_000245.4(MET):c.3523-75T>C,MET,Benign,"criteria provided, multiple submitters, no conflicts",,,NM_000245.4(MET):c.3523-75T>C,,rs6947629,
1743538,NM_000245.4(MET):c.1186C>T (p.His396Tyr),MET,Benign,"criteria provided, single submitter",,,c.1186C>T,,rs1282638781,
1166750,NM_000245.4(MET):c.-207C>G,COMETT,Benign,"criteria provided, multiple submitters, no conflicts",,,NM_000245.4(MET):c.-207C>G,,rs1858830,
1183625,NM_000245.4(MET):c.2265-314G>A,MET,Benign,"criteria provided, single submitter",,,NM_000245.4(MET):c.2265-314G>A,,rs10215153,
908120,NM_000245.4(MET):c.*1233G>A,MET,Benign,"criteria provided, single submitter",,,NM_000245.4(MET):c.*1233G>A,,rs560568639,
910967,NM_000245.4(MET):c.*1871G>A,MET,Benign,"criteria provided, single submitter",,,NM_000245.4(MET):c.*1871G>A,,rs139377965,
910901,NM_000245.4(MET):c.*397A>G,MET,Benign,"criteria provided, single submitter",,,NM_000245.4(MET):c.*397A>G,,rs559231345,
1802850,NM_000245.4(MET):c.2584-11_2584-9del,MET,Benign,"criteria provided, single submitter",,,NM_000245.4(MET):c.2584-11_2584-9del,,rs57349036,
1227148,NM_000245.4(MET):c.3633-38A>G,MET,Benign,"criteria provided, multiple submitters, no conflicts",,,NM_000245.4(MET):c.3633-38A>G,,rs115240747,
1729435,NM_000245.4(MET):c.3198G>T (p.Val1066=),MET,Likely benign,"criteria provided, single submitter",,,c.3198G>T,,rs1162352573,
4859951,NM_000245.4(MET):c.2193A>G (p.Arg731=),MET,Likely benign,"criteria provided, single submitter",,,c.2193A>G,,,
4859949,NM_000245.4(MET):c.1383C>T (p.Arg461=),MET,Likely benign,"criteria provided, single submitter",,,c.1383C>T,,,
4859948,NM_000245.4(MET):c.510C>T (p.Ser170=),MET,Likely benign,"criteria provided, single submitter",,,c.510C>T,,,
4859946,NM_000245.4(MET):c.2556G>A (p.Met852Ile),MET,Likely benign,"criteria provided, single submitter",,,c.2556G>A,,,
4859944,NM_000245.4(MET):c.1943A>T (p.Gln648Leu),MET,Likely benign,"criteria provided, single submitter",,,c.1943A>T,,,
3294384,NM_000245.4(MET):c.3843C>G (p.Ala1281=),MET,Likely benign,"criteria provided, single submitter",,,c.3843C>G,,,
3294380,NM_000245.4(MET):c.3237T>C (p.His1079=),MET,Likely benign,"criteria provided, single submitter",,,c.3237T>C,,,
834610,NM_000245.4(MET):c.141C>A (p.Thr47=),MET,Likely benign,"criteria provided, multiple submitters, no conflicts",,,c.141C>A,,rs864622222,
3294364,NM_000245.4(MET):c.1506A>C (p.Thr502=),MET,Likely benign,"criteria provided, single submitter",,,c.1506A>C,,,
3346767,NM_000245.4(MET):c.1966-6C>T,MET,Likely benign,"criteria provided, single submitter",,,NM_000245.4(MET):c.1966-6C>T,,,
3294346,NM_000245.4(MET):c.1689T>G (p.Pro563=),MET,Likely benign,"criteria provided, single submitter",,,c.1689T>G,,,
3294344,NM_000245.4(MET):c.2223T>C (p.Asp741=),MET,Likely benign,"criteria provided, single submitter",,,c.2223T>C,,,
3294377,NM_000245.4(MET):c.2838A>G (p.Leu946=),MET,Likely benign,"criteria provided, multiple submitters, no conflicts",,,c.2838A>G,,,
3294370,NM_000245.4(MET):c.1678A>C (p.Ile560Leu),MET,Likely benign,"criteria provided, single submitter",,,c.1678A>C,,,
3294329,NM_000245.4(MET):c.1930C>T (p.His644Tyr),MET,Likely benign,"criteria provided, single submitter",,,c.1930C>T,,,
1729129,NM_000245.4(MET):c.3172C>T (p.Leu1058=),MET,Likely benign,"criteria provided, single submitter",,,c.3172C>T,,rs2117031289,
1729026,NM_000245.4(MET):c.3165C>T (p.Leu1055=),MET,Likely benign,"criteria provided, single submitter",,,c.3165C>T,,rs2117031188,
1728810,NM_000245.4(MET):c.3146A>G (p.Asn1049Ser),MET,Likely benign,"criteria provided, single submitter",,,c.3146A>G,,rs2117030945,
1728760,NM_000245.4(MET):c.1010T>G (p.Leu337Arg),MET,Likely benign,"criteria provided, single submitter",,,c.1010T>G,,rs2116603244,
1731390,NM_000245.4(MET):c.3378C>G (p.Thr1126=),MET,Likely benign,"criteria provided, single submitter",,,c.3378C>G,,rs201111132,
1731226,NM_000245.4(MET):c.3363T>C (p.Val1121=),MET,Likely benign,"criteria provided, multiple submitters, no conflicts",,,c.3363T>C,,rs201997422,
1728091,NM_000245.4(MET):c.3087A>G (p.Thr1029=),MET,Likely benign,"criteria provided, multiple submitters, no conflicts",,,c.3087A>G,,rs2117030230,
1728038,NM_000245.4(MET):c.3084G>A (p.Leu1028=),MET,Likely benign,"criteria provided, single submitter",,,c.3084G>A,,rs2117030178,
4859992,NM_000245.4(MET):c.348C>T (p.Ile116=),MET,Likely benign,"criteria provided, single submitter",,,c.348C>T,,,
4859978,NM_000245.4(MET):c.849C>T (p.Ser283=),MET,Likely benign,"criteria provided, single submitter",,,c.849C>T,,,
4860007,NM_000245.4(MET):c.3276A>G (p.Val1092=),MET,Likely benign,"criteria provided, single submitter",,,c.3276A>G,,,
4860003,NM_000245.4(MET):c.3226C>T (p.Leu1076=),MET,Likely benign,"criteria provided, single submitter",,,c.3226C>T,,,
4860002,NM_000245.4(MET):c.435C>G (p.Val145=),MET,Likely benign,"criteria provided, single submitter",,,c.435C>G,,,
4859983,NM_000245.4(MET):c.1896G>C (p.Lys632Asn),MET,Likely benign,"criteria provided, single submitter",,,c.1896G>C,,,
4859985,NM_000245.4(MET):c.291A>C (p.Pro97=),MET,Likely benign,"criteria provided, single submitter",,,c.291A>C,,,
1729641,NM_000245.4(MET):c.3219C>A (p.Pro1073=),MET,Likely benign,"criteria provided, single submitter",,,c.3219C>A,,rs1794954190,
1697552,NM_000245.4(MET):c.1862+24T>A,MET,Likely benign,"criteria provided, single submitter",,,NM_000245.4(MET):c.1862+24T>A,,rs758246482,
1697546,NM_000245.4(MET):c.1528-39T>A,MET,Likely benign,"criteria provided, single submitter",,,NM_000245.4(MET):c.1528-39T>A,,rs556216308,
1697545,NM_000245.4(MET):c.-14-26C>T,MET,Likely benign,"criteria provided, single submitter",,,NM_000245.4(MET):c.-14-26C>T,,rs2116576794,
1733912,NM_000245.4(MET):c.3630T>C (p.Cys1210=),MET,Likely benign,"criteria provided, single submitter",,,c.3630T>C,,rs1262768593,
1736620,NM_000245.4(MET):c.3918A>G (p.Glu1306=),MET,Likely benign,"criteria provided, single submitter",,,c.3918A>G,,rs2117109006,
1736580,NM_000245.4(MET):c.3915C>A (p.Pro1305=),MET,Likely benign,"criteria provided, single submitter",,,c.3915C>A,,rs555099334,
1736475,NM_000245.4(MET):c.3903A>G (p.Arg1301=),MET,Likely benign,"criteria provided, single submitter",,,c.3903A>G,,rs2117108794,
1736447,NM_000245.4(MET):c.3897G>A (p.Gly1299=),MET,Likely benign,"criteria provided, single submitter",,,c.3897G>A,,rs2117108701,
1732299,NM_000245.4(MET):c.3471A>G (p.Leu1157=),MET,Likely benign,"criteria provided, single submitter",,,c.3471A>G,,rs199701456,
1732298,NM_000245.4(MET):c.3471A>C (p.Leu1157=),MET,Likely benign,"criteria provided, multiple submitters, no conflicts",,,c.3471A>C,,rs199701456,
1697559,NM_000245.4(MET):c.2888-41T>C,MET,Likely benign,"criteria provided, single submitter",,,NM_000245.4(MET):c.2888-41T>C,,rs775541395,
1697558,NM_000245.4(MET):c.2584-23T>A,MET,Likely benign,"criteria provided, single submitter",,,NM_000245.4(MET):c.2584-23T>A,,rs201491944,
1697557,NM_000245.4(MET):c.2583+45T>G,MET,Likely benign,"criteria provided, single submitter",,,NM_000245.4(MET):c.2583+45T>G,,rs768994279,
1697556,NM_000245.4(MET):c.2365-14G>A,MET,Likely benign,"criteria provided, multiple submitters, no conflicts",,,NM_000245.4(MET):c.2365-14G>A,,rs769247886,
1731410,NM_000245.4(MET):c.3381G>A (p.Glu1127=),MET,Likely benign,"criteria provided, multiple submitters, no conflicts",,,c.3381G>A,,rs202065067,
1730861,NM_000245.4(MET):c.3333C>T (p.Ser1111=),MET,Likely benign,"criteria provided, multiple submitters, no conflicts",,,c.3333C>T,,rs748661147,
1737654,NM_000245.4(MET):c.4029T>C (p.Thr1343=),MET,Likely benign,"criteria provided, single submitter",,,c.4029T>C,,rs2117111800,
1737636,NM_000245.4(MET):c.4026T>C (p.Ser1342=),MET,Likely benign,"criteria provided, single submitter",,,c.4026T>C,,rs2117111749,
1737512,NM_000245.4(MET):c.4014A>G (p.Ser1338=),MET,Likely benign,"criteria provided, single submitter",,,c.4014A>G,,rs2117111594,
1737394,NM_000245.4(MET):c.3999G>T (p.Leu1333=),MET,Likely benign,"criteria provided, single submitter",,,c.3999G>T,,rs2117111344,
4825353,NM_000245.4(MET):c.3409C>G (p.Pro1137Ala),MET,Likely benign,"criteria provided, single submitter",,,c.3409C>G,,,
4825352,NM_000245.4(MET):c.3733C>T (p.Leu1245=),MET,Likely benign,"criteria provided, single submitter",,,c.3733C>T,,,
4825350,NM_000245.4(MET):c.329G>T (p.Gly110Val),MET,Likely benign,"criteria provided, single submitter",,,c.329G>T,,,
4774480,NM_000245.4(MET):c.3799-6T>C,MET,Likely benign,"criteria provided, single submitter",,,NM_000245.4(MET):c.3799-6T>C,,,
4772258,NM_000245.4(MET):c.2103-7T>C,MET,Likely benign,"criteria provided, single submitter",,,NM_000245.4(MET):c.2103-7T>C,,,
4770050,NM_000245.4(MET):c.1947C>T (p.Tyr649=),MET,Likely benign,"criteria provided, multiple submitters, no conflicts",,,c.1947C>T,,,
1734707,NM_000245.4(MET):c.3711A>G (p.Val1237=),MET,Likely benign,"criteria provided, single submitter",,,c.3711A>G,,rs2117066411,
1734647,NM_000245.4(MET):c.375C>T (p.Tyr125=),MET,Likely benign,"criteria provided, single submitter",,,c.375C>T,,rs2116587254,
1734153,NM_000245.4(MET):c.3654C>A (p.Val1218=),MET,Likely benign,"criteria provided, single submitter",,,c.3654C>A,,rs2117065555,
1733966,NM_000245.4(MET):c.3636G>T (p.Leu1212=),MET,Likely benign,"criteria provided, multiple submitters, no conflicts",,,c.3636G>T,,rs2117065298,
1697555,NM_000245.4(MET):c.1966-29A>T,MET,Likely benign,"criteria provided, single submitter",,,NM_000245.4(MET):c.1966-29A>T,,rs2116922475,
1697553,NM_000245.4(MET):c.1966-32G>C,MET,Likely benign,"criteria provided, single submitter",,,NM_000245.4(MET):c.1966-32G>C,,rs564891216,
1697550,NM_000245.4(MET):c.1701+57_1701+58del,MET,Likely benign,"criteria provided, single submitter",,,NM_000245.4(MET):c.1701+57_1701+58del,,rs112241458,
1697548,NM_000245.4(MET):c.1528-38A>T,MET,Likely benign,"criteria provided, single submitter",,,NM_000245.4(MET):c.1528-38A>T,,rs574459492,
1654824,NM_000245.4(MET):c.1314C>T (p.Leu438=),MET,Likely benign,"criteria provided, multiple submitters, no conflicts",,,c.1314C>T,,rs2116782411,
1653785,NM_000245.4(MET):c.1701+12T>C,MET,Likely benign,"criteria provided, single submitter",,,NM_000245.4(MET):c.1701+12T>C,,rs2116838554,
1651647,NM_000245.4(MET):c.1215T>C (p.Asn405=),MET,Likely benign,"criteria provided, single submitter",,,c.1215T>C,,rs2116779466,
1651353,NM_000245.4(MET):c.840G>A (p.Arg280=),MET,Likely benign,"criteria provided, multiple submitters, no conflicts",,,c.840G>A,,rs1207381066,
1650228,NM_000245.4(MET):c.2264+17G>A,MET,Likely benign,"criteria provided, single submitter",,,NM_000245.4(MET):c.2264+17G>A,,rs1794280747,
1673712,NM_000245.4(MET):c.3810C>G (p.Gly1270=),MET,Likely benign,"criteria provided, multiple submitters, no conflicts",,,c.3810C>G,,rs200865810,
1670001,NM_000245.4(MET):c.1134C>G (p.Val378=),MET,Likely benign,"criteria provided, multiple submitters, no conflicts",,,c.1134C>G,,rs1290039988,
1668129,NM_000245.4(MET):c.1863-7T>G,MET,Likely benign,"criteria provided, single submitter",,,NM_000245.4(MET):c.1863-7T>G,,rs763829971,
1668073,NM_000245.4(MET):c.3987C>T (p.Ser1329=),MET,Likely benign,"criteria provided, single submitter",,,c.3987C>T,,rs2117111166,
1667424,NM_000245.4(MET):c.1734G>A (p.Gly578=),MET,Likely benign,"criteria provided, single submitter",,,c.1734G>A,,rs2116909104,
1665930,NM_000245.4(MET):c.387A>G (p.Gln129=),MET,Likely benign,"criteria provided, multiple submitters, no conflicts",,,c.387A>G,,rs1791478119,
1664853,NM_000245.4(MET):c.1528-14C>T,MET,Likely benign,"criteria provided, single submitter",,,NM_000245.4(MET):c.1528-14C>T,,rs2116833406,
1663154,NM_000245.4(MET):c.3341-18C>T,MET,Likely benign,"criteria provided, single submitter",,,NM_000245.4(MET):c.3341-18C>T,,rs959432467,
1737665,NM_000245.4(MET):c.4032C>T (p.Phe1344=),MET,Likely benign,"criteria provided, multiple submitters, no conflicts",,,c.4032C>T,,rs2117111829,
1645107,NM_000245.4(MET):c.2265-65C>G,MET,Likely benign,"criteria provided, single submitter",,,NM_000245.4(MET):c.2265-65C>G,,rs2116936655,
1673490,NM_000245.4(MET):c.1701+14dup,MET,Likely benign,"criteria provided, single submitter",,,NM_000245.4(MET):c.1701+14dup,,rs1295548832,
1670939,NM_000245.4(MET):c.2888-15T>C,MET,Likely benign,"criteria provided, single submitter",,,NM_000245.4(MET):c.2888-15T>C,,rs2116995611,
1637530,NM_000245.4(MET):c.2102+12T>G,MET,Likely benign,"criteria provided, multiple submitters, no conflicts",,,NM_000245.4(MET):c.2102+12T>G,,rs199685502,
1636006,NM_000245.4(MET):c.2583+7A>T,MET,Likely benign,"criteria provided, multiple submitters, no conflicts",,,NM_000245.4(MET):c.2583+7A>T,,rs756403758,
1635807,NM_000245.4(MET):c.1701+11_1701+12del,MET,Likely benign,"criteria provided, single submitter",,,NM_000245.4(MET):c.1701+11_1701+12del,,rs2116838472,
1635199,NM_000245.4(MET):c.2102+9A>T,MET,Likely benign,"criteria provided, multiple submitters, no conflicts",,,NM_000245.4(MET):c.2102+9A>T,,rs201495740,
1634884,NM_000245.4(MET):c.1702-15A>C,MET,Likely benign,"criteria provided, multiple submitters, no conflicts",,,NM_000245.4(MET):c.1702-15A>C,,rs200635057,
4825340,NM_000245.4(MET):c.295C>G (p.Gln99Glu),MET,Likely benign,"criteria provided, single submitter",,,c.295C>G,,,
4825338,NM_000245.4(MET):c.4065T>C (p.Thr1355=),MET,Likely benign,"criteria provided, single submitter",,,c.4065T>C,,,
135560,NM_000245.4(MET):c.1965+20A>G,MET,Likely benign,"criteria provided, single submitter",,,NM_000245.4(MET):c.1965+20A>G,,rs587777952,
1663153,NM_000245.4(MET):c.711T>C (p.Val237=),MET,Likely benign,"criteria provided, multiple submitters, no conflicts",,,c.711T>C,,rs932492107,
1661373,NM_000245.4(MET):c.2532T>C (p.Phe844=),MET,Likely benign,"criteria provided, multiple submitters, no conflicts",,,c.2532T>C,,rs1295247757,
1659772,NM_000245.4(MET):c.3340+7G>A,MET,Likely benign,"criteria provided, single submitter",,,NM_000245.4(MET):c.3340+7G>A,,rs2117040526,
1659752,NM_000245.4(MET):c.279A>C (p.Pro93=),MET,Likely benign,"criteria provided, multiple submitters, no conflicts",,,c.279A>C,,rs780928472,
1697551,NM_000245.4(MET):c.1701+47T>G,MET,Likely benign,"criteria provided, single submitter",,,NM_000245.4(MET):c.1701+47T>G,,rs754198809,
1659703,NM_000245.4(MET):c.2888-16T>C,MET,Likely benign,"criteria provided, multiple submitters, no conflicts",,,NM_000245.4(MET):c.2888-16T>C,,rs1035141881,
1659248,NM_000245.4(MET):c.1752T>C (p.Cys584=),MET,Likely benign,"criteria provided, single submitter",,,c.1752T>C,,rs2116909383,
1657179,NM_000245.4(MET):c.2910C>T (p.Arg970=),MET,Likely benign,"criteria provided, single submitter",,,c.2910C>T,,rs756957004,
1628000,NM_000245.4(MET):c.3633-11C>T,MET,Likely benign,"criteria provided, multiple submitters, no conflicts",,,NM_000245.4(MET):c.3633-11C>T,,rs1424157003,
1627124,NM_000245.4(MET):c.2264+12C>T,MET,Likely benign,"criteria provided, single submitter",,,NM_000245.4(MET):c.2264+12C>T,,rs1220756470,
1626659,NM_000245.4(MET):c.1392+9T>C,MET,Likely benign,"criteria provided, single submitter",,,NM_000245.4(MET):c.1392+9T>C,,rs2116784701,
1624264,NM_000245.4(MET):c.3341-12T>C,MET,Likely benign,"criteria provided, multiple submitters, no conflicts",,,NM_000245.4(MET):c.3341-12T>C,,rs1235902821,
4812140,NM_000245.4(MET):c.2264+19T>C,MET,Likely benign,"criteria provided, single submitter",,,NM_000245.4(MET):c.2264+19T>C,,,
4811703,NM_000245.4(MET):c.966C>T (p.Val322=),MET,Likely benign,"criteria provided, single submitter",,,c.966C>T,,,
4751920,NM_000245.4(MET):c.2887+14A>G,MET,Likely benign,"criteria provided, single submitter",,,NM_000245.4(MET):c.2887+14A>G,,,
4750277,NM_000245.4(MET):c.2887+16T>C,MET,Likely benign,"criteria provided, single submitter",,,NM_000245.4(MET):c.2887+16T>C,,,
4748053,NM_000245.4(MET):c.3966T>C (p.Pro1322=),MET,Likely benign,"criteria provided, single submitter",,,c.3966T>C,,,
1624228,NM_000245.4(MET):c.2365-16T>C,MET,Likely benign,"criteria provided, multiple submitters, no conflicts",,,NM_000245.4(MET):c.2365-16T>C,,rs763349755,
1649149,NM_000245.4(MET):c.1863-13G>C,MET,Likely benign,"criteria provided, multiple submitters, no conflicts",,,NM_000245.4(MET):c.1863-13G>C,,rs764856420,
1649141,NM_000245.4(MET):c.1701+14A>G,MET,Likely benign,"criteria provided, multiple submitters, no conflicts",,,NM_000245.4(MET):c.1701+14A>G,,rs768638354,
1646334,NM_000245.4(MET):c.1393-8C>G,MET,Likely benign,"criteria provided, single submitter",,,NM_000245.4(MET):c.1393-8C>G,,rs2116825376,
1618532,NM_000245.4(MET):c.3632+7A>C,MET,Likely benign,"criteria provided, multiple submitters, no conflicts",,,NM_000245.4(MET):c.3632+7A>C,,rs1795175584,
187100,NM_000245.4(MET):c.693C>T (p.Asp231=),MET,Likely benign,"criteria provided, single submitter",,,c.693C>T,,rs786203471,
4796961,NM_000245.4(MET):c.3634C>T (p.Leu1212=),MET,Likely benign,"criteria provided, single submitter",,,c.3634C>T,,,
4778688,NM_000245.4(MET):c.1862+18C>G,MET,Likely benign,"criteria provided, single submitter",,,NM_000245.4(MET):c.1862+18C>G,,,
4775303,NM_000245.4(MET):c.1701+21del,MET,Likely benign,"criteria provided, single submitter",,,NM_000245.4(MET):c.1701+21del,,,
4762762,NM_000245.4(MET):c.3260-11_3260-8del,MET,Likely benign,"criteria provided, single submitter",,,NM_000245.4(MET):c.3260-11_3260-8del,,,
4732963,NM_000245.4(MET):c.1965+16T>G,MET,Likely benign,"criteria provided, single submitter",,,NM_000245.4(MET):c.1965+16T>G,,,
4742586,NM_000245.4(MET):c.3523-16C>T,MET,Likely benign,"criteria provided, single submitter",,,NM_000245.4(MET):c.3523-16C>T,,,
4725108,NM_000245.4(MET):c.3633-19A>G,MET,Likely benign,"criteria provided, single submitter",,,NM_000245.4(MET):c.3633-19A>G,,,
4724882,NM_000245.4(MET):c.651A>G (p.Arg217=),MET,Likely benign,"criteria provided, single submitter",,,c.651A>G,,,
215789,NM_000245.4(MET):c.2616T>C (p.Gly872=),MET,Likely benign,"criteria provided, multiple submitters, no conflicts",,,c.2616T>C,,rs863224378,
184524,NM_000245.4(MET):c.2265-15A>G,MET,Likely benign,"criteria provided, multiple submitters, no conflicts",,,NM_000245.4(MET):c.2265-15A>G,,rs201304108,
1632545,NM_000245.4(MET):c.3632+17C>T,MET,Likely benign,"criteria provided, multiple submitters, no conflicts",,,NM_000245.4(MET):c.3632+17C>T,,rs758230781,
1631197,NM_000245.4(MET):c.1393-9G>A,MET,Likely benign,"criteria provided, multiple submitters, no conflicts",,,NM_000245.4(MET):c.1393-9G>A,,rs1474428051,
1631012,NM_000245.4(MET):c.3029-18T>C,MET,Likely benign,"criteria provided, multiple submitters, no conflicts",,,NM_000245.4(MET):c.3029-18T>C,,rs1794944566,
1630588,NM_000245.4(MET):c.924C>G (p.Ser308=),MET,Likely benign,"criteria provided, multiple submitters, no conflicts",,,c.924C>G,,rs1791507929,
1613134,NM_000245.4(MET):c.1938A>G (p.Thr646=),MET,Likely benign,"criteria provided, single submitter",,,c.1938A>G,,rs2116920903,
1612740,NM_000245.4(MET):c.276C>T (p.His92=),MET,Likely benign,"criteria provided, single submitter",,,c.276C>T,,rs1224680436,
1612286,NM_000245.4(MET):c.3260-4A>C,MET,Likely benign,"criteria provided, single submitter",,,NM_000245.4(MET):c.3260-4A>C,,rs864622521,
1611519,NM_000245.4(MET):c.3795T>C (p.Asp1265=),MET,Likely benign,"criteria provided, multiple submitters, no conflicts",,,c.3795T>C,,rs2117067697,
1611246,NM_000245.4(MET):c.1392+12C>T,MET,Likely benign,"criteria provided, single submitter",,,NM_000245.4(MET):c.1392+12C>T,,rs201184739,
1610824,NM_000245.4(MET):c.2601T>A (p.Pro867=),MET,Likely benign,"criteria provided, single submitter",,,c.2601T>A,,rs2116982713,
1624141,NM_000245.4(MET):c.1201-15C>T,MET,Likely benign,"criteria provided, multiple submitters, no conflicts",,,NM_000245.4(MET):c.1201-15C>T,,rs1392417542,
1623283,NM_000245.4(MET):c.1862+19T>C,MET,Likely benign,"criteria provided, single submitter",,,NM_000245.4(MET):c.1862+19T>C,,rs752484484,
1623064,NM_000245.4(MET):c.3522+15A>G,MET,Likely benign,"criteria provided, single submitter",,,NM_000245.4(MET):c.3522+15A>G,,rs748010112,
1622847,NM_000245.4(MET):c.2583+11C>A,MET,Likely benign,"criteria provided, single submitter",,,NM_000245.4(MET):c.2583+11C>A,,rs780485505,
1641028,NM_000245.4(MET):c.427C>A (p.Arg143=),MET,Likely benign,"criteria provided, multiple submitters, no conflicts",,,c.427C>A,,rs779093896,
1621438,NM_000245.4(MET):c.285T>C (p.Cys95=),MET,Likely benign,"criteria provided, single submitter",,,c.285T>C,,rs2116584893,
1620749,NM_000245.4(MET):c.1702-10G>A,MET,Likely benign,"criteria provided, single submitter",,,NM_000245.4(MET):c.1702-10G>A,,rs2116908387,
1620337,NM_000245.4(MET):c.3441G>C (p.Leu1147=),MET,Likely benign,"criteria provided, single submitter",,,c.3441G>C,,rs200456335,
1620309,NM_000245.4(MET):c.3936-17C>G,MET,Likely benign,"criteria provided, single submitter",,,NM_000245.4(MET):c.3936-17C>G,,rs2117110177,
1620222,NM_000245.4(MET):c.3798+12G>C,MET,Likely benign,"criteria provided, single submitter",,,NM_000245.4(MET):c.3798+12G>C,,rs1001362196,
1608667,NM_000245.4(MET):c.4098T>G (p.Pro1366=),MET,Likely benign,"criteria provided, multiple submitters, no conflicts",,,c.4098T>G,,rs1645508828,
1622755,NM_000245.4(MET):c.300C>T (p.Asp100=),MET,Likely benign,"criteria provided, multiple submitters, no conflicts",,,c.300C>T,,rs2116585270,
1622150,NM_000245.4(MET):c.3028+11G>A,MET,Likely benign,"criteria provided, single submitter",,,NM_000245.4(MET):c.3028+11G>A,,rs369191825,
1622024,NM_000245.4(MET):c.1200+14G>A,MET,Likely benign,"criteria provided, multiple submitters, no conflicts",,,NM_000245.4(MET):c.1200+14G>A,,rs1791529199,
1621562,NM_000245.4(MET):c.1722C>A (p.Pro574=),MET,Likely benign,"criteria provided, multiple submitters, no conflicts",,,c.1722C>A,,rs1562920359,
1603486,NM_000245.4(MET):c.2364+8del,MET,Likely benign,"criteria provided, single submitter",,,NM_000245.4(MET):c.2364+8del,,rs1422359365,
1603197,NM_000245.4(MET):c.573G>T (p.Arg191=),MET,Likely benign,"criteria provided, multiple submitters, no conflicts",,,c.573G>T,,rs1433702089,
1602274,NM_000245.4(MET):c.738C>A (p.Pro246=),MET,Likely benign,"criteria provided, multiple submitters, no conflicts",,,c.738C>A,,rs1461455526,
1618197,NM_000245.4(MET):c.2265-30C>T,MET,Likely benign,"criteria provided, single submitter",,,NM_000245.4(MET):c.2265-30C>T,,rs2116937120,
1617763,NM_000245.4(MET):c.1702-20G>A,MET,Likely benign,"criteria provided, multiple submitters, no conflicts",,,NM_000245.4(MET):c.1702-20G>A,,rs201975734,
1617734,NM_000245.4(MET):c.3306C>A (p.Gly1102=),MET,Likely benign,"criteria provided, single submitter",,,c.3306C>A,,rs2117040150,
1615993,NM_000245.4(MET):c.1161G>A (p.Gln387=),MET,Likely benign,"criteria provided, multiple submitters, no conflicts",,,c.1161G>A,,rs1476181476,
1628957,NM_000245.4(MET):c.3522+11T>C,MET,Likely benign,"criteria provided, single submitter",,,NM_000245.4(MET):c.3522+11T>C,,rs201726372,
1628797,NM_000245.4(MET):c.1218A>C (p.Ser406=),MET,Likely benign,"criteria provided, single submitter",,,c.1218A>C,,rs1358705636,
1628668,NM_000245.4(MET):c.2888-17T>C,MET,Likely benign,"criteria provided, multiple submitters, no conflicts",,,NM_000245.4(MET):c.2888-17T>C,,rs767063578,
1628088,NM_000245.4(MET):c.2365-12G>A,MET,Likely benign,"criteria provided, multiple submitters, no conflicts",,,NM_000245.4(MET):c.2365-12G>A,,rs986494432,
1597705,NM_000245.4(MET):c.1966-11C>T,MET,Likely benign,"criteria provided, single submitter",,,NM_000245.4(MET):c.1966-11C>T,,rs2116922731,
1597513,NM_000245.4(MET):c.2034T>G (p.Thr678=),MET,Likely benign,"criteria provided, single submitter",,,c.2034T>G,,rs773107496,
1615825,NM_000245.4(MET):c.3552T>C (p.Phe1184=),MET,Likely benign,"criteria provided, single submitter",,,c.3552T>C,,rs765771575,
1614334,NM_000245.4(MET):c.2888-16_2888-13del,MET,Likely benign,"criteria provided, multiple submitters, no conflicts",,,NM_000245.4(MET):c.2888-16_2888-13del,,rs747887276,
1594731,NM_000245.4(MET):c.3921C>T (p.Tyr1307=),MET,Likely benign,"criteria provided, multiple submitters, no conflicts",,,c.3921C>T,,rs2117109060,
1592316,NM_000245.4(MET):c.2364+17A>G,MET,Likely benign,"criteria provided, single submitter",,,NM_000245.4(MET):c.2364+17A>G,,rs1169406106,
1590568,NM_000245.4(MET):c.2584-9T>G,MET,Likely benign,"criteria provided, single submitter",,,NM_000245.4(MET):c.2584-9T>G,,rs74994656,
1589812,NM_000245.4(MET):c.1527+15C>A,MET,Likely benign,"criteria provided, single submitter",,,NM_000245.4(MET):c.1527+15C>A,,rs757455983,
4723502,NM_000245.4(MET):c.2751A>G (p.Ser917=),MET,Likely benign,"criteria provided, single submitter",,,c.2751A>G,,,
4723046,NM_000245.4(MET):c.1035G>C (p.Val345=),MET,Likely benign,"criteria provided, single submitter",,,c.1035G>C,,,
215793,NM_000245.4(MET):c.3633-7T>C,MET,Likely benign,"criteria provided, multiple submitters, no conflicts",,,NM_000245.4(MET):c.3633-7T>C,,rs863224379,
215784,NM_000245.4(MET):c.-7T>C,MET,Likely benign,"criteria provided, single submitter",,,NM_000245.4(MET):c.-7T>C,,rs863224376,
1589385,NM_000245.4(MET):c.2103-15del,MET,Likely benign,"criteria provided, multiple submitters, no conflicts",,,NM_000245.4(MET):c.2103-15del,,rs1164805994,
1589320,NM_000245.4(MET):c.2418G>A (p.Leu806=),MET,Likely benign,"criteria provided, multiple submitters, no conflicts",,,c.2418G>A,,rs2116954628,
1609602,NM_000245.4(MET):c.1863-11T>C,MET,Likely benign,"criteria provided, multiple submitters, no conflicts",,,NM_000245.4(MET):c.1863-11T>C,,rs2116919514,
1609251,NM_000245.4(MET):c.2364+11T>G,MET,Likely benign,"criteria provided, single submitter",,,NM_000245.4(MET):c.2364+11T>G,,rs2116939479,
1606444,NM_000245.4(MET):c.2379C>T (p.Arg793=),MET,Likely benign,"criteria provided, multiple submitters, no conflicts",,,c.2379C>T,,rs1794458829,
1606249,NM_000245.4(MET):c.3259+10T>C,MET,Likely benign,"criteria provided, single submitter",,,NM_000245.4(MET):c.3259+10T>C,,rs2117032551,
1604201,NM_000245.4(MET):c.1527+15C>T,MET,Likely benign,"criteria provided, single submitter",,,NM_000245.4(MET):c.1527+15C>T,,rs757455983,
1582209,NM_000245.4(MET):c.1401T>G (p.Val467=),MET,Likely benign,"criteria provided, single submitter",,,c.1401T>G,,rs2116825709,
1581913,NM_000245.4(MET):c.1552T>C (p.Leu518=),MET,Likely benign,"criteria provided, single submitter",,,c.1552T>C,,rs780293990,
1581266,NM_000245.4(MET):c.1392+10T>G,MET,Likely benign,"criteria provided, multiple submitters, no conflicts",,,NM_000245.4(MET):c.1392+10T>G,,rs2116784727,
4738338,NM_000245.4(MET):c.3340+20A>G,MET,Likely benign,"criteria provided, single submitter",,,NM_000245.4(MET):c.3340+20A>G,,,
4735291,NM_000245.4(MET):c.1557C>T (p.Gly519=),MET,Likely benign,"criteria provided, single submitter",,,c.1557C>T,,,
4715789,NM_000245.4(MET):c.1315T>C (p.Leu439=),MET,Likely benign,"criteria provided, single submitter",,,c.1315T>C,,,
4715095,NM_000245.4(MET):c.1116C>A (p.Asp372Glu),MET,Likely benign,"criteria provided, single submitter",,,c.1116C>A,,,
4730278,NM_000245.4(MET):c.1959C>G (p.Ser653=),MET,Likely benign,"criteria provided, single submitter",,,c.1959C>G,,,
246631,NM_000245.4(MET):c.2584-8C>G,MET,Likely benign,"criteria provided, single submitter",,,NM_000245.4(MET):c.2584-8C>G,,rs370833501,
4740393,NM_000245.4(MET):c.2685G>T (p.Thr895=),MET,Likely benign,"criteria provided, single submitter",,,c.2685G>T,,,
4738950,NM_000245.4(MET):c.3621A>C (p.Ala1207=),MET,Likely benign,"criteria provided, single submitter",,,c.3621A>C,,,
1579937,NM_000245.4(MET):c.3632+20T>A,MET,Likely benign,"criteria provided, single submitter",,,NM_000245.4(MET):c.3632+20T>A,,rs2117060902,
1578467,NM_000245.4(MET):c.1201-12A>C,MET,Likely benign,"criteria provided, multiple submitters, no conflicts",,,NM_000245.4(MET):c.1201-12A>C,,rs2116778819,
1573636,NM_000245.4(MET):c.1392+18G>C,MET,Likely benign,"criteria provided, single submitter",,,NM_000245.4(MET):c.1392+18G>C,,rs2116784901,
1596947,NM_000245.4(MET):c.3028+16T>C,MET,Likely benign,"criteria provided, single submitter",,,NM_000245.4(MET):c.3028+16T>C,,rs749086707,
1596427,NM_000245.4(MET):c.2844A>G (p.Leu948=),MET,Likely benign,"criteria provided, single submitter",,,c.2844A>G,,rs2116992782,
1595350,NM_000245.4(MET):c.1528-13C>T,MET,Likely benign,"criteria provided, multiple submitters, no conflicts",,,NM_000245.4(MET):c.1528-13C>T,,rs751613983,
1569301,NM_000245.4(MET):c.3935+14C>G,MET,Likely benign,"criteria provided, single submitter",,,NM_000245.4(MET):c.3935+14C>G,,rs1215580408,
1569005,NM_000245.4(MET):c.1083C>T (p.Ala361=),MET,Likely benign,"criteria provided, multiple submitters, no conflicts",,,c.1083C>T,,rs1044616410,
1566667,NM_000245.4(MET):c.2391G>A (p.Glu797=),MET,Likely benign,"criteria provided, single submitter",,,c.2391G>A,,rs2116954046,
246646,NM_000245.4(MET):c.567G>A (p.Lys189=),MET,Likely benign,"criteria provided, multiple submitters, no conflicts",,,c.567G>A,,rs879254341,
220429,NM_000245.4(MET):c.3260-4A>G,MET,Likely benign,"criteria provided, multiple submitters, no conflicts",,,NM_000245.4(MET):c.3260-4A>G,,rs864622521,
220139,NM_000245.4(MET):c.2731-8A>T,MET,Likely benign,"criteria provided, multiple submitters, no conflicts",,,NM_000245.4(MET):c.2731-8A>T,,rs538856434,
246634,NM_000245.4(MET):c.2584-9_2584-8del,MET,Likely benign,"criteria provided, single submitter",,,NM_000245.4(MET):c.2584-9_2584-8del,,rs1491102590,
1564230,NM_000245.4(MET):c.2364+19G>T,MET,Likely benign,"criteria provided, single submitter",,,NM_000245.4(MET):c.2364+19G>T,,rs765711111,
1588782,NM_000245.4(MET):c.2265-73T>C,MET,Likely benign,"criteria provided, single submitter",,,NM_000245.4(MET):c.2265-73T>C,,rs1794306292,
1588490,NM_000245.4(MET):c.1392+19T>C,MET,Likely benign,"criteria provided, single submitter",,,NM_000245.4(MET):c.1392+19T>C,,rs2116784923,
1585383,NM_000245.4(MET):c.1393-19T>C,MET,Likely benign,"criteria provided, multiple submitters, no conflicts",,,NM_000245.4(MET):c.1393-19T>C,,rs995271235,
1606705,NM_000245.4(MET):c.2166T>G (p.Val722=),MET,Likely benign,"criteria provided, single submitter",,,c.2166T>G,,rs2116931135,
1554871,NM_000245.4(MET):c.1764T>C (p.Phe588=),MET,Likely benign,"criteria provided, multiple submitters, no conflicts",,,c.1764T>C,,rs2116909571,
1553125,NM_000245.4(MET):c.3798+15A>T,MET,Likely benign,"criteria provided, single submitter",,,NM_000245.4(MET):c.3798+15A>T,,rs769814035,
1553051,NM_000245.4(MET):c.2103-15A>T,MET,Likely benign,"criteria provided, multiple submitters, no conflicts",,,NM_000245.4(MET):c.2103-15A>T,,rs1471890312,
1552926,NM_000245.4(MET):c.2265-71G>T,MET,Likely benign,"criteria provided, single submitter",,,NM_000245.4(MET):c.2265-71G>T,,rs1794306386,
246633,NM_000245.4(MET):c.2583+6A>G,MET,Likely benign,"criteria provided, multiple submitters, no conflicts",,,NM_000245.4(MET):c.2583+6A>G,,rs769647929,
246623,NM_000245.4(MET):c.1393-6G>A,MET,Likely benign,"criteria provided, multiple submitters, no conflicts",,,NM_000245.4(MET):c.1393-6G>A,,rs202194405,
246620,NM_000245.4(MET):c.1200+8A>G,MET,Likely benign,"criteria provided, multiple submitters, no conflicts",,,NM_000245.4(MET):c.1200+8A>G,,rs879254331,
4729612,NM_000245.4(MET):c.3111T>C (p.Ser1037=),MET,Likely benign,"criteria provided, single submitter",,,c.3111T>C,,,
4729226,NM_000245.4(MET):c.1575C>A (p.Ser525=),MET,Likely benign,"criteria provided, single submitter",,,c.1575C>A,,,
4729107,NM_000245.4(MET):c.886C>T (p.Leu296=),MET,Likely benign,"criteria provided, single submitter",,,c.886C>T,,,
4729021,NM_000245.4(MET):c.3936-9T>C,MET,Likely benign,"criteria provided, single submitter",,,NM_000245.4(MET):c.3936-9T>C,,,
1552839,NM_000245.4(MET):c.3936-20T>A,MET,Likely benign,"criteria provided, single submitter",,,NM_000245.4(MET):c.3936-20T>A,,rs2117110129,
1552273,NM_000245.4(MET):c.1966-13A>T,MET,Likely benign,"criteria provided, single submitter",,,NM_000245.4(MET):c.1966-13A>T,,rs767305539,
1575948,NM_000245.4(MET):c.1245A>G (p.Glu415=),MET,Likely benign,"criteria provided, multiple submitters, no conflicts",,,c.1245A>G,,rs2116780402,
1575799,NM_000245.4(MET):c.3935+15T>C,MET,Likely benign,"criteria provided, multiple submitters, no conflicts",,,NM_000245.4(MET):c.3935+15T>C,,rs375531399,
1574671,NM_000245.4(MET):c.2772A>T (p.Ile924=),MET,Likely benign,"criteria provided, single submitter",,,c.2772A>T,,rs2116991891,
1571078,NM_000245.4(MET):c.978G>C (p.Gly326=),MET,Likely benign,"criteria provided, single submitter",,,c.978G>C,,rs769507421,
1569791,NM_000245.4(MET):c.162T>C (p.Asn54=),MET,Likely benign,"criteria provided, multiple submitters, no conflicts",,,c.162T>C,,rs1791464380,
1543795,NM_000245.4(MET):c.621A>G (p.Pro207=),MET,Likely benign,"criteria provided, multiple submitters, no conflicts",,,c.621A>G,,rs2116593527,
1543248,NM_000245.4(MET):c.1845T>C (p.Ser615=),MET,Likely benign,"criteria provided, single submitter",,,c.1845T>C,,rs2116910884,
1542877,NM_000245.4(MET):c.3309G>A (p.Lys1103=),MET,Likely benign,"criteria provided, single submitter",,,c.3309G>A,,rs2117040173,
1542574,NM_000245.4(MET):c.4104G>A (p.Leu1368=),MET,Likely benign,"criteria provided, multiple submitters, no conflicts",,,c.4104G>A,,rs1795663226,
1540076,NM_000245.4(MET):c.3798+16T>A,MET,Likely benign,"criteria provided, single submitter",,,NM_000245.4(MET):c.3798+16T>A,,rs780154942,
1564024,NM_000245.4(MET):c.2731-6T>C,MET,Likely benign,"criteria provided, single submitter",,,NM_000245.4(MET):c.2731-6T>C,,rs1279722189,
1562672,NM_000245.4(MET):c.2584-10T>G,MET,Likely benign,"criteria provided, single submitter",,,NM_000245.4(MET):c.2584-10T>G,,rs1308148206,
1562158,NM_000245.4(MET):c.2265-65C>T,MET,Likely benign,"criteria provided, single submitter",,,NM_000245.4(MET):c.2265-65C>T,,rs2116936655,
1562117,NM_000245.4(MET):c.1392+17A>T,MET,Likely benign,"criteria provided, single submitter",,,NM_000245.4(MET):c.1392+17A>T,,rs747447086,
1584839,NM_000245.4(MET):c.990T>C (p.Ala330=),MET,Likely benign,"criteria provided, single submitter",,,c.990T>C,,rs2116602743,
1584236,NM_000245.4(MET):c.1527+13C>T,MET,Likely benign,"criteria provided, single submitter",,,NM_000245.4(MET):c.1527+13C>T,,rs751742182,
1583852,NM_000245.4(MET):c.3632+17C>G,MET,Likely benign,"criteria provided, multiple submitters, no conflicts",,,NM_000245.4(MET):c.3632+17C>G,,rs758230781,
1583218,NM_000245.4(MET):c.702C>T (p.Tyr234=),MET,Likely benign,"criteria provided, multiple submitters, no conflicts",,,c.702C>T,,rs2116595737,
1555663,NM_000245.4(MET):c.1488A>G (p.Leu496=),MET,Likely benign,"criteria provided, single submitter",,,c.1488A>G,,rs2116827541,
4712018,NM_000245.4(MET):c.2364+10T>C,MET,Likely benign,"criteria provided, single submitter",,,NM_000245.4(MET):c.2364+10T>C,,,
4711059,NM_000245.4(MET):c.972G>A (p.Lys324=),MET,Likely benign,"criteria provided, single submitter",,,c.972G>A,,,
4710881,NM_000245.4(MET):c.3028+15A>T,MET,Likely benign,"criteria provided, single submitter",,,NM_000245.4(MET):c.3028+15A>T,,,
4709195,NM_000245.4(MET):c.741T>C (p.Ile247=),MET,Likely benign,"criteria provided, single submitter",,,c.741T>C,,,
4705447,NM_000245.4(MET):c.3936-7G>T,MET,Likely benign,"criteria provided, single submitter",,,NM_000245.4(MET):c.3936-7G>T,,,
4722283,NM_000245.4(MET):c.3260-18G>T,MET,Likely benign,"criteria provided, single submitter",,,NM_000245.4(MET):c.3260-18G>T,,,
4722171,NM_000245.4(MET):c.4029T>A (p.Thr1343=),MET,Likely benign,"criteria provided, single submitter",,,c.4029T>A,,,
4722047,NM_000245.4(MET):c.3522+12G>A,MET,Likely benign,"criteria provided, single submitter",,,NM_000245.4(MET):c.3522+12G>A,,,
4721660,NM_000245.4(MET):c.1201-19T>A,MET,Likely benign,"criteria provided, single submitter",,,NM_000245.4(MET):c.1201-19T>A,,,
4719109,NM_000245.4(MET):c.1701+15C>G,MET,Likely benign,"criteria provided, single submitter",,,NM_000245.4(MET):c.1701+15C>G,,,
4718952,NM_000245.4(MET):c.687G>A (p.Leu229=),MET,Likely benign,"criteria provided, single submitter",,,c.687G>A,,,
1530470,NM_000245.4(MET):c.3799-15T>G,MET,Likely benign,"criteria provided, single submitter",,,NM_000245.4(MET):c.3799-15T>G,,rs1297603367,
1551298,NM_000245.4(MET):c.1863-16T>C,MET,Likely benign,"criteria provided, multiple submitters, no conflicts",,,NM_000245.4(MET):c.1863-16T>C,,rs759151928,
1550133,NM_000245.4(MET):c.1617C>G (p.Gly539=),MET,Likely benign,"criteria provided, multiple submitters, no conflicts",,,c.1617C>G,,rs776490266,
1549267,NM_000245.4(MET):c.339A>G (p.Lys113=),MET,Likely benign,"criteria provided, multiple submitters, no conflicts",,,c.339A>G,,rs2116586309,
1573284,NM_000245.4(MET):c.2583+13T>C,MET,Likely benign,"criteria provided, single submitter",,,NM_000245.4(MET):c.2583+13T>C,,rs2116957699,
1735861,NM_000245.4(MET):c.3835A>C (p.Arg1279=),MET,Likely benign,"criteria provided, single submitter",,,c.3835A>C,,rs2117107837,
1735855,NM_000245.4(MET):c.3834A>T (p.Thr1278=),MET,Likely benign,"criteria provided, single submitter",,,c.3834A>T,,rs1584977880,
1735854,NM_000245.4(MET):c.3834A>G (p.Thr1278=),MET,Likely benign,"criteria provided, single submitter",,,c.3834A>G,,rs1584977880,
1539931,NM_000245.4(MET):c.2365-11T>C,MET,Likely benign,"criteria provided, multiple submitters, no conflicts",,,NM_000245.4(MET):c.2365-11T>C,,rs1367439751,
1538697,NM_000245.4(MET):c.27T>G (p.Pro9=),MET,Likely benign,"criteria provided, multiple submitters, no conflicts",,,c.27T>G,,rs2116578238,
1536374,NM_000245.4(MET):c.3260-24_3260-14del,MET,Likely benign,"criteria provided, single submitter",,,NM_000245.4(MET):c.3260-24_3260-14del,,rs760284924,
1536111,NM_000245.4(MET):c.1863-10T>C,MET,Likely benign,"criteria provided, multiple submitters, no conflicts",,,NM_000245.4(MET):c.1863-10T>C,,rs758048261,
1558917,NM_000245.4(MET):c.2103-20_2103-17del,MET,Likely benign,"criteria provided, single submitter",,,NM_000245.4(MET):c.2103-20_2103-17del,,rs2116929536,
1558849,NM_000245.4(MET):c.2583+11C>T,MET,Likely benign,"criteria provided, single submitter",,,NM_000245.4(MET):c.2583+11C>T,,rs780485505,
1558792,NM_000245.4(MET):c.3260-11C>A,MET,Likely benign,"criteria provided, single submitter",,,NM_000245.4(MET):c.3260-11C>A,,rs1795027494,
1558725,NM_000245.4(MET):c.2427G>A (p.Leu809=),MET,Likely benign,"criteria provided, multiple submitters, no conflicts",,,c.2427G>A,,rs1794462604,
1534948,NM_000245.4(MET):c.2365-10C>G,MET,Likely benign,"criteria provided, single submitter",,,NM_000245.4(MET):c.2365-10C>G,,rs2116953381,
1533559,NM_000245.4(MET):c.3417C>G (p.Val1139=),MET,Likely benign,"criteria provided, multiple submitters, no conflicts",,,c.3417C>G,,rs2117046480,
1531765,NM_000245.4(MET):c.3259+9T>C,MET,Likely benign,"criteria provided, single submitter",,,NM_000245.4(MET):c.3259+9T>C,,rs1794955980,
1530818,NM_000245.4(MET):c.3522+14C>T,MET,Likely benign,"criteria provided, single submitter",,,NM_000245.4(MET):c.3522+14C>T,,rs1353133879,
4725615,NM_000245.4(MET):c.3632+20_3632+21del,MET,Likely benign,"criteria provided, single submitter",,,NM_000245.4(MET):c.3632+20_3632+21del,,,
1738187,NM_000245.4(MET):c.4089T>C (p.Ala1363=),MET,Likely benign,"criteria provided, single submitter",,,c.4089T>C,,rs2117112751,
1746208,NM_000245.4(MET):c.522C>T (p.Asp174=),MET,Likely benign,"criteria provided, multiple submitters, no conflicts",,,c.522C>T,,rs863224696,
1745718,NM_000245.4(MET):c.1194T>C (p.Phe398=),MET,Likely benign,"criteria provided, single submitter",,,c.1194T>C,,rs2116607718,
1737144,NM_000245.4(MET):c.3972C>A (p.Ala1324=),MET,Likely benign,"criteria provided, multiple submitters, no conflicts",,,c.3972C>A,,rs201519623,
1737129,NM_000245.4(MET):c.3969A>G (p.Lys1323=),MET,Likely benign,"criteria provided, single submitter",,,c.3969A>G,,rs2117110882,
1528125,NM_000245.4(MET):c.774T>C (p.Phe258=),MET,Likely benign,"criteria provided, single submitter",,,c.774T>C,,rs2116597528,
1527995,NM_000245.4(MET):c.1317A>G (p.Leu439=),MET,Likely benign,"criteria provided, multiple submitters, no conflicts",,,c.1317A>G,,rs2116782479,
1547325,NM_000245.4(MET):c.2888-17T>G,MET,Likely benign,"criteria provided, single submitter",,,NM_000245.4(MET):c.2888-17T>G,,rs767063578,
1545744,NM_000245.4(MET):c.186T>A (p.Ile62=),MET,Likely benign,"criteria provided, single submitter",,,c.186T>A,,rs2116582418,
1544834,NM_000245.4(MET):c.2888-21_2888-20delinsGC,MET,Likely benign,"criteria provided, multiple submitters, no conflicts",,,NM_000245.4(MET):c.2888-21_2888-20delinsGC,,rs2116995433,
1736735,NM_000245.4(MET):c.3933C>A (p.Pro1311=),MET,Likely benign,"criteria provided, multiple submitters, no conflicts",,,c.3933C>A,,rs761237537,
1736663,NM_000245.4(MET):c.3924C>T (p.Cys1308=),MET,Likely benign,"criteria provided, multiple submitters, no conflicts",,,c.3924C>T,,rs2117109099,
1738847,NM_000245.4(MET):c.4170A>T (p.Ser1390=),MET,Likely benign,"criteria provided, single submitter",,,c.4170A>T,,rs1584978746,
1738841,NM_000245.4(MET):c.4169C>T (p.Ser1390Leu),MET,Likely benign,"criteria provided, single submitter",,,c.4169C>T,,rs2117114264,
1738734,NM_000245.4(MET):c.420C>T (p.Thr140=),MET,Likely benign,"criteria provided, single submitter",,,c.420C>T,,rs1791479941,
1735950,NM_000245.4(MET):c.3843C>T (p.Ala1281=),MET,Likely benign,"criteria provided, single submitter",,,c.3843C>T,,rs2117107935,
257515,NM_000245.4(MET):c.1392+14G>A,MET,Likely benign,"criteria provided, multiple submitters, no conflicts",,,NM_000245.4(MET):c.1392+14G>A,,rs529823741,
4714467,NM_000245.4(MET):c.3028+9C>A,MET,Likely benign,"criteria provided, single submitter",,,NM_000245.4(MET):c.3028+9C>A,,,
4714436,NM_000245.4(MET):c.1527+16del,MET,Likely benign,"criteria provided, single submitter",,,NM_000245.4(MET):c.1527+16del,,,
4713325,NM_000245.4(MET):c.3613T>C (p.Leu1205=),MET,Likely benign,"criteria provided, single submitter",,,c.3613T>C,,,
4647891,NM_000245.4(MET):c.1792T>C (p.Leu598=),MET,Likely benign,"criteria provided, single submitter",,,c.1792T>C,,,
4647845,NM_000245.4(MET):c.3132T>C (p.Ser1044=),MET,Likely benign,"criteria provided, single submitter",,,c.3132T>C,,,
4647709,NM_000245.4(MET):c.1446C>T (p.Asp482=),MET,Likely benign,"criteria provided, single submitter",,,c.1446C>T,,,
4647691,NM_000245.4(MET):c.258T>A (p.Thr86=),MET,Likely benign,"criteria provided, single submitter",,,c.258T>A,,,
4647673,NM_000245.4(MET):c.973C>T (p.Pro325Ser),MET,Likely benign,"criteria provided, single submitter",,,c.973C>T,,,
1536011,NM_000245.4(MET):c.3029-16T>C,MET,Likely benign,"criteria provided, single submitter",,,NM_000245.4(MET):c.3029-16T>C,,rs2117029242,
1739987,NM_000245.4(MET):c.435C>A (p.Val145=),MET,Likely benign,"criteria provided, single submitter",,,c.435C>A,,rs2485509288,
1749767,NM_000245.4(MET):c.57G>T (p.Val19=),MET,Likely benign,"criteria provided, single submitter",,,c.57G>T,,rs1584875673,
1749705,NM_000245.4(MET):c.579C>T (p.Ile193=),MET,Likely benign,"criteria provided, single submitter",,,c.579C>T,,rs2485510789,
1738528,NM_000245.4(MET):c.4131T>C (p.Asp1377=),MET,Likely benign,"criteria provided, multiple submitters, no conflicts",,,c.4131T>C,,rs2117113489,
1738309,NM_000245.4(MET):c.4104G>T (p.Leu1368=),MET,Likely benign,"criteria provided, single submitter",,,c.4104G>T,,rs1795663226,
1738294,NM_000245.4(MET):c.4102C>T (p.Leu1368=),MET,Likely benign,"criteria provided, single submitter",,,c.4102C>T,,rs2117112980,
1762120,NM_000245.4(MET):c.812C>T (p.Ala271Val),MET,Likely benign,"criteria provided, single submitter",,,c.812C>T,,rs2116598528,
1762044,NM_000245.4(MET):c.810T>C (p.Asp270=),MET,Likely benign,"criteria provided, single submitter",,,c.810T>C,,rs2116598487,
1761944,NM_000245.4(MET):c.808G>A (p.Asp270Asn),MET,Likely benign,"criteria provided, single submitter",,,c.808G>A,,rs1060503542,
1761888,NM_000245.4(MET):c.807A>C (p.Leu269=),MET,Likely benign,"criteria provided, multiple submitters, no conflicts",,,c.807A>C,,rs1791503123,
1748465,NM_000245.4(MET):c.558A>G (p.Ser186=),MET,Likely benign,"criteria provided, multiple submitters, no conflicts",,,c.558A>G,,rs2116591886,
1747896,NM_000245.4(MET):c.549A>G (p.Lys183=),MET,Likely benign,"criteria provided, single submitter",,,c.549A>G,,rs2116591682,
1747610,NM_000245.4(MET):c.1201A>G (p.Thr401Ala),MET,Likely benign,"criteria provided, single submitter",,,c.1201A>G,,rs1288843237,
1756947,NM_000245.4(MET):c.705T>A (p.Ile235=),MET,Likely benign,"criteria provided, single submitter",,,c.705T>A,,rs2116595828,
1756234,NM_000245.4(MET):c.693C>G (p.Asp231Glu),MET,Likely benign,"criteria provided, single submitter",,,c.693C>G,,rs786203471,
1744451,NM_000245.4(MET):c.496A>T (p.Ile166Leu),MET,Likely benign,"criteria provided, single submitter",,,c.496A>T,,rs751239059,
1741354,NM_000245.4(MET):c.453T>C (p.Thr151=),MET,Likely benign,"criteria provided, multiple submitters, no conflicts",,,c.453T>C,,rs773604455,
1740905,NM_000245.4(MET):c.447T>A (p.Asn149Lys),MET,Likely benign,"criteria provided, single submitter",,,c.447T>A,,rs974448652,
1514287,NM_000245.4(MET):c.888G>A (p.Leu296=),MET,Likely benign,"criteria provided, multiple submitters, no conflicts",,,c.888G>A,,rs1341728679,
4648364,NM_000245.4(MET):c.2839T>C (p.Leu947=),MET,Likely benign,"criteria provided, single submitter",,,c.2839T>C,,,
4648344,NM_000245.4(MET):c.498A>T (p.Ile166=),MET,Likely benign,"criteria provided, single submitter",,,c.498A>T,,,
4714704,NM_000245.4(MET):c.1200+19C>A,MET,Likely benign,"criteria provided, single submitter",,,NM_000245.4(MET):c.1200+19C>A,,,
1772513,NM_000245.4(MET):c.1035G>T (p.Val345=),MET,Likely benign,"criteria provided, multiple submitters, no conflicts",,,c.1035G>T,,rs767375583,
1764391,NM_000245.4(MET):c.870C>G (p.Ser290=),MET,Likely benign,"criteria provided, single submitter",,,c.870C>G,,rs2116599938,
1764182,NM_000245.4(MET):c.864G>A (p.Leu288=),MET,Likely benign,"criteria provided, single submitter",,,c.864G>A,,rs2485513881,
1763139,NM_000245.4(MET):c.837C>A (p.Ile279=),MET,Likely benign,"criteria provided, single submitter",,,c.837C>A,,rs746494770,
1770176,NM_000245.4(MET):c.1332C>T (p.Thr444=),MET,Likely benign,"criteria provided, single submitter",,,c.1332C>T,,rs2485613548,
1769965,NM_000245.4(MET):c.1324A>G (p.Ile442Val),MET,Likely benign,"criteria provided, single submitter",,,c.1324A>G,,rs532124885,
1769557,NM_000245.4(MET):c.1308A>G (p.Glu436=),MET,Likely benign,"criteria provided, single submitter",,,c.1308A>G,,rs201551961,
1761673,NM_000245.4(MET):c.801A>G (p.Glu267=),MET,Likely benign,"criteria provided, single submitter",,,c.801A>G,,rs2116598267,
1761506,NM_000245.4(MET):c.798G>C (p.Arg266Ser),MET,Likely benign,"criteria provided, single submitter",,,c.798G>C,,rs185301166,
1761100,NM_000245.4(MET):c.789G>C (p.Thr263=),MET,Likely benign,"criteria provided, single submitter",,,c.789G>C,,rs554190225,
1765989,NM_000245.4(MET):c.915A>G (p.Lys305=),MET,Likely benign,"criteria provided, multiple submitters, no conflicts",,,c.915A>G,,rs2116600853,
1765551,NM_000245.4(MET):c.903A>G (p.Thr301=),MET,Likely benign,"criteria provided, single submitter",,,c.903A>G,,rs2116600629,
1754057,NM_000245.4(MET):c.652A>C (p.Arg218=),MET,Likely benign,"criteria provided, single submitter",,,c.652A>C,,rs2116594422,
1753861,NM_000245.4(MET):c.1224C>T (p.Gly408=),MET,Likely benign,"criteria provided, multiple submitters, no conflicts",,,c.1224C>T,,rs965135961,
1753823,NM_000245.4(MET):c.648G>C (p.Val216=),MET,Likely benign,"criteria provided, single submitter",,,c.648G>C,,rs1791494214,
1762165,NM_000245.4(MET):c.1257G>A (p.Glu419=),MET,Likely benign,"criteria provided, single submitter",,,c.1257G>A,,rs779950475,
1770874,NM_000245.4(MET):c.1362T>C (p.Asn454=),MET,Likely benign,"criteria provided, multiple submitters, no conflicts",,,c.1362T>C,,rs200582093,
1775062,NM_000245.4(MET):c.1551C>G (p.Gly517=),MET,Likely benign,"criteria provided, single submitter",,,c.1551C>G,,rs2116834276,
1768662,NM_000245.4(MET):c.993A>G (p.Arg331=),MET,Likely benign,"criteria provided, single submitter",,,c.993A>G,,rs2116602824,
1767109,NM_000245.4(MET):c.948A>T (p.Ile316=),MET,Likely benign,"criteria provided, multiple submitters, no conflicts",,,c.948A>T,,rs35225896,
1766357,NM_000245.4(MET):c.925A>G (p.Thr309Ala),MET,Likely benign,"criteria provided, single submitter",,,c.925A>G,,rs35601148,
1773420,NM_000245.4(MET):c.1473T>C (p.Ile491=),MET,Likely benign,"criteria provided, single submitter",,,c.1473T>C,,rs2116827150,
1773354,NM_000245.4(MET):c.1470G>A (p.Val490=),MET,Likely benign,"criteria provided, multiple submitters, no conflicts",,,c.1470G>A,,rs1281860482,
4647644,NM_000245.4(MET):c.4083T>C (p.Cys1361=),MET,Likely benign,"criteria provided, single submitter",,,c.4083T>C,,,
358691,NM_000245.4(MET):c.2365-14G>T,MET,Likely benign,"criteria provided, multiple submitters, no conflicts",,,NM_000245.4(MET):c.2365-14G>T,,rs769247886,
4648102,NM_000245.4(MET):c.334T>A (p.Trp112Arg),MET,Likely benign,"criteria provided, single submitter",,,c.334T>A,,,
4647933,NM_000245.4(MET):c.3546T>A (p.Ile1182=),MET,Likely benign,"criteria provided, single submitter",,,c.3546T>A,,,
4647475,NM_000245.4(MET):c.339A>C (p.Lys113Asn),MET,Likely benign,"criteria provided, single submitter",,,c.339A>C,,,
4647435,NM_000245.4(MET):c.1114G>T (p.Asp372Tyr),MET,Likely benign,"criteria provided, single submitter",,,c.1114G>T,,,
4647825,NM_000245.4(MET):c.114T>C (p.Asn38=),MET,Likely benign,"criteria provided, single submitter",,,c.114T>C,,,
4647794,NM_000245.4(MET):c.1941A>G (p.Thr647=),MET,Likely benign,"criteria provided, single submitter",,,c.1941A>G,,,
1773026,NM_000245.4(MET):c.1455A>C (p.Pro485=),MET,Likely benign,"criteria provided, single submitter",,,c.1455A>C,,rs1554390925,
1774252,NM_000245.4(MET):c.1512T>C (p.Val504=),MET,Likely benign,"criteria provided, single submitter",,,c.1512T>C,,rs2116828208,
1774158,NM_000245.4(MET):c.1041A>G (p.Ala347=),MET,Likely benign,"criteria provided, single submitter",,,c.1041A>G,,rs1791515202,
1777259,NM_000245.4(MET):c.1051C>A (p.Pro351Thr),MET,Likely benign,"criteria provided, single submitter",,,c.1051C>A,,rs587782807,
4539360,NM_000245.4(MET):c.3936-33G>A,MET,Likely benign,"criteria provided, single submitter",,,NM_000245.4(MET):c.3936-33G>A,,,
4539359,NM_000245.4(MET):c.3798+49A>T,MET,Likely benign,"criteria provided, single submitter",,,NM_000245.4(MET):c.3798+49A>T,,,
4539357,NM_000245.4(MET):c.3633-34C>G,MET,Likely benign,"criteria provided, single submitter",,,NM_000245.4(MET):c.3633-34C>G,,,
4539351,NM_000245.4(MET):c.3029-30G>T,MET,Likely benign,"criteria provided, single submitter",,,NM_000245.4(MET):c.3029-30G>T,,,
4647566,NM_000245.4(MET):c.419C>A (p.Thr140Asn),MET,Likely benign,"criteria provided, single submitter",,,c.419C>A,,,
4647520,NM_000245.4(MET):c.2832A>G (p.Ala944=),MET,Likely benign,"criteria provided, single submitter",,,c.2832A>G,,,
4647282,NM_000245.4(MET):c.802A>T (p.Thr268Ser),MET,Likely benign,"criteria provided, single submitter",,,c.802A>T,,,
4647232,NM_000245.4(MET):c.1181A>G (p.His394Arg),MET,Likely benign,"criteria provided, single submitter",,,c.1181A>G,,,
4647152,NM_000245.4(MET):c.240G>T (p.Lys80Asn),MET,Likely benign,"criteria provided, single submitter",,,c.240G>T,,,
1772287,NM_000245.4(MET):c.1422C>T (p.Thr474=),MET,Likely benign,"criteria provided, multiple submitters, no conflicts",,,c.1422C>T,,rs1793379901,
1771166,NM_000245.4(MET):c.1002A>G (p.Gly334=),MET,Likely benign,"criteria provided, multiple submitters, no conflicts",,,c.1002A>G,,rs2116603028,
1770975,NM_000245.4(MET):c.1368G>A (p.Gly456=),MET,Likely benign,"criteria provided, single submitter",,,c.1368G>A,,rs2116783840,
1484512,NM_000245.4(MET):c.765C>T (p.Ser255=),MET,Likely benign,"criteria provided, single submitter",,,c.765C>T,,rs2116597275,
1777904,NM_000245.4(MET):c.1680C>T (p.Ile560=),MET,Likely benign,"criteria provided, single submitter",,,c.1680C>T,,rs2116837787,
1463975,NM_000245.4(MET):c.3897G>T (p.Gly1299=),MET,Likely benign,"criteria provided, single submitter",,,c.3897G>T,,rs2117108701,
1459959,NM_000245.4(MET):c.1392+17A>G,MET,Likely benign,"criteria provided, single submitter",,,NM_000245.4(MET):c.1392+17A>G,,rs747447086,
1777545,NM_000245.4(MET):c.1664C>A (p.Thr555Lys),MET,Likely benign,"criteria provided, single submitter",,,c.1664C>A,,rs2116837256,
1777527,NM_000245.4(MET):c.1663A>T (p.Thr555Ser),MET,Likely benign,"criteria provided, single submitter",,,c.1663A>T,,rs370883654,
1776663,NM_000245.4(MET):c.1624C>G (p.His542Asp),MET,Likely benign,"criteria provided, single submitter",,,c.1624C>G,,rs2116836173,
4539347,NM_000245.4(MET):c.3028+28A>G,MET,Likely benign,"criteria provided, single submitter",,,NM_000245.4(MET):c.3028+28A>G,,,
4539299,NM_000245.4(MET):c.1392+33C>G,MET,Likely benign,"criteria provided, single submitter",,,NM_000245.4(MET):c.1392+33C>G,,,
4539297,NM_000245.4(MET):c.1200+43A>G,MET,Likely benign,"criteria provided, single submitter",,,NM_000245.4(MET):c.1200+43A>G,,,
1776196,NM_000245.4(MET):c.1602C>G (p.Pro534=),MET,Likely benign,"criteria provided, single submitter",,,c.1602C>G,,rs1554391268,
1477630,NM_000245.4(MET):c.1152A>G (p.Arg384=),MET,Likely benign,"criteria provided, multiple submitters, no conflicts",,,c.1152A>G,,rs2116606658,
1488065,NM_000245.4(MET):c.2584-5T>G,MET,Likely benign,"criteria provided, single submitter",,,NM_000245.4(MET):c.2584-5T>G,,rs2116982294,
1470679,NM_000245.4(MET):c.2887+16T>A,MET,Likely benign,"criteria provided, single submitter",,,NM_000245.4(MET):c.2887+16T>A,,rs1156790048,
1775172,NM_000245.4(MET):c.1557C>G (p.Gly519=),MET,Likely benign,"criteria provided, single submitter",,,c.1557C>G,,rs2116834460,
1780624,NM_000245.4(MET):c.1062C>G (p.Ala354=),MET,Likely benign,"criteria provided, single submitter",,,c.1062C>G,,rs755166920,
1774500,NM_000245.4(MET):c.1524G>A (p.Lys508=),MET,Likely benign,"criteria provided, single submitter",,,c.1524G>A,,rs2116828463,
1455937,NM_000245.4(MET):c.1527+17G>A,MET,Likely benign,"criteria provided, single submitter",,,NM_000245.4(MET):c.1527+17G>A,,rs746281781,
1453032,NM_000245.4(MET):c.2685G>C (p.Thr895=),MET,Likely benign,"criteria provided, multiple submitters, no conflicts",,,c.2685G>C,,rs760722037,
1444037,NM_000245.4(MET):c.1563A>G (p.Arg521=),MET,Likely benign,"criteria provided, single submitter",,,c.1563A>G,,rs755470995,
1787500,NM_000245.4(MET):c.2197A>G (p.Thr733Ala),MET,Likely benign,"criteria provided, single submitter",,,c.2197A>G,,rs1794276678,
1787423,NM_000245.4(MET):c.2190C>T (p.Asn730=),MET,Likely benign,"criteria provided, single submitter",,,c.2190C>T,,rs2116931541,
1782112,NM_000245.4(MET):c.1893T>C (p.Asn631=),MET,Likely benign,"criteria provided, single submitter",,,c.1893T>C,,rs1250868411,
1780941,NM_000245.4(MET):c.1830C>T (p.Cys610=),MET,Likely benign,"criteria provided, single submitter",,,c.1830C>T,,rs2116910632,
416944,NM_000245.4(MET):c.1881T>G (p.Gly627=),MET,Likely benign,"criteria provided, single submitter",,,c.1881T>G,,rs200050499,
4106808,NM_000245.4(MET):c.3525T>C (p.Asn1175=),MET,Likely benign,"criteria provided, single submitter",,,c.3525T>C,,,
4106768,NM_000245.4(MET):c.2955T>C (p.Ser985=),MET,Likely benign,"criteria provided, single submitter",,,c.2955T>C,,,
4106787,NM_000245.4(MET):c.287T>C (p.Phe96Ser),MET,Likely benign,"criteria provided, single submitter",,,c.287T>C,,,
416937,NM_000245.4(MET):c.2365-4C>G,MET,Likely benign,"criteria provided, multiple submitters, no conflicts",,,NM_000245.4(MET):c.2365-4C>G,,rs1060504943,
416931,NM_000245.4(MET):c.945T>C (p.Asn315=),MET,Likely benign,"criteria provided, multiple submitters, no conflicts",,,c.945T>C,,rs1060504941,
4106800,NM_000245.4(MET):c.3249C>T (p.Val1083=),MET,Likely benign,"criteria provided, single submitter",,,c.3249C>T,,,
4106799,NM_000245.4(MET):c.621A>T (p.Pro207=),MET,Likely benign,"criteria provided, single submitter",,,c.621A>T,,,
1784446,NM_000245.4(MET):c.2013T>C (p.Gly671=),MET,Likely benign,"criteria provided, multiple submitters, no conflicts",,,c.2013T>C,,rs202198336,
1784967,NM_000245.4(MET):c.2046A>T (p.Leu682=),MET,Likely benign,"criteria provided, single submitter",,,c.2046A>T,,rs760609715,
1789550,NM_000245.4(MET):c.231C>T (p.Asp77=),MET,Likely benign,"criteria provided, multiple submitters, no conflicts",,,c.231C>T,,rs2485506937,
1789163,NM_000245.4(MET):c.2265-24C>T,MET,Likely benign,"criteria provided, single submitter",,,NM_000245.4(MET):c.2265-24C>T,,rs1584943686,
4106797,NM_000245.4(MET):c.513G>A (p.Gln171=),MET,Likely benign,"criteria provided, single submitter",,,c.513G>A,,,
4859972,NM_000245.4(MET):c.2265-17C>T,MET,Likely benign,"criteria provided, single submitter",,,NM_000245.4(MET):c.2265-17C>T,,,
4859971,NM_000245.4(MET):c.3934T>C (p.Leu1312=),MET,Likely benign,"criteria provided, single submitter",,,c.3934T>C,,,
4859970,NM_000245.4(MET):c.960G>T (p.Ala320=),MET,Likely benign,"criteria provided, single submitter",,,c.960G>T,,,
4106795,NM_000245.4(MET):c.1007G>A (p.Ser336Asn),MET,Likely benign,"criteria provided, single submitter",,,c.1007G>A,,,
4106793,NM_000245.4(MET):c.1864T>C (p.Leu622=),MET,Likely benign,"criteria provided, single submitter",,,c.1864T>C,,,
4106792,NM_000245.4(MET):c.743A>G (p.Lys248Arg),MET,Likely benign,"criteria provided, single submitter",,,c.743A>G,,,
4106791,NM_000245.4(MET):c.494A>G (p.Gln165Arg),MET,Likely benign,"criteria provided, single submitter",,,c.494A>G,,,
4106788,NM_000245.4(MET):c.1173A>T (p.Gly391=),MET,Likely benign,"criteria provided, single submitter",,,c.1173A>T,,,
4106749,NM_000245.4(MET):c.552C>T (p.Val184=),MET,Likely benign,"criteria provided, single submitter",,,c.552C>T,,,
1788947,NM_000245.4(MET):c.2265-38C>T,MET,Likely benign,"criteria provided, single submitter",,,NM_000245.4(MET):c.2265-38C>T,,rs1584943661,
1783913,NM_000245.4(MET):c.1989G>C (p.Ser663=),MET,Likely benign,"criteria provided, multiple submitters, no conflicts",,,c.1989G>C,,rs201180585,
1459693,NM_000245.4(MET):c.3259+18G>C,MET,Likely benign,"criteria provided, single submitter",,,NM_000245.4(MET):c.3259+18G>C,,rs746091644,
1795235,NM_000245.4(MET):c.2671G>T (p.Ala891Ser),MET,Likely benign,"criteria provided, single submitter",,,c.2671G>T,,rs2116983742,
1795142,NM_000245.4(MET):c.2664T>C (p.His888=),MET,Likely benign,"criteria provided, single submitter",,,c.2664T>C,,rs2485767479,
1794831,NM_000245.4(MET):c.2640G>A (p.Lys880=),MET,Likely benign,"criteria provided, multiple submitters, no conflicts",,,c.2640G>A,,rs2116983311,
1790331,NM_000245.4(MET):c.2319G>C (p.Pro773=),MET,Likely benign,"criteria provided, single submitter",,,c.2319G>C,,rs141733128,
1789646,NM_000245.4(MET):c.2271G>T (p.Gly757=),MET,Likely benign,"criteria provided, multiple submitters, no conflicts",,,c.2271G>T,,rs755816605,
1788134,NM_000245.4(MET):c.2232C>A (p.Val744=),MET,Likely benign,"criteria provided, single submitter",,,c.2232C>A,,rs1060504944,
4106746,NM_000245.4(MET):c.2494G>A (p.Asp832Asn),MET,Likely benign,"criteria provided, single submitter",,,c.2494G>A,,,
4106780,NM_000245.4(MET):c.1637T>C (p.Val546Ala),MET,Likely benign,"criteria provided, single submitter",,,c.1637T>C,,,
416942,NM_000245.4(MET):c.2888-10C>G,MET,Likely benign,"criteria provided, single submitter",,,NM_000245.4(MET):c.2888-10C>G,,rs1060504945,
4859973,NM_000245.4(MET):c.2382T>C (p.Ser794=),MET,Likely benign,"criteria provided, single submitter",,,c.2382T>C,,,
1788010,NM_000245.4(MET):c.2227A>G (p.Ile743Val),MET,Likely benign,"criteria provided, single submitter",,,c.2227A>G,,rs2116932338,
1787855,NM_000245.4(MET):c.2217T>A (p.Arg739=),MET,Likely benign,"criteria provided, single submitter",,,c.2217T>A,,rs2116932204,
1787720,NM_000245.4(MET):c.2208C>T (p.Phe736=),MET,Likely benign,"criteria provided, single submitter",,,c.2208C>T,,rs2116931998,
1787220,NM_000245.4(MET):c.2178T>C (p.Ile726=),MET,Likely benign,"criteria provided, multiple submitters, no conflicts",,,c.2178T>C,,rs2116931313,
1785305,NM_000245.4(MET):c.2067C>T (p.His689=),MET,Likely benign,"criteria provided, single submitter",,,c.2067C>T,,rs1318989606,
1785170,NM_000245.4(MET):c.2058T>C (p.Asn686=),MET,Likely benign,"criteria provided, single submitter",,,c.2058T>C,,rs200341323,
1794450,NM_000245.4(MET):c.2607A>T (p.Ala869=),MET,Likely benign,"criteria provided, single submitter",,,c.2607A>T,,rs747528521,
1793925,NM_000245.4(MET):c.261G>A (p.Gly87=),MET,Likely benign,"criteria provided, single submitter",,,c.261G>A,,rs2116584241,
1793512,NM_000245.4(MET):c.258T>C (p.Thr86=),MET,Likely benign,"criteria provided, single submitter",,,c.258T>C,,rs756911444,
1792198,NM_000245.4(MET):c.24A>T (p.Ala8=),MET,Likely benign,"criteria provided, multiple submitters, no conflicts",,,c.24A>T,,rs1797066204,
454196,NM_000245.4(MET):c.1702-8C>T,MET,Likely benign,"criteria provided, single submitter",,,NM_000245.4(MET):c.1702-8C>T,,rs1554394916,
454193,NM_000245.4(MET):c.1641A>C (p.Arg547=),MET,Likely benign,"criteria provided, single submitter",,,c.1641A>C,,rs1554391313,
4859960,NM_000245.4(MET):c.3072G>A (p.Val1024=),MET,Likely benign,"criteria provided, single submitter",,,c.3072G>A,,,
454186,NM_000245.4(MET):c.141C>G (p.Thr47=),MET,Likely benign,"criteria provided, multiple submitters, no conflicts",,,c.141C>G,,rs864622222,
4106779,NM_000245.4(MET):c.432T>C (p.His144=),MET,Likely benign,"criteria provided, single submitter",,,c.432T>C,,,
4106774,NM_000245.4(MET):c.3756G>A (p.Leu1252=),MET,Likely benign,"criteria provided, single submitter",,,c.3756G>A,,,
4106762,NM_000245.4(MET):c.1473T>G (p.Ile491Met),MET,Likely benign,"criteria provided, single submitter",,,c.1473T>G,,,
4106761,NM_000245.4(MET):c.1177A>C (p.Asn393His),MET,Likely benign,"criteria provided, single submitter",,,c.1177A>C,,,
4106758,NM_000245.4(MET):c.2799A>C (p.Gly933=),MET,Likely benign,"criteria provided, single submitter",,,c.2799A>C,,,
4106757,NM_000245.4(MET):c.760G>C (p.Glu254Gln),MET,Likely benign,"criteria provided, single submitter",,,c.760G>C,,,
4106751,NM_000245.4(MET):c.2265-43A>G,MET,Likely benign,"criteria provided, single submitter",,,NM_000245.4(MET):c.2265-43A>G,,,
1795309,NM_000245.4(MET):c.2679A>G (p.Leu893=),MET,Likely benign,"criteria provided, single submitter",,,c.2679A>G,,rs2116983876,
1802755,NM_000245.4(MET):c.3798+34T>C,MET,Likely benign,"criteria provided, single submitter",,,NM_000245.4(MET):c.3798+34T>C,,rs200862535,
1795929,NM_000245.4(MET):c.2727A>T (p.Ile909=),MET,Likely benign,"criteria provided, single submitter",,,c.2727A>T,,rs757811101,
4053990,NM_000245.4(MET):c.3447T>C (p.Ser1149=),MET,Likely benign,"criteria provided, single submitter",,,c.3447T>C,,,
4053986,NM_000245.4(MET):c.1683T>C (p.Cys561=),MET,Likely benign,"criteria provided, single submitter",,,c.1683T>C,,,
454210,NM_000245.4(MET):c.2265-15A>C,MET,Likely benign,"criteria provided, single submitter",,,NM_000245.4(MET):c.2265-15A>C,,rs201304108,
4106736,NM_000245.4(MET):c.764G>A (p.Ser255Asn),MET,Likely benign,"criteria provided, single submitter",,,c.764G>A,,,
4053974,NM_000245.4(MET):c.2731-4T>G,MET,Likely benign,"criteria provided, single submitter",,,NM_000245.4(MET):c.2731-4T>G,,,
4053970,NM_000245.4(MET):c.2563G>A (p.Glu855Lys),MET,Likely benign,"criteria provided, single submitter",,,c.2563G>A,,,
4106724,NM_000245.4(MET):c.2233T>C (p.Tyr745His),MET,Likely benign,"criteria provided, single submitter",,,c.2233T>C,,,
4106710,NM_000245.4(MET):c.1641A>G (p.Arg547=),MET,Likely benign,"criteria provided, single submitter",,,c.1641A>G,,,
454231,NM_000245.4(MET):c.3043T>G (p.Ser1015Ala),MET,Likely benign,"criteria provided, multiple submitters, no conflicts",,,c.3043T>G,,rs539345989,
1795345,NM_000245.4(MET):c.2682C>T (p.Cys894=),MET,Likely benign,"criteria provided, single submitter",,,c.2682C>T,,rs2116983911,
1799059,NM_000245.4(MET):c.2979A>G (p.Thr993=),MET,Likely benign,"criteria provided, single submitter",,,c.2979A>G,,rs2116997029,
1798358,NM_000245.4(MET):c.2925A>G (p.Val975=),MET,Likely benign,"criteria provided, single submitter",,,c.2925A>G,,rs2116996338,
1798353,NM_000245.4(MET):c.2925A>C (p.Val975=),MET,Likely benign,"criteria provided, single submitter",,,c.2925A>C,,rs2116996338,
1794487,NM_000245.4(MET):c.2610T>C (p.Val870=),MET,Likely benign,"criteria provided, single submitter",,,c.2610T>C,,rs45592637,
1802746,NM_000245.4(MET):c.591A>G (p.Val197=),MET,Likely benign,"criteria provided, multiple submitters, no conflicts",,,c.591A>G,,rs2116592752,
1919624,NM_000245.4(MET):c.3260-12del,MET,Likely benign,"criteria provided, multiple submitters, no conflicts",,,NM_000245.4(MET):c.3260-12del,,rs2485815711,
4053981,NM_000245.4(MET):c.326G>A (p.Gly109Glu),MET,Likely benign,"criteria provided, single submitter",,,c.326G>A,,,
4053978,NM_000245.4(MET):c.1177A>G (p.Asn393Asp),MET,Likely benign,"criteria provided, single submitter",,,c.1177A>G,,,
4053941,NM_000245.4(MET):c.475C>A (p.His159Asn),MET,Likely benign,"criteria provided, single submitter",,,c.475C>A,,,
4053937,NM_000245.4(MET):c.2034T>A (p.Thr678=),MET,Likely benign,"criteria provided, single submitter",,,c.2034T>A,,,
4053966,NM_000245.4(MET):c.268C>G (p.Leu90Val),MET,Likely benign,"criteria provided, single submitter",,,c.268C>G,,,
4053961,NM_000245.4(MET):c.213T>C (p.Tyr71=),MET,Likely benign,"criteria provided, single submitter",,,c.213T>C,,,
4053959,NM_000245.4(MET):c.2439C>A (p.Leu813=),MET,Likely benign,"criteria provided, single submitter",,,c.2439C>A,,,
4053925,NM_000245.4(MET):c.627T>C (p.His209=),MET,Likely benign,"criteria provided, single submitter",,,c.627T>C,,,
4053922,NM_000245.4(MET):c.1135A>C (p.Asn379His),MET,Likely benign,"criteria provided, single submitter",,,c.1135A>C,,,
1917943,NM_000245.4(MET):c.3799-12T>C,MET,Likely benign,"criteria provided, multiple submitters, no conflicts",,,NM_000245.4(MET):c.3799-12T>C,,rs1795644889,
1797827,NM_000245.4(MET):c.2877G>A (p.Lys959=),MET,Likely benign,"criteria provided, single submitter",,,c.2877G>A,,rs1221763212,
1797659,NM_000245.4(MET):c.2865G>A (p.Leu955=),MET,Likely benign,"criteria provided, multiple submitters, no conflicts",,,c.2865G>A,,rs1322893269,
1896036,NM_000245.4(MET):c.2265-71G>A,MET,Likely benign,"criteria provided, single submitter",,,NM_000245.4(MET):c.2265-71G>A,,rs1794306386,
1802756,NM_000245.4(MET):c.3799-17G>A,MET,Likely benign,"criteria provided, multiple submitters, no conflicts",,,NM_000245.4(MET):c.3799-17G>A,,rs1462370046,
1932717,NM_000245.4(MET):c.3798+11G>A,MET,Likely benign,"criteria provided, single submitter",,,NM_000245.4(MET):c.3798+11G>A,,rs745810421,
1928329,NM_000245.4(MET):c.1200+9C>T,MET,Likely benign,"criteria provided, multiple submitters, no conflicts",,,NM_000245.4(MET):c.1200+9C>T,,rs777553893,
1959979,NM_000245.4(MET):c.2583+19A>G,MET,Likely benign,"criteria provided, single submitter",,,NM_000245.4(MET):c.2583+19A>G,,rs1483403135,
1959830,NM_000245.4(MET):c.1528-20T>G,MET,Likely benign,"criteria provided, single submitter",,,NM_000245.4(MET):c.1528-20T>G,,rs2116833304,
1912745,NM_000245.4(MET):c.1528-11T>C,MET,Likely benign,"criteria provided, single submitter",,,NM_000245.4(MET):c.1528-11T>C,,rs2116833455,
1909088,NM_000245.4(MET):c.492A>G (p.Pro164=),MET,Likely benign,"criteria provided, single submitter",,,c.492A>G,,rs2116590231,
1906600,NM_000245.4(MET):c.2888-12C>G,MET,Likely benign,"criteria provided, single submitter",,,NM_000245.4(MET):c.2888-12C>G,,rs1484157408,
1904852,NM_000245.4(MET):c.2559C>A (p.Gly853=),MET,Likely benign,"criteria provided, single submitter",,,c.2559C>A,,rs2116957166,
1400523,NM_000245.4(MET):c.2700G>T (p.Leu900=),MET,Likely benign,"criteria provided, multiple submitters, no conflicts",,,c.2700G>T,,rs921308683,
1900405,NM_000245.4(MET):c.717T>C (p.Pro239=),MET,Likely benign,"criteria provided, multiple submitters, no conflicts",,,c.717T>C,,rs2116596123,
1802752,NM_000245.4(MET):c.1966-36A>G,MET,Likely benign,"criteria provided, single submitter",,,NM_000245.4(MET):c.1966-36A>G,,rs201319905,
1802751,NM_000245.4(MET):c.1702-24A>T,MET,Likely benign,"criteria provided, single submitter",,,NM_000245.4(MET):c.1702-24A>T,,rs755641157,
1802750,NM_000245.4(MET):c.1701+56_1701+58del,MET,Likely benign,"criteria provided, single submitter",,,NM_000245.4(MET):c.1701+56_1701+58del,,rs112241458,
1802749,NM_000245.4(MET):c.1701+56_1701+58dup,MET,Likely benign,"criteria provided, single submitter",,,NM_000245.4(MET):c.1701+56_1701+58dup,,rs112241458,
1802748,NM_000245.4(MET):c.1393-23G>A,MET,Likely benign,"criteria provided, single submitter",,,NM_000245.4(MET):c.1393-23G>A,,rs750155301,
1802747,NM_000245.4(MET):c.1200+46A>C,MET,Likely benign,"criteria provided, single submitter",,,NM_000245.4(MET):c.1200+46A>C,,rs200739117,
1970449,NM_000245.4(MET):c.1968T>C (p.Asp656=),MET,Likely benign,"criteria provided, multiple submitters, no conflicts",,,c.1968T>C,,rs2485712843,
1967236,NM_000245.4(MET):c.3523-14C>T,MET,Likely benign,"criteria provided, multiple submitters, no conflicts",,,NM_000245.4(MET):c.3523-14C>T,,rs765512275,
1965873,NM_000245.4(MET):c.3799-8T>C,MET,Likely benign,"criteria provided, multiple submitters, no conflicts",,,NM_000245.4(MET):c.3799-8T>C,,rs1795645051,
1990560,NM_000245.4(MET):c.2887+9T>C,MET,Likely benign,"criteria provided, multiple submitters, no conflicts",,,NM_000245.4(MET):c.2887+9T>C,,rs1180319732,
1956254,NM_000245.4(MET):c.69T>C (p.Asn23=),MET,Likely benign,"criteria provided, single submitter",,,c.69T>C,,rs2485504944,
1954913,NM_000245.4(MET):c.1254A>G (p.Thr418=),MET,Likely benign,"criteria provided, single submitter",,,c.1254A>G,,rs2116780632,
1950631,NM_000245.4(MET):c.2731-17T>C,MET,Likely benign,"criteria provided, multiple submitters, no conflicts",,,NM_000245.4(MET):c.2731-17T>C,,rs2116991123,
1950505,NM_000245.4(MET):c.1590C>G (p.Leu530=),MET,Likely benign,"criteria provided, multiple submitters, no conflicts",,,c.1590C>G,,rs2485644835,
1415211,NM_000245.4(MET):c.3799-5A>G,MET,Likely benign,"criteria provided, multiple submitters, no conflicts",,,NM_000245.4(MET):c.3799-5A>G,,rs1340355638,
1393521,NM_000245.4(MET):c.3936-8T>G,MET,Likely benign,"criteria provided, single submitter",,,NM_000245.4(MET):c.3936-8T>G,,rs1274027255,
1978903,NM_000245.4(MET):c.1974A>G (p.Val658=),MET,Likely benign,"criteria provided, multiple submitters, no conflicts",,,c.1974A>G,,rs2116923074,
1975877,NM_000245.4(MET):c.3048T>G (p.Ser1016=),MET,Likely benign,"criteria provided, single submitter",,,c.3048T>G,,rs2117029646,
1974441,NM_000245.4(MET):c.1593T>G (p.Ser531=),MET,Likely benign,"criteria provided, single submitter",,,c.1593T>G,,rs2116835466,
1937816,NM_000245.4(MET):c.1863-18T>C,MET,Likely benign,"criteria provided, multiple submitters, no conflicts",,,NM_000245.4(MET):c.1863-18T>C,,rs1476751135,
1935833,NM_000245.4(MET):c.1862+12A>G,MET,Likely benign,"criteria provided, single submitter",,,NM_000245.4(MET):c.1862+12A>G,,rs2116911334,
1932761,NM_000245.4(MET):c.1701+16A>G,MET,Likely benign,"criteria provided, single submitter",,,NM_000245.4(MET):c.1701+16A>G,,rs2116838647,
4053951,NM_000245.4(MET):c.1089T>C (p.Cys363=),MET,Likely benign,"criteria provided, single submitter",,,c.1089T>C,,,
4053946,NM_000245.4(MET):c.854A>G (p.Asn285Ser),MET,Likely benign,"criteria provided, single submitter",,,c.854A>G,,,
4053942,NM_000245.4(MET):c.1684C>T (p.Leu562=),MET,Likely benign,"criteria provided, single submitter",,,c.1684C>T,,,
4053904,NM_000245.4(MET):c.4113A>G (p.Ser1371=),MET,Likely benign,"criteria provided, single submitter",,,c.4113A>G,,,
4053896,NM_000245.4(MET):c.3249C>A (p.Val1083=),MET,Likely benign,"criteria provided, single submitter",,,c.3249C>A,,,
4053935,NM_000245.4(MET):c.288C>G (p.Phe96Leu),MET,Likely benign,"criteria provided, single submitter",,,c.288C>G,,,
4053929,NM_000245.4(MET):c.2274C>T (p.Ser758=),MET,Likely benign,"criteria provided, single submitter",,,c.2274C>T,,,
3872395,NM_000245.4(MET):c.1453C>G (p.Pro485Ala),MET,Likely benign,"criteria provided, single submitter",,,c.1453C>G,,,
3872380,NM_000245.4(MET):c.3147T>C (p.Asn1049=),MET,Likely benign,"criteria provided, single submitter",,,c.3147T>C,,,
3872374,NM_000245.4(MET):c.2547G>A (p.Met849Ile),MET,Likely benign,"criteria provided, single submitter",,,c.2547G>A,,,
2003181,NM_000245.4(MET):c.3828G>A (p.Leu1276=),MET,Likely benign,"criteria provided, single submitter",,,c.3828G>A,,rs2117107723,
2002630,NM_000245.4(MET):c.2253A>G (p.Lys751=),MET,Likely benign,"criteria provided, multiple submitters, no conflicts",,,c.2253A>G,,rs2485721775,
2000886,NM_000245.4(MET):c.3341-19C>G,MET,Likely benign,"criteria provided, single submitter",,,NM_000245.4(MET):c.3341-19C>G,,rs2485820745,
2000076,NM_000245.4(MET):c.4035T>C (p.Ile1345=),MET,Likely benign,"criteria provided, single submitter",,,c.4035T>C,,rs2485874617,
1972879,NM_000245.4(MET):c.2264+20G>A,MET,Likely benign,"criteria provided, single submitter",,,NM_000245.4(MET):c.2264+20G>A,,rs1794280939,
1970887,NM_000245.4(MET):c.3045A>G (p.Ser1015=),MET,Likely benign,"criteria provided, single submitter",,,c.3045A>G,,rs1794946463,
2039871,NM_000245.4(MET):c.1701+18C>T,MET,Likely benign,"criteria provided, single submitter",,,NM_000245.4(MET):c.1701+18C>T,,rs2116838673,
2038587,NM_000245.4(MET):c.1702-17C>G,MET,Likely benign,"criteria provided, single submitter",,,NM_000245.4(MET):c.1702-17C>G,,rs753362371,
2035218,NM_000245.4(MET):c.3432A>G (p.Gly1144=),MET,Likely benign,"criteria provided, single submitter",,,c.3432A>G,,rs2117046824,
1377436,NM_000245.4(MET):c.1201-8T>G,MET,Likely benign,"criteria provided, single submitter",,,NM_000245.4(MET):c.1201-8T>G,,rs2116778881,
1375077,NM_000245.4(MET):c.2264+18A>G,MET,Likely benign,"criteria provided, single submitter",,,NM_000245.4(MET):c.2264+18A>G,,rs1449726871,
2024009,NM_000245.4(MET):c.3192G>A (p.Gln1064=),MET,Likely benign,"criteria provided, single submitter",,,c.3192G>A,,rs974352099,
2021689,NM_000245.4(MET):c.1971T>C (p.Pro657=),MET,Likely benign,"criteria provided, multiple submitters, no conflicts",,,c.1971T>C,,rs2116923028,
2018279,NM_000245.4(MET):c.3453G>T (p.Gly1151=),MET,Likely benign,"criteria provided, single submitter",,,c.3453G>T,,rs2117047215,
2017727,NM_000245.4(MET):c.3522+10C>T,MET,Likely benign,"criteria provided, single submitter",,,NM_000245.4(MET):c.3522+10C>T,,rs2485822815,
1989271,NM_000245.4(MET):c.1392+7G>A,MET,Likely benign,"criteria provided, multiple submitters, no conflicts",,,NM_000245.4(MET):c.1392+7G>A,,rs1793022650,
1988257,NM_000245.4(MET):c.360A>G (p.Leu120=),MET,Likely benign,"criteria provided, multiple submitters, no conflicts",,,c.360A>G,,rs2116586848,
1986962,NM_000245.4(MET):c.1702-18T>G,MET,Likely benign,"criteria provided, single submitter",,,NM_000245.4(MET):c.1702-18T>G,,rs2116908273,
1984586,NM_000245.4(MET):c.2265-64T>C,MET,Likely benign,"criteria provided, single submitter",,,NM_000245.4(MET):c.2265-64T>C,,rs760098507,
1982123,NM_000245.4(MET):c.1528-8C>T,MET,Likely benign,"criteria provided, multiple submitters, no conflicts",,,NM_000245.4(MET):c.1528-8C>T,,rs1793417127,
1980630,NM_000245.4(MET):c.3384A>G (p.Gly1128=),MET,Likely benign,"criteria provided, multiple submitters, no conflicts",,,c.3384A>G,,rs200340066,
2004667,NM_000245.4(MET):c.1281T>A (p.Val427=),MET,Likely benign,"criteria provided, single submitter",,,c.1281T>A,,rs2485612918,
2024697,NM_000245.4(MET):c.2103-16_2103-11dup,MET,Likely benign,"criteria provided, single submitter",,,NM_000245.4(MET):c.2103-16_2103-11dup,,rs2485719029,
2024402,NM_000245.4(MET):c.1201-20A>G,MET,Likely benign,"criteria provided, multiple submitters, no conflicts",,,NM_000245.4(MET):c.1201-20A>G,,rs2116778642,
2060701,NM_000245.4(MET):c.309C>T (p.Ser103=),MET,Likely benign,"criteria provided, single submitter",,,c.309C>T,,rs1275087522,
3872405,NM_000245.4(MET):c.2820A>T (p.Ser940=),MET,Likely benign,"criteria provided, single submitter",,,c.2820A>T,,,
3872359,NM_000245.4(MET):c.264T>A (p.Pro88=),MET,Likely benign,"criteria provided, single submitter",,,c.264T>A,,,
3872356,NM_000245.4(MET):c.2538G>A (p.Lys846=),MET,Likely benign,"criteria provided, single submitter",,,c.2538G>A,,,
3872390,NM_000245.4(MET):c.2997A>G (p.Glu999=),MET,Likely benign,"criteria provided, single submitter",,,c.2997A>G,,,
3872387,NM_000245.4(MET):c.426G>A (p.Gln142=),MET,Likely benign,"criteria provided, single submitter",,,c.426G>A,,,
3872385,NM_000245.4(MET):c.2598C>T (p.Asp866=),MET,Likely benign,"criteria provided, single submitter",,,c.2598C>T,,,
3872384,NM_000245.4(MET):c.502G>A (p.Glu168Lys),MET,Likely benign,"criteria provided, single submitter",,,c.502G>A,,,
2009188,NM_000245.4(MET):c.3837A>G (p.Arg1279=),MET,Likely benign,"criteria provided, single submitter",,,c.3837A>G,,rs2117107864,
2007797,NM_000245.4(MET):c.2887+17G>T,MET,Likely benign,"criteria provided, single submitter",,,NM_000245.4(MET):c.2887+17G>T,,rs1405793633,
1366964,NM_000245.4(MET):c.2265-63C>G,MET,Likely benign,"criteria provided, single submitter",,,NM_000245.4(MET):c.2265-63C>G,,rs2116936690,
1363176,NM_000245.4(MET):c.3294G>A (p.Leu1098=),MET,Likely benign,"criteria provided, single submitter",,,c.3294G>A,,rs2117039979,
2006995,NM_000245.4(MET):c.1965+19_1965+20insTACCAAAA,MET,Likely benign,"criteria provided, single submitter",,,NM_000245.4(MET):c.1965+19_1965+20insTACCAAAA,,rs1461079558,
2042430,NM_000245.4(MET):c.1062C>A (p.Ala354=),MET,Likely benign,"criteria provided, multiple submitters, no conflicts",,,c.1062C>A,,rs755166920,
2101842,NM_000245.4(MET):c.1860T>C (p.Asn620=),MET,Likely benign,"criteria provided, single submitter",,,c.1860T>C,,rs2116911152,
2056198,NM_000245.4(MET):c.3523-19T>C,MET,Likely benign,"criteria provided, single submitter",,,NM_000245.4(MET):c.3523-19T>C,,rs2117059221,
2055315,NM_000245.4(MET):c.1393-18A>G,MET,Likely benign,"criteria provided, single submitter",,,NM_000245.4(MET):c.1393-18A>G,,rs2116825253,
2053158,NM_000245.4(MET):c.3936-18T>C,MET,Likely benign,"criteria provided, single submitter",,,NM_000245.4(MET):c.3936-18T>C,,rs2117110158,
2052487,NM_000245.4(MET):c.1201-18G>A,MET,Likely benign,"criteria provided, multiple submitters, no conflicts",,,NM_000245.4(MET):c.1201-18G>A,,rs2116778681,
2081543,NM_000245.4(MET):c.159G>A (p.Gln53=),MET,Likely benign,"criteria provided, single submitter",,,c.159G>A,,rs1791464303,
2078401,NM_000245.4(MET):c.2103-9T>C,MET,Likely benign,"criteria provided, single submitter",,,NM_000245.4(MET):c.2103-9T>C,,rs763948315,
2033548,NM_000245.4(MET):c.3522+9A>G,MET,Likely benign,"criteria provided, single submitter",,,NM_000245.4(MET):c.3522+9A>G,,rs2117048628,
2033545,NM_000245.4(MET):c.2731-11del,MET,Likely benign,"criteria provided, single submitter",,,NM_000245.4(MET):c.2731-11del,,rs2485774311,
2032516,NM_000245.4(MET):c.3799-19C>T,MET,Likely benign,"criteria provided, single submitter",,,NM_000245.4(MET):c.3799-19C>T,,rs906148961,
2032129,NM_000245.4(MET):c.2730+8T>C,MET,Likely benign,"criteria provided, multiple submitters, no conflicts",,,NM_000245.4(MET):c.2730+8T>C,,rs2485768319,
2031817,NM_000245.4(MET):c.1992G>T (p.Pro664=),MET,Likely benign,"criteria provided, multiple submitters, no conflicts",,,c.1992G>T,,rs373842614,
2031235,NM_000245.4(MET):c.1713T>C (p.Asn571=),MET,Likely benign,"criteria provided, multiple submitters, no conflicts",,,c.1713T>C,,rs758299724,
2030072,NM_000245.4(MET):c.1701+20G>A,MET,Likely benign,"criteria provided, single submitter",,,NM_000245.4(MET):c.1701+20G>A,,rs1432931968,
1359993,NM_000245.4(MET):c.1299A>G (p.Gln433=),MET,Likely benign,"criteria provided, multiple submitters, no conflicts",,,c.1299A>G,,rs201326561,
2026547,NM_000245.4(MET):c.1092A>G (p.Ala364=),MET,Likely benign,"criteria provided, single submitter",,,c.1092A>G,,rs2116605307,
2125856,NM_000245.4(MET):c.2160T>C (p.Phe720=),MET,Likely benign,"criteria provided, single submitter",,,c.2160T>C,,rs2485720244,
2098265,NM_000245.4(MET):c.3522+8G>C,MET,Likely benign,"criteria provided, single submitter",,,NM_000245.4(MET):c.3522+8G>C,,rs936130561,
2095787,NM_000245.4(MET):c.2264+9A>C,MET,Likely benign,"criteria provided, single submitter",,,NM_000245.4(MET):c.2264+9A>C,,rs2116932936,
2091679,NM_000245.4(MET):c.2631T>C (p.Val877=),MET,Likely benign,"criteria provided, single submitter",,,c.2631T>C,,rs1794768151,
2086972,NM_000245.4(MET):c.1506A>T (p.Thr502=),MET,Likely benign,"criteria provided, multiple submitters, no conflicts",,,c.1506A>T,,rs2116828048,
2119241,NM_000245.4(MET):c.501A>G (p.Glu167=),MET,Likely benign,"criteria provided, multiple submitters, no conflicts",,,c.501A>G,,rs1584876986,
2118649,NM_000245.4(MET):c.2388A>G (p.Ser796=),MET,Likely benign,"criteria provided, single submitter",,,c.2388A>G,,rs2485740461,
3872341,NM_000245.4(MET):c.449A>G (p.His150Arg),MET,Likely benign,"criteria provided, single submitter",,,c.449A>G,,,
3872339,NM_000245.4(MET):c.770A>C (p.Asn257Thr),MET,Likely benign,"criteria provided, single submitter",,,c.770A>C,,,
3872373,NM_000245.4(MET):c.759T>C (p.Phe253=),MET,Likely benign,"criteria provided, single submitter",,,c.759T>C,,,
2115548,NM_000245.4(MET):c.3000T>C (p.Ser1000=),MET,Likely benign,"criteria provided, single submitter",,,c.3000T>C,,rs951927034,
2073731,NM_000245.4(MET):c.3029-15T>C,MET,Likely benign,"criteria provided, single submitter",,,NM_000245.4(MET):c.3029-15T>C,,rs1794944693,
2071851,NM_000245.4(MET):c.3341-15C>G,MET,Likely benign,"criteria provided, single submitter",,,NM_000245.4(MET):c.3341-15C>G,,rs2117044532,
2061654,NM_000245.4(MET):c.2403T>C (p.Cys801=),MET,Likely benign,"criteria provided, single submitter",,,c.2403T>C,,rs2116954334,
2104270,NM_000245.4(MET):c.2365-5T>C,MET,Likely benign,"criteria provided, multiple submitters, no conflicts",,,NM_000245.4(MET):c.2365-5T>C,,rs2485740142,
2103484,NM_000245.4(MET):c.129T>C (p.Leu43=),MET,Likely benign,"criteria provided, multiple submitters, no conflicts",,,c.129T>C,,rs200641198,
2137763,NM_000245.4(MET):c.1527+11C>T,MET,Likely benign,"criteria provided, single submitter",,,NM_000245.4(MET):c.1527+11C>T,,rs753009009,
2134898,NM_000245.4(MET):c.1791T>C (p.Asp597=),MET,Likely benign,"criteria provided, single submitter",,,c.1791T>C,,rs2485700610,
3872372,NM_000245.4(MET):c.153C>T (p.Pro51=),MET,Likely benign,"criteria provided, single submitter",,,c.153C>T,,,
3872371,NM_000245.4(MET):c.144_145delinsAA (p.Glu49Lys),MET,Likely benign,"criteria provided, single submitter",,,c.144_145delinsAA,,,
3872364,NM_000245.4(MET):c.3942A>G (p.Glu1314=),MET,Likely benign,"criteria provided, single submitter",,,c.3942A>G,,,
3773491,NM_000245.4(MET):c.142_144delinsACA (p.Ala48Thr),MET,Likely benign,"criteria provided, single submitter",,,c.142_144delinsACA,,,
3773477,NM_000245.4(MET):c.3633-14del,MET,Likely benign,"criteria provided, single submitter",,,NM_000245.4(MET):c.3633-14del,,,
3872355,NM_000245.4(MET):c.2949T>C (p.Leu983=),MET,Likely benign,"criteria provided, single submitter",,,c.2949T>C,,,
485780,NM_000245.4(MET):c.2964T>C (p.Ser988=),MET,Likely benign,"criteria provided, multiple submitters, no conflicts",,,c.2964T>C,,rs1554398401,
2113151,NM_000245.4(MET):c.1692A>C (p.Ala564=),MET,Likely benign,"criteria provided, multiple submitters, no conflicts",,,c.1692A>C,,rs780855618,
2108820,NM_000245.4(MET):c.3912A>G (p.Gln1304=),MET,Likely benign,"criteria provided, single submitter",,,c.3912A>G,,rs2117108919,
1346083,NM_000245.4(MET):c.2731-9C>G,MET,Likely benign,"criteria provided, single submitter",,,NM_000245.4(MET):c.2731-9C>G,,rs1794829593,
1345522,NM_000245.4(MET):c.1995A>G (p.Lys665=),MET,Likely benign,"criteria provided, single submitter",,,c.1995A>G,,rs2116923469,
2107307,NM_000245.4(MET):c.4050C>T (p.Val1350=),MET,Likely benign,"criteria provided, single submitter",,,c.4050C>T,,rs1795660296,
2126056,NM_000245.4(MET):c.1104A>G (p.Lys368=),MET,Likely benign,"criteria provided, multiple submitters, no conflicts",,,c.1104A>G,,rs2116605555,
2125864,NM_000245.4(MET):c.2887+17G>C,MET,Likely benign,"criteria provided, single submitter",,,NM_000245.4(MET):c.2887+17G>C,,rs1405793633,
2194992,NM_000245.4(MET):c.3340+15A>G,MET,Likely benign,"criteria provided, single submitter",,,NM_000245.4(MET):c.3340+15A>G,,rs1339077062,
2151487,NM_000245.4(MET):c.3789G>A (p.Lys1263=),MET,Likely benign,"criteria provided, single submitter",,,c.3789G>A,,rs2117067589,
2146991,NM_000245.4(MET):c.1966-16T>C,MET,Likely benign,"criteria provided, single submitter",,,NM_000245.4(MET):c.1966-16T>C,,rs2116922678,
2144386,NM_000245.4(MET):c.2364+18T>C,MET,Likely benign,"criteria provided, single submitter",,,NM_000245.4(MET):c.2364+18T>C,,rs2116939577,
2143977,NM_000245.4(MET):c.3633-13G>A,MET,Likely benign,"criteria provided, multiple submitters, no conflicts",,,NM_000245.4(MET):c.3633-13G>A,,rs1241338160,
2140193,NM_000245.4(MET):c.1872C>T (p.Cys624=),MET,Likely benign,"criteria provided, multiple submitters, no conflicts",,,c.1872C>T,,rs1381694848,
2172515,NM_000245.4(MET):c.1966-8C>G,MET,Likely benign,"criteria provided, single submitter",,,NM_000245.4(MET):c.1966-8C>G,,rs2116922786,
2169161,NM_000245.4(MET):c.3018T>G (p.Thr1006=),MET,Likely benign,"criteria provided, single submitter",,,c.3018T>G,,rs2116997687,
2134325,NM_000245.4(MET):c.3936-13C>G,MET,Likely benign,"criteria provided, single submitter",,,NM_000245.4(MET):c.3936-13C>G,,rs2485873442,
2133898,NM_000245.4(MET):c.1821T>C (p.Asn607=),MET,Likely benign,"criteria provided, single submitter",,,c.1821T>C,,rs762389147,
2127848,NM_000245.4(MET):c.1083C>G (p.Ala361=),MET,Likely benign,"criteria provided, single submitter",,,c.1083C>G,,rs1044616410,
2154302,NM_000245.4(MET):c.2888-12_2888-9del,MET,Likely benign,"criteria provided, multiple submitters, no conflicts",,,NM_000245.4(MET):c.2888-12_2888-9del,,rs1794844741,
2153732,NM_000245.4(MET):c.1200+20C>T,MET,Likely benign,"criteria provided, single submitter",,,NM_000245.4(MET):c.1200+20C>T,,rs1332335317,
2123283,NM_000245.4(MET):c.2445G>A (p.Leu815=),MET,Likely benign,"criteria provided, single submitter",,,c.2445G>A,,rs2116955238,
2121910,NM_000245.4(MET):c.2265-72T>C,MET,Likely benign,"criteria provided, single submitter",,,NM_000245.4(MET):c.2265-72T>C,,rs2116936549,
2120468,NM_000245.4(MET):c.2888-18C>G,MET,Likely benign,"criteria provided, single submitter",,,NM_000245.4(MET):c.2888-18C>G,,rs2116995521,
2178774,NM_000245.4(MET):c.3632+10A>C,MET,Likely benign,"criteria provided, single submitter",,,NM_000245.4(MET):c.3632+10A>C,,rs2117060802,
2176897,NM_000245.4(MET):c.1702-11T>C,MET,Likely benign,"criteria provided, multiple submitters, no conflicts",,,NM_000245.4(MET):c.1702-11T>C,,rs1260859495,
2167554,NM_000245.4(MET):c.3324T>C (p.Ala1108=),MET,Likely benign,"criteria provided, multiple submitters, no conflicts",,,c.3324T>C,,rs2485816422,
2166100,NM_000245.4(MET):c.3798+9T>C,MET,Likely benign,"criteria provided, multiple submitters, no conflicts",,,NM_000245.4(MET):c.3798+9T>C,,rs781051400,
2162638,NM_000245.4(MET):c.1862+7A>C,MET,Likely benign,"criteria provided, multiple submitters, no conflicts",,,NM_000245.4(MET):c.1862+7A>C,,rs1305399003,
2161747,NM_000245.4(MET):c.1863-19C>T,MET,Likely benign,"criteria provided, single submitter",,,NM_000245.4(MET):c.1863-19C>T,,rs1794218432,
485776,NM_000245.4(MET):c.1107T>C (p.Tyr369=),MET,Likely benign,"criteria provided, multiple submitters, no conflicts",,,c.1107T>C,,rs1554379127,
485775,NM_000245.4(MET):c.802A>G (p.Thr268Ala),MET,Likely benign,"criteria provided, single submitter",,,c.802A>G,,rs1554378780,
3872351,NM_000245.4(MET):c.4129G>A (p.Asp1377Asn),MET,Likely benign,"criteria provided, single submitter",,,c.4129G>A,,,
3872349,NM_000245.4(MET):c.2799A>G (p.Gly933=),MET,Likely benign,"criteria provided, single submitter",,,c.2799A>G,,,
3872347,NM_000245.4(MET):c.406G>C (p.Val136Leu),MET,Likely benign,"criteria provided, single submitter",,,c.406G>C,,,
3773390,NM_000245.4(MET):c.2265-10del,MET,Likely benign,"criteria provided, single submitter",,,NM_000245.4(MET):c.2265-10del,,,
3773388,NM_000245.4(MET):c.3798+10T>G,MET,Likely benign,"criteria provided, single submitter",,,NM_000245.4(MET):c.3798+10T>G,,,
3872331,NM_000245.4(MET):c.1778A>G (p.Asn593Ser),MET,Likely benign,"criteria provided, single submitter",,,c.1778A>G,,,
3872328,NM_000245.4(MET):c.2316C>G (p.Val772=),MET,Likely benign,"criteria provided, single submitter",,,c.2316C>G,,,
2197254,NM_000245.4(MET):c.2265-68T>G,MET,Likely benign,"criteria provided, single submitter",,,NM_000245.4(MET):c.2265-68T>G,,rs1330269617,
1161736,NM_000245.4(MET):c.2103-6G>A,MET,Likely benign,"criteria provided, multiple submitters, no conflicts",,,NM_000245.4(MET):c.2103-6G>A,,rs1475118987,
1161519,NM_000245.4(MET):c.1965+9G>A,MET,Likely benign,"criteria provided, single submitter",,,NM_000245.4(MET):c.1965+9G>A,,rs2116921566,
1158505,NM_000245.4(MET):c.1862+8T>G,MET,Likely benign,"criteria provided, multiple submitters, no conflicts",,,NM_000245.4(MET):c.1862+8T>G,,rs1366709635,
1157625,NM_000245.4(MET):c.2307A>G (p.Ser769=),MET,Likely benign,"criteria provided, single submitter",,,c.2307A>G,,rs2116938175,
1157311,NM_000245.4(MET):c.2244T>C (p.His748=),MET,Likely benign,"criteria provided, single submitter",,,c.2244T>C,,rs2116932632,
2447323,NM_000245.4(MET):c.2660T>C (p.Leu887Ser),MET,Likely benign,"criteria provided, single submitter",,,c.2660T>C,,rs2485767431,
2192152,NM_000245.4(MET):c.1702-15A>G,MET,Likely benign,"criteria provided, multiple submitters, no conflicts",,,NM_000245.4(MET):c.1702-15A>G,,rs200635057,
3774470,NM_000245.4(MET):c.3210G>A (p.Val1070=),MET,Likely benign,"criteria provided, single submitter",,,c.3210G>A,,,
3773502,NM_000245.4(MET):c.1392+8C>T,MET,Likely benign,"criteria provided, single submitter",,,NM_000245.4(MET):c.1392+8C>T,,,
3773321,NM_000245.4(MET):c.2584-8_2584-7dup,MET,Likely benign,"criteria provided, single submitter",,,NM_000245.4(MET):c.2584-8_2584-7dup,,,
3773316,NM_000245.4(MET):c.1863-14G>C,MET,Likely benign,"criteria provided, single submitter",,,NM_000245.4(MET):c.1863-14G>C,,,
3773306,NM_000245.4(MET):c.1392+7G>T,MET,Likely benign,"criteria provided, single submitter",,,NM_000245.4(MET):c.1392+7G>T,,,
514819,NM_000245.4(MET):c.1716T>C (p.Ser572=),MET,Likely benign,"criteria provided, multiple submitters, no conflicts",,,c.1716T>C,,rs1382410716,
1200759,NM_000245.4(MET):c.*20C>G,MET,Likely benign,"criteria provided, multiple submitters, no conflicts",,,NM_000245.4(MET):c.*20C>G,,rs757592643,
1196282,NM_000245.4(MET):c.1863-267C>A,MET,Likely benign,"criteria provided, single submitter",,,NM_000245.4(MET):c.1863-267C>A,,rs188154452,
2181617,NM_000245.4(MET):c.3621A>G (p.Ala1207=),MET,Likely benign,"criteria provided, single submitter",,,c.3621A>G,,rs747811080,
1213443,NM_000245.4(MET):c.-81G>T,COMETT,Likely benign,"criteria provided, single submitter",,,NM_000245.4(MET):c.-81G>T,,rs555011707,
1149846,NM_000245.4(MET):c.4119T>C (p.Asp1373=),MET,Likely benign,"criteria provided, multiple submitters, no conflicts",,,c.4119T>C,,rs771571698,
1147127,NM_000245.4(MET):c.1665A>T (p.Thr555=),MET,Likely benign,"criteria provided, single submitter",,,c.1665A>T,,rs1554391336,
1147028,NM_000245.4(MET):c.2265-9C>T,MET,Likely benign,"criteria provided, single submitter",,,NM_000245.4(MET):c.2265-9C>T,,rs2116937381,
1146227,NM_000245.4(MET):c.3726T>C (p.Gly1242=),MET,Likely benign,"criteria provided, multiple submitters, no conflicts",,,c.3726T>C,,rs2117066669,
524857,NM_000245.4(MET):c.1030G>A (p.Gly344Arg),MET,Likely benign,"criteria provided, multiple submitters, no conflicts",,,c.1030G>A,,rs761768345,
485769,NM_000245.4(MET):c.1131C>A (p.Ile377=),MET,Likely benign,"criteria provided, multiple submitters, no conflicts",,,c.1131C>A,,rs28444388,
517049,NM_000245.4(MET):c.2584-8C>T,MET,Likely benign,"criteria provided, multiple submitters, no conflicts",,,NM_000245.4(MET):c.2584-8C>T,,rs370833501,
3773457,NM_000245.4(MET):c.2584-18T>C,MET,Likely benign,"criteria provided, single submitter",,,NM_000245.4(MET):c.2584-18T>C,,,
3773436,NM_000245.4(MET):c.3936-19G>C,MET,Likely benign,"criteria provided, single submitter",,,NM_000245.4(MET):c.3936-19G>C,,,
3773421,NM_000245.4(MET):c.1966-13A>G,MET,Likely benign,"criteria provided, single submitter",,,NM_000245.4(MET):c.1966-13A>G,,,
3773420,NM_000245.4(MET):c.2365-21_2365-20del,MET,Likely benign,"criteria provided, single submitter",,,NM_000245.4(MET):c.2365-21_2365-20del,,,
3773418,NM_000245.4(MET):c.3028+10A>T,MET,Likely benign,"criteria provided, single submitter",,,NM_000245.4(MET):c.3028+10A>T,,,
3773252,NM_000245.4(MET):c.2365-9T>C,MET,Likely benign,"criteria provided, single submitter",,,NM_000245.4(MET):c.2365-9T>C,,,
3773241,NM_000245.4(MET):c.2102+8_2102+22del,MET,Likely benign,"criteria provided, single submitter",,,NM_000245.4(MET):c.2102+8_2102+22del,,,
3773372,NM_000245.4(MET):c.1200+9C>A,MET,Likely benign,"criteria provided, single submitter",,,NM_000245.4(MET):c.1200+9C>A,,,
3773201,NM_000245.4(MET):c.1863-13G>A,MET,Likely benign,"criteria provided, single submitter",,,NM_000245.4(MET):c.1863-13G>A,,,
1144642,NM_000245.4(MET):c.174T>C (p.His58=),MET,Likely benign,"criteria provided, multiple submitters, no conflicts",,,c.174T>C,,rs1554378291,
1144179,NM_000245.4(MET):c.2409T>G (p.Thr803=),MET,Likely benign,"criteria provided, multiple submitters, no conflicts",,,c.2409T>G,,rs1584946860,
1141247,NM_000245.4(MET):c.1200+10A>T,MET,Likely benign,"criteria provided, single submitter",,,NM_000245.4(MET):c.1200+10A>T,,rs746880479,
1140754,NM_000245.4(MET):c.3993T>C (p.Ser1331=),MET,Likely benign,"criteria provided, multiple submitters, no conflicts",,,c.3993T>C,,rs2117111260,
1139813,NM_000245.4(MET):c.2583+10G>T,MET,Likely benign,"criteria provided, multiple submitters, no conflicts",,,NM_000245.4(MET):c.2583+10G>T,,rs2116957648,
1156454,NM_000245.4(MET):c.984G>A (p.Gln328=),MET,Likely benign,"criteria provided, multiple submitters, no conflicts",,,c.984G>A,,rs2116602563,
3773366,NM_000245.4(MET):c.1528-18C>T,MET,Likely benign,"criteria provided, single submitter",,,NM_000245.4(MET):c.1528-18C>T,,,
3773145,NM_000245.4(MET):c.2103-14T>C,MET,Likely benign,"criteria provided, single submitter",,,NM_000245.4(MET):c.2103-14T>C,,,
3773143,NM_000245.4(MET):c.3936-19del,MET,Likely benign,"criteria provided, single submitter",,,NM_000245.4(MET):c.3936-19del,,,
524879,NM_000245.4(MET):c.739A>G (p.Ile247Val),MET,Likely benign,"criteria provided, multiple submitters, no conflicts",,,c.739A>G,,rs749728359,
485785,NM_000245.4(MET):c.3879T>A (p.Thr1293=),MET,Likely benign,"criteria provided, multiple submitters, no conflicts",,,c.3879T>A,,rs1554402170,
485783,NM_000245.4(MET):c.1158C>T (p.Leu386=),MET,Likely benign,"criteria provided, multiple submitters, no conflicts",,,c.1158C>T,,rs1554379184,
3773289,NM_000245.4(MET):c.3798+8A>G,MET,Likely benign,"criteria provided, single submitter",,,NM_000245.4(MET):c.3798+8A>G,,,
1154382,NM_000245.4(MET):c.9C>T (p.Ala3=),MET,Likely benign,"criteria provided, multiple submitters, no conflicts",,,c.9C>T,,rs1797064273,
1153189,NM_000245.4(MET):c.1201-9T>G,MET,Likely benign,"criteria provided, single submitter",,,NM_000245.4(MET):c.1201-9T>G,,rs768133322,
1132937,NM_000245.4(MET):c.1350C>T (p.Leu450=),MET,Likely benign,"criteria provided, single submitter",,,c.1350C>T,,rs2116783338,
1128843,NM_000245.4(MET):c.2457C>T (p.Ala819=),MET,Likely benign,"criteria provided, multiple submitters, no conflicts",,,c.2457C>T,,rs746040712,
1128498,NM_000245.4(MET):c.3090C>T (p.Asp1030=),MET,Likely benign,"criteria provided, multiple submitters, no conflicts",,,c.3090C>T,,rs766136369,
1128455,NM_000245.4(MET):c.2508A>G (p.Val836=),MET,Likely benign,"criteria provided, multiple submitters, no conflicts",,,c.2508A>G,,rs1322202293,
1145346,NM_000245.4(MET):c.1965+7A>G,MET,Likely benign,"criteria provided, multiple submitters, no conflicts",,,NM_000245.4(MET):c.1965+7A>G,,rs2116921524,
3773173,NM_000245.4(MET):c.1528-10C>T,MET,Likely benign,"criteria provided, single submitter",,,NM_000245.4(MET):c.1528-10C>T,,,
3773157,NM_000245.4(MET):c.1528-17A>C,MET,Likely benign,"criteria provided, single submitter",,,NM_000245.4(MET):c.1528-17A>C,,,
3773074,NM_000245.4(MET):c.-14-4G>T,MET,Likely benign,"criteria provided, single submitter",,,NM_000245.4(MET):c.-14-4G>T,,,
3773072,NM_000245.4(MET):c.2364+7C>G,MET,Likely benign,"criteria provided, single submitter",,,NM_000245.4(MET):c.2364+7C>G,,,
524910,NM_000245.4(MET):c.3523-6C>T,MET,Likely benign,"criteria provided, multiple submitters, no conflicts",,,NM_000245.4(MET):c.3523-6C>T,,rs1554400069,
524908,NM_000245.4(MET):c.1602C>A (p.Pro534=),MET,Likely benign,"criteria provided, single submitter",,,c.1602C>A,,rs1554391268,
524904,NM_000245.4(MET):c.2584-4T>C,MET,Likely benign,"criteria provided, multiple submitters, no conflicts",,,NM_000245.4(MET):c.2584-4T>C,,rs1554397896,
3773275,NM_000245.4(MET):c.1863-10_1863-9insC,MET,Likely benign,"criteria provided, single submitter",,,NM_000245.4(MET):c.1863-10_1863-9insC,,,
3773269,NM_000245.4(MET):c.1201-18G>C,MET,Likely benign,"criteria provided, multiple submitters, no conflicts",,,NM_000245.4(MET):c.1201-18G>C,,,
3773207,NM_000245.4(MET):c.3799-20C>T,MET,Likely benign,"criteria provided, single submitter",,,NM_000245.4(MET):c.3799-20C>T,,,
517886,NM_000245.4(MET):c.2584-16T>C,MET,Likely benign,"criteria provided, multiple submitters, no conflicts",,,NM_000245.4(MET):c.2584-16T>C,,rs766575983,
1123997,NM_000245.4(MET):c.2835G>C (p.Leu945=),MET,Likely benign,"criteria provided, single submitter",,,c.2835G>C,,rs2116992677,
1122215,NM_000245.4(MET):c.3336G>A (p.Leu1112=),MET,Likely benign,"criteria provided, multiple submitters, no conflicts",,,c.3336G>A,,rs1488332998,
1121218,NM_000245.4(MET):c.3341-10G>T,MET,Likely benign,"criteria provided, single submitter",,,NM_000245.4(MET):c.3341-10G>T,,rs1281663962,
1119918,NM_000245.4(MET):c.3555T>C (p.Gly1185=),MET,Likely benign,"criteria provided, multiple submitters, no conflicts",,,c.3555T>C,,rs2117059754,
1138658,NM_000245.4(MET):c.1863-7T>C,MET,Likely benign,"criteria provided, multiple submitters, no conflicts",,,NM_000245.4(MET):c.1863-7T>C,,rs763829971,
3773130,NM_000245.4(MET):c.3799-9T>C,MET,Likely benign,"criteria provided, single submitter",,,NM_000245.4(MET):c.3799-9T>C,,,
3773129,NM_000245.4(MET):c.3632+10A>G,MET,Likely benign,"criteria provided, single submitter",,,NM_000245.4(MET):c.3632+10A>G,,,
3773119,NM_000245.4(MET):c.3260-9T>C,MET,Likely benign,"criteria provided, single submitter",,,NM_000245.4(MET):c.3260-9T>C,,,
3773031,NM_000245.4(MET):c.1528-6T>C,MET,Likely benign,"criteria provided, multiple submitters, no conflicts",,,NM_000245.4(MET):c.1528-6T>C,,,
3773026,NM_000245.4(MET):c.2888-20T>C,MET,Likely benign,"criteria provided, single submitter",,,NM_000245.4(MET):c.2888-20T>C,,,
3773025,NM_000245.4(MET):c.3633-8delinsCC,MET,Likely benign,"criteria provided, single submitter",,,NM_000245.4(MET):c.3633-8delinsCC,,,
1137527,NM_000245.4(MET):c.1824G>A (p.Glu608=),MET,Likely benign,"criteria provided, multiple submitters, no conflicts",,,c.1824G>A,,rs2116910513,
1137131,NM_000245.4(MET):c.3162C>T (p.Asp1054=),MET,Likely benign,"criteria provided, multiple submitters, no conflicts",,,c.3162C>T,,rs1166344170,
1135080,NM_000245.4(MET):c.2742A>G (p.Ala914=),MET,Likely benign,"criteria provided, multiple submitters, no conflicts",,,c.2742A>G,,rs1208554913,
1134099,NM_000245.4(MET):c.1485A>C (p.Thr495=),MET,Likely benign,"criteria provided, multiple submitters, no conflicts",,,c.1485A>C,,rs760256871,
1150742,NM_000245.4(MET):c.3799-10G>A,MET,Likely benign,"criteria provided, multiple submitters, no conflicts",,,NM_000245.4(MET):c.3799-10G>A,,rs1270863054,
1127419,NM_000245.4(MET):c.2088A>T (p.Thr696=),MET,Likely benign,"criteria provided, single submitter",,,c.2088A>T,,rs201378674,
568867,NM_000245.4(MET):c.1200+10A>G,MET,Likely benign,"criteria provided, single submitter",,,NM_000245.4(MET):c.1200+10A>G,,rs746880479,
524902,NM_000245.4(MET):c.3633-4G>C,MET,Likely benign,"criteria provided, multiple submitters, no conflicts",,,NM_000245.4(MET):c.3633-4G>C,,rs1477354447,
524900,NM_000245.4(MET):c.1528-9T>C,MET,Likely benign,"criteria provided, multiple submitters, no conflicts",,,NM_000245.4(MET):c.1528-9T>C,,rs767768257,
524899,NM_000245.4(MET):c.3300T>C (p.Asn1100=),MET,Likely benign,"criteria provided, multiple submitters, no conflicts",,,c.3300T>C,,rs1554399341,
524897,NM_000245.4(MET):c.3816C>A (p.Leu1272=),MET,Likely benign,"criteria provided, single submitter",,,c.3816C>A,,rs757012119,
3773095,NM_000245.4(MET):c.2888-19T>C,MET,Likely benign,"criteria provided, single submitter",,,NM_000245.4(MET):c.2888-19T>C,,,
3773094,NM_000245.4(MET):c.3633-14T>C,MET,Likely benign,"criteria provided, single submitter",,,NM_000245.4(MET):c.3633-14T>C,,,
3773086,NM_000245.4(MET):c.2730+4G>A,MET,Likely benign,"criteria provided, single submitter",,,NM_000245.4(MET):c.2730+4G>A,,,
3773078,NM_000245.4(MET):c.1863-14G>T,MET,Likely benign,"criteria provided, single submitter",,,NM_000245.4(MET):c.1863-14G>T,,,
3765439,NM_000245.4(MET):c.2584-38del,MET,Likely benign,"criteria provided, single submitter",,,NM_000245.4(MET):c.2584-38del,,,
1127332,NM_000245.4(MET):c.96G>A (p.Lys32=),MET,Likely benign,"criteria provided, multiple submitters, no conflicts",,,c.96G>A,,rs2116580040,
1126262,NM_000245.4(MET):c.3633-8T>C,MET,Likely benign,"criteria provided, single submitter",,,NM_000245.4(MET):c.3633-8T>C,,rs1405684941,
1126235,NM_000245.4(MET):c.21T>G (p.Leu7=),MET,Likely benign,"criteria provided, multiple submitters, no conflicts",,,c.21T>G,,rs2116578054,
1143855,NM_000245.4(MET):c.2769A>G (p.Val923=),MET,Likely benign,"criteria provided, multiple submitters, no conflicts",,,c.2769A>G,,rs371015065,
1143769,NM_000245.4(MET):c.2541A>G (p.Pro847=),MET,Likely benign,"criteria provided, multiple submitters, no conflicts",,,c.2541A>G,,rs2116956820,
1106335,NM_000245.4(MET):c.1393-6G>C,MET,Likely benign,"criteria provided, single submitter",,,NM_000245.4(MET):c.1393-6G>C,,rs202194405,
1105233,NM_000245.4(MET):c.858T>C (p.Ser286=),MET,Likely benign,"criteria provided, multiple submitters, no conflicts",,,c.858T>C,,rs1791505734,
3765438,NM_000245.4(MET):c.-14-21G>A,MET,Likely benign,"criteria provided, single submitter",,,NM_000245.4(MET):c.-14-21G>A,,,
3773066,NM_000245.4(MET):c.1201-17A>G,MET,Likely benign,"criteria provided, single submitter",,,NM_000245.4(MET):c.1201-17A>G,,,
574963,NM_000245.4(MET):c.2888-6T>G,MET,Likely benign,"criteria provided, single submitter",,,NM_000245.4(MET):c.2888-6T>G,,rs1562930263,
524915,NM_000245.4(MET):c.2760T>C (p.Leu920=),MET,Likely benign,"criteria provided, single submitter",,,c.2760T>C,,rs1554398258,
3773044,NM_000245.4(MET):c.3935+9T>C,MET,Likely benign,"criteria provided, single submitter",,,NM_000245.4(MET):c.3935+9T>C,,,
3727731,NM_000245.4(MET):c.2739A>G (p.Gln913=),MET,Likely benign,"criteria provided, single submitter",,,c.2739A>G,,,
3727721,NM_000245.4(MET):c.1701+7A>C,MET,Likely benign,"criteria provided, single submitter",,,NM_000245.4(MET):c.1701+7A>C,,,
1119181,NM_000245.4(MET):c.1911C>T (p.Ser637=),MET,Likely benign,"criteria provided, multiple submitters, no conflicts",,,c.1911C>T,,rs2116920428,
1118334,NM_000245.4(MET):c.3340+8G>A,MET,Likely benign,"criteria provided, multiple submitters, no conflicts",,,NM_000245.4(MET):c.3340+8G>A,,rs541156628,
1116285,NM_000245.4(MET):c.321A>G (p.Leu107=),MET,Likely benign,"criteria provided, multiple submitters, no conflicts",,,c.321A>G,,rs1040920548,
1115725,NM_000245.4(MET):c.1302C>T (p.Phe434=),MET,Likely benign,"criteria provided, multiple submitters, no conflicts",,,c.1302C>T,,rs2116782064,
1115623,NM_000245.4(MET):c.42C>G (p.Leu14=),MET,Likely benign,"criteria provided, single submitter",,,c.42C>G,,rs2116578695,
1115528,NM_000245.4(MET):c.3006C>T (p.Asp1002=),MET,Likely benign,"criteria provided, single submitter",,,c.3006C>T,,rs2116997464,
1114996,NM_000245.4(MET):c.1671T>C (p.Thr557=),MET,Likely benign,"criteria provided, multiple submitters, no conflicts",,,c.1671T>C,,rs2116837479,
3727376,NM_000245.4(MET):c.957T>A (p.Ala319=),MET,Likely benign,"criteria provided, single submitter",,,c.957T>A,,,
3726042,NM_000245.4(MET):c.1393-16C>T,MET,Likely benign,"criteria provided, single submitter",,,NM_000245.4(MET):c.1393-16C>T,,,
3773018,NM_000245.4(MET):c.2730+3G>A,MET,Likely benign,"criteria provided, single submitter",,,NM_000245.4(MET):c.2730+3G>A,,,
568557,NM_000245.4(MET):c.571C>T (p.Arg191Trp),MET,Likely benign,"criteria provided, multiple submitters, no conflicts",,,c.571C>T,,rs530932258,
3773004,NM_000245.4(MET):c.2584-11T>C,MET,Likely benign,"criteria provided, single submitter",,,NM_000245.4(MET):c.2584-11T>C,,,
3765445,NM_000245.4(MET):c.3935+26C>T,MET,Likely benign,"criteria provided, single submitter",,,NM_000245.4(MET):c.3935+26C>T,,,
3765444,NM_000245.4(MET):c.3633-31C>A,MET,Likely benign,"criteria provided, single submitter",,,NM_000245.4(MET):c.3633-31C>A,,,
3765443,NM_000245.4(MET):c.3632+44A>G,MET,Likely benign,"criteria provided, single submitter",,,NM_000245.4(MET):c.3632+44A>G,,,
3765442,NM_000245.4(MET):c.3260-43T>A,MET,Likely benign,"criteria provided, single submitter",,,NM_000245.4(MET):c.3260-43T>A,,,
3721850,NM_000245.4(MET):c.2887+7T>C,MET,Likely benign,"criteria provided, single submitter",,,NM_000245.4(MET):c.2887+7T>C,,,
1112351,NM_000245.4(MET):c.3341-10G>A,MET,Likely benign,"criteria provided, multiple submitters, no conflicts",,,NM_000245.4(MET):c.3341-10G>A,,rs1281663962,
1112229,NM_000245.4(MET):c.3219C>T (p.Pro1073=),MET,Likely benign,"criteria provided, multiple submitters, no conflicts",,,c.3219C>T,,rs1794954190,
1110907,NM_000245.4(MET):c.2584-10T>C,MET,Likely benign,"criteria provided, multiple submitters, no conflicts",,,NM_000245.4(MET):c.2584-10T>C,,rs1308148206,
1110034,NM_000245.4(MET):c.1503C>T (p.Tyr501=),MET,Likely benign,"criteria provided, multiple submitters, no conflicts",,,c.1503C>T,,rs2116827932,
1126090,NM_000245.4(MET):c.2731-4T>C,MET,Likely benign,"criteria provided, single submitter",,,NM_000245.4(MET):c.2731-4T>C,,rs2116991247,
1108231,NM_000245.4(MET):c.3633-9_3633-8insC,MET,Likely benign,"criteria provided, single submitter",,,NM_000245.4(MET):c.3633-9_3633-8insC,,rs1562935745,
1096851,NM_000245.4(MET):c.2145C>A (p.Thr715=),MET,Likely benign,"criteria provided, single submitter",,,c.2145C>A,,rs1584942689,
1096796,NM_000245.4(MET):c.450T>C (p.His150=),MET,Likely benign,"criteria provided, multiple submitters, no conflicts",,,c.450T>C,,rs2116589122,
1096671,NM_000245.4(MET):c.1248T>C (p.Tyr416=),MET,Likely benign,"criteria provided, multiple submitters, no conflicts",,,c.1248T>C,,rs745726656,
1096522,NM_000245.4(MET):c.3028+10A>C,MET,Likely benign,"criteria provided, multiple submitters, no conflicts",,,NM_000245.4(MET):c.3028+10A>C,,rs763648816,
1093230,NM_000245.4(MET):c.1515C>T (p.Ile505=),MET,Likely benign,"criteria provided, multiple submitters, no conflicts",,,c.1515C>T,,rs1424420830,
1093087,NM_000245.4(MET):c.1017T>C (p.Asp339=),MET,Likely benign,"criteria provided, single submitter",,,c.1017T>C,,rs2116603439,
1103544,NM_000245.4(MET):c.1528-10C>G,MET,Likely benign,"criteria provided, single submitter",,,NM_000245.4(MET):c.1528-10C>G,,rs757448894,
1102064,NM_000245.4(MET):c.1863-6T>C,MET,Likely benign,"criteria provided, multiple submitters, no conflicts",,,NM_000245.4(MET):c.1863-6T>C,,rs1168220004,
1101637,NM_000245.4(MET):c.2265-33C>A,MET,Likely benign,"criteria provided, single submitter",,,NM_000245.4(MET):c.2265-33C>A,,rs2116937074,
1116264,NM_000245.4(MET):c.780C>T (p.Tyr260=),MET,Likely benign,"criteria provided, single submitter",,,c.780C>T,,rs2116597678,
1116051,NM_000245.4(MET):c.3348T>G (p.Thr1116=),MET,Likely benign,"criteria provided, multiple submitters, no conflicts",,,c.3348T>G,,rs2117044816,
1100228,NM_000245.4(MET):c.1731A>C (p.Gly577=),MET,Likely benign,"criteria provided, single submitter",,,c.1731A>C,,rs2116909048,
1099931,NM_000245.4(MET):c.3597G>A (p.Lys1199=),MET,Likely benign,"criteria provided, multiple submitters, no conflicts",,,c.3597G>A,,rs1795174174,
1097351,NM_000245.4(MET):c.2928C>T (p.His976=),MET,Likely benign,"criteria provided, multiple submitters, no conflicts",,,c.2928C>T,,rs2116996392,
1112363,NM_000245.4(MET):c.855C>T (p.Asn285=),MET,Likely benign,"criteria provided, multiple submitters, no conflicts",,,c.855C>T,,rs1791505633,
3727687,NM_000245.4(MET):c.1704T>A (p.Val568=),MET,Likely benign,"criteria provided, single submitter",,,c.1704T>A,,,
1088144,NM_000245.4(MET):c.531G>A (p.Val177=),MET,Likely benign,"criteria provided, multiple submitters, no conflicts",,,c.531G>A,,rs755804127,
1086906,NM_000245.4(MET):c.1794A>G (p.Leu598=),MET,Likely benign,"criteria provided, single submitter",,,c.1794A>G,,rs2116910054,
1083580,NM_000245.4(MET):c.3603C>A (p.Val1201=),MET,Likely benign,"criteria provided, multiple submitters, no conflicts",,,c.3603C>A,,rs1484737027,
1100525,NM_000245.4(MET):c.3744G>A (p.Lys1248=),MET,Likely benign,"criteria provided, single submitter",,,c.3744G>A,,rs2117066950,
1079788,NM_000245.4(MET):c.2280A>T (p.Ile760=),MET,Likely benign,"criteria provided, single submitter",,,c.2280A>T,,rs2116937734,
1078768,NM_000245.4(MET):c.4008G>T (p.Arg1336=),MET,Likely benign,"criteria provided, single submitter",,,c.4008G>T,,rs373857586,
1097103,NM_000245.4(MET):c.4023C>T (p.Phe1341=),MET,Likely benign,"criteria provided, multiple submitters, no conflicts",,,c.4023C>T,,rs2117111707,
3721769,NM_000245.4(MET):c.3523-8G>C,MET,Likely benign,"criteria provided, single submitter",,,NM_000245.4(MET):c.3523-8G>C,,,
3721600,NM_000245.4(MET):c.2265-42A>G,MET,Likely benign,"criteria provided, single submitter",,,NM_000245.4(MET):c.2265-42A>G,,,
584715,NM_000245.4(MET):c.2103-1G>T,MET,Likely benign,"criteria provided, single submitter",,,NM_000245.4(MET):c.2103-1G>T,,rs1336351205,
3729889,NM_000245.4(MET):c.996A>G (p.Gln332=),MET,Likely benign,"criteria provided, single submitter",,,c.996A>G,,,
3729490,NM_000245.4(MET):c.2583+16A>T,MET,Likely benign,"criteria provided, single submitter",,,NM_000245.4(MET):c.2583+16A>T,,,
3728646,NM_000245.4(MET):c.3340+8G>C,MET,Likely benign,"criteria provided, single submitter",,,NM_000245.4(MET):c.3340+8G>C,,,
3728386,NM_000245.4(MET):c.3260-14T>A,MET,Likely benign,"criteria provided, single submitter",,,NM_000245.4(MET):c.3260-14T>A,,,
3728348,NM_000245.4(MET):c.2103-19C>T,MET,Likely benign,"criteria provided, single submitter",,,NM_000245.4(MET):c.2103-19C>T,,,
1097086,NM_000245.4(MET):c.519T>C (p.Pro173=),MET,Likely benign,"criteria provided, multiple submitters, no conflicts",,,c.519T>C,,rs2116590943,
2453373,NM_000245.4(MET):c.214G>C (p.Val72Leu),MET,Likely benign,"criteria provided, single submitter",,,c.214G>C,,rs762253815,
2453402,NM_000245.4(MET):c.4130A>T (p.Asp1377Val),MET,Likely benign,"criteria provided, single submitter",,,c.4130A>T,,rs2117113461,
2447319,NM_000245.4(MET):c.2544G>A (p.Val848=),MET,Likely benign,"criteria provided, single submitter",,,c.2544G>A,,rs776137927,
2453388,NM_000245.4(MET):c.1000G>A (p.Gly334Arg),MET,Likely benign,"criteria provided, single submitter",,,c.1000G>A,,rs2116602969,
2453384,NM_000245.4(MET):c.2037A>G (p.Gly679=),MET,Likely benign,"criteria provided, multiple submitters, no conflicts",,,c.2037A>G,,rs1584941722,
2414444,NM_000245.4(MET):c.894T>C (p.Cys298=),MET,Likely benign,"criteria provided, single submitter",,,c.894T>C,,rs2116600448,
3728133,NM_000245.4(MET):c.1966-15T>C,MET,Likely benign,"criteria provided, single submitter",,,NM_000245.4(MET):c.1966-15T>C,,,
3727838,NM_000245.4(MET):c.3029-10C>G,MET,Likely benign,"criteria provided, single submitter",,,NM_000245.4(MET):c.3029-10C>G,,,
3710469,NM_000245.4(MET):c.1393-8C>T,MET,Likely benign,"criteria provided, single submitter",,,NM_000245.4(MET):c.1393-8C>T,,,
3708982,NM_000245.4(MET):c.1527+9T>C,MET,Likely benign,"criteria provided, single submitter",,,NM_000245.4(MET):c.1527+9T>C,,,
3725071,NM_000245.4(MET):c.2958C>T (p.Ala986=),MET,Likely benign,"criteria provided, single submitter",,,c.2958C>T,,,
3724699,NM_000245.4(MET):c.3341-14A>T,MET,Likely benign,"criteria provided, single submitter",,,NM_000245.4(MET):c.3341-14A>T,,,
3723317,NM_000245.4(MET):c.1437T>C (p.Phe479=),MET,Likely benign,"criteria provided, single submitter",,,c.1437T>C,,,
3702396,NM_000245.4(MET):c.2364+8C>T,MET,Likely benign,"criteria provided, single submitter",,,NM_000245.4(MET):c.2364+8C>T,,,
3699650,NM_000245.4(MET):c.3798+10T>C,MET,Likely benign,"criteria provided, single submitter",,,NM_000245.4(MET):c.3798+10T>C,,,
1088545,NM_000245.4(MET):c.609T>A (p.Ser203=),MET,Likely benign,"criteria provided, multiple submitters, no conflicts",,,c.609T>A,,rs1269191859,
2453394,NM_000245.4(MET):c.3654C>T (p.Val1218=),MET,Likely benign,"criteria provided, single submitter",,,c.3654C>T,,rs2117065555,
2453393,NM_000245.4(MET):c.561T>A (p.Ser187=),MET,Likely benign,"criteria provided, single submitter",,,c.561T>A,,rs2116591970,
2453421,NM_000245.4(MET):c.2199A>C (p.Thr733=),MET,Likely benign,"criteria provided, single submitter",,,c.2199A>C,,rs1159554633,
3719217,NM_000245.4(MET):c.3936-20del,MET,Likely benign,"criteria provided, single submitter",,,NM_000245.4(MET):c.3936-20del,,,
3717609,NM_000245.4(MET):c.1528-15C>T,MET,Likely benign,"criteria provided, multiple submitters, no conflicts",,,NM_000245.4(MET):c.1528-15C>T,,,
3716751,NM_000245.4(MET):c.2265-63C>T,MET,Likely benign,"criteria provided, single submitter",,,NM_000245.4(MET):c.2265-63C>T,,,
3715896,NM_000245.4(MET):c.1862+9C>A,MET,Likely benign,"criteria provided, single submitter",,,NM_000245.4(MET):c.1862+9C>A,,,
3691008,NM_000245.4(MET):c.1701+17G>A,MET,Likely benign,"criteria provided, single submitter",,,NM_000245.4(MET):c.1701+17G>A,,,
3707847,NM_000245.4(MET):c.3939T>C (p.Tyr1313=),MET,Likely benign,"criteria provided, multiple submitters, no conflicts",,,c.3939T>C,,,
3707120,NM_000245.4(MET):c.3935+19C>T,MET,Likely benign,"criteria provided, single submitter",,,NM_000245.4(MET):c.3935+19C>T,,,
3704917,NM_000245.4(MET):c.3341-13C>T,MET,Likely benign,"criteria provided, single submitter",,,NM_000245.4(MET):c.3341-13C>T,,,
3704096,NM_000245.4(MET):c.2463C>T (p.Phe821=),MET,Likely benign,"criteria provided, single submitter",,,c.2463C>T,,,
2453381,NM_000245.4(MET):c.3519T>C (p.Thr1173=),MET,Likely benign,"criteria provided, single submitter",,,c.3519T>C,,rs2117048454,
2453376,NM_000245.4(MET):c.282T>C (p.Asp94=),MET,Likely benign,"criteria provided, single submitter",,,c.282T>C,,rs2116584827,
1060108,NM_000245.4(MET):c.3339C>T (p.Asn1113=),MET,Likely benign,"criteria provided, multiple submitters, no conflicts",,,c.3339C>T,,rs1214629015,
1094774,NM_000245.4(MET):c.1393-10T>C,MET,Likely benign,"criteria provided, single submitter",,,NM_000245.4(MET):c.1393-10T>C,,rs2116825333,
2561306,NM_000245.4(MET):c.460A>G (p.Ile154Val),MET,Likely benign,"criteria provided, single submitter",,,c.460A>G,,rs2116589395,
2495246,NM_000245.4(MET):c.2204T>C (p.Ile735Thr),MET,Likely benign,"criteria provided, single submitter",,,c.2204T>C,,rs2116931886,
2453428,NM_000245.4(MET):c.1888A>G (p.Met630Val),MET,Likely benign,"criteria provided, single submitter",,,c.1888A>G,,rs1794220984,
2453422,NM_000245.4(MET):c.3426C>T (p.Leu1142=),MET,Likely benign,"criteria provided, single submitter",,,c.3426C>T,,rs768521017,
2567663,NM_000245.4(MET):c.2352G>A (p.Arg784=),MET,Likely benign,"criteria provided, single submitter",,,c.2352G>A,,rs2116939135,
3703008,NM_000245.4(MET):c.3798+20T>C,MET,Likely benign,"criteria provided, single submitter",,,NM_000245.4(MET):c.3798+20T>C,,,
3676564,NM_000245.4(MET):c.1392+20A>T,MET,Likely benign,"criteria provided, single submitter",,,NM_000245.4(MET):c.1392+20A>T,,,
3673285,NM_000245.4(MET):c.1863-4C>T,MET,Likely benign,"criteria provided, single submitter",,,NM_000245.4(MET):c.1863-4C>T,,,
3697064,NM_000245.4(MET):c.3523-5T>C,MET,Likely benign,"criteria provided, multiple submitters, no conflicts",,,NM_000245.4(MET):c.3523-5T>C,,,
3695801,NM_000245.4(MET):c.1527+17G>T,MET,Likely benign,"criteria provided, single submitter",,,NM_000245.4(MET):c.1527+17G>T,,,
3695315,NM_000245.4(MET):c.3935+16G>A,MET,Likely benign,"criteria provided, single submitter",,,NM_000245.4(MET):c.3935+16G>A,,,
3694893,NM_000245.4(MET):c.2487A>G (p.Lys829=),MET,Likely benign,"criteria provided, single submitter",,,c.2487A>G,,,
3694855,NM_000245.4(MET):c.3259+18G>A,MET,Likely benign,"criteria provided, single submitter",,,NM_000245.4(MET):c.3259+18G>A,,,
1081294,NM_000245.4(MET):c.3935+8G>A,MET,Likely benign,"criteria provided, multiple submitters, no conflicts",,,NM_000245.4(MET):c.3935+8G>A,,rs2117109392,
2453407,NM_000245.4(MET):c.1353C>A (p.Thr451=),MET,Likely benign,"criteria provided, single submitter",,,c.1353C>A,,rs201882845,
2495782,NM_000245.4(MET):c.45G>C (p.Leu15=),MET,Likely benign,"criteria provided, single submitter",,,c.45G>C,,rs778415960,
2567718,NM_000245.4(MET):c.2700G>C (p.Leu900=),MET,Likely benign,"criteria provided, single submitter",,,c.2700G>C,,rs921308683,
2567716,NM_000245.4(MET):c.324A>G (p.Ser108=),MET,Likely benign,"criteria provided, multiple submitters, no conflicts",,,c.324A>G,,rs2116585885,
2567715,NM_000245.4(MET):c.2076T>C (p.Ile692=),MET,Likely benign,"criteria provided, single submitter",,,c.2076T>C,,rs752740791,
2567675,NM_000245.4(MET):c.2901A>G (p.Glu967=),MET,Likely benign,"criteria provided, single submitter",,,c.2901A>G,,rs2485778458,
3667066,NM_000245.4(MET):c.2004T>C (p.Pro668=),MET,Likely benign,"criteria provided, single submitter",,,c.2004T>C,,,
3686728,NM_000245.4(MET):c.2102+20T>C,MET,Likely benign,"criteria provided, single submitter",,,NM_000245.4(MET):c.2102+20T>C,,,
3686480,NM_000245.4(MET):c.2250C>A (p.Thr750=),MET,Likely benign,"criteria provided, multiple submitters, no conflicts",,,c.2250C>A,,,
3683838,NM_000245.4(MET):c.3798+17C>T,MET,Likely benign,"criteria provided, single submitter",,,NM_000245.4(MET):c.3798+17C>T,,,
3680885,NM_000245.4(MET):c.2103-12T>C,MET,Likely benign,"criteria provided, multiple submitters, no conflicts",,,NM_000245.4(MET):c.2103-12T>C,,,
3663494,NM_000245.4(MET):c.3189C>G (p.Val1063=),MET,Likely benign,"criteria provided, single submitter",,,c.3189C>G,,,
3668409,NM_000245.4(MET):c.2109A>G (p.Ser703=),MET,Likely benign,"criteria provided, single submitter",,,c.2109A>G,,,
2567667,NM_000245.4(MET):c.123T>C (p.Tyr41=),MET,Likely benign,"criteria provided, single submitter",,,c.123T>C,,rs199812384,
1043449,NM_000245.4(MET):c.1197T>C (p.Asn399=),MET,Likely benign,"criteria provided, multiple submitters, no conflicts",,,c.1197T>C,,rs1791526414,
2567700,NM_000245.4(MET):c.1761C>T (p.Asp587=),MET,Likely benign,"criteria provided, single submitter",,,c.1761C>T,,rs1794140926,
2567699,NM_000245.4(MET):c.3513T>C (p.Asn1171=),MET,Likely benign,"criteria provided, multiple submitters, no conflicts",,,c.3513T>C,,rs2117048322,
2562477,NM_000245.4(MET):c.1182T>C (p.His394=),MET,Likely benign,"criteria provided, single submitter",,,c.1182T>C,,rs2116607421,
2575480,NM_000245.4(MET):c.1527+33G>A,MET,Likely benign,"criteria provided, single submitter",,,NM_000245.4(MET):c.1527+33G>A,,rs762538423,
2575479,NM_000245.4(MET):c.1392+21del,MET,Likely benign,"criteria provided, single submitter",,,NM_000245.4(MET):c.1392+21del,,rs2485614542,
2587476,NM_000245.4(MET):c.1416A>G (p.Pro472=),MET,Likely benign,"criteria provided, multiple submitters, no conflicts",,,c.1416A>G,,rs2116826015,
2587475,NM_000245.4(MET):c.3651A>C (p.Thr1217=),MET,Likely benign,"criteria provided, multiple submitters, no conflicts",,,c.3651A>C,,rs774817618,
2587472,NM_000245.4(MET):c.3420C>A (p.Leu1140=),MET,Likely benign,"criteria provided, single submitter",,,c.3420C>A,,rs2117046565,
2567712,NM_000245.4(MET):c.1014T>A (p.Asn338Lys),MET,Likely benign,"criteria provided, single submitter",,,c.1014T>A,,rs2116603344,
2567711,NM_000245.4(MET):c.622G>C (p.Asp208His),MET,Likely benign,"criteria provided, single submitter",,,c.622G>C,,rs2116593557,
2567705,NM_000245.4(MET):c.1007G>C (p.Ser336Thr),MET,Likely benign,"criteria provided, single submitter",,,c.1007G>C,,rs1791512753,
1039300,NM_000245.4(MET):c.2475G>T (p.Gly825=),MET,Likely benign,"criteria provided, multiple submitters, no conflicts",,,c.2475G>T,,rs891908277,
1037932,NM_000245.4(MET):c.1032G>T (p.Gly344=),MET,Likely benign,"criteria provided, multiple submitters, no conflicts",,,c.1032G>T,,rs1457756402,
2567704,NM_000245.4(MET):c.246T>C (p.Ala82=),MET,Likely benign,"criteria provided, multiple submitters, no conflicts",,,c.246T>C,,rs2485507094,
2576440,NM_000245.4(MET):c.3523-48G>A,MET,Likely benign,"criteria provided, single submitter",,,NM_000245.4(MET):c.3523-48G>A,,rs770869284,
2575488,NM_000245.4(MET):c.3260-43T>C,MET,Likely benign,"criteria provided, single submitter",,,NM_000245.4(MET):c.3260-43T>C,,rs371281495,
2575487,NM_000245.4(MET):c.3029-45T>C,MET,Likely benign,"criteria provided, single submitter",,,NM_000245.4(MET):c.3029-45T>C,,rs375500539,
2567694,NM_000245.4(MET):c.270G>A (p.Leu90=),MET,Likely benign,"criteria provided, multiple submitters, no conflicts",,,c.270G>A,,rs2116584490,
2567687,NM_000245.4(MET):c.132C>T (p.Pro44=),MET,Likely benign,"criteria provided, multiple submitters, no conflicts",,,c.132C>T,,rs2116581103,
2587484,NM_000245.4(MET):c.771T>C (p.Asn257=),MET,Likely benign,"criteria provided, single submitter",,,c.771T>C,,rs2116597435,
2587467,NM_000245.4(MET):c.3363T>G (p.Val1121=),MET,Likely benign,"criteria provided, single submitter",,,c.3363T>G,,rs201997422,
2575486,NM_000245.4(MET):c.3028+18G>A,MET,Likely benign,"criteria provided, single submitter",,,NM_000245.4(MET):c.3028+18G>A,,rs1157997355,
2575484,NM_000245.4(MET):c.2888-22C>T,MET,Likely benign,"criteria provided, single submitter",,,NM_000245.4(MET):c.2888-22C>T,,rs761059407,
2575483,NM_000245.4(MET):c.2887+49T>G,MET,Likely benign,"criteria provided, single submitter",,,NM_000245.4(MET):c.2887+49T>G,,rs376814199,
3658529,NM_000245.4(MET):c.3340+11T>C,MET,Likely benign,"criteria provided, single submitter",,,NM_000245.4(MET):c.3340+11T>C,,,
3657373,NM_000245.4(MET):c.2731-16T>C,MET,Likely benign,"criteria provided, multiple submitters, no conflicts",,,NM_000245.4(MET):c.2731-16T>C,,,
656945,NM_000245.4(MET):c.2731-10T>C,MET,Likely benign,"criteria provided, single submitter",,,NM_000245.4(MET):c.2731-10T>C,,rs1360184564,
3653142,NM_000245.4(MET):c.2622G>A (p.Val874=),MET,Likely benign,"criteria provided, single submitter",,,c.2622G>A,,,
3652896,NM_000245.4(MET):c.705T>C (p.Ile235=),MET,Likely benign,"criteria provided, multiple submitters, no conflicts",,,c.705T>C,,,
3661425,NM_000245.4(MET):c.1527+13C>A,MET,Likely benign,"criteria provided, single submitter",,,NM_000245.4(MET):c.1527+13C>A,,,
3660830,NM_000245.4(MET):c.4071G>C (p.Val1357=),MET,Likely benign,"criteria provided, multiple submitters, no conflicts",,,c.4071G>C,,,
3648112,NM_000245.4(MET):c.1702-4G>A,MET,Likely benign,"criteria provided, single submitter",,,NM_000245.4(MET):c.1702-4G>A,,,
3648008,NM_000245.4(MET):c.3632+11G>A,MET,Likely benign,"criteria provided, single submitter",,,NM_000245.4(MET):c.3632+11G>A,,,
2575482,NM_000245.4(MET):c.2102+50G>C,MET,Likely benign,"criteria provided, single submitter",,,NM_000245.4(MET):c.2102+50G>C,,rs1794248741,
2575481,NM_000245.4(MET):c.1702-25del,MET,Likely benign,"criteria provided, single submitter",,,NM_000245.4(MET):c.1702-25del,,rs761404310,
3654194,NM_000245.4(MET):c.1440C>G (p.Leu480=),MET,Likely benign,"criteria provided, single submitter",,,c.1440C>G,,,
3640682,NM_000245.4(MET):c.1212A>G (p.Arg404=),MET,Likely benign,"criteria provided, single submitter",,,c.1212A>G,,,
3640085,NM_000245.4(MET):c.2731-18T>C,MET,Likely benign,"criteria provided, multiple submitters, no conflicts",,,NM_000245.4(MET):c.2731-18T>C,,,
3651556,NM_000245.4(MET):c.1110C>T (p.Val370=),MET,Likely benign,"criteria provided, single submitter",,,c.1110C>T,,,
3649595,NM_000245.4(MET):c.1701+7A>G,MET,Likely benign,"criteria provided, single submitter",,,NM_000245.4(MET):c.1701+7A>G,,,
3648841,NM_000245.4(MET):c.1326A>T (p.Ile442=),MET,Likely benign,"criteria provided, single submitter",,,c.1326A>T,,,
3628049,NM_000245.4(MET):c.3492T>C (p.Asp1164=),MET,Likely benign,"criteria provided, multiple submitters, no conflicts",,,c.3492T>C,,,
3627323,NM_000245.4(MET):c.3259+19C>G,MET,Likely benign,"criteria provided, single submitter",,,NM_000245.4(MET):c.3259+19C>G,,,
3625256,NM_000245.4(MET):c.4053T>C (p.His1351=),MET,Likely benign,"criteria provided, multiple submitters, no conflicts",,,c.4053T>C,,,
3646412,NM_000245.4(MET):c.1701+20G>C,MET,Likely benign,"criteria provided, single submitter",,,NM_000245.4(MET):c.1701+20G>C,,,
677866,NM_000245.4(MET):c.2730+105T>C,MET,Likely benign,"criteria provided, multiple submitters, no conflicts",,,NM_000245.4(MET):c.2730+105T>C,,rs76731671,
2692125,NM_000245.4(MET):c.2694T>C (p.Asn898=),MET,Likely benign,"criteria provided, single submitter",,,c.2694T>C,,rs2116984124,
2692123,NM_000245.4(MET):c.2583+50G>T,MET,Likely benign,"criteria provided, single submitter",,,NM_000245.4(MET):c.2583+50G>T,,rs2116958054,
2692122,NM_000245.4(MET):c.2364+39A>G,MET,Likely benign,"criteria provided, single submitter",,,NM_000245.4(MET):c.2364+39A>G,,rs553278249,
2587497,NM_000245.4(MET):c.2535A>G (p.Glu845=),MET,Likely benign,"criteria provided, multiple submitters, no conflicts",,,c.2535A>G,,rs770384154,
2587495,NM_000245.4(MET):c.3738A>G (p.Pro1246=),MET,Likely benign,"criteria provided, multiple submitters, no conflicts",,,c.3738A>G,,rs2117066881,
2728821,NM_000245.4(MET):c.1528-19C>T,MET,Likely benign,"criteria provided, multiple submitters, no conflicts",,,NM_000245.4(MET):c.1528-19C>T,,rs2116833325,
2709320,NM_000245.4(MET):c.4056G>C (p.Val1352=),MET,Likely benign,"criteria provided, single submitter",,,c.4056G>C,,rs2117112208,
2708852,NM_000245.4(MET):c.3984A>G (p.Pro1328=),MET,Likely benign,"criteria provided, single submitter",,,c.3984A>G,,rs2117111117,
2721379,NM_000245.4(MET):c.1702-11del,MET,Likely benign,"criteria provided, single submitter",,,NM_000245.4(MET):c.1702-11del,,rs2485699514,
2721357,NM_000245.4(MET):c.1528-20T>C,MET,Likely benign,"criteria provided, single submitter",,,NM_000245.4(MET):c.1528-20T>C,,rs2116833304,
2719560,NM_000245.4(MET):c.3003A>T (p.Val1001=),MET,Likely benign,"criteria provided, single submitter",,,c.3003A>T,,rs2116997402,
2718156,NM_000245.4(MET):c.960G>C (p.Ala320=),MET,Likely benign,"criteria provided, multiple submitters, no conflicts",,,c.960G>C,,rs191198682,
2698416,NM_000245.4(MET):c.2887+17G>A,MET,Likely benign,"criteria provided, single submitter",,,NM_000245.4(MET):c.2887+17G>A,,rs1405793633,
2698303,NM_000245.4(MET):c.1539C>A (p.Ile513=),MET,Likely benign,"criteria provided, single submitter",,,c.1539C>A,,rs2116833941,
2693762,NM_000245.4(MET):c.3846A>T (p.Pro1282=),MET,Likely benign,"criteria provided, single submitter",,,c.3846A>T,,rs1309638201,
2692121,NM_000245.4(MET):c.1966-23T>C,MET,Likely benign,"criteria provided, single submitter",,,NM_000245.4(MET):c.1966-23T>C,,rs200160046,
2692117,NM_000245.4(MET):c.-14-12C>G,MET,Likely benign,"criteria provided, single submitter",,,NM_000245.4(MET):c.-14-12C>G,,rs2116577145,
2700034,NM_000245.4(MET):c.3799-18del,MET,Likely benign,"criteria provided, single submitter",,,NM_000245.4(MET):c.3799-18del,,rs2485871277,
2624917,NM_000245.4(MET):c.1431G>A (p.Val477=),MET,Likely benign,"criteria provided, multiple submitters, no conflicts",,,c.1431G>A,,rs2116826353,
2692127,NM_000245.4(MET):c.3341-49A>G,MET,Likely benign,"criteria provided, single submitter",,,NM_000245.4(MET):c.3341-49A>G,,rs765659351,
3655853,NM_000245.4(MET):c.1392+18G>T,MET,Likely benign,"criteria provided, single submitter",,,NM_000245.4(MET):c.1392+18G>T,,,
2723931,NM_000245.4(MET):c.3411C>T (p.Pro1137=),MET,Likely benign,"criteria provided, multiple submitters, no conflicts",,,c.3411C>T,,rs2117046311,
2722891,NM_000245.4(MET):c.3028+15A>G,MET,Likely benign,"criteria provided, single submitter",,,NM_000245.4(MET):c.3028+15A>G,,rs1372459548,
2722304,NM_000245.4(MET):c.1862+8T>A,MET,Likely benign,"criteria provided, single submitter",,,NM_000245.4(MET):c.1862+8T>A,,rs1366709635,
676958,NM_000245.4(MET):c.-15+237del,COMETT,Likely benign,"criteria provided, single submitter",,,NM_000245.4(MET):c.-15+237del,,rs141961972,
676951,NM_000245.4(MET):c.2731-111T>C,MET,Likely benign,"criteria provided, multiple submitters, no conflicts",,,NM_000245.4(MET):c.2731-111T>C,,rs77398083,
3643667,NM_000245.4(MET):c.3798+12G>T,MET,Likely benign,"criteria provided, single submitter",,,NM_000245.4(MET):c.3798+12G>T,,,
3614866,NM_000245.4(MET):c.1702-12T>C,MET,Likely benign,"criteria provided, multiple submitters, no conflicts",,,NM_000245.4(MET):c.1702-12T>C,,,
3610987,NM_000245.4(MET):c.2364+19G>C,MET,Likely benign,"criteria provided, single submitter",,,NM_000245.4(MET):c.2364+19G>C,,,
3610771,NM_000245.4(MET):c.2888-8G>C,MET,Likely benign,"criteria provided, single submitter",,,NM_000245.4(MET):c.2888-8G>C,,,
3610770,NM_000245.4(MET):c.2365-7T>A,MET,Likely benign,"criteria provided, single submitter",,,NM_000245.4(MET):c.2365-7T>A,,,
3610769,NM_000245.4(MET):c.192T>C (p.Leu64=),MET,Likely benign,"criteria provided, multiple submitters, no conflicts",,,c.192T>C,,,
3640012,NM_000245.4(MET):c.2103-12T>G,MET,Likely benign,"criteria provided, single submitter",,,NM_000245.4(MET):c.2103-12T>G,,,
3636377,NM_000245.4(MET):c.3633-10C>T,MET,Likely benign,"criteria provided, single submitter",,,NM_000245.4(MET):c.3633-10C>T,,,
2721761,NM_000245.4(MET):c.1773G>A (p.Arg591=),MET,Likely benign,"criteria provided, multiple submitters, no conflicts",,,c.1773G>A,,rs2116909760,
2714653,NM_000245.4(MET):c.3075G>A (p.Gln1025=),MET,Likely benign,"criteria provided, single submitter",,,c.3075G>A,,rs2117030062,
2729576,NM_000245.4(MET):c.1392+13T>G,MET,Likely benign,"criteria provided, single submitter",,,NM_000245.4(MET):c.1392+13T>G,,rs772367628,
2768606,NM_000245.4(MET):c.3462G>C (p.Leu1154=),MET,Likely benign,"criteria provided, single submitter",,,c.3462G>C,,rs2117047380,
2768591,NM_000245.4(MET):c.3588A>G (p.Ala1196=),MET,Likely benign,"criteria provided, single submitter",,,c.3588A>G,,rs2117060253,
2751156,NM_000245.4(MET):c.3340+13T>G,MET,Likely benign,"criteria provided, single submitter",,,NM_000245.4(MET):c.3340+13T>G,,rs2485816669,
2750858,NM_000245.4(MET):c.3420C>T (p.Leu1140=),MET,Likely benign,"criteria provided, multiple submitters, no conflicts",,,c.3420C>T,,rs2117046565,
2747601,NM_000245.4(MET):c.2829A>G (p.Thr943=),MET,Likely benign,"criteria provided, multiple submitters, no conflicts",,,c.2829A>G,,rs2116992566,
2763473,NM_000245.4(MET):c.1654C>T (p.Leu552=),MET,Likely benign,"criteria provided, single submitter",,,c.1654C>T,,rs2116836986,
2762378,NM_000245.4(MET):c.3981C>A (p.Arg1327=),MET,Likely benign,"criteria provided, single submitter",,,c.3981C>A,,rs2117111059,
2762338,NM_000245.4(MET):c.1393-12T>C,MET,Likely benign,"criteria provided, multiple submitters, no conflicts",,,NM_000245.4(MET):c.1393-12T>C,,rs2485637379,
2738416,NM_000245.4(MET):c.2887+12T>C,MET,Likely benign,"criteria provided, single submitter",,,NM_000245.4(MET):c.2887+12T>C,,rs1794837837,
2733146,NM_000245.4(MET):c.3522+8G>A,MET,Likely benign,"criteria provided, single submitter",,,NM_000245.4(MET):c.3522+8G>A,,rs936130561,
2730825,NM_000245.4(MET):c.2103-16A>G,MET,Likely benign,"criteria provided, single submitter",,,NM_000245.4(MET):c.2103-16A>G,,rs2116929600,
2755298,NM_000245.4(MET):c.2937T>C (p.His979=),MET,Likely benign,"criteria provided, multiple submitters, no conflicts",,,c.2937T>C,,rs2116996474,
2753675,NM_000245.4(MET):c.927A>G (p.Thr309=),MET,Likely benign,"criteria provided, single submitter",,,c.927A>G,,rs2116601129,
2727615,NM_000245.4(MET):c.1702-18T>A,MET,Likely benign,"criteria provided, single submitter",,,NM_000245.4(MET):c.1702-18T>A,,rs2116908273,
2726943,NM_000245.4(MET):c.1862+8T>C,MET,Likely benign,"criteria provided, single submitter",,,NM_000245.4(MET):c.1862+8T>C,,rs1366709635,
2725543,NM_000245.4(MET):c.1863-13G>T,MET,Likely benign,"criteria provided, multiple submitters, no conflicts",,,NM_000245.4(MET):c.1863-13G>T,,rs764856420,
724075,NM_000245.4(MET):c.3099C>T (p.Pro1033=),MET,Likely benign,"criteria provided, multiple submitters, no conflicts",,,c.3099C>T,,rs754909964,
705148,NM_000245.4(MET):c.1862+7A>G,MET,Likely benign,"criteria provided, single submitter",,,NM_000245.4(MET):c.1862+7A>G,,rs1305399003,
755247,NM_000245.4(MET):c.2277A>G (p.Thr759=),MET,Likely benign,"criteria provided, multiple submitters, no conflicts",,,c.2277A>G,,rs1584943719,
2769753,NM_000245.4(MET):c.3240C>T (p.Phe1080=),MET,Likely benign,"criteria provided, single submitter",,,c.3240C>T,,rs2117032228,
2793623,NM_000245.4(MET):c.723C>T (p.Phe241=),MET,Likely benign,"criteria provided, single submitter",,,c.723C>T,,rs2116596247,
2793089,NM_000245.4(MET):c.1377G>A (p.Glu459=),MET,Likely benign,"criteria provided, single submitter",,,c.1377G>A,,rs971563069,
2765746,NM_000245.4(MET):c.2102+9A>C,MET,Likely benign,"criteria provided, single submitter",,,NM_000245.4(MET):c.2102+9A>C,,rs201495740,
701619,NM_000245.4(MET):c.3028+10A>G,MET,Likely benign,"criteria provided, multiple submitters, no conflicts",,,NM_000245.4(MET):c.3028+10A>G,,rs763648816,
700867,NM_000245.4(MET):c.2103-7T>G,MET,Likely benign,"criteria provided, single submitter",,,NM_000245.4(MET):c.2103-7T>G,,rs953588907,
699020,NM_000245.4(MET):c.1428T>C (p.His476=),MET,Likely benign,"criteria provided, multiple submitters, no conflicts",,,c.1428T>C,,rs1432416607,
696850,NM_000245.4(MET):c.2022A>G (p.Leu674=),MET,Likely benign,"criteria provided, single submitter",,,c.2022A>G,,rs200345440,
2760568,NM_000245.4(MET):c.3523-16CT[2],MET,Likely benign,"criteria provided, multiple submitters, no conflicts",,,NM_000245.4(MET):c.3523-16CT[2],,rs2485830786,
2760328,NM_000245.4(MET):c.3523-12C>T,MET,Likely benign,"criteria provided, single submitter",,,NM_000245.4(MET):c.3523-12C>T,,rs186524917,
2760070,NM_000245.4(MET):c.1005C>T (p.Ala335=),MET,Likely benign,"criteria provided, single submitter",,,c.1005C>T,,rs2116603099,
2758104,NM_000245.4(MET):c.3522+14C>G,MET,Likely benign,"criteria provided, single submitter",,,NM_000245.4(MET):c.3522+14C>G,,rs1353133879,
2768784,NM_000245.4(MET):c.372C>T (p.Thr124=),MET,Likely benign,"criteria provided, single submitter",,,c.372C>T,,rs574911056,
2775497,NM_000245.4(MET):c.2102+16T>G,MET,Likely benign,"criteria provided, single submitter",,,NM_000245.4(MET):c.2102+16T>G,,rs2485715047,
2773007,NM_000245.4(MET):c.717T>G (p.Pro239=),MET,Likely benign,"criteria provided, single submitter",,,c.717T>G,,rs2116596123,
2771865,NM_000245.4(MET):c.1344A>T (p.Gly448=),MET,Likely benign,"criteria provided, multiple submitters, no conflicts",,,c.1344A>T,,rs2116783133,
763202,NM_000245.4(MET):c.2431C>T (p.Leu811=),MET,Likely benign,"criteria provided, multiple submitters, no conflicts",,,c.2431C>T,,rs1584946893,
761685,NM_000245.4(MET):c.456T>C (p.Ala152=),MET,Likely benign,"criteria provided, single submitter",,,c.456T>C,,rs1584876842,
761597,NM_000245.4(MET):c.3312A>G (p.Lys1104=),MET,Likely benign,"criteria provided, multiple submitters, no conflicts",,,c.3312A>G,,rs1584959967,
760516,NM_000245.4(MET):c.3949C>T (p.Leu1317=),MET,Likely benign,"criteria provided, multiple submitters, no conflicts",,,c.3949C>T,,rs1219703716,
757215,NM_000245.4(MET):c.51C>T (p.Thr17=),MET,Likely benign,"criteria provided, single submitter",,,c.51C>T,,rs1584875653,
756549,NM_000245.4(MET):c.87A>G (p.Ala29=),MET,Likely benign,"criteria provided, multiple submitters, no conflicts",,,c.87A>G,,rs1584875753,
755946,NM_000245.4(MET):c.2103-9T>G,MET,Likely benign,"criteria provided, single submitter",,,NM_000245.4(MET):c.2103-9T>G,,rs763948315,
752441,NM_000245.4(MET):c.2943T>C (p.Asp981=),MET,Likely benign,"criteria provided, multiple submitters, no conflicts",,,c.2943T>C,,rs45561544,
749789,NM_000245.4(MET):c.3198G>A (p.Val1066=),MET,Likely benign,"criteria provided, multiple submitters, no conflicts",,,c.3198G>A,,rs1162352573,
745225,NM_000245.4(MET):c.393T>A (p.Ile131=),MET,Likely benign,"criteria provided, multiple submitters, no conflicts",,,c.393T>A,,rs1584876662,
741884,NM_000245.4(MET):c.1926T>C (p.Asn642=),MET,Likely benign,"criteria provided, multiple submitters, no conflicts",,,c.1926T>C,,rs1584941260,
728626,NM_000245.4(MET):c.3186G>A (p.Leu1062=),MET,Likely benign,"criteria provided, multiple submitters, no conflicts",,,c.3186G>A,,rs1584957891,
765266,NM_000245.4(MET):c.1966-9C>T,MET,Likely benign,"criteria provided, multiple submitters, no conflicts",,,NM_000245.4(MET):c.1966-9C>T,,rs750268644,
2833199,NM_000245.4(MET):c.2365-19T>A,MET,Likely benign,"criteria provided, single submitter",,,NM_000245.4(MET):c.2365-19T>A,,rs2485740034,
2832165,NM_000245.4(MET):c.3935+18A>T,MET,Likely benign,"criteria provided, single submitter",,,NM_000245.4(MET):c.3935+18A>T,,rs1795651247,
2830782,NM_000245.4(MET):c.3819C>T (p.Leu1273=),MET,Likely benign,"criteria provided, single submitter",,,c.3819C>T,,rs367772588,
2829388,NM_000245.4(MET):c.3028+17T>G,MET,Likely benign,"criteria provided, single submitter",,,NM_000245.4(MET):c.3028+17T>G,,rs2116998301,
2800848,NM_000245.4(MET):c.3523-4G>A,MET,Likely benign,"criteria provided, single submitter",,,NM_000245.4(MET):c.3523-4G>A,,rs2117059325,
2799073,NM_000245.4(MET):c.2850G>A (p.Gly950=),MET,Likely benign,"criteria provided, single submitter",,,c.2850G>A,,rs750858911,
2798852,NM_000245.4(MET):c.3340+16T>G,MET,Likely benign,"criteria provided, single submitter",,,NM_000245.4(MET):c.3340+16T>G,,rs2485816677,
2798527,NM_000245.4(MET):c.3341-14A>C,MET,Likely benign,"criteria provided, multiple submitters, no conflicts",,,NM_000245.4(MET):c.3341-14A>C,,rs374906579,
2798513,NM_000245.4(MET):c.3516G>A (p.Glu1172=),MET,Likely benign,"criteria provided, single submitter",,,c.3516G>A,,rs2117048380,
2797164,NM_000245.4(MET):c.2670A>G (p.Glu890=),MET,Likely benign,"criteria provided, single submitter",,,c.2670A>G,,rs2116983723,
2790959,NM_000245.4(MET):c.2364+13A>G,MET,Likely benign,"criteria provided, single submitter",,,NM_000245.4(MET):c.2364+13A>G,,rs2116939503,
2788379,NM_000245.4(MET):c.1528-16C>T,MET,Likely benign,"criteria provided, single submitter",,,NM_000245.4(MET):c.1528-16C>T,,rs1793416503,
2782915,NM_000245.4(MET):c.2731-11G>A,MET,Likely benign,"criteria provided, single submitter",,,NM_000245.4(MET):c.2731-11G>A,,rs1794829325,
2782602,NM_000245.4(MET):c.2586A>G (p.Gly862=),MET,Likely benign,"criteria provided, multiple submitters, no conflicts",,,c.2586A>G,,rs1455527878,
2781467,NM_000245.4(MET):c.3799-17G>C,MET,Likely benign,"criteria provided, single submitter",,,NM_000245.4(MET):c.3799-17G>C,,rs1462370046,
2806891,NM_000245.4(MET):c.1863-17_1863-16del,MET,Likely benign,"criteria provided, single submitter",,,NM_000245.4(MET):c.1863-17_1863-16del,,rs2485710231,
2848733,NM_000245.4(MET):c.3633-11C>A,MET,Likely benign,"criteria provided, single submitter",,,NM_000245.4(MET):c.3633-11C>A,,rs1424157003,
2826977,NM_000245.4(MET):c.2264+10A>C,MET,Likely benign,"criteria provided, single submitter",,,NM_000245.4(MET):c.2264+10A>C,,rs1794280473,
2825600,NM_000245.4(MET):c.204C>T (p.Asn68=),MET,Likely benign,"criteria provided, single submitter",,,c.204C>T,,rs2116582786,
2823558,NM_000245.4(MET):c.1158C>G (p.Leu386=),MET,Likely benign,"criteria provided, single submitter",,,c.1158C>G,,rs1554379184,
2841723,NM_000245.4(MET):c.2604A>G (p.Glu868=),MET,Likely benign,"criteria provided, single submitter",,,c.2604A>G,,rs2116982782,
2840775,NM_000245.4(MET):c.2748T>G (p.Ser916=),MET,Likely benign,"criteria provided, multiple submitters, no conflicts",,,c.2748T>G,,rs1488322291,
2840344,NM_000245.4(MET):c.1077A>G (p.Arg359=),MET,Likely benign,"criteria provided, single submitter",,,c.1077A>G,,rs2116604951,
793193,NM_000245.4(MET):c.3632+9C>G,MET,Likely benign,"criteria provided, single submitter",,,NM_000245.4(MET):c.3632+9C>G,,rs1584964366,
793129,NM_000245.4(MET):c.474T>C (p.Val158=),MET,Likely benign,"criteria provided, single submitter",,,c.474T>C,,rs1584876891,
785154,NM_000245.4(MET):c.3891G>A (p.Leu1297=),MET,Likely benign,"criteria provided, multiple submitters, no conflicts",,,c.3891G>A,,rs1584977997,
743070,NM_000245.4(MET):c.1065A>G (p.Glu355=),MET,Likely benign,"criteria provided, multiple submitters, no conflicts",,,c.1065A>G,,rs1584878304,
765633,NM_000245.4(MET):c.862T>C (p.Leu288=),MET,Likely benign,"criteria provided, multiple submitters, no conflicts",,,c.862T>C,,rs1584877825,
802350,NM_000245.4(MET):c.2365-21G>C,MET,Likely benign,"criteria provided, multiple submitters, no conflicts",,,NM_000245.4(MET):c.2365-21G>C,,rs140853140,
2838672,NM_000245.4(MET):c.2583+14T>C,MET,Likely benign,"criteria provided, single submitter",,,NM_000245.4(MET):c.2583+14T>C,,rs2485743654,
2814444,NM_000245.4(MET):c.3354A>C (p.Ile1118=),MET,Likely benign,"criteria provided, single submitter",,,c.3354A>C,,rs1795066067,
2811810,NM_000245.4(MET):c.1201-20A>C,MET,Likely benign,"criteria provided, single submitter",,,NM_000245.4(MET):c.1201-20A>C,,rs2116778642,
2899857,NM_000245.4(MET):c.2264+15C>T,MET,Likely benign,"criteria provided, single submitter",,,NM_000245.4(MET):c.2264+15C>T,,rs2116932998,
2897481,NM_000245.4(MET):c.537C>G (p.Ala179=),MET,Likely benign,"criteria provided, multiple submitters, no conflicts",,,c.537C>G,,rs754820465,
2891999,NM_000245.4(MET):c.538C>T (p.Leu180=),MET,Likely benign,"criteria provided, multiple submitters, no conflicts",,,c.538C>T,,rs1584877113,
2890481,NM_000245.4(MET):c.1875A>T (p.Thr625=),MET,Likely benign,"criteria provided, single submitter",,,c.1875A>T,,rs2116919875,
2856139,NM_000245.4(MET):c.3459G>T (p.Pro1153=),MET,Likely benign,"criteria provided, multiple submitters, no conflicts",,,c.3459G>T,,rs201245213,
2855423,NM_000245.4(MET):c.30C>T (p.Gly10=),MET,Likely benign,"criteria provided, multiple submitters, no conflicts",,,c.30C>T,,rs2116578320,
2875912,NM_000245.4(MET):c.3522+19T>C,MET,Likely benign,"criteria provided, single submitter",,,NM_000245.4(MET):c.3522+19T>C,,rs2117048784,
2845021,NM_000245.4(MET):c.1938A>T (p.Thr646=),MET,Likely benign,"criteria provided, single submitter",,,c.1938A>T,,rs2116920903,
2844418,NM_000245.4(MET):c.3051G>A (p.Gln1017=),MET,Likely benign,"criteria provided, single submitter",,,c.3051G>A,,rs2117029691,
2844407,NM_000245.4(MET):c.3935+20C>G,MET,Likely benign,"criteria provided, single submitter",,,NM_000245.4(MET):c.3935+20C>G,,rs2485872955,
2842362,NM_000245.4(MET):c.3150T>A (p.Thr1050=),MET,Likely benign,"criteria provided, single submitter",,,c.3150T>A,,rs2485806709,
2856892,NM_000245.4(MET):c.2887+17_2887+18del,MET,Likely benign,"criteria provided, single submitter",,,NM_000245.4(MET):c.2887+17_2887+18del,,rs1438952536,
2856766,NM_000245.4(MET):c.4080A>G (p.Lys1360=),MET,Likely benign,"criteria provided, single submitter",,,c.4080A>G,,rs1285882072,
2836558,NM_000245.4(MET):c.1528-9T>A,MET,Likely benign,"criteria provided, single submitter",,,NM_000245.4(MET):c.1528-9T>A,,rs767768257,
2834459,NM_000245.4(MET):c.2175A>G (p.Lys725=),MET,Likely benign,"criteria provided, single submitter",,,c.2175A>G,,rs2485720479,
2851325,NM_000245.4(MET):c.1590C>A (p.Leu530=),MET,Likely benign,"criteria provided, multiple submitters, no conflicts",,,c.1590C>A,,rs2485644835,
2863023,NM_000245.4(MET):c.2842C>T (p.Leu948=),MET,Likely benign,"criteria provided, single submitter",,,c.2842C>T,,rs2116992741,
802349,NM_000245.4(MET):c.2103-2A>T,MET,Likely benign,"criteria provided, single submitter",,,NM_000245.4(MET):c.2103-2A>T,,rs1470403316,
802345,NM_000245.4(MET):c.1393-2A>T,MET,Likely benign,"criteria provided, single submitter",,,NM_000245.4(MET):c.1393-2A>T,,rs1584921898,
800004,NM_000245.4(MET):c.2145C>T (p.Thr715=),MET,Likely benign,"criteria provided, multiple submitters, no conflicts",,,c.2145C>T,,rs1584942689,
799978,NM_000245.4(MET):c.3690T>C (p.Tyr1230=),MET,Likely benign,"criteria provided, multiple submitters, no conflicts",,,c.3690T>C,,rs1584965524,
759194,NM_000245.4(MET):c.2205C>T (p.Ile735=),MET,Likely benign,"criteria provided, single submitter",,,c.2205C>T,,rs1584942785,
759002,NM_000245.4(MET):c.1074T>C (p.Asp358=),MET,Likely benign,"criteria provided, single submitter",,,c.1074T>C,,rs1584878345,
797805,NM_000245.4(MET):c.237G>A (p.Gln79=),MET,Likely benign,"criteria provided, multiple submitters, no conflicts",,,c.237G>A,,rs752226182,
797153,NM_000245.4(MET):c.2082A>C (p.Gly694=),MET,Likely benign,"criteria provided, multiple submitters, no conflicts",,,c.2082A>C,,rs1156480798,
795253,NM_000245.4(MET):c.2832A>C (p.Ala944=),MET,Likely benign,"criteria provided, multiple submitters, no conflicts",,,c.2832A>C,,rs1584955001,
794620,NM_000245.4(MET):c.57G>A (p.Val19=),MET,Likely benign,"criteria provided, multiple submitters, no conflicts",,,c.57G>A,,rs1584875673,
3622775,NM_000245.4(MET):c.1201-13T>C,MET,Likely benign,"criteria provided, multiple submitters, no conflicts",,,NM_000245.4(MET):c.1201-13T>C,,,
3620381,NM_000245.4(MET):c.3935+18A>G,MET,Likely benign,"criteria provided, single submitter",,,NM_000245.4(MET):c.3935+18A>G,,,
3618383,NM_000245.4(MET):c.1528-12T>G,MET,Likely benign,"criteria provided, single submitter",,,NM_000245.4(MET):c.1528-12T>G,,,
3617624,NM_000245.4(MET):c.1965+17C>A,MET,Likely benign,"criteria provided, single submitter",,,NM_000245.4(MET):c.1965+17C>A,,,
2861470,NM_000245.4(MET):c.3501T>C (p.Asn1167=),MET,Likely benign,"criteria provided, single submitter",,,c.3501T>C,,rs2117048077,
2974654,NM_000245.4(MET):c.2265-60T>A,MET,Likely benign,"criteria provided, single submitter",,,NM_000245.4(MET):c.2265-60T>A,,rs1794306643,
2974519,NM_000245.4(MET):c.3633-18T>C,MET,Likely benign,"criteria provided, multiple submitters, no conflicts",,,NM_000245.4(MET):c.3633-18T>C,,rs1795206173,
2963760,NM_000245.4(MET):c.3184C>T (p.Leu1062=),MET,Likely benign,"criteria provided, multiple submitters, no conflicts",,,c.3184C>T,,rs2117031466,
2960996,NM_000245.4(MET):c.2499C>T (p.Leu833=),MET,Likely benign,"criteria provided, single submitter",,,c.2499C>T,,rs866072933,
2887705,NM_000245.4(MET):c.3102C>A (p.Ile1034=),MET,Likely benign,"criteria provided, multiple submitters, no conflicts",,,c.3102C>A,,rs752593587,
2885688,NM_000245.4(MET):c.2887+18T>C,MET,Likely benign,"criteria provided, single submitter",,,NM_000245.4(MET):c.2887+18T>C,,rs1794838240,
2884437,NM_000245.4(MET):c.1966-7C>T,MET,Likely benign,"criteria provided, single submitter",,,NM_000245.4(MET):c.1966-7C>T,,rs1215600480,
2882331,NM_000245.4(MET):c.4110A>C (p.Ser1370=),MET,Likely benign,"criteria provided, single submitter",,,c.4110A>C,,rs1795663778,
2881396,NM_000245.4(MET):c.1702-13G>A,MET,Likely benign,"criteria provided, single submitter",,,NM_000245.4(MET):c.1702-13G>A,,rs201500347,
2881155,NM_000245.4(MET):c.1155T>C (p.Cys385=),MET,Likely benign,"criteria provided, single submitter",,,c.1155T>C,,rs2116606759,
2877935,NM_000245.4(MET):c.228A>G (p.Glu76=),MET,Likely benign,"criteria provided, multiple submitters, no conflicts",,,c.228A>G,,rs2116583391,
2912111,NM_000245.4(MET):c.3799-11del,MET,Likely benign,"criteria provided, single submitter",,,NM_000245.4(MET):c.3799-11del,,rs2485871328,
2911113,NM_000245.4(MET):c.1701+15C>T,MET,Likely benign,"criteria provided, single submitter",,,NM_000245.4(MET):c.1701+15C>T,,rs2116838633,
2909603,NM_000245.4(MET):c.3935+7_3935+8insCCT,MET,Likely benign,"criteria provided, single submitter",,,NM_000245.4(MET):c.3935+7_3935+8insCCT,,rs2485872854,
2865624,NM_000245.4(MET):c.1200+12C>T,MET,Likely benign,"criteria provided, single submitter",,,NM_000245.4(MET):c.1200+12C>T,,rs770883074,
2864259,NM_000245.4(MET):c.2731-13T>C,MET,Likely benign,"criteria provided, single submitter",,,NM_000245.4(MET):c.2731-13T>C,,rs2116991160,
2998979,NM_000245.4(MET):c.2731-18T>G,MET,Likely benign,"criteria provided, single submitter",,,NM_000245.4(MET):c.2731-18T>G,,rs1794829007,
2917506,NM_000245.4(MET):c.1965+11T>C,MET,Likely benign,"criteria provided, single submitter",,,NM_000245.4(MET):c.1965+11T>C,,rs780230492,
2914976,NM_000245.4(MET):c.3651A>G (p.Thr1217=),MET,Likely benign,"criteria provided, single submitter",,,c.3651A>G,,rs774817618,
2914708,NM_000245.4(MET):c.3972C>G (p.Ala1324=),MET,Likely benign,"criteria provided, multiple submitters, no conflicts",,,c.3972C>G,,rs201519623,
3616568,NM_000245.4(MET):c.1965+15A>G,MET,Likely benign,"criteria provided, single submitter",,,NM_000245.4(MET):c.1965+15A>G,,,
3615259,NM_000245.4(MET):c.537C>A (p.Ala179=),MET,Likely benign,"criteria provided, single submitter",,,c.537C>A,,,
3395203,NM_000245.4(MET):c.2235T>C (p.Tyr745=),MET,Likely benign,"criteria provided, single submitter",,,c.2235T>C,,,
3610340,NM_000245.4(MET):c.1966-18T>C,MET,Likely benign,"criteria provided, single submitter",,,NM_000245.4(MET):c.1966-18T>C,,,
818620,NM_000245.4(MET):c.1218A>T (p.Ser406=),MET,Likely benign,"criteria provided, multiple submitters, no conflicts",,,c.1218A>T,,rs1358705636,
818531,NM_000245.4(MET):c.1186C>A (p.His396Asn),MET,Likely benign,"criteria provided, single submitter",,,c.1186C>A,,rs1282638781,
771231,NM_000245.4(MET):c.3930C>T (p.Asp1310=),MET,Likely benign,"criteria provided, multiple submitters, no conflicts",,,c.3930C>T,,rs773763852,
802354,NM_000245.4(MET):c.3632+42C>G,MET,Likely benign,"criteria provided, single submitter",,,NM_000245.4(MET):c.3632+42C>G,,rs376183825,
802352,NM_000245.4(MET):c.2584-1G>T,MET,Likely benign,"criteria provided, single submitter",,,NM_000245.4(MET):c.2584-1G>T,,rs1240673121,
934450,NM_000245.4(MET):c.3508C>A (p.Arg1170=),MET,Likely benign,"criteria provided, multiple submitters, no conflicts",,,c.3508C>A,,rs200754673,
2913869,NM_000245.4(MET):c.3522+18C>T,MET,Likely benign,"criteria provided, single submitter",,,NM_000245.4(MET):c.3522+18C>T,,rs1270496136,
2984447,NM_000245.4(MET):c.1201-7A>T,MET,Likely benign,"criteria provided, single submitter",,,NM_000245.4(MET):c.1201-7A>T,,rs201724557,
3009349,NM_000245.4(MET):c.3936-11T>G,MET,Likely benign,"criteria provided, single submitter",,,NM_000245.4(MET):c.3936-11T>G,,rs1411774859,
3232898,NM_000245.4(MET):c.1072G>A (p.Asp358Asn),MET,Likely benign,"criteria provided, single submitter",,,c.1072G>A,,rs758919662,
3232895,NM_000245.4(MET):c.1035G>A (p.Val345=),MET,Likely benign,"criteria provided, single submitter",,,c.1035G>A,,rs767375583,
3232894,NM_000245.4(MET):c.1026T>A (p.Leu342=),MET,Likely benign,"criteria provided, single submitter",,,c.1026T>A,,rs2485515414,
3051760,NM_000245.4(MET):c.2584-10_2584-9dup,MET,Likely benign,no assertion criteria provided,,,NM_000245.4(MET):c.2584-10_2584-9dup,,rs57349036,
2996185,NM_000245.4(MET):c.1702-17C>T,MET,Likely benign,"criteria provided, single submitter",,,NM_000245.4(MET):c.1702-17C>T,,rs753362371,
2992242,NM_000245.4(MET):c.1966-7C>A,MET,Likely benign,"criteria provided, single submitter",,,NM_000245.4(MET):c.1966-7C>A,,rs1215600480,
3013280,NM_000245.4(MET):c.2583+11C>G,MET,Likely benign,"criteria provided, single submitter",,,NM_000245.4(MET):c.2583+11C>G,,rs780485505,
3012713,NM_000245.4(MET):c.1527+18G>A,MET,Likely benign,"criteria provided, single submitter",,,NM_000245.4(MET):c.1527+18G>A,,rs1320813311,
2973654,NM_000245.4(MET):c.2902T>C (p.Leu968=),MET,Likely benign,"criteria provided, multiple submitters, no conflicts",,,c.2902T>C,,rs2116995992,
2973370,NM_000245.4(MET):c.3799-19C>G,MET,Likely benign,"criteria provided, single submitter",,,NM_000245.4(MET):c.3799-19C>G,,rs906148961,
2970863,NM_000245.4(MET):c.3234G>A (p.Val1078=),MET,Likely benign,"criteria provided, single submitter",,,c.3234G>A,,rs1188432095,
2970862,NM_000245.4(MET):c.954G>A (p.Gln318=),MET,Likely benign,"criteria provided, single submitter",,,c.954G>A,,rs2116601721,
3002227,NM_000245.4(MET):c.2265-66C>T,MET,Likely benign,"criteria provided, single submitter",,,NM_000245.4(MET):c.2265-66C>T,,rs2116936639,
3000723,NM_000245.4(MET):c.1201-8T>C,MET,Likely benign,"criteria provided, single submitter",,,NM_000245.4(MET):c.1201-8T>C,,rs2116778881,
2999961,NM_000245.4(MET):c.3798+12G>A,MET,Likely benign,"criteria provided, single submitter",,,NM_000245.4(MET):c.3798+12G>A,,rs1001362196,
3232901,NM_000245.4(MET):c.1147G>A (p.Val383Met),MET,Likely benign,"criteria provided, single submitter",,,c.1147G>A,,rs2116606508,
3232900,NM_000245.4(MET):c.1101C>T (p.Ile367=),MET,Likely benign,"criteria provided, single submitter",,,c.1101C>T,,rs747940150,
3232899,NM_000245.4(MET):c.1083C>A (p.Ala361=),MET,Likely benign,"criteria provided, single submitter",,,c.1083C>A,,rs1044616410,
3232933,NM_000245.4(MET):c.2358T>C (p.Phe786=),MET,Likely benign,"criteria provided, single submitter",,,c.2358T>C,,rs776829098,
3232930,NM_000245.4(MET):c.225G>C (p.Glu75Asp),MET,Likely benign,"criteria provided, single submitter",,,c.225G>C,,rs750820405,
819098,NM_000245.4(MET):c.1404T>A (p.Ser468=),MET,Likely benign,"criteria provided, single submitter",,,c.1404T>A,,rs1584921949,
818829,NM_000245.4(MET):c.1296T>G (p.Gly432=),MET,Likely benign,"criteria provided, multiple submitters, no conflicts",,,c.1296T>G,,rs200255054,
3603469,NM_000245.4(MET):c.3633-15T>G,MET,Likely benign,"criteria provided, single submitter",,,NM_000245.4(MET):c.3633-15T>G,,,
3395189,NM_000245.4(MET):c.60G>A (p.Gln20=),MET,Likely benign,"criteria provided, single submitter",,,c.60G>A,,,
3395188,NM_000245.4(MET):c.1084A>T (p.Met362Leu),MET,Likely benign,"criteria provided, single submitter",,,c.1084A>T,,,
3395185,NM_000245.4(MET):c.3564A>G (p.Val1188=),MET,Likely benign,"criteria provided, single submitter",,,c.3564A>G,,,
3395213,NM_000245.4(MET):c.898C>T (p.Leu300Phe),MET,Likely benign,"criteria provided, single submitter",,,c.898C>T,,,
3395211,NM_000245.4(MET):c.3462G>A (p.Leu1154=),MET,Likely benign,"criteria provided, multiple submitters, no conflicts",,,c.3462G>A,,,
3395210,NM_000245.4(MET):c.2871G>A (p.Lys957=),MET,Likely benign,"criteria provided, single submitter",,,c.2871G>A,,,
3232929,NM_000245.4(MET):c.223G>A (p.Glu75Lys),MET,Likely benign,"criteria provided, single submitter",,,c.223G>A,,rs2116583266,
3011592,NM_000245.4(MET):c.3138A>G (p.Leu1046=),MET,Likely benign,"criteria provided, single submitter",,,c.3138A>G,,rs2117030861,
3395208,NM_000245.4(MET):c.2310T>C (p.Val770=),MET,Likely benign,"criteria provided, multiple submitters, no conflicts",,,c.2310T>C,,,
3395174,NM_000245.4(MET):c.1185G>C (p.Glu395Asp),MET,Likely benign,"criteria provided, single submitter",,,c.1185G>C,,,
3395170,NM_000245.4(MET):c.3177T>C (p.Asn1059=),MET,Likely benign,"criteria provided, single submitter",,,c.3177T>C,,,
3395169,NM_000245.4(MET):c.1506A>G (p.Thr502=),MET,Likely benign,"criteria provided, single submitter",,,c.1506A>G,,,
3395195,NM_000245.4(MET):c.1014T>G (p.Asn338Lys),MET,Likely benign,"criteria provided, single submitter",,,c.1014T>G,,,
3395193,NM_000245.4(MET):c.1966-4C>G,MET,Likely benign,"criteria provided, single submitter",,,NM_000245.4(MET):c.1966-4C>G,,,
3395157,NM_000245.4(MET):c.983A>T (p.Gln328Leu),MET,Likely benign,"criteria provided, single submitter",,,c.983A>T,,,
3395155,NM_000245.4(MET):c.2916T>C (p.Asp972=),MET,Likely benign,"criteria provided, single submitter",,,c.2916T>C,,,
3395153,NM_000245.4(MET):c.786G>A (p.Leu262=),MET,Likely benign,"criteria provided, single submitter",,,c.786G>A,,,
3232937,NM_000245.4(MET):c.2442C>A (p.Pro814=),MET,Likely benign,"criteria provided, single submitter",,,c.2442C>A,,rs1794464524,
3232967,NM_000245.4(MET):c.3030T>C (p.Asp1010=),MET,Likely benign,"criteria provided, single submitter",,,c.3030T>C,,rs565938550,
3232966,NM_000245.4(MET):c.306C>T (p.Ser102=),MET,Likely benign,"criteria provided, multiple submitters, no conflicts",,,c.306C>T,,rs749383450,
3232961,NM_000245.4(MET):c.298G>A (p.Asp100Asn),MET,Likely benign,"criteria provided, single submitter",,,c.298G>A,,rs1554378400,
3232923,NM_000245.4(MET):c.2049C>T (p.Asn683=),MET,Likely benign,"criteria provided, single submitter",,,c.2049C>T,,rs2116924521,
3232921,NM_000245.4(MET):c.1992G>C (p.Pro664=),MET,Likely benign,"criteria provided, single submitter",,,c.1992G>C,,rs373842614,
3232947,NM_000245.4(MET):c.2649G>A (p.Glu883=),MET,Likely benign,"criteria provided, single submitter",,,c.2649G>A,,rs774885631,
3256458,NM_000245.4(MET):c.-14-35A>G,MET,Likely benign,"criteria provided, single submitter",,,NM_000245.4(MET):c.-14-35A>G,,,
3232986,NM_000245.4(MET):c.3741G>A (p.Val1247=),MET,Likely benign,"criteria provided, single submitter",,,c.3741G>A,,rs1584965646,
3233014,NM_000245.4(MET):c.963T>C (p.Tyr321=),MET,Likely benign,"criteria provided, single submitter",,,c.963T>C,,rs2116601964,
3232973,NM_000245.4(MET):c.3213T>C (p.Ile1071=),MET,Likely benign,"criteria provided, multiple submitters, no conflicts",,,c.3213T>C,,rs2117031844,
3233000,NM_000245.4(MET):c.48T>C (p.Phe16=),MET,Likely benign,"criteria provided, single submitter",,,c.48T>C,,rs2116578892,
3232998,NM_000245.4(MET):c.465G>C (p.Gln155His),MET,Likely benign,"criteria provided, single submitter",,,c.465G>C,,rs863224695,
3232997,NM_000245.4(MET):c.443A>G (p.His148Arg),MET,Likely benign,"criteria provided, single submitter",,,c.443A>G,,rs2116588947,
3232955,NM_000245.4(MET):c.2857C>T (p.Leu953=),MET,Likely benign,"criteria provided, single submitter",,,c.2857C>T,,rs2116992959,
3232954,NM_000245.4(MET):c.288C>A (p.Phe96Leu),MET,Likely benign,"criteria provided, single submitter",,,c.288C>A,,rs2116584958,
3232953,NM_000245.4(MET):c.2802G>A (p.Leu934=),MET,Likely benign,"criteria provided, single submitter",,,c.2802G>A,,rs1361155132,
3232952,NM_000245.4(MET):c.2778A>G (p.Gln926=),MET,Likely benign,"criteria provided, single submitter",,,c.2778A>G,,rs2485774852,
3232982,NM_000245.4(MET):c.3465G>A (p.Val1155=),MET,Likely benign,"criteria provided, single submitter",,,c.3465G>A,,rs2117047414,
3232981,NM_000245.4(MET):c.339A>T (p.Lys113Asn),MET,Likely benign,"criteria provided, single submitter",,,c.339A>T,,rs2116586309,
3232941,NM_000245.4(MET):c.2572C>T (p.Leu858=),MET,Likely benign,"criteria provided, single submitter",,,c.2572C>T,,rs2116957395,
3232940,NM_000245.4(MET):c.261G>C (p.Gly87=),MET,Likely benign,"criteria provided, single submitter",,,c.261G>C,,rs2116584241,
3232939,NM_000245.4(MET):c.2562T>G (p.Asn854Lys),MET,Likely benign,"criteria provided, single submitter",,,c.2562T>G,,rs1060504946,
3395139,NM_000245.4(MET):c.274C>T (p.His92Tyr),MET,Likely benign,"criteria provided, single submitter",,,c.274C>T,,,
3395138,NM_000245.4(MET):c.2811T>G (p.Gly937=),MET,Likely benign,"criteria provided, single submitter",,,c.2811T>G,,,
3395137,NM_000245.4(MET):c.3306C>G (p.Gly1102=),MET,Likely benign,"criteria provided, single submitter",,,c.3306C>G,,,
822614,NM_000245.4(MET):c.862T>A (p.Leu288Met),MET,Likely benign,"criteria provided, single submitter",,,c.862T>A,,rs1584877825,
3395166,NM_000245.4(MET):c.1135A>G (p.Asn379Asp),MET,Likely benign,"criteria provided, single submitter",,,c.1135A>G,,,
3395162,NM_000245.4(MET):c.1167T>C (p.Phe389=),MET,Likely benign,"criteria provided, single submitter",,,c.1167T>C,,,
3395161,NM_000245.4(MET):c.4098T>C (p.Pro1366=),MET,Likely benign,"criteria provided, single submitter",,,c.4098T>C,,,
3395160,NM_000245.4(MET):c.3460C>T (p.Leu1154=),MET,Likely benign,"criteria provided, single submitter",,,c.3460C>T,,,
3395123,NM_000245.4(MET):c.1305C>G (p.Ser435Arg),MET,Likely benign,"criteria provided, single submitter",,,c.1305C>G,,,
821757,NM_000245.4(MET):c.274C>A (p.His92Asn),MET,Likely benign,"criteria provided, single submitter",,,c.274C>A,,rs1375872823,
3395180,NM_000245.4(MET):c.3288T>A (p.Thr1096=),MET,Likely benign,"criteria provided, multiple submitters, no conflicts",,,c.3288T>A,,,
3395179,NM_000245.4(MET):c.606T>C (p.Asn202=),MET,Likely benign,"criteria provided, single submitter",,,c.606T>C,,,
3395177,NM_000245.4(MET):c.595A>C (p.Asn199His),MET,Likely benign,"criteria provided, single submitter",,,c.595A>C,,,
3395176,NM_000245.4(MET):c.189C>T (p.Phe63=),MET,Likely benign,"criteria provided, multiple submitters, no conflicts",,,c.189C>T,,,
3233001,NM_000245.4(MET):c.497T>A (p.Ile166Lys),MET,Likely benign,"criteria provided, single submitter",,,c.497T>A,,rs773830746,
3256460,NM_000245.4(MET):c.1862+48T>G,MET,Likely benign,"criteria provided, single submitter",,,NM_000245.4(MET):c.1862+48T>G,,,
3294328,NM_000245.4(MET):c.1422C>G (p.Thr474=),MET,Likely benign,"criteria provided, single submitter",,,c.1422C>G,,,
3294314,NM_000245.4(MET):c.3627C>T (p.Asn1209=),MET,Likely benign,"criteria provided, single submitter",,,c.3627C>T,,,
3294310,NM_000245.4(MET):c.2183T>C (p.Leu728Ser),MET,Likely benign,"criteria provided, single submitter",,,c.2183T>C,,,
3294335,NM_000245.4(MET):c.1413A>G (p.Gly471=),MET,Likely benign,"criteria provided, single submitter",,,c.1413A>G,,,
3256464,NM_000245.4(MET):c.2888-27A>G,MET,Likely benign,"criteria provided, single submitter",,,NM_000245.4(MET):c.2888-27A>G,,,
3256463,NM_000245.4(MET):c.2584-22T>A,MET,Likely benign,"criteria provided, single submitter",,,NM_000245.4(MET):c.2584-22T>A,,,
3256462,NM_000245.4(MET):c.2584-24_2584-23del,MET,Likely benign,"criteria provided, single submitter",,,NM_000245.4(MET):c.2584-24_2584-23del,,,
3256461,NM_000245.4(MET):c.2265-21T>C,MET,Likely benign,"criteria provided, single submitter",,,NM_000245.4(MET):c.2265-21T>C,,,
3294323,NM_000245.4(MET):c.3072G>T (p.Val1024=),MET,Likely benign,"criteria provided, single submitter",,,c.3072G>T,,,
3294306,NM_000245.4(MET):c.88C>G (p.Leu30Val),MET,Likely benign,"criteria provided, single submitter",,,c.88C>G,,,
3294303,NM_000245.4(MET):c.2265-8T>C,MET,Likely benign,"criteria provided, single submitter",,,NM_000245.4(MET):c.2265-8T>C,,,
3294299,NM_000245.4(MET):c.3849T>G (p.Pro1283=),MET,Likely benign,"criteria provided, single submitter",,,c.3849T>G,,,
3294297,NM_000245.4(MET):c.3207A>G (p.Val1069=),MET,Likely benign,"criteria provided, single submitter",,,c.3207A>G,,,
3233007,NM_000245.4(MET):c.714A>G (p.Leu238=),MET,Likely benign,"criteria provided, multiple submitters, no conflicts",,,c.714A>G,,rs2116596040,
3233005,NM_000245.4(MET):c.648G>A (p.Val216=),MET,Likely benign,"criteria provided, multiple submitters, no conflicts",,,c.648G>A,,rs1791494214,
3233004,NM_000245.4(MET):c.627T>G (p.His209Gln),MET,Likely benign,"criteria provided, single submitter",,,c.627T>G,,rs2485511325,
3395133,NM_000245.4(MET):c.3120T>C (p.Ser1040=),MET,Likely benign,"criteria provided, single submitter",,,c.3120T>C,,,
3395132,NM_000245.4(MET):c.770A>T (p.Asn257Ile),MET,Likely benign,"criteria provided, single submitter",,,c.770A>T,,,
3395131,NM_000245.4(MET):c.3666T>C (p.Asp1222=),MET,Likely benign,"criteria provided, single submitter",,,c.3666T>C,,,
3395089,NM_000245.4(MET):c.2490C>T (p.Tyr830=),MET,Likely benign,"criteria provided, single submitter",,,c.2490C>T,,,
3395110,NM_000245.4(MET):c.3010C>A (p.Arg1004=),MET,Likely benign,"criteria provided, single submitter",,,c.3010C>A,,,
4859939,NM_000245.4(MET):c.1992_1994delinsTAT (p.Lys665Ile),MET,Likely benign,"criteria provided, single submitter",,,c.1992_1994delinsTAT,,,
4859929,NM_000245.4(MET):c.234T>C (p.Leu78=),MET,Likely benign,"criteria provided, single submitter",,,c.234T>C,,,
3395100,NM_000245.4(MET):c.304A>C (p.Ser102Arg),MET,Likely benign,"criteria provided, single submitter",,,c.304A>C,,,
3395095,NM_000245.4(MET):c.307A>G (p.Ser103Gly),MET,Likely benign,"criteria provided, single submitter",,,c.307A>G,,,
3395152,NM_000245.4(MET):c.1440C>T (p.Leu480=),MET,Likely benign,"criteria provided, single submitter",,,c.1440C>T,,,
824068,NM_000245.4(MET):c.3633-4G>A,MET,Likely benign,"criteria provided, multiple submitters, no conflicts",,,NM_000245.4(MET):c.3633-4G>A,,rs1477354447,
823961,NM_000245.4(MET):c.3534A>T (p.Val1178=),MET,Likely benign,"criteria provided, multiple submitters, no conflicts",,,c.3534A>T,,rs544545520,
3395144,NM_000245.4(MET):c.732T>C (p.Ser244=),MET,Likely benign,"criteria provided, single submitter",,,c.732T>C,,,
3395143,NM_000245.4(MET):c.2031A>G (p.Leu677=),MET,Likely benign,"criteria provided, single submitter",,,c.2031A>G,,,
3395103,NM_000245.4(MET):c.735C>T (p.Tyr245=),MET,Likely benign,"criteria provided, multiple submitters, no conflicts",,,c.735C>T,,,
3395136,NM_000245.4(MET):c.3654C>G (p.Val1218=),MET,Likely benign,"criteria provided, single submitter",,,c.3654C>G,,,
1730838,NM_000245.4(MET):c.3330A>G (p.Lys1110=),MET,Likely benign,"criteria provided, single submitter",,,c.3330A>G,,rs2485816468,
1730522,NM_000245.4(MET):c.3297C>T (p.Asp1099=),MET,Likely benign,"criteria provided, multiple submitters, no conflicts",,,c.3297C>T,,rs2117040046,
1730332,NM_000245.4(MET):c.3279T>C (p.Tyr1093=),MET,Likely benign,"criteria provided, multiple submitters, no conflicts",,,c.3279T>C,,rs1310832219,
1730077,NM_000245.4(MET):c.330T>C (p.Gly110=),MET,Likely benign,"criteria provided, multiple submitters, no conflicts",,,c.330T>C,,rs899569508,
4827502,NM_000245.4(MET):c.460A>C (p.Ile154Leu),MET,Likely benign,"criteria provided, single submitter",,,c.460A>C,,,
4827497,NM_000245.4(MET):c.450T>G (p.His150Gln),MET,Likely benign,"criteria provided, single submitter",,,c.450T>G,,,
4827495,NM_000245.4(MET):c.1943_1944delinsTG (p.Gln648Leu),MET,Likely benign,"criteria provided, single submitter",,,c.1943_1944delinsTG,,,
4810510,NM_000245.4(MET):c.1509G>A (p.Leu503=),MET,Likely benign,"criteria provided, multiple submitters, no conflicts",,,c.1509G>A,,,
4825360,NM_000245.4(MET):c.699C>G (p.Ser233=),MET,Likely benign,"criteria provided, single submitter",,,c.699C>G,,,
4825356,NM_000245.4(MET):c.2316C>T (p.Val772=),MET,Likely benign,"criteria provided, single submitter",,,c.2316C>T,,,
4825354,NM_000245.4(MET):c.3537A>G (p.Lys1179=),MET,Likely benign,"criteria provided, single submitter",,,c.3537A>G,,,
1728657,NM_000245.4(MET):c.318T>G (p.Asn106Lys),MET,Likely benign,"criteria provided, single submitter",,,c.318T>G,,rs2116585727,
1728655,NM_000245.4(MET):c.318T>C (p.Asn106=),MET,Likely benign,"criteria provided, multiple submitters, no conflicts",,,c.318T>C,,rs2116585727,
1728511,NM_000245.4(MET):c.317A>G (p.Asn106Ser),MET,Likely benign,"criteria provided, single submitter",,,c.317A>G,,rs2485507948,
1732953,NM_000245.4(MET):c.3534A>G (p.Val1178=),MET,Likely benign,"criteria provided, single submitter",,,c.3534A>G,,rs544545520,
1732713,NM_000245.4(MET):c.3507T>A (p.Ile1169=),MET,Likely benign,"criteria provided, single submitter",,,c.3507T>A,,rs200184140,
1729702,NM_000245.4(MET):c.327A>T (p.Gly109=),MET,Likely benign,"criteria provided, single submitter",,,c.327A>T,,rs2116585965,
4825349,NM_000245.4(MET):c.1329C>G (p.Ser443=),MET,Likely benign,"criteria provided, single submitter",,,c.1329C>G,,,
4841312,NM_000245.4(MET):c.1201-4C>G,MET,Likely benign,"criteria provided, single submitter",,,NM_000245.4(MET):c.1201-4C>G,,,
4841313,NM_000245.4(MET):c.1509G>C (p.Leu503=),MET,Likely benign,"criteria provided, single submitter",,,c.1509G>C,,,
4843759,NM_000245.4(MET):c.1566T>C (p.His522=),MET,Likely benign,"criteria provided, single submitter",,,c.1566T>C,,,
4827489,NM_000245.4(MET):c.3420C>G (p.Leu1140=),MET,Likely benign,"criteria provided, single submitter",,,c.3420C>G,,,
4827493,NM_000245.4(MET):c.2820A>C (p.Ser940=),MET,Likely benign,"criteria provided, single submitter",,,c.2820A>C,,,
4843765,NM_000245.4(MET):c.9C>A (p.Ala3=),MET,Likely benign,"criteria provided, single submitter",,,c.9C>A,,,
4827504,NM_000245.4(MET):c.447T>C (p.Asn149=),MET,Likely benign,"criteria provided, single submitter",,,c.447T>C,,,
4841309,NM_000245.4(MET):c.629C>T (p.Pro210Leu),MET,Likely benign,"criteria provided, single submitter",,,c.629C>T,,,
4841311,NM_000245.4(MET):c.1906A>T (p.Met636Leu),MET,Likely benign,"criteria provided, single submitter",,,c.1906A>T,,,
4859990,NM_000245.4(MET):c.4137G>T (p.Val1379=),MET,Likely benign,"criteria provided, single submitter",,,c.4137G>T,,,
13885,NM_000245.4(MET):c.3689A>G (p.Tyr1230Cys),MET,Conflicting classifications of pathogenicity,"criteria provided, conflicting classifications",,,c.3689A>G,,rs121913246,
93572,NM_000245.4(MET):c.3217C>T (p.Pro1073Ser),MET,Conflicting classifications of pathogenicity,"criteria provided, conflicting classifications",,,c.3217C>T,,rs398123569,
93571,NM_000245.4(MET):c.289C>G (p.Pro97Ala),MET,Conflicting classifications of pathogenicity,"criteria provided, conflicting classifications",,,c.289C>G,,rs199736573,
93570,NM_000245.4(MET):c.2434C>G (p.Gln812Glu),MET,Conflicting classifications of pathogenicity,"criteria provided, conflicting classifications",,,c.2434C>G,,rs398123568,
93568,NM_000245.4(MET):c.147A>G (p.Glu49=),MET,Conflicting classifications of pathogenicity,"criteria provided, conflicting classifications",,,c.147A>G,,rs398123567,
134643,NM_000245.4(MET):c.2662C>T (p.His888Tyr),MET,Benign/Likely benign,"criteria provided, multiple submitters, no conflicts",,,c.2662C>T,,rs115574135,
1727813,NM_000245.4(MET):c.3063C>T (p.Cys1021=),MET,Benign/Likely benign,"criteria provided, multiple submitters, no conflicts",,,c.3063C>T,,rs2117029872,
1727518,NM_000245.4(MET):c.3042T>C (p.Asn1014=),MET,Benign/Likely benign,"criteria provided, multiple submitters, no conflicts",,,c.3042T>C,,rs2117029559,
1727319,NM_000245.4(MET):c.3023C>T (p.Pro1008Leu),MET,Conflicting classifications of pathogenicity,"criteria provided, conflicting classifications",,,c.3023C>T,,rs760153701,
1729625,NM_000245.4(MET):c.3216G>A (p.Gly1072=),MET,Benign/Likely benign,"criteria provided, multiple submitters, no conflicts",,,c.3216G>A,,rs2117031874,
1720045,NM_000245.4(MET):c.1994A>T (p.Lys665Ile),MET,Conflicting classifications of pathogenicity,"criteria provided, conflicting classifications",,,c.1994A>T,,rs2116923456,
41627,NM_000245.4(MET):c.504G>T (p.Glu168Asp),MET,Conflicting classifications of pathogenicity,"criteria provided, conflicting classifications",,,c.504G>T,,rs55985569,
41626,NM_000245.4(MET):c.4151C>G (p.Ala1384Gly),MET,Conflicting classifications of pathogenicity,"criteria provided, conflicting classifications",,,c.4151C>G,,rs202166889,
41625,NM_000245.4(MET):c.3356G>C (p.Gly1119Ala),MET,Conflicting classifications of pathogenicity,"criteria provided, conflicting classifications",,,c.3356G>C,,rs201037977,
41624,NM_000245.4(MET):c.2975C>T (p.Thr992Ile),MET,Conflicting classifications of pathogenicity,"criteria provided, conflicting classifications",,,c.2975C>T,,rs56391007,
41623,NM_000245.4(MET):c.2908C>T (p.Arg970Cys),MET,Conflicting classifications of pathogenicity,"criteria provided, conflicting classifications",,,c.2908C>T,,rs34589476,
41622,NM_000245.4(MET):c.2383A>G (p.Asn795Asp),MET,Conflicting classifications of pathogenicity,"criteria provided, conflicting classifications",,,c.2383A>G,,rs200633053,
41621,NM_000245.4(MET):c.199A>G (p.Thr67Ala),MET,Conflicting classifications of pathogenicity,"criteria provided, conflicting classifications",,,c.199A>G,,rs202047059,
41608,NM_000245.4(MET):c.1019A>G (p.Asp340Gly),MET,Conflicting classifications of pathogenicity,"criteria provided, conflicting classifications",,,c.1019A>G,,rs200690492,
826954,NM_000245.4(MET):c.72G>A (p.Gly24=),MET,Benign/Likely benign,"criteria provided, multiple submitters, no conflicts",,,c.72G>A,,rs770829669,
826917,NM_000245.4(MET):c.721T>C (p.Phe241Leu),MET,Conflicting classifications of pathogenicity,"criteria provided, conflicting classifications",,,c.721T>C,,rs746216803,
826881,NM_000245.4(MET):c.716C>T (p.Pro239Leu),MET,Conflicting classifications of pathogenicity,"criteria provided, conflicting classifications",,,c.716C>T,,rs45551737,
825375,NM_000245.4(MET):c.501A>C (p.Glu167Asp),MET,Conflicting classifications of pathogenicity,"criteria provided, conflicting classifications",,,c.501A>C,,rs1584876986,
825340,NM_000245.4(MET):c.497T>G (p.Ile166Arg),MET,Conflicting classifications of pathogenicity,"criteria provided, conflicting classifications",,,c.497T>G,,rs773830746,
825204,NM_000245.4(MET):c.481A>G (p.Ile161Val),MET,Conflicting classifications of pathogenicity,"criteria provided, conflicting classifications",,,c.481A>G,,rs1584876914,
825122,NM_000245.4(MET):c.471G>C (p.Glu157Asp),MET,Conflicting classifications of pathogenicity,"criteria provided, conflicting classifications",,,c.471G>C,,rs1451799154,
824975,NM_000245.4(MET):c.452C>T (p.Thr151Ile),MET,Conflicting classifications of pathogenicity,"criteria provided, conflicting classifications",,,c.452C>T,,rs1584876832,
824933,NM_000245.4(MET):c.448C>T (p.His150Tyr),MET,Conflicting classifications of pathogenicity,"criteria provided, conflicting classifications",,,c.448C>T,,rs1436957498,
824911,NM_000245.4(MET):c.446A>G (p.Asn149Ser),MET,Conflicting classifications of pathogenicity,"criteria provided, conflicting classifications",,,c.446A>G,,rs772398152,
824647,NM_000245.4(MET):c.4118A>T (p.Asp1373Val),MET,Conflicting classifications of pathogenicity,"criteria provided, conflicting classifications",,,c.4118A>T,,rs773898036,
836115,NM_000245.4(MET):c.3859G>A (p.Val1287Ile),MET,Conflicting classifications of pathogenicity,"criteria provided, conflicting classifications",,,c.3859G>A,,rs780102059,
835214,NM_000245.4(MET):c.1073A>C (p.Asp358Ala),MET,Conflicting classifications of pathogenicity,"criteria provided, conflicting classifications",,,c.1073A>C,,rs1326405747,
834879,NM_000245.4(MET):c.3355G>A (p.Gly1119Arg),MET,Conflicting classifications of pathogenicity,"criteria provided, conflicting classifications",,,c.3355G>A,,rs1191752014,
827518,NM_000245.4(MET):c.821T>C (p.Phe274Ser),MET,Conflicting classifications of pathogenicity,"criteria provided, conflicting classifications",,,c.821T>C,,rs758569834,
3294347,NM_000245.4(MET):c.2039A>G (p.Asn680Ser),MET,Conflicting classifications of pathogenicity,"criteria provided, conflicting classifications",,,c.2039A>G,,,
3294345,NM_000245.4(MET):c.655C>T (p.Leu219=),MET,Benign/Likely benign,"criteria provided, multiple submitters, no conflicts",,,c.655C>T,,,
824609,NM_000245.4(MET):c.4068T>C (p.Tyr1356=),MET,Benign/Likely benign,"criteria provided, multiple submitters, no conflicts",,,c.4068T>C,,rs767214353,
824407,NM_000245.4(MET):c.3889T>C (p.Leu1297=),MET,Benign/Likely benign,"criteria provided, multiple submitters, no conflicts",,,c.3889T>C,,rs1584977995,
824339,NM_000245.4(MET):c.3834A>C (p.Thr1278=),MET,Benign/Likely benign,"criteria provided, multiple submitters, no conflicts",,,c.3834A>C,,rs1584977880,
824222,NM_000245.4(MET):c.3741G>C (p.Val1247=),MET,Benign/Likely benign,"criteria provided, multiple submitters, no conflicts",,,c.3741G>C,,rs1584965646,
824207,NM_000245.4(MET):c.3735G>A (p.Leu1245=),MET,Benign/Likely benign,"criteria provided, multiple submitters, no conflicts",,,c.3735G>A,,rs1323787899,
3395085,NM_000245.4(MET):c.3900A>G (p.Arg1300=),MET,Benign/Likely benign,"criteria provided, multiple submitters, no conflicts",,,c.3900A>G,,,
3395118,NM_000245.4(MET):c.2116A>G (p.Ile706Val),MET,Conflicting classifications of pathogenicity,"criteria provided, conflicting classifications",,,c.2116A>G,,,
824134,NM_000245.4(MET):c.372C>G (p.Thr124=),MET,Benign/Likely benign,"criteria provided, multiple submitters, no conflicts",,,c.372C>G,,rs574911056,
824062,NM_000245.4(MET):c.367G>A (p.Asp123Asn),MET,Conflicting classifications of pathogenicity,"criteria provided, conflicting classifications",,,c.367G>A,,rs760106468,
824049,NM_000245.4(MET):c.366C>T (p.Val122=),MET,Benign/Likely benign,"criteria provided, multiple submitters, no conflicts",,,c.366C>T,,rs202026780,
824017,NM_000245.4(MET):c.3582T>C (p.Tyr1194=),MET,Benign/Likely benign,"criteria provided, multiple submitters, no conflicts",,,c.3582T>C,,rs1584964312,
823653,NM_000245.4(MET):c.3301G>A (p.Asp1101Asn),MET,Conflicting classifications of pathogenicity,"criteria provided, conflicting classifications",,,c.3301G>A,,rs749678495,
823489,NM_000245.4(MET):c.3244G>C (p.Glu1082Gln),MET,Conflicting classifications of pathogenicity,"criteria provided, conflicting classifications",,,c.3244G>C,,rs1584957997,
823187,NM_000245.4(MET):c.3152T>C (p.Val1051Ala),MET,Conflicting classifications of pathogenicity,"criteria provided, conflicting classifications",,,c.3152T>C,,rs1319458719,
3395150,NM_000245.4(MET):c.3153C>T (p.Val1051=),MET,Benign/Likely benign,"criteria provided, multiple submitters, no conflicts",,,c.3153C>T,,,
3395106,NM_000245.4(MET):c.2607A>G (p.Ala869=),MET,Benign/Likely benign,"criteria provided, multiple submitters, no conflicts",,,c.2607A>G,,,
841419,NM_000245.4(MET):c.4123G>A (p.Ala1375Thr),MET,Conflicting classifications of pathogenicity,"criteria provided, conflicting classifications",,,c.4123G>A,,rs373517956,
837084,NM_000245.4(MET):c.1204C>A (p.Leu402Ile),MET,Conflicting classifications of pathogenicity,"criteria provided, conflicting classifications",,,c.1204C>A,,rs45441497,
836570,NM_000245.4(MET):c.1626C>A (p.His542Gln),MET,Conflicting classifications of pathogenicity,"criteria provided, conflicting classifications",,,c.1626C>A,,rs762898756,
836396,NM_000245.4(MET):c.1009C>A (p.Leu337Met),MET,Conflicting classifications of pathogenicity,"criteria provided, conflicting classifications",,,c.1009C>A,,rs1246936382,
3294357,NM_000245.4(MET):c.4173G>A (p.Ter1391=),MET,Benign/Likely benign,"criteria provided, multiple submitters, no conflicts",,,c.4173G>A,,,
3294342,NM_000245.4(MET):c.1137C>A (p.Asn379Lys),MET,Conflicting classifications of pathogenicity,"criteria provided, conflicting classifications",,,c.1137C>A,,,
3294287,NM_000245.4(MET):c.1664C>T (p.Thr555Ile),MET,Conflicting classifications of pathogenicity,"criteria provided, conflicting classifications",,,c.1664C>T,,,
844841,NM_000245.4(MET):c.535G>A (p.Ala179Thr),MET,Conflicting classifications of pathogenicity,"criteria provided, conflicting classifications",,,c.535G>A,,rs753697730,
844248,NM_000245.4(MET):c.1224C>G (p.Gly408=),MET,Benign/Likely benign,"criteria provided, multiple submitters, no conflicts",,,c.1224C>G,,rs965135961,
843932,NM_000245.4(MET):c.594C>T (p.Gly198=),MET,Benign/Likely benign,"criteria provided, multiple submitters, no conflicts",,,c.594C>T,,rs549459978,
842808,NM_000245.4(MET):c.1354A>G (p.Ile452Val),MET,Conflicting classifications of pathogenicity,"criteria provided, conflicting classifications",,,c.1354A>G,,rs1793018926,
841732,NM_000245.4(MET):c.7G>A (p.Ala3Thr),MET,Conflicting classifications of pathogenicity,"criteria provided, conflicting classifications",,,c.7G>A,,rs1416393044,
3294324,NM_000245.4(MET):c.438T>C (p.Phe146=),MET,Benign/Likely benign,"criteria provided, multiple submitters, no conflicts",,,c.438T>C,,,
3294296,NM_000245.4(MET):c.3033G>A (p.Gln1011=),MET,Benign/Likely benign,"criteria provided, multiple submitters, no conflicts",,,c.3033G>A,,,
3233003,NM_000245.4(MET):c.625C>A (p.His209Asn),MET,Conflicting classifications of pathogenicity,"criteria provided, conflicting classifications",,,c.625C>A,,rs866183824,
3233002,NM_000245.4(MET):c.564A>G (p.Val188=),MET,Benign/Likely benign,"criteria provided, multiple submitters, no conflicts",,,c.564A>G,,rs1791489742,
822889,NM_000245.4(MET):c.900C>G (p.Leu300=),MET,Benign/Likely benign,"criteria provided, multiple submitters, no conflicts",,,c.900C>G,,rs540354779,
822670,NM_000245.4(MET):c.86C>T (p.Ala29Val),MET,Benign/Likely benign,"criteria provided, multiple submitters, no conflicts",,,c.86C>T,,rs775439897,
822043,NM_000245.4(MET):c.1046G>A (p.Ser349Asn),MET,Conflicting classifications of pathogenicity,"criteria provided, conflicting classifications",,,c.1046G>A,,rs1584878246,
822023,NM_000245.4(MET):c.1027T>C (p.Phe343Leu),MET,Conflicting classifications of pathogenicity,"criteria provided, conflicting classifications",,,c.1027T>C,,rs774022115,
821903,NM_000245.4(MET):c.2802G>C (p.Leu934Phe),MET,Conflicting classifications of pathogenicity,"criteria provided, conflicting classifications",,,c.2802G>C,,rs1361155132,
3395124,NM_000245.4(MET):c.2920A>C (p.Arg974=),MET,Benign/Likely benign,"criteria provided, multiple submitters, no conflicts",,,c.2920A>C,,,
3395121,NM_000245.4(MET):c.1543T>C (p.Leu515=),MET,Benign/Likely benign,"criteria provided, multiple submitters, no conflicts",,,c.1543T>C,,,
821758,NM_000245.4(MET):c.274C>G (p.His92Asp),MET,Conflicting classifications of pathogenicity,"criteria provided, conflicting classifications",,,c.274C>G,,rs1375872823,
821705,NM_000245.4(MET):c.2663A>G (p.His888Arg),MET,Conflicting classifications of pathogenicity,"criteria provided, conflicting classifications",,,c.2663A>G,,rs1584953276,
821666,NM_000245.4(MET):c.268C>T (p.Leu90=),MET,Benign/Likely benign,"criteria provided, multiple submitters, no conflicts",,,c.268C>T,,rs376966336,
821625,NM_000245.4(MET):c.2590G>T (p.Asp864Tyr),MET,Conflicting classifications of pathogenicity,"criteria provided, conflicting classifications",,,c.2590G>T,,rs1584953171,
821483,NM_000245.4(MET):c.2501T>C (p.Ile834Thr),MET,Conflicting classifications of pathogenicity,"criteria provided, conflicting classifications",,,c.2501T>C,,rs1215872095,
821319,NM_000245.4(MET):c.2409T>C (p.Thr803=),MET,Benign/Likely benign,"criteria provided, multiple submitters, no conflicts",,,c.2409T>C,,rs1584946860,
820892,NM_000245.4(MET):c.2209A>G (p.Ser737Gly),MET,Conflicting classifications of pathogenicity,"criteria provided, conflicting classifications",,,c.2209A>G,,rs755571526,
820885,NM_000245.4(MET):c.2215C>T (p.Arg739Cys),MET,Conflicting classifications of pathogenicity,"criteria provided, conflicting classifications",,,c.2215C>T,,rs45587940,
820867,NM_000245.4(MET):c.2196G>A (p.Glu732=),MET,Benign/Likely benign,"criteria provided, multiple submitters, no conflicts",,,c.2196G>A,,rs1376208948,
820633,NM_000245.4(MET):c.2070T>C (p.Ile690=),MET,Benign/Likely benign,"criteria provided, multiple submitters, no conflicts",,,c.2070T>C,,rs759396158,
820501,NM_000245.4(MET):c.1998C>T (p.Tyr666=),MET,Benign/Likely benign,"criteria provided, multiple submitters, no conflicts",,,c.1998C>T,,rs566540058,
849997,NM_000245.4(MET):c.2333A>C (p.Asn778Thr),MET,Conflicting classifications of pathogenicity,"criteria provided, conflicting classifications",,,c.2333A>C,,rs1205392044,
848962,NM_000245.4(MET):c.1450C>T (p.His484Tyr),MET,Conflicting classifications of pathogenicity,"criteria provided, conflicting classifications",,,c.1450C>T,,rs771272439,
846495,NM_000245.4(MET):c.2658C>A (p.His886Gln),MET,Conflicting classifications of pathogenicity,"criteria provided, conflicting classifications",,,c.2658C>A,,rs748950533,
845607,NM_000245.4(MET):c.2339A>G (p.His780Arg),MET,Conflicting classifications of pathogenicity,"criteria provided, conflicting classifications",,,c.2339A>G,,rs375523121,
845103,NM_000245.4(MET):c.628C>T (p.Pro210Ser),MET,Conflicting classifications of pathogenicity,"criteria provided, conflicting classifications",,,c.628C>T,,rs983457211,
3256459,NM_000245.4(MET):c.1232C>A (p.Ala411Glu),MET,Conflicting classifications of pathogenicity,"criteria provided, conflicting classifications",,,c.1232C>A,,,
3233009,NM_000245.4(MET):c.766A>G (p.Asn256Asp),MET,Conflicting classifications of pathogenicity,"criteria provided, conflicting classifications",,,c.766A>G,,rs2116597314,
3232971,NM_000245.4(MET):c.3139C>T (p.Leu1047=),MET,Benign/Likely benign,"criteria provided, multiple submitters, no conflicts",,,c.3139C>T,,rs2117030875,
3232970,NM_000245.4(MET):c.3129C>T (p.Ser1043=),MET,Benign/Likely benign,"criteria provided, multiple submitters, no conflicts",,,c.3129C>T,,rs2117030756,
854413,NM_000245.4(MET):c.3175A>C (p.Asn1059His),MET,Conflicting classifications of pathogenicity,"criteria provided, conflicting classifications",,,c.3175A>C,,rs1794951633,
853915,NM_000245.4(MET):c.2698C>G (p.Leu900Val),MET,Conflicting classifications of pathogenicity,"criteria provided, conflicting classifications",,,c.2698C>G,,rs1398243931,
853501,NM_000245.4(MET):c.541G>A (p.Gly181Arg),MET,Conflicting classifications of pathogenicity,"criteria provided, conflicting classifications",,,c.541G>A,,rs779040487,
3232996,NM_000245.4(MET):c.4101T>C (p.Ser1367=),MET,Benign/Likely benign,"criteria provided, multiple submitters, no conflicts",,,c.4101T>C,,rs2117112965,
3232994,NM_000245.4(MET):c.4041G>A (p.Glu1347=),MET,Benign/Likely benign,"criteria provided, multiple submitters, no conflicts",,,c.4041G>A,,rs1562941622,
3395200,NM_000245.4(MET):c.489C>T (p.Ser163=),MET,Benign/Likely benign,"criteria provided, multiple submitters, no conflicts",,,c.489C>T,,,
819838,NM_000245.4(MET):c.1689T>C (p.Pro563=),MET,Benign/Likely benign,"criteria provided, multiple submitters, no conflicts",,,c.1689T>C,,rs1282444375,
819802,NM_000245.4(MET):c.1699A>G (p.Lys567Glu),MET,Conflicting classifications of pathogenicity,"criteria provided, conflicting classifications",,,c.1699A>G,,rs769592729,
819722,NM_000245.4(MET):c.1638G>A (p.Val546=),MET,Benign/Likely benign,"criteria provided, multiple submitters, no conflicts",,,c.1638G>A,,rs1240760202,
819701,NM_000245.4(MET):c.1627G>A (p.Asp543Asn),MET,Conflicting classifications of pathogenicity,"criteria provided, conflicting classifications",,,c.1627G>A,,rs763991073,
819653,NM_000245.4(MET):c.1635T>C (p.Cys545=),MET,Benign/Likely benign,"criteria provided, multiple submitters, no conflicts",,,c.1635T>C,,rs1465559829,
3395154,NM_000245.4(MET):c.1690G>A (p.Ala564Thr),MET,Conflicting classifications of pathogenicity,"criteria provided, conflicting classifications",,,c.1690G>A,,,
864672,NM_000245.4(MET):c.181C>G (p.His61Asp),MET,Conflicting classifications of pathogenicity,"criteria provided, conflicting classifications",,,c.181C>G,,rs368942722,
863105,NM_000245.4(MET):c.222T>A (p.Asn74Lys),MET,Conflicting classifications of pathogenicity,"criteria provided, conflicting classifications",,,c.222T>A,,rs767934760,
862926,NM_000245.4(MET):c.2375A>C (p.His792Pro),MET,Conflicting classifications of pathogenicity,"criteria provided, conflicting classifications",,,c.2375A>C,,rs980467681,
862493,NM_000245.4(MET):c.2905G>C (p.Val969Leu),MET,Conflicting classifications of pathogenicity,"criteria provided, conflicting classifications",,,c.2905G>C,,rs757925979,
819297,NM_000245.4(MET):c.146A>C (p.Glu49Ala),MET,Conflicting classifications of pathogenicity,"criteria provided, conflicting classifications",,,c.146A>C,,rs370499060,
819109,NM_000245.4(MET):c.1399G>A (p.Val467Ile),MET,Conflicting classifications of pathogenicity,"criteria provided, conflicting classifications",,,c.1399G>A,,rs1004264326,
799234,NM_000245.4(MET):c.252C>T (p.Tyr84=),MET,Benign/Likely benign,"criteria provided, multiple submitters, no conflicts",,,c.252C>T,,rs1584876265,
798978,NM_000245.4(MET):c.1518T>C (p.Thr506=),MET,Benign/Likely benign,"criteria provided, multiple submitters, no conflicts",,,c.1518T>C,,rs902884572,
818832,NM_000245.4(MET):c.1297C>G (p.Gln433Glu),MET,Conflicting classifications of pathogenicity,"criteria provided, conflicting classifications",,,c.1297C>G,,rs1584914144,
818766,NM_000245.4(MET):c.1272G>A (p.Leu424=),MET,Benign/Likely benign,"criteria provided, multiple submitters, no conflicts",,,c.1272G>A,,rs1342295714,
3605147,NM_000245.4(MET):c.1885G>T (p.Ala629Ser),MET,Conflicting classifications of pathogenicity,"criteria provided, conflicting classifications",,,c.1885G>T,,,
3020206,NM_000245.4(MET):c.3150T>C (p.Thr1050=),MET,Benign/Likely benign,"criteria provided, multiple submitters, no conflicts",,,c.3150T>C,,rs2485806709,
909949,NM_000245.4(MET):c.2673C>T (p.Ala891=),MET,Conflicting classifications of pathogenicity,"criteria provided, conflicting classifications",,,c.2673C>T,,rs561131509,
3232916,NM_000245.4(MET):c.1707C>T (p.Phe569=),MET,Benign/Likely benign,"criteria provided, multiple submitters, no conflicts",,,c.1707C>T,,rs2485699628,
3232897,NM_000245.4(MET):c.1056T>C (p.Asp352=),MET,Conflicting classifications of pathogenicity,"criteria provided, conflicting classifications",,,c.1056T>C,,rs2116604421,
2994199,NM_000245.4(MET):c.505C>T (p.Pro169Ser),MET,Conflicting classifications of pathogenicity,"criteria provided, conflicting classifications",,,c.505C>T,,rs766944441,
3015202,NM_000245.4(MET):c.1484C>T (p.Thr495Ile),MET,Conflicting classifications of pathogenicity,"criteria provided, conflicting classifications",,,c.1484C>T,,rs45585831,
3013605,NM_000245.4(MET):c.568G>A (p.Asp190Asn),MET,Conflicting classifications of pathogenicity,"criteria provided, conflicting classifications",,,c.568G>A,,rs1186978034,
3013357,NM_000245.4(MET):c.861A>G (p.Gly287=),MET,Benign/Likely benign,"criteria provided, multiple submitters, no conflicts",,,c.861A>G,,rs2116599749,
2999755,NM_000245.4(MET):c.2622G>C (p.Val874=),MET,Benign/Likely benign,"criteria provided, multiple submitters, no conflicts",,,c.2622G>C,,rs2485766903,
2919540,NM_000245.4(MET):c.2487A>T (p.Lys829Asn),MET,Conflicting classifications of pathogenicity,"criteria provided, conflicting classifications",,,c.2487A>T,,rs1246094460,
818624,NM_000245.4(MET):c.1221A>G (p.Ser407=),MET,Benign/Likely benign,"criteria provided, multiple submitters, no conflicts",,,c.1221A>G,,rs200003116,
818619,NM_000245.4(MET):c.1218A>G (p.Ser406=),MET,Benign/Likely benign,"criteria provided, multiple submitters, no conflicts",,,c.1218A>G,,rs1358705636,
818558,NM_000245.4(MET):c.119A>T (p.Lys40Met),MET,Conflicting classifications of pathogenicity,"criteria provided, conflicting classifications",,,c.119A>T,,rs1210616219,
818526,NM_000245.4(MET):c.1203A>G (p.Thr401=),MET,Benign/Likely benign,"criteria provided, multiple submitters, no conflicts",,,c.1203A>G,,rs199892100,
818256,NM_000245.4(MET):c.1008C>G (p.Ser336Arg),MET,Conflicting classifications of pathogenicity,"criteria provided, conflicting classifications",,,c.1008C>G,,rs1584878137,
767080,NM_000245.4(MET):c.1572G>A (p.Gln524=),MET,Benign/Likely benign,"criteria provided, multiple submitters, no conflicts",,,c.1572G>A,,rs201878238,
819479,NM_000245.4(MET):c.1532C>T (p.Thr511Met),MET,Conflicting classifications of pathogenicity,"criteria provided, conflicting classifications",,,c.1532C>T,,rs371124109,
941796,NM_000245.4(MET):c.1183G>A (p.Glu395Lys),MET,Conflicting classifications of pathogenicity,"criteria provided, conflicting classifications",,,c.1183G>A,,rs778469367,
941220,NM_000245.4(MET):c.2111A>G (p.Asn704Ser),MET,Conflicting classifications of pathogenicity,"criteria provided, conflicting classifications",,,c.2111A>G,,rs1794272939,
938024,NM_000245.4(MET):c.2055G>T (p.Gly685=),MET,Conflicting classifications of pathogenicity,"criteria provided, conflicting classifications",,,c.2055G>T,,rs766401668,
936149,NM_000245.4(MET):c.100G>C (p.Glu34Gln),MET,Conflicting classifications of pathogenicity,"criteria provided, conflicting classifications",,,c.100G>C,,rs764246939,
935804,NM_000245.4(MET):c.3685A>G (p.Met1229Val),MET,Conflicting classifications of pathogenicity,"criteria provided, conflicting classifications",,,c.3685A>G,,rs768125521,
934884,NM_000245.4(MET):c.4154C>A (p.Ser1385Tyr),MET,Conflicting classifications of pathogenicity,"criteria provided, conflicting classifications",,,c.4154C>A,,rs764303128,
2904934,NM_000245.4(MET):c.528G>A (p.Val176=),MET,Benign/Likely benign,"criteria provided, multiple submitters, no conflicts",,,c.528G>A,,rs2485510319,
2900470,NM_000245.4(MET):c.3783C>G (p.Thr1261=),MET,Benign/Likely benign,"criteria provided, multiple submitters, no conflicts",,,c.3783C>G,,rs1795213981,
943966,NM_000245.4(MET):c.249G>C (p.Glu83Asp),MET,Conflicting classifications of pathogenicity,"criteria provided, conflicting classifications",,,c.249G>C,,rs751158831,
943391,NM_000245.4(MET):c.1640G>C (p.Arg547Pro),MET,Conflicting classifications of pathogenicity,"criteria provided, conflicting classifications",,,c.1640G>C,,rs761951444,
942427,NM_000245.4(MET):c.1160A>G (p.Gln387Arg),MET,Conflicting classifications of pathogenicity,"criteria provided, conflicting classifications",,,c.1160A>G,,rs1791523699,
2878627,NM_000245.4(MET):c.140C>T (p.Thr47Ile),MET,Conflicting classifications of pathogenicity,"criteria provided, conflicting classifications",,,c.140C>T,,rs2116581323,
795831,NM_000245.4(MET):c.1647G>A (p.Glu549=),MET,Benign/Likely benign,"criteria provided, multiple submitters, no conflicts",,,c.1647G>A,,rs1584923365,
3621146,NM_000245.4(MET):c.660G>C (p.Lys220Asn),MET,Conflicting classifications of pathogenicity,"criteria provided, conflicting classifications",,,c.660G>C,,,
951132,NM_000245.4(MET):c.1238G>T (p.Arg413Leu),MET,Conflicting classifications of pathogenicity,"criteria provided, conflicting classifications",,,c.1238G>T,,rs375391602,
950814,NM_000245.4(MET):c.1084A>C (p.Met362Leu),MET,Conflicting classifications of pathogenicity,"criteria provided, conflicting classifications",,,c.1084A>C,,rs1791519202,
947148,NM_000245.4(MET):c.230A>C (p.Asp77Ala),MET,Conflicting classifications of pathogenicity,"criteria provided, conflicting classifications",,,c.230A>C,,rs761221409,
946270,NM_000245.4(MET):c.3299A>G (p.Asn1100Ser),MET,Conflicting classifications of pathogenicity,"criteria provided, conflicting classifications",,,c.3299A>G,,rs1795029901,
2854940,NM_000245.4(MET):c.797G>A (p.Arg266Lys),MET,Conflicting classifications of pathogenicity,"criteria provided, conflicting classifications",,,c.797G>A,,rs2116598150,
2867493,NM_000245.4(MET):c.3387C>T (p.Ile1129=),MET,Conflicting classifications of pathogenicity,"criteria provided, conflicting classifications",,,c.3387C>T,,rs371927164,
2845323,NM_000245.4(MET):c.1587C>T (p.Cys529=),MET,Conflicting classifications of pathogenicity,"criteria provided, conflicting classifications",,,c.1587C>T,,rs2116835345,
953168,NM_000245.4(MET):c.559T>A (p.Ser187Thr),MET,Conflicting classifications of pathogenicity,"criteria provided, conflicting classifications",,,c.559T>A,,rs1791489630,
793916,NM_000245.4(MET):c.3135A>G (p.Pro1045=),MET,Benign/Likely benign,"criteria provided, multiple submitters, no conflicts",,,c.3135A>G,,rs1584957836,
792211,NM_000245.4(MET):c.2079T>A (p.Gly693=),MET,Benign/Likely benign,"criteria provided, multiple submitters, no conflicts",,,c.2079T>A,,rs1584941818,
784852,NM_000245.4(MET):c.3765G>A (p.Leu1255=),MET,Benign/Likely benign,"criteria provided, multiple submitters, no conflicts",,,c.3765G>A,,rs1584965685,
772557,NM_000245.4(MET):c.1449C>T (p.Ser483=),MET,Benign/Likely benign,"criteria provided, multiple submitters, no conflicts",,,c.1449C>T,,rs1458827441,
771650,NM_000245.4(MET):c.1639C>A (p.Arg547=),MET,Benign/Likely benign,"criteria provided, multiple submitters, no conflicts",,,c.1639C>A,,rs1047795344,
743411,NM_000245.4(MET):c.2457C>A (p.Ala819=),MET,Benign/Likely benign,"criteria provided, multiple submitters, no conflicts",,,c.2457C>A,,rs746040712,
766866,NM_000245.4(MET):c.900C>T (p.Leu300=),MET,Benign/Likely benign,"criteria provided, multiple submitters, no conflicts",,,c.900C>T,,rs540354779,
766129,NM_000245.4(MET):c.471G>A (p.Glu157=),MET,Benign/Likely benign,"criteria provided, multiple submitters, no conflicts",,,c.471G>A,,rs1451799154,
765278,NM_000245.4(MET):c.1542A>G (p.Pro514=),MET,Benign/Likely benign,"criteria provided, multiple submitters, no conflicts",,,c.1542A>G,,rs1584923096,
765274,NM_000245.4(MET):c.3966T>A (p.Pro1322=),MET,Benign/Likely benign,"criteria provided, multiple submitters, no conflicts",,,c.3966T>A,,rs372608840,
2816935,NM_000245.4(MET):c.3303T>C (p.Asp1101=),MET,Benign/Likely benign,"criteria provided, multiple submitters, no conflicts",,,c.3303T>C,,rs1304765887,
2814023,NM_000245.4(MET):c.139A>T (p.Thr47Ser),MET,Conflicting classifications of pathogenicity,"criteria provided, conflicting classifications",,,c.139A>T,,rs2116581295,
958563,NM_000245.4(MET):c.1863A>G (p.Thr621=),MET,Conflicting classifications of pathogenicity,"criteria provided, conflicting classifications",,,c.1863A>G,,rs1794219866,
957174,NM_000245.4(MET):c.1029C>G (p.Phe343Leu),MET,Conflicting classifications of pathogenicity,"criteria provided, conflicting classifications",,,c.1029C>G,,rs56340719,
956637,NM_000245.4(MET):c.3727G>A (p.Ala1243Thr),MET,Conflicting classifications of pathogenicity,"criteria provided, conflicting classifications",,,c.3727G>A,,rs752351789,
2832040,NM_000245.4(MET):c.3117C>T (p.Asp1039=),MET,Benign/Likely benign,"criteria provided, multiple submitters, no conflicts",,,c.3117C>T,,rs575907920,
2799961,NM_000245.4(MET):c.328G>A (p.Gly110Ser),MET,Conflicting classifications of pathogenicity,"criteria provided, conflicting classifications",,,c.328G>A,,rs762059386,
959770,NM_000245.4(MET):c.770A>G (p.Asn257Ser),MET,Conflicting classifications of pathogenicity,"criteria provided, conflicting classifications",,,c.770A>G,,rs759388741,
2818230,NM_000245.4(MET):c.608C>T (p.Ser203Phe),MET,Conflicting classifications of pathogenicity,"criteria provided, conflicting classifications",,,c.608C>T,,rs2116593187,
2801430,NM_000245.4(MET):c.8C>T (p.Ala3Val),MET,Conflicting classifications of pathogenicity,"criteria provided, conflicting classifications",,,c.8C>T,,rs1797064164,
763675,NM_000245.4(MET):c.531G>T (p.Val177=),MET,Benign/Likely benign,"criteria provided, multiple submitters, no conflicts",,,c.531G>T,,rs755804127,
763203,NM_000245.4(MET):c.3318C>T (p.His1106=),MET,Benign/Likely benign,"criteria provided, multiple submitters, no conflicts",,,c.3318C>T,,rs755500683,
761486,NM_000245.4(MET):c.3531T>G (p.Thr1177=),MET,Benign/Likely benign,"criteria provided, multiple submitters, no conflicts",,,c.3531T>G,,rs1584964218,
760388,NM_000245.4(MET):c.3678C>T (p.Ala1226=),MET,Benign/Likely benign,"criteria provided, multiple submitters, no conflicts",,,c.3678C>T,,rs1584965488,
704672,NM_000245.4(MET):c.1719A>G (p.Ala573=),MET,Conflicting classifications of pathogenicity,"criteria provided, conflicting classifications",,,c.1719A>G,,rs199776656,
704552,NM_000245.4(MET):c.222T>C (p.Asn74=),MET,Benign/Likely benign,"criteria provided, multiple submitters, no conflicts",,,c.222T>C,,rs767934760,
757223,NM_000245.4(MET):c.4170A>G (p.Ser1390=),MET,Benign/Likely benign,"criteria provided, multiple submitters, no conflicts",,,c.4170A>G,,rs1584978746,
755799,NM_000245.4(MET):c.2754C>A (p.Thr918=),MET,Benign/Likely benign,"criteria provided, multiple submitters, no conflicts",,,c.2754C>A,,rs770886012,
794244,NM_000245.4(MET):c.1956C>T (p.Phe652=),MET,Benign/Likely benign,"criteria provided, multiple submitters, no conflicts",,,c.1956C>T,,rs756154521,
753902,NM_000245.4(MET):c.1143C>T (p.Asn381=),MET,Benign/Likely benign,"criteria provided, multiple submitters, no conflicts",,,c.1143C>T,,rs764685570,
751285,NM_000245.4(MET):c.3906C>T (p.Leu1302=),MET,Benign/Likely benign,"criteria provided, multiple submitters, no conflicts",,,c.3906C>T,,rs1584978021,
750065,NM_000245.4(MET):c.4059C>T (p.Asn1353=),MET,Benign/Likely benign,"criteria provided, multiple submitters, no conflicts",,,c.4059C>T,,rs45571634,
746982,NM_000245.4(MET):c.789G>T (p.Thr263=),MET,Benign/Likely benign,"criteria provided, multiple submitters, no conflicts",,,c.789G>T,,rs554190225,
744070,NM_000245.4(MET):c.2361A>G (p.Thr787=),MET,Benign/Likely benign,"criteria provided, multiple submitters, no conflicts",,,c.2361A>G,,rs1027607387,
698507,NM_000245.4(MET):c.3972C>T (p.Ala1324=),MET,Benign/Likely benign,"criteria provided, multiple submitters, no conflicts",,,c.3972C>T,,rs201519623,
697479,NM_000245.4(MET):c.2133C>A (p.Thr711=),MET,Benign/Likely benign,"criteria provided, multiple submitters, no conflicts",,,c.2133C>A,,rs747803111,
742682,NM_000245.4(MET):c.666G>A (p.Thr222=),MET,Benign/Likely benign,"criteria provided, multiple submitters, no conflicts",,,c.666G>A,,rs1444020594,
730546,NM_000245.4(MET):c.291A>G (p.Pro97=),MET,Benign/Likely benign,"criteria provided, multiple submitters, no conflicts",,,c.291A>G,,rs1584876383,
728335,NM_000245.4(MET):c.3423G>A (p.Ser1141=),MET,Benign/Likely benign,"criteria provided, multiple submitters, no conflicts",,,c.3423G>A,,rs567551556,
721712,NM_000245.4(MET):c.631T>C (p.Leu211=),MET,Benign/Likely benign,"criteria provided, multiple submitters, no conflicts",,,c.631T>C,,rs1584877307,
706832,NM_000245.4(MET):c.1896G>T (p.Lys632Asn),MET,Conflicting classifications of pathogenicity,"criteria provided, conflicting classifications",,,c.1896G>T,,rs749484691,
705954,NM_000245.4(MET):c.2697C>T (p.Asp899=),MET,Benign/Likely benign,"criteria provided, multiple submitters, no conflicts",,,c.2697C>T,,rs1584953336,
705446,NM_000245.4(MET):c.3321T>C (p.Cys1107=),MET,Conflicting classifications of pathogenicity,"criteria provided, conflicting classifications",,,c.3321T>C,,rs1584959989,
705401,NM_000245.4(MET):c.93A>G (p.Ala31=),MET,Benign/Likely benign,"criteria provided, multiple submitters, no conflicts",,,c.93A>G,,rs763196530,
704960,NM_000245.4(MET):c.2367A>G (p.Ala789=),MET,Benign/Likely benign,"criteria provided, multiple submitters, no conflicts",,,c.2367A>G,,rs910873191,
704934,NM_000245.4(MET):c.1902C>T (p.Phe634=),MET,Benign/Likely benign,"criteria provided, multiple submitters, no conflicts",,,c.1902C>T,,rs772450441,
665953,NM_000245.4(MET):c.1447T>C (p.Ser483Pro),MET,Conflicting classifications of pathogenicity,"criteria provided, conflicting classifications",,,c.1447T>C,,rs1584922011,
703901,NM_000245.4(MET):c.315C>T (p.Ala105=),MET,Benign/Likely benign,"criteria provided, multiple submitters, no conflicts",,,c.315C>T,,rs1428685262,
702932,NM_000245.4(MET):c.2191C>A (p.Arg731=),MET,Benign/Likely benign,"criteria provided, multiple submitters, no conflicts",,,c.2191C>A,,rs377336878,
702358,NM_000245.4(MET):c.600C>G (p.Thr200=),MET,Conflicting classifications of pathogenicity,"criteria provided, conflicting classifications",,,c.600C>G,,rs1225303075,
701795,NM_000245.4(MET):c.2517T>G (p.Pro839=),MET,Benign/Likely benign,"criteria provided, multiple submitters, no conflicts",,,c.2517T>G,,rs1584947055,
701682,NM_000245.4(MET):c.2118T>C (p.Ile706=),MET,Conflicting classifications of pathogenicity,"criteria provided, conflicting classifications",,,c.2118T>C,,rs958023403,
997610,NM_000245.4(MET):c.3842C>G (p.Ala1281Gly),MET,Conflicting classifications of pathogenicity,"criteria provided, conflicting classifications",,,c.3842C>G,,rs750337451,
978602,RBPMS-MET fusion,MET,other,"criteria provided, single submitter",,,RBPMS-MET fusion,,,
978481,NM_000245.4(MET):c.4044C>T (p.His1348=),MET,Benign/Likely benign,"criteria provided, multiple submitters, no conflicts",,,c.4044C>T,,rs1386889641,
976845,NM_000245.4(MET):c.3028+1G>C,MET,,,,,NM_000245.4(MET):c.3028+1G>C,,rs869320707,
976844,NM_000245.4(MET):c.3028+2T>G,MET,,,,,NM_000245.4(MET):c.3028+2T>G,,rs1794851763,
976843,NM_000245.4(MET):c.3028+1G>A,MET,,,,,NM_000245.4(MET):c.3028+1G>A,,rs869320707,
976842,NM_000245.4(MET):c.3028+2T>C,MET,,,,,NM_000245.4(MET):c.3028+2T>C,,rs1794851763,
971936,NM_000245.4(MET):c.4122C>A (p.Asn1374Lys),MET,Conflicting classifications of pathogenicity,"criteria provided, conflicting classifications",,,c.4122C>A,,rs370767911,
971384,NM_000245.4(MET):c.2265-10G>T,MET,Conflicting classifications of pathogenicity,"criteria provided, conflicting classifications",,,NM_000245.4(MET):c.2265-10G>T,,rs1355716761,
2796949,NM_000245.4(MET):c.3963C>T (p.His1321=),MET,Benign/Likely benign,"criteria provided, multiple submitters, no conflicts",,,c.3963C>T,,rs767267441,
2765968,NM_000245.4(MET):c.856T>G (p.Ser286Ala),MET,Conflicting classifications of pathogenicity,"criteria provided, conflicting classifications",,,c.856T>G,,rs2116599655,
1001241,NM_000245.4(MET):c.571C>A (p.Arg191=),MET,Benign/Likely benign,"criteria provided, multiple submitters, no conflicts",,,c.571C>A,,rs530932258,
3623317,NM_000245.4(MET):c.1393-10dup,MET,Benign/Likely benign,"criteria provided, multiple submitters, no conflicts",,,NM_000245.4(MET):c.1393-10dup,,,
701669,NM_000245.4(MET):c.2102+7T>C,MET,Conflicting classifications of pathogenicity,"criteria provided, conflicting classifications",,,NM_000245.4(MET):c.2102+7T>C,,rs1584941903,
701166,NM_000245.4(MET):c.1839T>G (p.Thr613=),MET,Benign/Likely benign,"criteria provided, multiple submitters, no conflicts",,,c.1839T>G,,rs373586966,
699998,NM_000245.4(MET):c.3054C>T (p.Asn1018=),MET,Benign/Likely benign,"criteria provided, multiple submitters, no conflicts",,,c.3054C>T,,rs369148519,
699840,NM_000245.4(MET):c.546C>A (p.Ala182=),MET,Conflicting classifications of pathogenicity,"criteria provided, conflicting classifications",,,c.546C>A,,rs570036369,
699599,NM_000245.4(MET):c.3459G>A (p.Pro1153=),MET,Benign/Likely benign,"criteria provided, multiple submitters, no conflicts",,,c.3459G>A,,rs201245213,
698969,NM_000245.4(MET):c.1374A>G (p.Ser458=),MET,Benign/Likely benign,"criteria provided, multiple submitters, no conflicts",,,c.1374A>G,,rs755165691,
661993,NM_000245.4(MET):c.173A>G (p.His58Arg),MET,Conflicting classifications of pathogenicity,"criteria provided, conflicting classifications",,,c.173A>G,,rs374578653,
661481,NM_000245.4(MET):c.1086G>A (p.Met362Ile),MET,Conflicting classifications of pathogenicity,"criteria provided, conflicting classifications",,,c.1086G>A,,rs779724665,
661068,NM_000245.4(MET):c.1973T>C (p.Val658Ala),MET,Conflicting classifications of pathogenicity,"criteria provided, conflicting classifications",,,c.1973T>C,,rs1584941533,
660839,NM_000245.4(MET):c.965T>C (p.Val322Ala),MET,Conflicting classifications of pathogenicity,"criteria provided, conflicting classifications",,,c.965T>C,,rs1306040798,
681085,NM_000245.4(MET):c.1359T>C (p.Ala453=),MET,Benign/Likely benign,"criteria provided, multiple submitters, no conflicts",,,c.1359T>C,,rs755985210,
1000490,NM_000245.4(MET):c.2102+5T>G,MET,Conflicting classifications of pathogenicity,"criteria provided, conflicting classifications",,,NM_000245.4(MET):c.2102+5T>G,,rs1794247110,
999912,NM_000245.4(MET):c.3163C>G (p.Leu1055Val),MET,Conflicting classifications of pathogenicity,"criteria provided, conflicting classifications",,,c.3163C>G,,rs1060503534,
999373,NM_000245.4(MET):c.447T>G (p.Asn149Lys),MET,Conflicting classifications of pathogenicity,"criteria provided, conflicting classifications",,,c.447T>G,,rs974448652,
2779859,NM_000245.4(MET):c.3369A>G (p.Gln1123=),MET,Benign/Likely benign,"criteria provided, multiple submitters, no conflicts",,,c.3369A>G,,rs200138825,
2740854,NM_000245.4(MET):c.1656G>A (p.Leu552=),MET,Benign/Likely benign,"criteria provided, multiple submitters, no conflicts",,,c.1656G>A,,rs2116837050,
1006887,NM_000245.4(MET):c.319T>G (p.Leu107Val),MET,Conflicting classifications of pathogenicity,"criteria provided, conflicting classifications",,,c.319T>G,,rs1791474714,
1004915,NM_000245.4(MET):c.277C>T (p.Pro93Ser),MET,Conflicting classifications of pathogenicity,"criteria provided, conflicting classifications",,,c.277C>T,,rs527638748,
1013952,NM_000245.4(MET):c.625C>T (p.His209Tyr),MET,Conflicting classifications of pathogenicity,"criteria provided, conflicting classifications",,,c.625C>T,,rs866183824,
672305,NM_000245.4(MET):c.3378C>T (p.Thr1126=),MET,Benign/Likely benign,"criteria provided, multiple submitters, no conflicts",,,c.3378C>T,,rs201111132,
668528,NM_000245.4(MET):c.2397C>T (p.Ile799=),MET,Benign/Likely benign,"criteria provided, multiple submitters, no conflicts",,,c.2397C>T,,rs1584946843,
657736,NM_000245.4(MET):c.3149C>A (p.Thr1050Asn),MET,Conflicting classifications of pathogenicity,"criteria provided, conflicting classifications",,,c.3149C>A,,rs1179812872,
665399,NM_000245.4(MET):c.1414C>T (p.Pro472Ser),MET,Conflicting classifications of pathogenicity,"criteria provided, conflicting classifications",,,c.1414C>T,,rs376589619,
3639403,NM_000245.4(MET):c.1661G>A (p.Gly554Glu),MET,Conflicting classifications of pathogenicity,"criteria provided, conflicting classifications",,,c.1661G>A,,,
3639230,NM_000245.4(MET):c.1925A>G (p.Asn642Ser),MET,Conflicting classifications of pathogenicity,"criteria provided, conflicting classifications",,,c.1925A>G,,,
1022015,NM_000245.4(MET):c.321A>T (p.Leu107Phe),MET,Conflicting classifications of pathogenicity,"criteria provided, conflicting classifications",,,c.321A>T,,rs1040920548,
1009066,NM_000245.4(MET):c.1477G>A (p.Glu493Lys),MET,Conflicting classifications of pathogenicity,"criteria provided, conflicting classifications",,,c.1477G>A,,rs965319455,
1007762,NM_000245.4(MET):c.462A>G (p.Ile154Met),MET,Conflicting classifications of pathogenicity,"criteria provided, conflicting classifications",,,c.462A>G,,rs771146873,
2745532,NM_000245.4(MET):c.1188C>T (p.His396=),MET,Benign/Likely benign,"criteria provided, multiple submitters, no conflicts",,,c.1188C>T,,rs2116607559,
2715215,NM_000245.4(MET):c.1192T>C (p.Phe398Leu),MET,Conflicting classifications of pathogenicity,"criteria provided, conflicting classifications",,,c.1192T>C,,rs771908927,
2711174,NM_000245.4(MET):c.2328C>T (p.Val776=),MET,Benign/Likely benign,"criteria provided, multiple submitters, no conflicts",,,c.2328C>T,,rs1794311792,
2711115,NM_000245.4(MET):c.2265-29A>C,MET,Conflicting classifications of pathogenicity,"criteria provided, conflicting classifications",,,NM_000245.4(MET):c.2265-29A>C,,rs2116937133,
2729188,NM_000245.4(MET):c.371C>A (p.Thr124Asn),MET,Conflicting classifications of pathogenicity,"criteria provided, conflicting classifications",,,c.371C>A,,rs1791477416,
2729144,NM_000245.4(MET):c.1249C>A (p.Arg417=),MET,Benign/Likely benign,"criteria provided, multiple submitters, no conflicts",,,c.1249C>A,,rs369705803,
2709319,NM_000245.4(MET):c.476A>G (p.His159Arg),MET,Conflicting classifications of pathogenicity,"criteria provided, conflicting classifications",,,c.476A>G,,rs2116589825,
1018484,NM_000245.4(MET):c.1021A>G (p.Ile341Val),MET,Conflicting classifications of pathogenicity,"criteria provided, conflicting classifications",,,c.1021A>G,,rs1791513686,
1014865,NM_000245.4(MET):c.2234A>T (p.Tyr745Phe),MET,Conflicting classifications of pathogenicity,"criteria provided, conflicting classifications",,,c.2234A>T,,rs1794278950,
2720544,NM_000245.4(MET):c.1602C>T (p.Pro534=),MET,Benign/Likely benign,"criteria provided, multiple submitters, no conflicts",,,c.1602C>T,,rs1554391268,
2710326,NM_000245.4(MET):c.1528-13del,MET,Benign/Likely benign,"criteria provided, multiple submitters, no conflicts",,,NM_000245.4(MET):c.1528-13del,,rs781735854,
664840,NM_000245.4(MET):c.866A>G (p.His289Arg),MET,Conflicting classifications of pathogenicity,"criteria provided, conflicting classifications",,,c.866A>G,,rs1584877845,
664403,NM_000245.4(MET):c.1051C>T (p.Pro351Ser),MET,Conflicting classifications of pathogenicity,"criteria provided, conflicting classifications",,,c.1051C>T,,rs587782807,
653707,NM_000245.4(MET):c.1178A>G (p.Asn393Ser),MET,Conflicting classifications of pathogenicity,"criteria provided, conflicting classifications",,,c.1178A>G,,rs754635450,
3656210,NM_000245.4(MET):c.84G>A (p.Glu28=),MET,Benign/Likely benign,"criteria provided, multiple submitters, no conflicts",,,c.84G>A,,,
1023078,NM_000245.4(MET):c.2806G>T (p.Ala936Ser),MET,Conflicting classifications of pathogenicity,"criteria provided, conflicting classifications",,,c.2806G>T,,rs1794834628,
1021858,NM_000245.4(MET):c.3403A>T (p.Ser1135Cys),MET,Conflicting classifications of pathogenicity,"criteria provided, conflicting classifications",,,c.3403A>T,,rs1394199299,
1021217,NM_000245.4(MET):c.1483A>C (p.Thr495Pro),MET,Conflicting classifications of pathogenicity,"criteria provided, conflicting classifications",,,c.1483A>C,,rs1793383674,
2587487,NM_000245.4(MET):c.2202C>T (p.Ser734=),MET,Benign/Likely benign,"criteria provided, multiple submitters, no conflicts",,,c.2202C>T,,rs2116931828,
2587470,NM_000245.4(MET):c.27T>C (p.Pro9=),MET,Benign/Likely benign,"criteria provided, multiple submitters, no conflicts",,,c.27T>C,,rs2116578238,
2587468,NM_000245.4(MET):c.946A>G (p.Ile316Val),MET,Conflicting classifications of pathogenicity,"criteria provided, conflicting classifications",,,c.946A>G,,rs2116601472,
3657035,NM_000245.4(MET):c.1545G>A (p.Leu515=),MET,Benign/Likely benign,"criteria provided, multiple submitters, no conflicts",,,c.1545G>A,,,
660201,NM_000245.4(MET):c.1912A>T (p.Ile638Leu),MET,Conflicting classifications of pathogenicity,"criteria provided, conflicting classifications",,,c.1912A>T,,rs1060503536,
659496,NM_000245.4(MET):c.2342A>C (p.Glu781Ala),MET,Conflicting classifications of pathogenicity,"criteria provided, conflicting classifications",,,c.2342A>C,,rs771231484,
659033,NM_000245.4(MET):c.3091A>G (p.Met1031Val),MET,Conflicting classifications of pathogenicity,"criteria provided, conflicting classifications",,,c.3091A>G,,rs45564937,
657842,NM_000245.4(MET):c.308G>A (p.Ser103Asn),MET,Conflicting classifications of pathogenicity,"criteria provided, conflicting classifications",,,c.308G>A,,rs768675699,
3661631,NM_000245.4(MET):c.3567C>T (p.Ala1189=),MET,Benign/Likely benign,"criteria provided, multiple submitters, no conflicts",,,c.3567C>T,,,
665074,NM_000245.4(MET):c.4118A>G (p.Asp1373Gly),MET,Conflicting classifications of pathogenicity,"criteria provided, conflicting classifications",,,c.4118A>G,,rs773898036,
1036459,NM_000245.4(MET):c.914A>G (p.Lys305Arg),MET,Conflicting classifications of pathogenicity,"criteria provided, conflicting classifications",,,c.914A>G,,rs763935791,
1036057,NM_000245.4(MET):c.841T>G (p.Phe281Val),MET,Conflicting classifications of pathogenicity,"criteria provided, conflicting classifications",,,c.841T>G,,rs1791504987,
1035944,NM_000245.4(MET):c.166A>G (p.Ile56Val),MET,Conflicting classifications of pathogenicity,"criteria provided, conflicting classifications",,,c.166A>G,,rs746806941,
1035802,NM_000245.4(MET):c.1072G>C (p.Asp358His),MET,Conflicting classifications of pathogenicity,"criteria provided, conflicting classifications",,,c.1072G>C,,rs758919662,
1041854,NM_000245.4(MET):c.1303A>G (p.Ser435Gly),MET,Conflicting classifications of pathogenicity,"criteria provided, conflicting classifications",,,c.1303A>G,,rs1186230260,
1026935,NM_000245.4(MET):c.1235G>A (p.Arg412His),MET,Conflicting classifications of pathogenicity,"criteria provided, conflicting classifications",,,c.1235G>A,,rs371463233,
2575476,NM_000245.4(MET):c.639G>C (p.Ser213=),MET,Benign/Likely benign,"criteria provided, multiple submitters, no conflicts",,,c.639G>C,,rs587780738,
1039810,NM_000245.4(MET):c.2965G>A (p.Val989Ile),MET,Conflicting classifications of pathogenicity,"criteria provided, conflicting classifications",,,c.2965G>A,,rs1442896663,
1038269,NM_000245.4(MET):c.1601C>T (p.Pro534Leu),MET,Conflicting classifications of pathogenicity,"criteria provided, conflicting classifications",,,c.1601C>T,,rs1793422444,
2579931,NM_000245.4(MET):c.2499C>A (p.Leu833=),MET,Conflicting classifications of pathogenicity,"criteria provided, conflicting classifications",,,c.2499C>A,,rs866072933,
3694764,NM_000245.4(MET):c.4151C>T (p.Ala1384Val),MET,Conflicting classifications of pathogenicity,"criteria provided, conflicting classifications",,,c.4151C>T,,,
655325,NM_000245.4(MET):c.508A>C (p.Ser170Arg),MET,Conflicting classifications of pathogenicity,"criteria provided, conflicting classifications",,,c.508A>C,,rs750102016,
655180,NM_000245.4(MET):c.1113C>G (p.Asn371Lys),MET,Conflicting classifications of pathogenicity,"criteria provided, conflicting classifications",,,c.1113C>G,,rs772014416,
654537,NM_000245.4(MET):c.2265-46G>T,MET,Conflicting classifications of pathogenicity,"criteria provided, conflicting classifications",,,NM_000245.4(MET):c.2265-46G>T,,rs1584943653,
654224,NM_000245.4(MET):c.538C>G (p.Leu180Val),MET,Conflicting classifications of pathogenicity,"criteria provided, conflicting classifications",,,c.538C>G,,rs1584877113,
642888,NM_000245.4(MET):c.245C>T (p.Ala82Val),MET,Conflicting classifications of pathogenicity,"criteria provided, conflicting classifications",,,c.245C>T,,rs1584876240,
3671480,NM_000245.4(MET):c.351C>T (p.Asn117=),MET,Benign/Likely benign,"criteria provided, multiple submitters, no conflicts",,,c.351C>T,,,
3669464,NM_000245.4(MET):c.1134C>T (p.Val378=),MET,Benign/Likely benign,"criteria provided, multiple submitters, no conflicts",,,c.1134C>T,,,
3669004,NM_000245.4(MET):c.324A>C (p.Ser108=),MET,Benign/Likely benign,"criteria provided, multiple submitters, no conflicts",,,c.324A>C,,,
2567697,NM_000245.4(MET):c.4159T>C (p.Trp1387Arg),MET,Conflicting classifications of pathogenicity,"criteria provided, conflicting classifications",,,c.4159T>C,,rs2485876010,
2561315,NM_000245.4(MET):c.744G>A (p.Lys248=),MET,Benign/Likely benign,"criteria provided, multiple submitters, no conflicts",,,c.744G>A,,rs1562884016,
2567679,NM_000245.4(MET):c.3846A>G (p.Pro1282=),MET,Benign/Likely benign,"criteria provided, multiple submitters, no conflicts",,,c.3846A>G,,rs1309638201,
2567678,NM_000245.4(MET):c.165C>T (p.Val55=),MET,Benign/Likely benign,"criteria provided, multiple submitters, no conflicts",,,c.165C>T,,rs915978772,
2495391,NM_000245.4(MET):c.468G>T (p.Ser156=),MET,Benign/Likely benign,"criteria provided, multiple submitters, no conflicts",,,c.468G>T,,rs576502224,
2453426,NM_000245.4(MET):c.1149G>T (p.Val383=),MET,Benign/Likely benign,"criteria provided, multiple submitters, no conflicts",,,c.1149G>T,,rs1033586067,
3675745,NM_000245.4(MET):c.2025T>C (p.Leu675=),MET,Benign/Likely benign,"criteria provided, multiple submitters, no conflicts",,,c.2025T>C,,,
652348,NM_000245.4(MET):c.769A>G (p.Asn257Asp),MET,Conflicting classifications of pathogenicity,"criteria provided, conflicting classifications",,,c.769A>G,,rs776407390,
651873,NM_000245.4(MET):c.331G>A (p.Val111Ile),MET,Conflicting classifications of pathogenicity,"criteria provided, conflicting classifications",,,c.331G>A,,rs368750834,
651869,NM_000245.4(MET):c.241G>T (p.Val81Phe),MET,Conflicting classifications of pathogenicity,"criteria provided, conflicting classifications",,,c.241G>T,,rs757883355,
650401,NM_000245.4(MET):c.1741C>T (p.Leu581=),MET,Benign/Likely benign,"criteria provided, multiple submitters, no conflicts",,,c.1741C>T,,rs1584939151,
632892,NM_000245.4(MET):c.2851T>C (p.Phe951Leu),MET,Conflicting classifications of pathogenicity,"criteria provided, conflicting classifications",,,c.2851T>C,,rs756670611,
647594,NM_000245.4(MET):c.800A>G (p.Glu267Gly),MET,Conflicting classifications of pathogenicity,"criteria provided, conflicting classifications",,,c.800A>G,,rs751564290,
3696940,NM_000245.4(MET):c.183C>T (p.His61=),MET,Benign/Likely benign,"criteria provided, multiple submitters, no conflicts",,,c.183C>T,,,
2567660,NM_000245.4(MET):c.1483A>G (p.Thr495Ala),MET,Conflicting classifications of pathogenicity,"criteria provided, conflicting classifications",,,c.1483A>G,,rs1793383674,
2453412,NM_000245.4(MET):c.2214C>T (p.Tyr738=),MET,Benign/Likely benign,"criteria provided, multiple submitters, no conflicts",,,c.2214C>T,,rs777367882,
1055914,NM_000245.4(MET):c.3287C>G (p.Thr1096Ser),MET,Conflicting classifications of pathogenicity,"criteria provided, conflicting classifications",,,c.3287C>G,,rs45592846,
1081226,NM_000245.4(MET):c.1965+10_1965+11insAA,MET,Benign/Likely benign,"criteria provided, multiple submitters, no conflicts",,,NM_000245.4(MET):c.1965+10_1965+11insAA,,rs754083112,
1053567,NM_000245.4(MET):c.287T>G (p.Phe96Cys),MET,Conflicting classifications of pathogenicity,"criteria provided, conflicting classifications",,,c.287T>G,,rs371941340,
1051943,NM_000245.4(MET):c.1972G>C (p.Val658Leu),MET,Conflicting classifications of pathogenicity,"criteria provided, conflicting classifications",,,c.1972G>C,,rs587778446,
1051482,NM_000245.4(MET):c.628C>A (p.Pro210Thr),MET,Conflicting classifications of pathogenicity,"criteria provided, conflicting classifications",,,c.628C>A,,rs983457211,
2453392,NM_000245.4(MET):c.1412G>C (p.Gly471Ala),MET,Conflicting classifications of pathogenicity,"criteria provided, conflicting classifications",,,c.1412G>C,,rs373312981,
2453420,NM_000245.4(MET):c.4156T>C (p.Phe1386Leu),MET,Conflicting classifications of pathogenicity,"criteria provided, conflicting classifications",,,c.4156T>C,,rs2117114017,
2453416,NM_000245.4(MET):c.2807C>T (p.Ala936Val),MET,Conflicting classifications of pathogenicity,"criteria provided, conflicting classifications",,,c.2807C>T,,rs764368218,
646643,NM_000245.4(MET):c.297G>A (p.Gln99=),MET,Benign/Likely benign,"criteria provided, multiple submitters, no conflicts",,,c.297G>A,,rs1584876390,
584707,NM_000245.4(MET):c.305G>A (p.Ser102Asn),MET,Conflicting classifications of pathogenicity,"criteria provided, conflicting classifications",,,c.305G>A,,rs779897466,
584705,NM_000245.4(MET):c.215T>C (p.Val72Ala),MET,Conflicting classifications of pathogenicity,"criteria provided, conflicting classifications",,,c.215T>C,,rs973796037,
642174,NM_000245.4(MET):c.1636G>A (p.Val546Met),MET,Conflicting classifications of pathogenicity,"criteria provided, conflicting classifications",,,c.1636G>A,,rs774462373,
641845,NM_000245.4(MET):c.36C>A (p.Leu12=),MET,Benign/Likely benign,"criteria provided, multiple submitters, no conflicts",,,c.36C>A,,rs188625702,
3715845,NM_000245.4(MET):c.1443G>A (p.Leu481=),MET,Conflicting classifications of pathogenicity,"criteria provided, conflicting classifications",,,c.1443G>A,,,
3708733,NM_000245.4(MET):c.2265-49G>T,MET,Conflicting classifications of pathogenicity,"criteria provided, conflicting classifications",,,NM_000245.4(MET):c.2265-49G>T,,,
1096424,NM_000245.4(MET):c.2595T>C (p.Ile865=),MET,Benign/Likely benign,"criteria provided, multiple submitters, no conflicts",,,c.2595T>C,,rs2116982595,
1057320,NM_000245.4(MET):c.4136T>G (p.Val1379Gly),MET,Conflicting classifications of pathogenicity,"criteria provided, conflicting classifications",,,c.4136T>G,,rs2117113573,
1056174,NM_000245.4(MET):c.4086C>A (p.Val1362=),MET,Benign/Likely benign,"criteria provided, multiple submitters, no conflicts",,,c.4086C>A,,rs753757242,
2447316,NM_000245.4(MET):c.807A>G (p.Leu269=),MET,Benign/Likely benign,"criteria provided, multiple submitters, no conflicts",,,c.807A>G,,rs1791503123,
2453382,NM_000245.4(MET):c.3315T>C (p.Ile1105=),MET,Benign/Likely benign,"criteria provided, multiple submitters, no conflicts",,,c.3315T>C,,rs2485816327,
2202195,NM_000245.4(MET):c.1286T>C (p.Leu429Ser),MET,Conflicting classifications of pathogenicity,"criteria provided, conflicting classifications",,,c.1286T>C,,rs761043122,
641312,NM_000245.4(MET):c.1267G>A (p.Ala423Thr),MET,Conflicting classifications of pathogenicity,"criteria provided, conflicting classifications",,,c.1267G>A,,rs922296506,
640531,NM_000245.4(MET):c.1408T>A (p.Ser470Thr),MET,Conflicting classifications of pathogenicity,"criteria provided, conflicting classifications",,,c.1408T>A,,rs1484724510,
579847,NM_000245.4(MET):c.2465T>C (p.Met822Thr),MET,Conflicting classifications of pathogenicity,"criteria provided, conflicting classifications",,,c.2465T>C,,rs1562925631,
579079,NM_000245.4(MET):c.1772G>A (p.Arg591Gln),MET,Conflicting classifications of pathogenicity,"criteria provided, conflicting classifications",,,c.1772G>A,,rs775965879,
3724743,NM_000245.4(MET):c.708T>C (p.Asp236=),MET,Benign/Likely benign,"criteria provided, multiple submitters, no conflicts",,,c.708T>C,,,
3723466,NM_000245.4(MET):c.2526G>A (p.Lys842=),MET,Benign/Likely benign,"criteria provided, multiple submitters, no conflicts",,,c.2526G>A,,,
3699202,NM_000245.4(MET):c.2334T>C (p.Asn778=),MET,Benign/Likely benign,"criteria provided, multiple submitters, no conflicts",,,c.2334T>C,,,
1086801,NM_000245.4(MET):c.2163T>A (p.Ala721=),MET,Benign/Likely benign,"criteria provided, multiple submitters, no conflicts",,,c.2163T>A,,rs2116931078,
1085402,NM_000245.4(MET):c.2439C>T (p.Leu813=),MET,Benign/Likely benign,"criteria provided, multiple submitters, no conflicts",,,c.2439C>T,,rs757296777,
1083490,NM_000245.4(MET):c.2079T>C (p.Gly693=),MET,Benign/Likely benign,"criteria provided, multiple submitters, no conflicts",,,c.2079T>C,,rs1584941818,
1100370,NM_000245.4(MET):c.564A>T (p.Val188=),MET,Benign/Likely benign,"criteria provided, multiple submitters, no conflicts",,,c.564A>T,,rs1791489742,
1081088,NM_000245.4(MET):c.2157G>A (p.Glu719=),MET,Benign/Likely benign,"criteria provided, multiple submitters, no conflicts",,,c.2157G>A,,rs2116930988,
1079610,NM_000245.4(MET):c.3408T>C (p.His1136=),MET,Benign/Likely benign,"criteria provided, multiple submitters, no conflicts",,,c.3408T>C,,rs202110450,
1078588,NM_000245.4(MET):c.468G>C (p.Ser156=),MET,Benign/Likely benign,"criteria provided, multiple submitters, no conflicts",,,c.468G>C,,rs576502224,
1078542,NM_000245.4(MET):c.1833C>A (p.Thr611=),MET,Benign/Likely benign,"criteria provided, multiple submitters, no conflicts",,,c.1833C>A,,rs924927810,
3719766,NM_000245.4(MET):c.2211T>C (p.Ser737=),MET,Benign/Likely benign,"criteria provided, multiple submitters, no conflicts",,,c.2211T>C,,,
584716,NM_000245.4(MET):c.2584-3C>T,MET,Conflicting classifications of pathogenicity,"criteria provided, conflicting classifications",,,NM_000245.4(MET):c.2584-3C>T,,rs1337305891,
584713,NM_000245.4(MET):c.1640G>A (p.Arg547Gln),MET,Conflicting classifications of pathogenicity,"criteria provided, conflicting classifications",,,c.1640G>A,,rs761951444,
584711,NM_000245.4(MET):c.1496A>G (p.Asn499Ser),MET,Conflicting classifications of pathogenicity,"criteria provided, conflicting classifications",,,c.1496A>G,,rs1253878709,
584710,NM_000245.4(MET):c.925A>C (p.Thr309Pro),MET,Conflicting classifications of pathogenicity,"criteria provided, conflicting classifications",,,c.925A>C,,rs35601148,
584709,NM_000245.4(MET):c.728A>G (p.Asp243Gly),MET,Conflicting classifications of pathogenicity,"criteria provided, conflicting classifications",,,c.728A>G,,rs1562883992,
584708,NM_000245.4(MET):c.569A>G (p.Asp190Gly),MET,Conflicting classifications of pathogenicity,"criteria provided, conflicting classifications",,,c.569A>G,,rs1028165414,
574568,NM_000245.4(MET):c.491C>T (p.Pro164Leu),MET,Conflicting classifications of pathogenicity,"criteria provided, conflicting classifications",,,c.491C>T,,rs1562883575,
1096659,NM_000245.4(MET):c.3060A>C (p.Ser1020=),MET,Benign/Likely benign,"criteria provided, multiple submitters, no conflicts",,,c.3060A>C,,rs2117029833,
1108566,NM_000245.4(MET):c.597T>C (p.Asn199=),MET,Benign/Likely benign,"criteria provided, multiple submitters, no conflicts",,,c.597T>C,,rs2116592884,
1108543,NM_000245.4(MET):c.3504C>T (p.Phe1168=),MET,Benign/Likely benign,"criteria provided, multiple submitters, no conflicts",,,c.3504C>T,,rs2117048132,
1094162,NM_000245.4(MET):c.1470G>C (p.Val490=),MET,Benign/Likely benign,"criteria provided, multiple submitters, no conflicts",,,c.1470G>C,,rs1281860482,
1093076,NM_000245.4(MET):c.4002G>T (p.Val1334=),MET,Benign/Likely benign,"criteria provided, multiple submitters, no conflicts",,,c.4002G>T,,rs1214651018,
1092343,NM_000245.4(MET):c.2124A>G (p.Glu708=),MET,Benign/Likely benign,"criteria provided, multiple submitters, no conflicts",,,c.2124A>G,,rs769757694,
1092111,NM_000245.4(MET):c.1479G>A (p.Glu493=),MET,Benign/Likely benign,"criteria provided, multiple submitters, no conflicts",,,c.1479G>A,,rs1793383550,
1089782,NM_000245.4(MET):c.2667T>G (p.Ser889=),MET,Benign/Likely benign,"criteria provided, multiple submitters, no conflicts",,,c.2667T>G,,rs1794770224,
1103385,NM_000245.4(MET):c.624T>C (p.Asp208=),MET,Benign/Likely benign,"criteria provided, multiple submitters, no conflicts",,,c.624T>C,,rs1285814811,
1102992,NM_000245.4(MET):c.987T>G (p.Leu329=),MET,Benign/Likely benign,"criteria provided, multiple submitters, no conflicts",,,c.987T>G,,rs921189227,
1102983,NM_000245.4(MET):c.2719C>T (p.Leu907=),MET,Benign/Likely benign,"criteria provided, multiple submitters, no conflicts",,,c.2719C>T,,rs1237905483,
1101350,NM_000245.4(MET):c.1266A>G (p.Thr422=),MET,Benign/Likely benign,"criteria provided, multiple submitters, no conflicts",,,c.1266A>G,,rs1407970053,
1099633,NM_000245.4(MET):c.1125C>T (p.Asn375=),MET,Benign/Likely benign,"criteria provided, multiple submitters, no conflicts",,,c.1125C>T,,rs776693512,
1098067,NM_000245.4(MET):c.240G>A (p.Lys80=),MET,Benign/Likely benign,"criteria provided, multiple submitters, no conflicts",,,c.240G>A,,rs2116583694,
1097830,NM_000245.4(MET):c.921A>G (p.Arg307=),MET,Benign/Likely benign,"criteria provided, multiple submitters, no conflicts",,,c.921A>G,,rs2116601014,
1097308,NM_000245.4(MET):c.675T>C (p.Gly225=),MET,Benign/Likely benign,"criteria provided, multiple submitters, no conflicts",,,c.675T>C,,rs368249740,
582585,NM_000245.4(MET):c.581A>C (p.Asn194Thr),MET,Conflicting classifications of pathogenicity,"criteria provided, conflicting classifications",,,c.581A>C,,rs370170168,
582091,NM_000245.4(MET):c.2554A>G (p.Met852Val),MET,Conflicting classifications of pathogenicity,"criteria provided, conflicting classifications",,,c.2554A>G,,rs762863861,
581576,NM_000245.4(MET):c.280G>C (p.Asp94His),MET,Conflicting classifications of pathogenicity,"criteria provided, conflicting classifications",,,c.280G>C,,rs899151863,
568449,NM_000245.4(MET):c.762A>C (p.Glu254Asp),MET,Conflicting classifications of pathogenicity,"criteria provided, conflicting classifications",,,c.762A>C,,rs760278126,
578658,NM_000245.4(MET):c.974C>T (p.Pro325Leu),MET,Conflicting classifications of pathogenicity,"criteria provided, conflicting classifications",,,c.974C>T,,rs780802614,
1110602,NM_000245.4(MET):c.2320A>C (p.Arg774=),MET,Benign/Likely benign,"criteria provided, multiple submitters, no conflicts",,,c.2320A>C,,rs2116938453,
1109633,NM_000245.4(MET):c.1863-5T>C,MET,Conflicting classifications of pathogenicity,"criteria provided, conflicting classifications",,,NM_000245.4(MET):c.1863-5T>C,,rs751421114,
1124926,NM_000245.4(MET):c.4086C>G (p.Val1362=),MET,Benign/Likely benign,"criteria provided, multiple submitters, no conflicts",,,c.4086C>G,,rs753757242,
1108190,NM_000245.4(MET):c.75G>A (p.Glu25=),MET,Benign/Likely benign,"criteria provided, multiple submitters, no conflicts",,,c.75G>A,,rs925600985,
1107997,NM_000245.4(MET):c.3765G>C (p.Leu1255=),MET,Benign/Likely benign,"criteria provided, multiple submitters, no conflicts",,,c.3765G>C,,rs1584965685,
1107589,NM_000245.4(MET):c.3289T>C (p.Leu1097=),MET,Benign/Likely benign,"criteria provided, multiple submitters, no conflicts",,,c.3289T>C,,rs45583838,
1104610,NM_000245.4(MET):c.3861A>G (p.Val1287=),MET,Benign/Likely benign,"criteria provided, multiple submitters, no conflicts",,,c.3861A>G,,rs749438942,
1119687,NM_000245.4(MET):c.2412T>C (p.Pro804=),MET,Benign/Likely benign,"criteria provided, multiple submitters, no conflicts",,,c.2412T>C,,rs2116954506,
577544,NM_000245.4(MET):c.80A>G (p.Lys27Arg),MET,Conflicting classifications of pathogenicity,"criteria provided, conflicting classifications",,,c.80A>G,,rs555920594,
576350,NM_000245.4(MET):c.1114G>A (p.Asp372Asn),MET,Conflicting classifications of pathogenicity,"criteria provided, conflicting classifications",,,c.1114G>A,,rs773200558,
524914,NM_000245.4(MET):c.3231T>A (p.Ile1077=),MET,Benign/Likely benign,"criteria provided, multiple submitters, no conflicts",,,c.3231T>A,,rs1251215478,
524913,NM_000245.4(MET):c.1665A>G (p.Thr555=),MET,Benign/Likely benign,"criteria provided, multiple submitters, no conflicts",,,c.1665A>G,,rs1554391336,
572844,NM_000245.4(MET):c.1291A>G (p.Met431Val),MET,Conflicting classifications of pathogenicity,"criteria provided, conflicting classifications",,,c.1291A>G,,rs766929091,
572621,NM_000245.4(MET):c.1125C>A (p.Asn375Lys),MET,Conflicting classifications of pathogenicity,"criteria provided, conflicting classifications",,,c.1125C>A,,rs776693512,
3773053,NM_000245.4(MET):c.126G>A (p.Gln42=),MET,Benign/Likely benign,"criteria provided, multiple submitters, no conflicts",,,c.126G>A,,,
3773046,NM_000245.4(MET):c.2721A>G (p.Leu907=),MET,Conflicting classifications of pathogenicity,"criteria provided, conflicting classifications",,,c.2721A>G,,,
3773037,NM_000245.4(MET):c.3699A>G (p.Glu1233=),MET,Benign/Likely benign,"criteria provided, multiple submitters, no conflicts",,,c.3699A>G,,,
1119035,NM_000245.4(MET):c.543A>C (p.Gly181=),MET,Benign/Likely benign,"criteria provided, multiple submitters, no conflicts",,,c.543A>C,,rs1316581869,
1118151,NM_000245.4(MET):c.615T>C (p.Tyr205=),MET,Benign/Likely benign,"criteria provided, multiple submitters, no conflicts",,,c.615T>C,,rs2116593354,
1117108,NM_000245.4(MET):c.4008G>A (p.Arg1336=),MET,Benign/Likely benign,"criteria provided, multiple submitters, no conflicts",,,c.4008G>A,,rs373857586,
1133764,NM_000245.4(MET):c.4107G>A (p.Leu1369=),MET,Benign/Likely benign,"criteria provided, multiple submitters, no conflicts",,,c.4107G>A,,rs1795663624,
1133423,NM_000245.4(MET):c.3261G>A (p.Gly1087=),MET,Benign/Likely benign,"criteria provided, multiple submitters, no conflicts",,,c.3261G>A,,rs1422966258,
1115296,NM_000245.4(MET):c.1629C>T (p.Asp543=),MET,Benign/Likely benign,"criteria provided, multiple submitters, no conflicts",,,c.1629C>T,,rs2116836336,
1115115,NM_000245.4(MET):c.255G>A (p.Lys85=),MET,Conflicting classifications of pathogenicity,"criteria provided, conflicting classifications",,,c.255G>A,,rs1327946446,
1113750,NM_000245.4(MET):c.978G>A (p.Gly326=),MET,Benign/Likely benign,"criteria provided, multiple submitters, no conflicts",,,c.978G>A,,rs769507421,
3773098,NM_000245.4(MET):c.3618T>C (p.Ala1206=),MET,Benign/Likely benign,"criteria provided, multiple submitters, no conflicts",,,c.3618T>C,,,
569311,NM_000245.4(MET):c.744G>T (p.Lys248Asn),MET,Conflicting classifications of pathogenicity,"criteria provided, conflicting classifications",,,c.744G>T,,rs1562884016,
569075,NM_000245.4(MET):c.354G>A (p.Met118Ile),MET,Conflicting classifications of pathogenicity,"criteria provided, conflicting classifications",,,c.354G>A,,rs1562883374,
524901,NM_000245.4(MET):c.2073A>G (p.Ser691=),MET,Conflicting classifications of pathogenicity,"criteria provided, conflicting classifications",,,c.2073A>G,,rs765318603,
524898,NM_000245.4(MET):c.2718G>A (p.Glu906=),MET,Benign/Likely benign,"criteria provided, multiple submitters, no conflicts",,,c.2718G>A,,rs752013993,
568411,NM_000245.4(MET):c.2693A>G (p.Asn898Ser),MET,Conflicting classifications of pathogenicity,"criteria provided, conflicting classifications",,,c.2693A>G,,rs766430458,
1126839,NM_000245.4(MET):c.3726T>A (p.Gly1242=),MET,Benign/Likely benign,"criteria provided, multiple submitters, no conflicts",,,c.3726T>A,,rs2117066669,
1126785,NM_000245.4(MET):c.2859G>C (p.Leu953=),MET,Benign/Likely benign,"criteria provided, multiple submitters, no conflicts",,,c.2859G>C,,rs1355100822,
1126276,NM_000245.4(MET):c.3672T>C (p.Gly1224=),MET,Benign/Likely benign,"criteria provided, multiple submitters, no conflicts",,,c.3672T>C,,rs762218595,
1122297,NM_000245.4(MET):c.3442C>A (p.Arg1148=),MET,Benign/Likely benign,"criteria provided, multiple submitters, no conflicts",,,c.3442C>A,,rs879254336,
1120348,NM_000245.4(MET):c.4140C>T (p.Asp1380=),MET,Benign/Likely benign,"criteria provided, multiple submitters, no conflicts",,,c.4140C>T,,rs370368651,
1120295,NM_000245.4(MET):c.1662G>A (p.Gly554=),MET,Benign/Likely benign,"criteria provided, multiple submitters, no conflicts",,,c.1662G>A,,rs779328011,
524866,NM_000245.4(MET):c.176A>G (p.Glu59Gly),MET,Conflicting classifications of pathogenicity,"criteria provided, conflicting classifications",,,c.176A>G,,rs1554378297,
567864,NM_000245.4(MET):c.2674G>A (p.Val892Ile),MET,Conflicting classifications of pathogenicity,"criteria provided, conflicting classifications",,,c.2674G>A,,rs761243391,
566922,NM_000245.4(MET):c.1663A>G (p.Thr555Ala),MET,Conflicting classifications of pathogenicity,"criteria provided, conflicting classifications",,,c.1663A>G,,rs370883654,
565675,NM_000245.4(MET):c.1220C>T (p.Ser407Leu),MET,Conflicting classifications of pathogenicity,"criteria provided, conflicting classifications",,,c.1220C>T,,rs764580322,
524886,NM_000245.4(MET):c.1123A>G (p.Asn375Asp),MET,Conflicting classifications of pathogenicity,"criteria provided, conflicting classifications",,,c.1123A>G,,rs1375932394,
524884,NM_000245.4(MET):c.850A>G (p.Ile284Val),MET,Conflicting classifications of pathogenicity,"criteria provided, conflicting classifications",,,c.850A>G,,rs776014448,
524883,NM_000245.4(MET):c.4016C>T (p.Ala1339Val),MET,Conflicting classifications of pathogenicity,"criteria provided, conflicting classifications",,,c.4016C>T,,rs1453842331,
524882,NM_000245.4(MET):c.3107C>T (p.Thr1036Ile),MET,Conflicting classifications of pathogenicity,"criteria provided, conflicting classifications",,,c.3107C>T,,rs758440368,
524912,NM_000245.4(MET):c.2754C>T (p.Thr918=),MET,Benign/Likely benign,"criteria provided, multiple submitters, no conflicts",,,c.2754C>T,,rs770886012,
3773132,NM_000245.4(MET):c.873C>T (p.Tyr291=),MET,Benign/Likely benign,"criteria provided, multiple submitters, no conflicts",,,c.873C>T,,,
1138467,NM_000245.4(MET):c.753T>C (p.His251=),MET,Benign/Likely benign,"criteria provided, multiple submitters, no conflicts",,,c.753T>C,,rs1392829448,
1135429,NM_000245.4(MET):c.4110A>G (p.Ser1370=),MET,Benign/Likely benign,"criteria provided, multiple submitters, no conflicts",,,c.4110A>G,,rs1795663778,
1150517,NM_000245.4(MET):c.3195A>G (p.Ala1065=),MET,Benign/Likely benign,"criteria provided, multiple submitters, no conflicts",,,c.3195A>G,,rs1794952295,
1131068,NM_000245.4(MET):c.1953A>G (p.Thr651=),MET,Conflicting classifications of pathogenicity,"criteria provided, conflicting classifications",,,c.1953A>G,,rs2116921218,
1129771,NM_000245.4(MET):c.3702C>T (p.Tyr1234=),MET,Benign/Likely benign,"criteria provided, multiple submitters, no conflicts",,,c.3702C>T,,rs201747580,
1128244,NM_000245.4(MET):c.1803T>C (p.Thr601=),MET,Benign/Likely benign,"criteria provided, multiple submitters, no conflicts",,,c.1803T>C,,rs763481809,
3773152,NM_000245.4(MET):c.2787G>A (p.Gln929=),MET,Benign/Likely benign,"criteria provided, multiple submitters, no conflicts",,,c.2787G>A,,,
3773140,NM_000245.4(MET):c.645A>G (p.Ser215=),MET,Benign/Likely benign,"criteria provided, multiple submitters, no conflicts",,,c.645A>G,,,
524911,NM_000245.4(MET):c.690G>T (p.Thr230=),MET,Benign/Likely benign,"criteria provided, multiple submitters, no conflicts",,,c.690G>T,,rs200138253,
524909,NM_000245.4(MET):c.3915C>T (p.Pro1305=),MET,Benign/Likely benign,"criteria provided, multiple submitters, no conflicts",,,c.3915C>T,,rs555099334,
524907,NM_000245.4(MET):c.143C>T (p.Ala48Val),MET,Conflicting classifications of pathogenicity,"criteria provided, conflicting classifications",,,c.143C>T,,rs80256822,
524906,NM_000245.4(MET):c.1455A>G (p.Pro485=),MET,Benign/Likely benign,"criteria provided, multiple submitters, no conflicts",,,c.1455A>G,,rs1554390925,
524905,NM_000245.4(MET):c.3807T>C (p.Phe1269=),MET,Benign/Likely benign,"criteria provided, multiple submitters, no conflicts",,,c.3807T>C,,rs1554402156,
524903,NM_000245.4(MET):c.3427C>T (p.Leu1143=),MET,Benign/Likely benign,"criteria provided, multiple submitters, no conflicts",,,c.3427C>T,,rs774334135,
524868,NM_000245.4(MET):c.2375A>G (p.His792Arg),MET,Conflicting classifications of pathogenicity,"criteria provided, conflicting classifications",,,c.2375A>G,,rs980467681,
3773268,NM_000245.4(MET):c.1953A>C (p.Thr651=),MET,Benign/Likely benign,"criteria provided, multiple submitters, no conflicts",,,c.1953A>C,,,
3773102,NM_000245.4(MET):c.273A>G (p.Glu91=),MET,Benign/Likely benign,"criteria provided, multiple submitters, no conflicts",,,c.273A>G,,,
524894,NM_000245.4(MET):c.306C>G (p.Ser102Arg),MET,Conflicting classifications of pathogenicity,"criteria provided, conflicting classifications",,,c.306C>G,,rs749383450,
524893,NM_000245.4(MET):c.1393G>A (p.Val465Ile),MET,Conflicting classifications of pathogenicity,"criteria provided, conflicting classifications",,,c.1393G>A,,rs754969545,
524890,NM_000245.4(MET):c.3601G>A (p.Val1201Ile),MET,Conflicting classifications of pathogenicity,"criteria provided, conflicting classifications",,,c.3601G>A,,rs778646229,
524889,NM_000245.4(MET):c.4034T>C (p.Ile1345Thr),MET,Conflicting classifications of pathogenicity,"criteria provided, conflicting classifications",,,c.4034T>C,,rs768188910,
524854,NM_000245.4(MET):c.428G>A (p.Arg143Gln),MET,Conflicting classifications of pathogenicity,"criteria provided, conflicting classifications",,,c.428G>A,,rs35469582,
524852,NM_000245.4(MET):c.2326G>C (p.Val776Leu),MET,Conflicting classifications of pathogenicity,"criteria provided, conflicting classifications",,,c.2326G>C,,rs771976817,
524851,NM_000245.4(MET):c.4060G>A (p.Ala1354Thr),MET,Conflicting classifications of pathogenicity,"criteria provided, conflicting classifications",,,c.4060G>A,,rs761522694,
524880,NM_000245.4(MET):c.1862C>T (p.Thr621Ile),MET,Conflicting classifications of pathogenicity,"criteria provided, conflicting classifications",,,c.1862C>T,,rs375951814,
3773174,NM_000245.4(MET):c.2736G>A (p.Lys912=),MET,Benign/Likely benign,"criteria provided, multiple submitters, no conflicts",,,c.2736G>A,,,
1144809,NM_000245.4(MET):c.3029-5T>C,MET,Conflicting classifications of pathogenicity,"criteria provided, conflicting classifications",,,NM_000245.4(MET):c.3029-5T>C,,rs2117029329,
1143972,NM_000245.4(MET):c.1596C>T (p.Ala532=),MET,Benign/Likely benign,"criteria provided, multiple submitters, no conflicts",,,c.1596C>T,,rs746546046,
1143890,NM_000245.4(MET):c.1650A>G (p.Glu550=),MET,Benign/Likely benign,"criteria provided, multiple submitters, no conflicts",,,c.1650A>G,,rs2116836870,
1143886,NM_000245.4(MET):c.12C>G (p.Pro4=),MET,Benign/Likely benign,"criteria provided, multiple submitters, no conflicts",,,c.12C>G,,rs772251895,
1161076,NM_000245.4(MET):c.2055G>A (p.Gly685=),MET,Benign/Likely benign,"criteria provided, multiple submitters, no conflicts",,,c.2055G>A,,rs766401668,
1160594,NM_000245.4(MET):c.2259T>C (p.Phe753=),MET,Benign/Likely benign,"criteria provided, multiple submitters, no conflicts",,,c.2259T>C,,rs2116932790,
1143266,NM_000245.4(MET):c.150A>G (p.Thr50=),MET,Benign/Likely benign,"criteria provided, multiple submitters, no conflicts",,,c.150A>G,,rs199898841,
1141705,NM_000245.4(MET):c.3222T>C (p.Ser1074=),MET,Benign/Likely benign,"criteria provided, multiple submitters, no conflicts",,,c.3222T>C,,rs2117031958,
1141544,NM_000245.4(MET):c.2703G>A (p.Leu901=),MET,Benign/Likely benign,"criteria provided, multiple submitters, no conflicts",,,c.2703G>A,,rs1374413099,
1140590,NM_000245.4(MET):c.2373A>G (p.Gln791=),MET,Benign/Likely benign,"criteria provided, multiple submitters, no conflicts",,,c.2373A>G,,rs760294359,
3773369,NM_000245.4(MET):c.417G>C (p.Gly139=),MET,Benign/Likely benign,"criteria provided, multiple submitters, no conflicts",,,c.417G>C,,,
3773338,NM_000245.4(MET):c.18G>A (p.Val6=),MET,Benign/Likely benign,"criteria provided, multiple submitters, no conflicts",,,c.18G>A,,,
3773149,NM_000245.4(MET):c.399T>C (p.Cys133=),MET,Benign/Likely benign,"criteria provided, multiple submitters, no conflicts",,,c.399T>C,,,
524876,NM_000245.4(MET):c.1306G>A (p.Glu436Lys),MET,Conflicting classifications of pathogenicity,"criteria provided, conflicting classifications",,,c.1306G>A,,rs200740468,
524875,NM_000245.4(MET):c.346A>G (p.Ile116Val),MET,Conflicting classifications of pathogenicity,"criteria provided, conflicting classifications",,,c.346A>G,,rs1554378434,
524872,NM_000245.4(MET):c.1234C>T (p.Arg412Cys),MET,Conflicting classifications of pathogenicity,"criteria provided, conflicting classifications",,,c.1234C>T,,rs367628460,
485788,NM_000245.4(MET):c.490C>G (p.Pro164Ala),MET,Conflicting classifications of pathogenicity,"criteria provided, conflicting classifications",,,c.490C>G,,rs765759353,
524864,NM_000245.4(MET):c.3242A>G (p.Asn1081Ser),MET,Conflicting classifications of pathogenicity,"criteria provided, conflicting classifications",,,c.3242A>G,,rs764213589,
3773285,NM_000245.4(MET):c.1461T>C (p.Ser487=),MET,Benign/Likely benign,"criteria provided, multiple submitters, no conflicts",,,c.1461T>C,,,
1154915,NM_000245.4(MET):c.2451C>G (p.Thr817=),MET,Benign/Likely benign,"criteria provided, multiple submitters, no conflicts",,,c.2451C>G,,rs2116955318,
1152618,NM_000245.4(MET):c.2874A>G (p.Arg958=),MET,Benign/Likely benign,"criteria provided, multiple submitters, no conflicts",,,c.2874A>G,,rs1452848504,
1152557,NM_000245.4(MET):c.1014T>C (p.Asn338=),MET,Benign/Likely benign,"criteria provided, multiple submitters, no conflicts",,,c.1014T>C,,rs2116603344,
1151663,NM_000245.4(MET):c.750C>T (p.Val250=),MET,Benign/Likely benign,"criteria provided, multiple submitters, no conflicts",,,c.750C>T,,rs2116596869,
1216298,NM_000245.4(MET):c.2730+285G>A,MET,Benign/Likely benign,"criteria provided, multiple submitters, no conflicts",,,NM_000245.4(MET):c.2730+285G>A,,rs116921956,
1149695,NM_000245.4(MET):c.4144C>A (p.Arg1382=),MET,Benign/Likely benign,"criteria provided, multiple submitters, no conflicts",,,c.4144C>A,,rs200315561,
1149428,NM_000245.4(MET):c.738C>T (p.Pro246=),MET,Benign/Likely benign,"criteria provided, multiple submitters, no conflicts",,,c.738C>T,,rs1461455526,
1145834,NM_000245.4(MET):c.1692A>G (p.Ala564=),MET,Benign/Likely benign,"criteria provided, multiple submitters, no conflicts",,,c.1692A>G,,rs780855618,
1187373,NM_000245.4(MET):c.2103-8_2103-7del,MET,Benign/Likely benign,"criteria provided, multiple submitters, no conflicts",,,NM_000245.4(MET):c.2103-8_2103-7del,,rs761227260,
524863,NM_000245.4(MET):c.1484C>A (p.Thr495Lys),MET,Conflicting classifications of pathogenicity,"criteria provided, conflicting classifications",,,c.1484C>A,,rs45585831,
485770,NM_000245.4(MET):c.630A>G (p.Pro210=),MET,Benign/Likely benign,"criteria provided, multiple submitters, no conflicts",,,c.630A>G,,rs770257335,
485767,NM_000245.4(MET):c.1643C>T (p.Ser548Leu),MET,Conflicting classifications of pathogenicity,"criteria provided, conflicting classifications",,,c.1643C>T,,rs767715328,
3773449,NM_000245.4(MET):c.1905T>C (p.Asn635=),MET,Benign/Likely benign,"criteria provided, multiple submitters, no conflicts",,,c.1905T>C,,,
3773375,NM_000245.4(MET):c.975T>C (p.Pro325=),MET,Benign/Likely benign,"criteria provided, multiple submitters, no conflicts",,,c.975T>C,,,
1186897,NM_000245.4(MET):c.2888-85C>T,MET,Benign/Likely benign,"criteria provided, multiple submitters, no conflicts",,,NM_000245.4(MET):c.2888-85C>T,,rs35307741,
1178799,NM_000245.4(MET):c.2584-9dup,MET,Benign/Likely benign,"criteria provided, multiple submitters, no conflicts",,,NM_000245.4(MET):c.2584-9dup,,rs57349036,
1159877,NM_000245.4(MET):c.762A>G (p.Glu254=),MET,Benign/Likely benign,"criteria provided, multiple submitters, no conflicts",,,c.762A>G,,rs760278126,
1158033,NM_000245.4(MET):c.2130T>C (p.Tyr710=),MET,Benign/Likely benign,"criteria provided, multiple submitters, no conflicts",,,c.2130T>C,,rs775235138,
1157704,NM_000245.4(MET):c.3468C>T (p.Val1156=),MET,Benign/Likely benign,"criteria provided, multiple submitters, no conflicts",,,c.3468C>T,,rs2117047472,
1156493,NM_000245.4(MET):c.2181C>T (p.Asp727=),MET,Benign/Likely benign,"criteria provided, multiple submitters, no conflicts",,,c.2181C>T,,rs1487292146,
2447328,NM_000245.4(MET):c.2700G>A (p.Leu900=),MET,Benign/Likely benign,"criteria provided, multiple submitters, no conflicts",,,c.2700G>A,,rs921308683,
2447327,NM_000245.4(MET):c.1528-5C>G,MET,Conflicting classifications of pathogenicity,"criteria provided, conflicting classifications",,,NM_000245.4(MET):c.1528-5C>G,,rs2116833609,
2189896,NM_000245.4(MET):c.2265-3C>T,MET,Conflicting classifications of pathogenicity,"criteria provided, conflicting classifications",,,NM_000245.4(MET):c.2265-3C>T,,rs2116937444,
516046,NM_000245.4(MET):c.369C>T (p.Asp123=),MET,Benign/Likely benign,"criteria provided, multiple submitters, no conflicts",,,c.369C>T,,rs1417054613,
515634,NM_000245.4(MET):c.3486T>C (p.His1162=),MET,Benign/Likely benign,"criteria provided, multiple submitters, no conflicts",,,c.3486T>C,,rs765565377,
514582,NM_000245.4(MET):c.1719A>C (p.Ala573=),MET,Benign/Likely benign,"criteria provided, multiple submitters, no conflicts",,,c.1719A>C,,rs199776656,
485792,NM_000245.4(MET):c.2103T>C (p.Ser701=),MET,Conflicting classifications of pathogenicity,"criteria provided, conflicting classifications",,,c.2103T>C,,rs1554395656,
485756,NM_000245.4(MET):c.805C>T (p.Leu269=),MET,Benign/Likely benign,"criteria provided, multiple submitters, no conflicts",,,c.805C>T,,rs781257386,
485755,NM_000245.4(MET):c.768C>T (p.Asn256=),MET,Benign/Likely benign,"criteria provided, multiple submitters, no conflicts",,,c.768C>T,,rs1221580502,
485754,NM_000245.4(MET):c.828A>G (p.Thr276=),MET,Benign/Likely benign,"criteria provided, multiple submitters, no conflicts",,,c.828A>G,,rs779512046,
485753,NM_000245.4(MET):c.2136A>G (p.Pro712=),MET,Benign/Likely benign,"criteria provided, multiple submitters, no conflicts",,,c.2136A>G,,rs774439479,
485752,NM_000245.4(MET):c.1702-3T>C,MET,Conflicting classifications of pathogenicity,"criteria provided, conflicting classifications",,,NM_000245.4(MET):c.1702-3T>C,,rs754686930,
485751,NM_000245.4(MET):c.1305C>T (p.Ser435=),MET,Benign/Likely benign,"criteria provided, multiple submitters, no conflicts",,,c.1305C>T,,rs762520351,
2182645,NM_000245.4(MET):c.3028+5A>G,MET,Conflicting classifications of pathogenicity,"criteria provided, conflicting classifications",,,NM_000245.4(MET):c.3028+5A>G,,rs2485780102,
2181846,NM_000245.4(MET):c.3060A>T (p.Ser1020=),MET,Benign/Likely benign,"criteria provided, multiple submitters, no conflicts",,,c.3060A>T,,rs2117029833,
1220412,NM_000245.4(MET):c.1701+58del,MET,Benign/Likely benign,"criteria provided, multiple submitters, no conflicts",,,NM_000245.4(MET):c.1701+58del,,rs112241458,
1211999,NM_000245.4(MET):c.1686G>C (p.Leu562=),MET,Benign/Likely benign,"criteria provided, multiple submitters, no conflicts",,,c.1686G>C,,rs2116837926,
1208570,NM_000245.4(MET):c.3936-13_3936-10del,MET,Conflicting classifications of pathogenicity,"criteria provided, conflicting classifications",,,NM_000245.4(MET):c.3936-13_3936-10del,,rs745366999,
1205122,NM_000245.4(MET):c.2584-10_2584-9del,MET,Benign/Likely benign,"criteria provided, multiple submitters, no conflicts",,,NM_000245.4(MET):c.2584-10_2584-9del,,rs57349036,
1317318,NM_000245.4(MET):c.1890G>T (p.Met630Ile),MET,Conflicting classifications of pathogenicity,"criteria provided, conflicting classifications",,,c.1890G>T,,rs756209410,
485740,NM_000245.4(MET):c.99C>T (p.Ser33=),MET,Benign/Likely benign,"criteria provided, multiple submitters, no conflicts",,,c.99C>T,,rs1363905218,
485738,NM_000245.4(MET):c.1863-5del,MET,Benign/Likely benign,"criteria provided, multiple submitters, no conflicts",,,NM_000245.4(MET):c.1863-5del,,rs766900241,
485737,NM_000245.4(MET):c.2887+5A>T,MET,Conflicting classifications of pathogenicity,"criteria provided, conflicting classifications",,,NM_000245.4(MET):c.2887+5A>T,,rs752292538,
485736,NM_000245.4(MET):c.105G>C (p.Met35Ile),MET,Conflicting classifications of pathogenicity,"criteria provided, conflicting classifications",,,c.105G>C,,rs376244358,
485735,NM_000245.4(MET):c.1270T>C (p.Leu424=),MET,Benign/Likely benign,"criteria provided, multiple submitters, no conflicts",,,c.1270T>C,,rs372229471,
485766,NM_000245.4(MET):c.553C>A (p.Leu185Ile),MET,Conflicting classifications of pathogenicity,"criteria provided, conflicting classifications",,,c.553C>A,,rs376097698,
3773403,NM_000245.4(MET):c.78T>C (p.Cys26=),MET,Benign/Likely benign,"criteria provided, multiple submitters, no conflicts",,,c.78T>C,,,
1316166,NM_000245.4(MET):c.2365-11T>A,MET,Conflicting classifications of pathogenicity,"criteria provided, conflicting classifications",,,NM_000245.4(MET):c.2365-11T>A,,rs1367439751,
1315624,NM_000245.4(MET):c.1490A>G (p.Asn497Ser),MET,Conflicting classifications of pathogenicity,"criteria provided, conflicting classifications",,,c.1490A>G,,rs753713629,
1323275,NM_000245.4(MET):c.4068T>A (p.Tyr1356Ter),MET,Conflicting classifications of pathogenicity,"criteria provided, conflicting classifications",,,c.4068T>A,,rs767214353,
2151798,NM_000245.4(MET):c.2169A>G (p.Lys723=),MET,Benign/Likely benign,"criteria provided, multiple submitters, no conflicts",,,c.2169A>G,,rs2485720403,
2148625,NM_000245.4(MET):c.1939A>G (p.Thr647Ala),MET,Conflicting classifications of pathogenicity,"criteria provided, conflicting classifications",,,c.1939A>G,,rs761727097,
2148518,NM_000245.4(MET):c.135C>T (p.Asn45=),MET,Benign/Likely benign,"criteria provided, multiple submitters, no conflicts",,,c.135C>T,,rs1562883006,
2176114,NM_000245.4(MET):c.3387C>A (p.Ile1129=),MET,Benign/Likely benign,"criteria provided, multiple submitters, no conflicts",,,c.3387C>A,,rs371927164,
2173568,NM_000245.4(MET):c.2091T>C (p.Cys697=),MET,Benign/Likely benign,"criteria provided, multiple submitters, no conflicts",,,c.2091T>C,,rs1425084051,
1320342,NM_000245.4(MET):c.617T>C (p.Phe206Ser),MET,Conflicting classifications of pathogenicity,"criteria provided, conflicting classifications",,,c.617T>C,,rs746295363,
2155530,NM_000245.4(MET):c.345C>G (p.Asn115Lys),MET,Conflicting classifications of pathogenicity,"criteria provided, conflicting classifications",,,c.345C>G,,rs774038166,
2154156,NM_000245.4(MET):c.52T>C (p.Leu18=),MET,Conflicting classifications of pathogenicity,"criteria provided, conflicting classifications",,,c.52T>C,,rs1260001540,
2122261,NM_000245.4(MET):c.1086G>T (p.Met362Ile),MET,Conflicting classifications of pathogenicity,"criteria provided, conflicting classifications",,,c.1086G>T,,rs779724665,
2136594,NM_000245.4(MET):c.3274G>T (p.Val1092Leu),MET,Conflicting classifications of pathogenicity,"criteria provided, conflicting classifications",,,c.3274G>T,,rs786202724,
485763,NM_000245.4(MET):c.3201G>A (p.Gln1067=),MET,Benign/Likely benign,"criteria provided, multiple submitters, no conflicts",,,c.3201G>A,,rs1447318689,
485760,NM_000245.4(MET):c.3451G>A (p.Gly1151Arg),MET,Conflicting classifications of pathogenicity,"criteria provided, conflicting classifications",,,c.3451G>A,,rs534974144,
485759,NM_000245.4(MET):c.1548T>C (p.Asn516=),MET,Benign/Likely benign,"criteria provided, multiple submitters, no conflicts",,,c.1548T>C,,rs1554391232,
485758,NM_000245.4(MET):c.1129A>G (p.Ile377Val),MET,Conflicting classifications of pathogenicity,"criteria provided, conflicting classifications",,,c.1129A>G,,rs1554379158,
454256,NM_000245.4(MET):c.781T>C (p.Phe261Leu),MET,Conflicting classifications of pathogenicity,"criteria provided, conflicting classifications",,,c.781T>C,,rs765061513,
454255,NM_000245.4(MET):c.690G>A (p.Thr230=),MET,Benign/Likely benign,"criteria provided, multiple submitters, no conflicts",,,c.690G>A,,rs200138253,
454252,NM_000245.4(MET):c.433G>A (p.Val145Ile),MET,Conflicting classifications of pathogenicity,"criteria provided, conflicting classifications",,,c.433G>A,,rs1410705895,
454251,NM_000245.4(MET):c.425A>G (p.Gln142Arg),MET,Conflicting classifications of pathogenicity,"criteria provided, conflicting classifications",,,c.425A>G,,rs768640780,
485750,NM_000245.4(MET):c.4090C>T (p.Pro1364Ser),MET,Conflicting classifications of pathogenicity,"criteria provided, conflicting classifications",,,c.4090C>T,,rs765332671,
1341329,NM_000245.4(MET):c.2828C>T (p.Thr943Ile),MET,Conflicting classifications of pathogenicity,"criteria provided, conflicting classifications",,,c.2828C>T,,rs2116992551,
1320981,NM_000245.4(MET):c.1648G>A (p.Glu550Lys),MET,Conflicting classifications of pathogenicity,"criteria provided, conflicting classifications",,,c.1648G>A,,rs561347675,
485749,NM_000245.4(MET):c.22G>A (p.Ala8Thr),MET,Conflicting classifications of pathogenicity,"criteria provided, conflicting classifications",,,c.22G>A,,rs758564871,
485746,NM_000245.4(MET):c.654G>T (p.Arg218Ser),MET,Conflicting classifications of pathogenicity,"criteria provided, conflicting classifications",,,c.654G>T,,rs35284565,
485745,NM_000245.4(MET):c.1185G>A (p.Glu395=),MET,Benign/Likely benign,"criteria provided, multiple submitters, no conflicts",,,c.1185G>A,,rs1369230650,
485744,NM_000245.4(MET):c.1382G>A (p.Arg461His),MET,Conflicting classifications of pathogenicity,"criteria provided, conflicting classifications",,,c.1382G>A,,rs544274181,
485743,NM_000245.4(MET):c.1125C>G (p.Asn375Lys),MET,Conflicting classifications of pathogenicity,"criteria provided, conflicting classifications",,,c.1125C>G,,rs776693512,
485742,NM_000245.4(MET):c.2496T>C (p.Asp832=),MET,Conflicting classifications of pathogenicity,"criteria provided, conflicting classifications",,,c.2496T>C,,rs769035394,
485741,NM_000245.4(MET):c.743A>T (p.Lys248Met),MET,Conflicting classifications of pathogenicity,"criteria provided, conflicting classifications",,,c.743A>T,,rs769181927,
454240,NM_000245.4(MET):c.341A>T (p.Asp114Val),MET,Conflicting classifications of pathogenicity,"criteria provided, conflicting classifications",,,c.341A>T,,rs773659883,
454239,NM_000245.4(MET):c.3352A>G (p.Ile1118Val),MET,Conflicting classifications of pathogenicity,"criteria provided, conflicting classifications",,,c.3352A>G,,rs755234697,
454238,NM_000245.4(MET):c.3345C>T (p.Ile1115=),MET,Benign/Likely benign,"criteria provided, multiple submitters, no conflicts",,,c.3345C>T,,rs1554399534,
454237,NM_000245.4(MET):c.3276A>T (p.Val1092=),MET,Benign/Likely benign,"criteria provided, multiple submitters, no conflicts",,,c.3276A>T,,rs757338659,
454235,NM_000245.4(MET):c.3183G>A (p.Glu1061=),MET,Benign/Likely benign,"criteria provided, multiple submitters, no conflicts",,,c.3183G>A,,rs1554398889,
485734,NM_000245.4(MET):c.818C>A (p.Thr273Asn),MET,Conflicting classifications of pathogenicity,"criteria provided, conflicting classifications",,,c.818C>A,,rs368144654,
1347507,NM_000245.4(MET):c.2464A>T (p.Met822Leu),MET,Conflicting classifications of pathogenicity,"criteria provided, conflicting classifications",,,c.2464A>T,,rs368787826,
2061973,NM_000245.4(MET):c.4077A>G (p.Val1359=),MET,Benign/Likely benign,"criteria provided, multiple submitters, no conflicts",,,c.4077A>G,,rs2117112578,
2054481,NM_000245.4(MET):c.926C>T (p.Thr309Ile),MET,Conflicting classifications of pathogenicity,"criteria provided, conflicting classifications",,,c.926C>T,,rs2116601109,
2047285,NM_000245.4(MET):c.1874C>T (p.Thr625Ile),MET,Conflicting classifications of pathogenicity,"criteria provided, conflicting classifications",,,c.1874C>T,,rs781257931,
2081096,NM_000245.4(MET):c.2147T>C (p.Ile716Thr),MET,Conflicting classifications of pathogenicity,"criteria provided, conflicting classifications",,,c.2147T>C,,rs2116930765,
2080167,NM_000245.4(MET):c.1869A>G (p.Lys623=),MET,Benign/Likely benign,"criteria provided, multiple submitters, no conflicts",,,c.1869A>G,,rs2485710565,
1360221,NM_000245.4(MET):c.1113C>A (p.Asn371Lys),MET,Conflicting classifications of pathogenicity,"criteria provided, conflicting classifications",,,c.1113C>A,,rs772014416,
485733,NM_000245.4(MET):c.2547G>C (p.Met849Ile),MET,Conflicting classifications of pathogenicity,"criteria provided, conflicting classifications",,,c.2547G>C,,rs747989932,
480850,NM_000245.4(MET):c.1099A>G (p.Ile367Val),MET,Conflicting classifications of pathogenicity,"criteria provided, conflicting classifications",,,c.1099A>G,,rs774146015,
480824,NM_000245.4(MET):c.803C>T (p.Thr268Ile),MET,Conflicting classifications of pathogenicity,"criteria provided, conflicting classifications",,,c.803C>T,,rs757427533,
480820,NM_000245.4(MET):c.1398G>A (p.Val466=),MET,Benign/Likely benign,"criteria provided, multiple submitters, no conflicts",,,c.1398G>A,,rs779091695,
454258,NM_000245.4(MET):c.912A>G (p.Arg304=),MET,Benign/Likely benign,"criteria provided, multiple submitters, no conflicts",,,c.912A>G,,rs762885066,
454257,NM_000245.4(MET):c.813T>C (p.Ala271=),MET,Benign/Likely benign,"criteria provided, multiple submitters, no conflicts",,,c.813T>C,,rs750586651,
454224,NM_000245.4(MET):c.2769A>C (p.Val923=),MET,Benign/Likely benign,"criteria provided, multiple submitters, no conflicts",,,c.2769A>C,,rs371015065,
454223,NM_000245.4(MET):c.280G>A (p.Asp94Asn),MET,Conflicting classifications of pathogenicity,"criteria provided, conflicting classifications",,,c.280G>A,,rs899151863,
454219,NM_000245.4(MET):c.2684C>T (p.Thr895Met),MET,Conflicting classifications of pathogenicity,"criteria provided, conflicting classifications",,,c.2684C>T,,rs199502137,
2058114,NM_000245.4(MET):c.1146T>C (p.Asn382=),MET,Benign/Likely benign,"criteria provided, multiple submitters, no conflicts",,,c.1146T>C,,rs2116606494,
2056382,NM_000245.4(MET):c.3999G>A (p.Leu1333=),MET,Benign/Likely benign,"criteria provided, multiple submitters, no conflicts",,,c.3999G>A,,rs2117111344,
1367128,NM_000245.4(MET):c.34C>T (p.Leu12Phe),MET,Conflicting classifications of pathogenicity,"criteria provided, conflicting classifications",,,c.34C>T,,rs764455004,
1367069,NM_000245.4(MET):c.232C>T (p.Leu78Phe),MET,Conflicting classifications of pathogenicity,"criteria provided, conflicting classifications",,,c.232C>T,,rs766815155,
1383019,NM_000245.4(MET):c.1561A>G (p.Arg521Gly),MET,Conflicting classifications of pathogenicity,"criteria provided, conflicting classifications",,,c.1561A>G,,rs1176112251,
2006342,NM_000245.4(MET):c.3304G>A (p.Gly1102Ser),MET,Conflicting classifications of pathogenicity,"criteria provided, conflicting classifications",,,c.3304G>A,,rs2117040123,
2006339,NM_000245.4(MET):c.382G>A (p.Asp128Asn),MET,Conflicting classifications of pathogenicity,"criteria provided, conflicting classifications",,,c.382G>A,,rs756856284,
1999122,NM_000245.4(MET):c.2587A>G (p.Asn863Asp),MET,Conflicting classifications of pathogenicity,"criteria provided, conflicting classifications",,,c.2587A>G,,rs2116982450,
1377220,NM_000245.4(MET):c.809A>G (p.Asp270Gly),MET,Conflicting classifications of pathogenicity,"criteria provided, conflicting classifications",,,c.809A>G,,rs1791503359,
1995380,NM_000245.4(MET):c.885T>G (p.Pro295=),MET,Benign/Likely benign,"criteria provided, multiple submitters, no conflicts",,,c.885T>G,,rs2116600237,
454247,NM_000245.4(MET):c.3870T>C (p.Phe1290=),MET,Benign/Likely benign,"criteria provided, multiple submitters, no conflicts",,,c.3870T>C,,rs926365001,
454245,NM_000245.4(MET):c.3705T>C (p.Tyr1235=),MET,Benign/Likely benign,"criteria provided, multiple submitters, no conflicts",,,c.3705T>C,,rs754467674,
454244,NM_000245.4(MET):c.3594A>G (p.Lys1198=),MET,Benign/Likely benign,"criteria provided, multiple submitters, no conflicts",,,c.3594A>G,,rs199883640,
454208,NM_000245.4(MET):c.2220A>G (p.Glu740=),MET,Benign/Likely benign,"criteria provided, multiple submitters, no conflicts",,,c.2220A>G,,rs1554395720,
454205,NM_000245.4(MET):c.2103-4T>C,MET,Conflicting classifications of pathogenicity,"criteria provided, conflicting classifications",,,NM_000245.4(MET):c.2103-4T>C,,rs753740913,
454204,NM_000245.4(MET):c.1988C>T (p.Ser663Leu),MET,Conflicting classifications of pathogenicity,"criteria provided, conflicting classifications",,,c.1988C>T,,rs376459715,
1385244,NM_000245.4(MET):c.2714G>A (p.Ser905Asn),MET,Conflicting classifications of pathogenicity,"criteria provided, conflicting classifications",,,c.2714G>A,,rs753091019,
1380296,NM_000245.4(MET):c.4145G>T (p.Arg1382Leu),MET,Conflicting classifications of pathogenicity,"criteria provided, conflicting classifications",,,c.4145G>T,,rs752694306,
1994035,NM_000245.4(MET):c.1523A>G (p.Lys508Arg),MET,Conflicting classifications of pathogenicity,"criteria provided, conflicting classifications",,,c.1523A>G,,rs1301750241,
1993519,NM_000245.4(MET):c.2265-18T>C,MET,Conflicting classifications of pathogenicity,"criteria provided, conflicting classifications",,,NM_000245.4(MET):c.2265-18T>C,,rs1794308770,
1388673,NM_000245.4(MET):c.2588A>G (p.Asn863Ser),MET,Conflicting classifications of pathogenicity,"criteria provided, conflicting classifications",,,c.2588A>G,,rs1794766796,
1977780,NM_000245.4(MET):c.4124C>T (p.Ala1375Val),MET,Conflicting classifications of pathogenicity,"criteria provided, conflicting classifications",,,c.4124C>T,,rs2117113363,
1910327,NM_000245.4(MET):c.1127A>G (p.Lys376Arg),MET,Conflicting classifications of pathogenicity,"criteria provided, conflicting classifications",,,c.1127A>G,,rs2116606061,
1408265,NM_000245.4(MET):c.255G>T (p.Lys85Asn),MET,Conflicting classifications of pathogenicity,"criteria provided, conflicting classifications",,,c.255G>T,,rs1327946446,
454229,NM_000245.4(MET):c.2970C>T (p.Ser990=),MET,Conflicting classifications of pathogenicity,"criteria provided, conflicting classifications",,,c.2970C>T,,rs544081614,
454226,NM_000245.4(MET):c.2813T>C (p.Val938Ala),MET,Conflicting classifications of pathogenicity,"criteria provided, conflicting classifications",,,c.2813T>C,,rs1554398288,
454225,NM_000245.4(MET):c.2800T>C (p.Leu934=),MET,Benign/Likely benign,"criteria provided, multiple submitters, no conflicts",,,c.2800T>C,,rs1554398274,
454192,NM_000245.4(MET):c.1600C>T (p.Pro534Ser),MET,Conflicting classifications of pathogenicity,"criteria provided, conflicting classifications",,,c.1600C>T,,rs200283364,
454188,NM_000245.4(MET):c.142G>A (p.Ala48Thr),MET,Conflicting classifications of pathogenicity,"criteria provided, conflicting classifications",,,c.142G>A,,rs374050750,
454187,NM_000245.4(MET):c.1421C>T (p.Thr474Ile),MET,Conflicting classifications of pathogenicity,"criteria provided, conflicting classifications",,,c.1421C>T,,rs1554390902,
454218,NM_000245.4(MET):c.2677T>A (p.Leu893Ile),MET,Conflicting classifications of pathogenicity,"criteria provided, conflicting classifications",,,c.2677T>A,,rs376104371,
1421423,NM_000245.4(MET):c.2287G>A (p.Val763Ile),MET,Conflicting classifications of pathogenicity,"criteria provided, conflicting classifications",,,c.2287G>A,,rs2116937873,
1416342,NM_000245.4(MET):c.2830G>A (p.Ala944Thr),MET,Conflicting classifications of pathogenicity,"criteria provided, conflicting classifications",,,c.2830G>A,,rs2116992583,
1430443,NM_000245.4(MET):c.509G>A (p.Ser170Asn),MET,Conflicting classifications of pathogenicity,"criteria provided, conflicting classifications",,,c.509G>A,,rs1584877029,
1797640,NM_000245.4(MET):c.2863C>T (p.Leu955=),MET,Benign/Likely benign,"criteria provided, multiple submitters, no conflicts",,,c.2863C>T,,rs2116993049,
1895495,NM_000245.4(MET):c.303C>T (p.Cys101=),MET,Benign/Likely benign,"criteria provided, multiple submitters, no conflicts",,,c.303C>T,,rs2116585329,
1796123,NM_000245.4(MET):c.279A>G (p.Pro93=),MET,Benign/Likely benign,"criteria provided, multiple submitters, no conflicts",,,c.279A>G,,rs780928472,
1795740,NM_000245.4(MET):c.2712C>T (p.Asn904=),MET,Benign/Likely benign,"criteria provided, multiple submitters, no conflicts",,,c.2712C>T,,rs2116984453,
1795569,NM_000245.4(MET):c.2697C>G (p.Asp899Glu),MET,Conflicting classifications of pathogenicity,"criteria provided, conflicting classifications",,,c.2697C>G,,rs1584953336,
1428546,NM_000245.4(MET):c.1199G>A (p.Arg400Lys),MET,Conflicting classifications of pathogenicity,"criteria provided, conflicting classifications",,,c.1199G>A,,rs2116607774,
454215,NM_000245.4(MET):c.2466G>A (p.Met822Ile),MET,Conflicting classifications of pathogenicity,"criteria provided, conflicting classifications",,,c.2466G>A,,rs780538636,
454212,NM_000245.4(MET):c.2378G>A (p.Arg793His),MET,Conflicting classifications of pathogenicity,"criteria provided, conflicting classifications",,,c.2378G>A,,rs199643166,
454176,NM_000245.4(MET):c.1068A>G (p.Pro356=),MET,Benign/Likely benign,"criteria provided, multiple submitters, no conflicts",,,c.1068A>G,,rs934426317,
454175,NM_000245.4(MET):c.1038C>T (p.Phe346=),MET,Benign/Likely benign,"criteria provided, multiple submitters, no conflicts",,,c.1038C>T,,rs376235685,
454174,NM_000245.4(MET):c.1029C>T (p.Phe343=),MET,Benign/Likely benign,"criteria provided, multiple submitters, no conflicts",,,c.1029C>T,,rs56340719,
454173,NM_000245.4(MET):c.1015G>A (p.Asp339Asn),MET,Conflicting classifications of pathogenicity,"criteria provided, conflicting classifications",,,c.1015G>A,,rs1463245808,
454202,NM_000245.4(MET):c.1881T>C (p.Gly627=),MET,Benign/Likely benign,"criteria provided, multiple submitters, no conflicts",,,c.1881T>C,,rs200050499,
1424954,NM_000245.4(MET):c.1417T>C (p.Ser473Pro),MET,Conflicting classifications of pathogenicity,"criteria provided, conflicting classifications",,,c.1417T>C,,rs2116826038,
1422813,NM_000245.4(MET):c.540G>A (p.Leu180=),MET,Benign/Likely benign,"criteria provided, multiple submitters, no conflicts",,,c.540G>A,,rs1791488808,
1794223,NM_000245.4(MET):c.2589T>C (p.Asn863=),MET,Benign/Likely benign,"criteria provided, multiple submitters, no conflicts",,,c.2589T>C,,rs2116982492,
1793826,NM_000245.4(MET):c.2559C>T (p.Gly853=),MET,Benign/Likely benign,"criteria provided, multiple submitters, no conflicts",,,c.2559C>T,,rs2116957166,
1796334,NM_000245.4(MET):c.1116C>T (p.Asp372=),MET,Benign/Likely benign,"criteria provided, multiple submitters, no conflicts",,,c.1116C>T,,rs760727137,
1792134,NM_000245.4(MET):c.2442C>T (p.Pro814=),MET,Benign/Likely benign,"criteria provided, multiple submitters, no conflicts",,,c.2442C>T,,rs1794464524,
1791865,NM_000245.4(MET):c.2424G>A (p.Gln808=),MET,Benign/Likely benign,"criteria provided, multiple submitters, no conflicts",,,c.2424G>A,,rs2116954783,
454201,NM_000245.4(MET):c.1854G>A (p.Thr618=),MET,Benign/Likely benign,"criteria provided, multiple submitters, no conflicts",,,c.1854G>A,,rs367764141,
454199,NM_000245.4(MET):c.1812C>T (p.Leu604=),MET,Benign/Likely benign,"criteria provided, multiple submitters, no conflicts",,,c.1812C>T,,rs1412870024,
454198,NM_000245.4(MET):c.180T>A (p.His60Gln),MET,Conflicting classifications of pathogenicity,"criteria provided, conflicting classifications",,,c.180T>A,,rs745740862,
454195,NM_000245.4(MET):c.1701+7A>T,MET,Benign/Likely benign,"criteria provided, multiple submitters, no conflicts",,,NM_000245.4(MET):c.1701+7A>T,,rs749081367,
454194,NM_000245.4(MET):c.1676A>G (p.Gln559Arg),MET,Conflicting classifications of pathogenicity,"criteria provided, conflicting classifications",,,c.1676A>G,,rs45460604,
1449384,NM_000245.4(MET):c.3149C>G (p.Thr1050Ser),MET,Conflicting classifications of pathogenicity,"criteria provided, conflicting classifications",,,c.3149C>G,,rs1179812872,
1429268,NM_000245.4(MET):c.312A>C (p.Lys104Asn),MET,Conflicting classifications of pathogenicity,"criteria provided, conflicting classifications",,,c.312A>C,,rs1554378412,
1429037,NM_000245.4(MET):c.1347C>A (p.Asp449Glu),MET,Conflicting classifications of pathogenicity,"criteria provided, conflicting classifications",,,c.1347C>A,,rs2116783251,
1791827,NM_000245.4(MET):c.2421A>G (p.Gln807=),MET,Conflicting classifications of pathogenicity,"criteria provided, conflicting classifications",,,c.2421A>G,,rs752535640,
1791626,NM_000245.4(MET):c.2406C>A (p.Thr802=),MET,Benign/Likely benign,"criteria provided, multiple submitters, no conflicts",,,c.2406C>A,,rs1433483763,
1790354,NM_000245.4(MET):c.2322A>G (p.Arg774=),MET,Benign/Likely benign,"criteria provided, multiple submitters, no conflicts",,,c.2322A>G,,rs2116938491,
1789788,NM_000245.4(MET):c.2283A>C (p.Thr761=),MET,Benign/Likely benign,"criteria provided, multiple submitters, no conflicts",,,c.2283A>C,,rs779694924,
1793292,NM_000245.4(MET):c.2520G>A (p.Val840=),MET,Benign/Likely benign,"criteria provided, multiple submitters, no conflicts",,,c.2520G>A,,rs2485742546,
1793185,NM_000245.4(MET):c.2514T>C (p.Asn838=),MET,Benign/Likely benign,"criteria provided, multiple submitters, no conflicts",,,c.2514T>C,,rs1196399036,
454185,NM_000245.4(MET):c.13G>A (p.Ala5Thr),MET,Conflicting classifications of pathogenicity,"criteria provided, conflicting classifications",,,c.13G>A,,rs765444467,
454184,NM_000245.4(MET):c.1371A>G (p.Thr457=),MET,Benign/Likely benign,"criteria provided, multiple submitters, no conflicts",,,c.1371A>G,,rs201632219,
454183,NM_000245.4(MET):c.1365T>G (p.Leu455=),MET,Benign/Likely benign,"criteria provided, multiple submitters, no conflicts",,,c.1365T>G,,rs369639118,
454180,NM_000245.4(MET):c.1238G>A (p.Arg413His),MET,Conflicting classifications of pathogenicity,"criteria provided, conflicting classifications",,,c.1238G>A,,rs375391602,
454179,NM_000245.4(MET):c.1222G>A (p.Gly408Ser),MET,Conflicting classifications of pathogenicity,"criteria provided, conflicting classifications",,,c.1222G>A,,rs1289461217,
454178,NM_000245.4(MET):c.1136A>G (p.Asn379Ser),MET,Conflicting classifications of pathogenicity,"criteria provided, conflicting classifications",,,c.1136A>G,,rs1320718414,
454177,NM_000245.4(MET):c.1101C>A (p.Ile367=),MET,Conflicting classifications of pathogenicity,"criteria provided, conflicting classifications",,,c.1101C>A,,rs747940150,
416943,NM_000245.4(MET):c.2790T>C (p.Asn930=),MET,Benign/Likely benign,"criteria provided, multiple submitters, no conflicts",,,c.2790T>C,,rs933744184,
416941,NM_000245.4(MET):c.249G>A (p.Glu83=),MET,Benign/Likely benign,"criteria provided, multiple submitters, no conflicts",,,c.249G>A,,rs751158831,
416940,NM_000245.4(MET):c.3804C>G (p.Ser1268=),MET,Benign/Likely benign,"criteria provided, multiple submitters, no conflicts",,,c.3804C>G,,rs764822445,
416939,NM_000245.4(MET):c.504G>A (p.Glu168=),MET,Benign/Likely benign,"criteria provided, multiple submitters, no conflicts",,,c.504G>A,,rs55985569,
416938,NM_000245.4(MET):c.2232C>G (p.Val744=),MET,Benign/Likely benign,"criteria provided, multiple submitters, no conflicts",,,c.2232C>G,,rs1060504944,
1442699,NM_000245.4(MET):c.2016C>T (p.Gly672=),MET,Conflicting classifications of pathogenicity,"criteria provided, conflicting classifications",,,c.2016C>T,,rs768149852,
1438765,NM_000245.4(MET):c.581A>G (p.Asn194Ser),MET,Conflicting classifications of pathogenicity,"criteria provided, conflicting classifications",,,c.581A>G,,rs370170168,
1438566,NM_000245.4(MET):c.2555T>C (p.Met852Thr),MET,Conflicting classifications of pathogenicity,"criteria provided, conflicting classifications",,,c.2555T>C,,rs369758288,
1791019,NM_000245.4(MET):c.2367A>C (p.Ala789=),MET,Benign/Likely benign,"criteria provided, multiple submitters, no conflicts",,,c.2367A>C,,rs910873191,
1790568,NM_000245.4(MET):c.2337G>T (p.Val779=),MET,Benign/Likely benign,"criteria provided, multiple submitters, no conflicts",,,c.2337G>T,,rs863224377,
1787206,NM_000245.4(MET):c.1084A>G (p.Met362Val),MET,Conflicting classifications of pathogenicity,"criteria provided, conflicting classifications",,,c.1084A>G,,rs1791519202,
1788959,NM_000245.4(MET):c.2265-37C>T,MET,Conflicting classifications of pathogenicity,"criteria provided, conflicting classifications",,,NM_000245.4(MET):c.2265-37C>T,,rs367649400,
416929,NM_000245.4(MET):c.633G>A (p.Leu211=),MET,Benign/Likely benign,"criteria provided, multiple submitters, no conflicts",,,c.633G>A,,rs552870344,
416928,NM_000245.4(MET):c.3474A>G (p.Pro1158=),MET,Benign/Likely benign,"criteria provided, multiple submitters, no conflicts",,,c.3474A>G,,rs200659843,
416927,NM_000245.4(MET):c.2097A>G (p.Leu699=),MET,Benign/Likely benign,"criteria provided, multiple submitters, no conflicts",,,c.2097A>G,,rs199585804,
416926,NM_000245.4(MET):c.405C>T (p.Ser135=),MET,Benign/Likely benign,"criteria provided, multiple submitters, no conflicts",,,c.405C>T,,rs200494620,
416925,NM_000245.4(MET):c.88C>T (p.Leu30=),MET,Benign/Likely benign,"criteria provided, multiple submitters, no conflicts",,,c.88C>T,,rs1060504939,
416924,NM_000245.4(MET):c.1062C>T (p.Ala354=),MET,Benign/Likely benign,"criteria provided, multiple submitters, no conflicts",,,c.1062C>T,,rs755166920,
1783474,NM_000245.4(MET):c.1962T>C (p.Tyr654=),MET,Benign/Likely benign,"criteria provided, multiple submitters, no conflicts",,,c.1962T>C,,rs2116921387,
1449389,NM_000245.4(MET):c.1420A>G (p.Thr474Ala),MET,Conflicting classifications of pathogenicity,"criteria provided, conflicting classifications",,,c.1420A>G,,rs1793379665,
1447271,NM_000245.4(MET):c.229G>A (p.Asp77Asn),MET,Conflicting classifications of pathogenicity,"criteria provided, conflicting classifications",,,c.229G>A,,rs372320153,
1445197,NM_000245.4(MET):c.2265-26G>A,MET,Conflicting classifications of pathogenicity,"criteria provided, conflicting classifications",,,NM_000245.4(MET):c.2265-26G>A,,rs552953455,
1781295,NM_000245.4(MET):c.184A>G (p.Ile62Val),MET,Conflicting classifications of pathogenicity,"criteria provided, conflicting classifications",,,c.184A>G,,rs2485506452,
1784541,NM_000245.4(MET):c.201T>C (p.Thr67=),MET,Benign/Likely benign,"criteria provided, multiple submitters, no conflicts",,,c.201T>C,,rs2485506620,
411888,NM_000245.4(MET):c.3305G>A (p.Gly1102Asp),MET,Conflicting classifications of pathogenicity,"criteria provided, conflicting classifications",,,c.3305G>A,,rs1060503533,
411919,NM_000245.4(MET):c.265G>A (p.Val89Met),MET,Conflicting classifications of pathogenicity,"criteria provided, conflicting classifications",,,c.265G>A,,rs1060503544,
446117,NM_000245.4(MET):c.3701A>G (p.Tyr1234Cys),MET,Pathogenic; risk factor,no assertion criteria provided,,,c.3701A>G,,rs1554400286,
438775,NM_000245.4(MET):c.985C>A (p.Leu329Ile),MET,other,no assertion criteria provided,,,c.985C>A,,rs1554378983,
416947,NM_000245.4(MET):c.1584A>G (p.Gln528=),MET,Benign/Likely benign,"criteria provided, multiple submitters, no conflicts",,,c.1584A>G,,rs55755322,
416946,NM_000245.4(MET):c.4086C>T (p.Val1362=),MET,Benign/Likely benign,"criteria provided, multiple submitters, no conflicts",,,c.4086C>T,,rs753757242,
416945,NM_000245.4(MET):c.2562T>C (p.Asn854=),MET,Benign/Likely benign,"criteria provided, multiple submitters, no conflicts",,,c.2562T>C,,rs1060504946,
411910,NM_000245.4(MET):c.3443G>A (p.Arg1148Gln),MET,Conflicting classifications of pathogenicity,"criteria provided, conflicting classifications",,,c.3443G>A,,rs761808213,
411909,NM_000245.4(MET):c.143C>G (p.Ala48Gly),MET,Conflicting classifications of pathogenicity,"criteria provided, conflicting classifications",,,c.143C>G,,rs80256822,
411908,NM_000245.4(MET):c.2974A>G (p.Thr992Ala),MET,Conflicting classifications of pathogenicity,"criteria provided, conflicting classifications",,,c.2974A>G,,rs774433287,
411907,NM_000245.4(MET):c.1617C>T (p.Gly539=),MET,Benign/Likely benign,"criteria provided, multiple submitters, no conflicts",,,c.1617C>T,,rs776490266,
411906,NM_000245.4(MET):c.4150G>A (p.Ala1384Thr),MET,Conflicting classifications of pathogenicity,"criteria provided, conflicting classifications",,,c.4150G>A,,rs758486336,
411905,NM_000245.4(MET):c.2265-23A>G,MET,Conflicting classifications of pathogenicity,"criteria provided, conflicting classifications",,,NM_000245.4(MET):c.2265-23A>G,,rs750004615,
4332596,NM_000245.4(MET):c.1398G>T (p.Val466=),MET,,,,,c.1398G>T,,,
4332595,NM_000245.4(MET):c.895A>T (p.Ile299Phe),MET,,,,,c.895A>T,,,
4332594,NM_000245.4(MET):c.467C>A (p.Ser156Ter),MET,,,,,c.467C>A,,,
4332593,NM_000245.4(MET):c.295C>A (p.Gln99Lys),MET,,,,,c.295C>A,,,
4290096,NM_000245.4(MET):c.2584-12_2584-9del,MET,,,,,NM_000245.4(MET):c.2584-12_2584-9del,,,
416936,NM_000245.4(MET):c.1113C>T (p.Asn371=),MET,Benign/Likely benign,"criteria provided, multiple submitters, no conflicts",,,c.1113C>T,,rs772014416,
416935,NM_000245.4(MET):c.3864C>T (p.Asn1288=),MET,Conflicting classifications of pathogenicity,"criteria provided, conflicting classifications",,,c.3864C>T,,rs768627036,
416934,NM_000245.4(MET):c.1137C>T (p.Asn379=),MET,Benign/Likely benign,"criteria provided, multiple submitters, no conflicts",,,c.1137C>T,,rs1060504942,
416933,NM_000245.4(MET):c.1533G>A (p.Thr511=),MET,Benign/Likely benign,"criteria provided, multiple submitters, no conflicts",,,c.1533G>A,,rs866306366,
416932,NM_000245.4(MET):c.3292T>C (p.Leu1098=),MET,Benign/Likely benign,"criteria provided, multiple submitters, no conflicts",,,c.3292T>C,,rs978734201,
416930,NM_000245.4(MET):c.1050G>A (p.Lys350=),MET,Benign/Likely benign,"criteria provided, multiple submitters, no conflicts",,,c.1050G>A,,rs1060504940,
411893,NM_000245.4(MET):c.1912A>G (p.Ile638Val),MET,Conflicting classifications of pathogenicity,"criteria provided, conflicting classifications",,,c.1912A>G,,rs1060503536,
411889,NM_000245.4(MET):c.3377C>A (p.Thr1126Asn),MET,Conflicting classifications of pathogenicity,"criteria provided, conflicting classifications",,,c.3377C>A,,rs367634278,
4332602,NM_000245.4(MET):c.1966-1G>T,MET,,,,,NM_000245.4(MET):c.1966-1G>T,,,
411918,NM_000245.4(MET):c.2971C>T (p.Pro991Ser),MET,Conflicting classifications of pathogenicity,"criteria provided, conflicting classifications",,,c.2971C>T,,rs768678989,
411917,NM_000245.4(MET):c.1975A>T (p.Ile659Leu),MET,Conflicting classifications of pathogenicity,"criteria provided, conflicting classifications",,,c.1975A>T,,rs753958204,
411915,NM_000245.4(MET):c.808G>C (p.Asp270His),MET,Conflicting classifications of pathogenicity,"criteria provided, conflicting classifications",,,c.808G>C,,rs1060503542,
411912,NM_000245.4(MET):c.2318C>T (p.Pro773Leu),MET,Conflicting classifications of pathogenicity,"criteria provided, conflicting classifications",,,c.2318C>T,,rs771333219,
411911,NM_000245.4(MET):c.2265-31A>G,MET,Conflicting classifications of pathogenicity,"criteria provided, conflicting classifications",,,NM_000245.4(MET):c.2265-31A>G,,rs370237186,
411879,NM_000245.4(MET):c.3489A>T (p.Gly1163=),MET,Benign/Likely benign,"criteria provided, multiple submitters, no conflicts",,,c.3489A>T,,rs753101831,
411878,NM_000245.4(MET):c.1898A>G (p.His633Arg),MET,Conflicting classifications of pathogenicity,"criteria provided, conflicting classifications",,,c.1898A>G,,rs45586239,
411875,NM_000245.4(MET):c.3208G>A (p.Val1070Met),MET,Conflicting classifications of pathogenicity,"criteria provided, conflicting classifications",,,c.3208G>A,,rs760285693,
411873,NM_000245.4(MET):c.852A>G (p.Ile284Met),MET,Conflicting classifications of pathogenicity,"criteria provided, conflicting classifications",,,c.852A>G,,rs759227622,
4332601,NM_000245.4(MET):c.1966-45A>G,MET,,,,,NM_000245.4(MET):c.1966-45A>G,,,
4332600,NM_000245.4(MET):c.1966-48A>G,MET,,,,,NM_000245.4(MET):c.1966-48A>G,,,
4332599,NM_000245.4(MET):c.1615G>A (p.Gly539Ser),MET,,,,,c.1615G>A,,,
4332598,NM_000245.4(MET):c.1527+19G>T,MET,,,,,NM_000245.4(MET):c.1527+19G>T,,,
1784380,NM_000245.4(MET):c.200C>A (p.Thr67Asn),MET,Conflicting classifications of pathogenicity,"criteria provided, conflicting classifications",,,c.200C>A,,rs200023903,
1778583,NM_000245.4(MET):c.1712A>G (p.Asn571Ser),MET,Conflicting classifications of pathogenicity,"criteria provided, conflicting classifications",,,c.1712A>G,,rs200269358,
1465720,NM_000245.4(MET):c.364G>A (p.Val122Ile),MET,Conflicting classifications of pathogenicity,"criteria provided, conflicting classifications",,,c.364G>A,,rs2116586974,
1462089,NM_000245.4(MET):c.1421C>A (p.Thr474Asn),MET,Conflicting classifications of pathogenicity,"criteria provided, conflicting classifications",,,c.1421C>A,,rs1554390902,
1782936,NM_000245.4(MET):c.1934G>A (p.Gly645Glu),MET,Conflicting classifications of pathogenicity,"criteria provided, conflicting classifications",,,c.1934G>A,,rs2116920835,
1782818,NM_000245.4(MET):c.1929C>T (p.Gly643=),MET,Benign/Likely benign,"criteria provided, multiple submitters, no conflicts",,,c.1929C>T,,rs2485711195,
1782719,NM_000245.4(MET):c.1923A>G (p.Ser641=),MET,Benign/Likely benign,"criteria provided, multiple submitters, no conflicts",,,c.1923A>G,,rs2116920605,
1776405,NM_000245.4(MET):c.1611G>A (p.Gln537=),MET,Benign/Likely benign,"criteria provided, multiple submitters, no conflicts",,,c.1611G>A,,rs2116835903,
1776377,NM_000245.4(MET):c.1610A>G (p.Gln537Arg),MET,Conflicting classifications of pathogenicity,"criteria provided, conflicting classifications",,,c.1610A>G,,rs2116835879,
4332589,NM_000245.4(MET):c.60G>T (p.Gln20His),MET,,,,,c.60G>T,,,
4290101,NM_000245.4(MET):c.3028+1del,MET,,,,,NM_000245.4(MET):c.3028+1del,,,
4290100,NM_000245.4(MET):c.3028_3028+5del,MET,,,,,NM_000245.4(MET):c.3028_3028+5del,,,
4290099,NM_000245.4(MET):c.3027_3028+5del,MET,,,,,NM_000245.4(MET):c.3027_3028+5del,,,
4290098,NM_000245.4(MET):c.3020_3024del (p.Thr1006_Phe1007insTer),MET,,,,,c.3020_3024del,,,
411902,NM_000245.4(MET):c.1937C>A (p.Thr646Lys),MET,Conflicting classifications of pathogenicity,"criteria provided, conflicting classifications",,,c.1937C>A,,rs751307227,
411901,NM_000245.4(MET):c.37G>A (p.Val13Met),MET,Conflicting classifications of pathogenicity,"criteria provided, conflicting classifications",,,c.37G>A,,rs781777052,
411900,NM_000245.4(MET):c.2260A>G (p.Ile754Val),MET,Conflicting classifications of pathogenicity,"criteria provided, conflicting classifications",,,c.2260A>G,,rs1060503539,
411898,NM_000245.4(MET):c.352A>G (p.Met118Val),MET,Conflicting classifications of pathogenicity,"criteria provided, conflicting classifications",,,c.352A>G,,rs1060503538,
411897,NM_000245.4(MET):c.100G>A (p.Glu34Lys),MET,Conflicting classifications of pathogenicity,"criteria provided, conflicting classifications",,,c.100G>A,,rs764246939,
411896,NM_000245.4(MET):c.2755G>A (p.Val919Ile),MET,Conflicting classifications of pathogenicity,"criteria provided, conflicting classifications",,,c.2755G>A,,rs759522148,
4332610,NM_000245.4(MET):c.*1428G>T,MET,,,,,NM_000245.4(MET):c.*1428G>T,,,
4332609,NM_000245.4(MET):c.3933C>T (p.Pro1311=),MET,,,,,c.3933C>T,,,
1477038,NM_000245.4(MET):c.172C>A (p.His58Asn),MET,Conflicting classifications of pathogenicity,"criteria provided, conflicting classifications",,,c.172C>A,,rs1791464742,
1472500,NM_000245.4(MET):c.860G>C (p.Gly287Ala),MET,Conflicting classifications of pathogenicity,"criteria provided, conflicting classifications",,,c.860G>C,,rs2116599722,
1774673,NM_000245.4(MET):c.1533G>C (p.Thr511=),MET,Benign/Likely benign,"criteria provided, multiple submitters, no conflicts",,,c.1533G>C,,rs866306366,
1774620,NM_000245.4(MET):c.1530C>T (p.Ile510=),MET,Benign/Likely benign,"criteria provided, multiple submitters, no conflicts",,,c.1530C>T,,rs2116833737,
1773468,NM_000245.4(MET):c.1476G>A (p.Val492=),MET,Benign/Likely benign,"criteria provided, multiple submitters, no conflicts",,,c.1476G>A,,rs528788133,
1777088,NM_000245.4(MET):c.1643C>G (p.Ser548Trp),MET,Conflicting classifications of pathogenicity,"criteria provided, conflicting classifications",,,c.1643C>G,,rs767715328,
4332608,NM_000245.4(MET):c.3340+2T>A,MET,,,,,NM_000245.4(MET):c.3340+2T>A,,,
4332607,NM_000245.4(MET):c.3028+2T>A,MET,,,,,NM_000245.4(MET):c.3028+2T>A,,,
4332606,NM_000245.4(MET):c.2583+1G>T,MET,,,,,NM_000245.4(MET):c.2583+1G>T,,,
4332605,NM_000245.4(MET):c.2365-1G>T,MET,,,,,NM_000245.4(MET):c.2365-1G>T,,,
4332604,NM_000245.4(MET):c.2265-228G>A,MET,,,,,NM_000245.4(MET):c.2265-228G>A,,,
4332603,NM_000245.4(MET):c.2103-192A>G,MET,,,,,NM_000245.4(MET):c.2103-192A>G,,,
4332590,NM_000245.4(MET):c.99C>A (p.Ser33=),MET,,,,,c.99C>A,,,
1776987,NM_000245.4(MET):c.1639C>G (p.Arg547Gly),MET,Conflicting classifications of pathogenicity,"criteria provided, conflicting classifications",,,c.1639C>G,,rs1047795344,
1483273,NM_000245.4(MET):c.968G>A (p.Ser323Asn),MET,Conflicting classifications of pathogenicity,"criteria provided, conflicting classifications",,,c.968G>A,,rs2116602095,
1774896,NM_000245.4(MET):c.1044A>G (p.Gln348=),MET,Benign/Likely benign,"criteria provided, multiple submitters, no conflicts",,,c.1044A>G,,rs1266319879,
1766491,NM_000245.4(MET):c.92C>T (p.Ala31Val),MET,Conflicting classifications of pathogenicity,"criteria provided, conflicting classifications",,,c.92C>T,,rs2485505163,
1766460,NM_000245.4(MET):c.1275G>A (p.Gln425=),MET,Benign/Likely benign,"criteria provided, multiple submitters, no conflicts",,,c.1275G>A,,rs201181441,
386226,NM_000245.4(MET):c.1201-14A>G,MET,Conflicting classifications of pathogenicity,"criteria provided, conflicting classifications",,,NM_000245.4(MET):c.1201-14A>G,,rs762306750,
358729,NM_000245.4(MET):c.*2202G>A,MET,Benign/Likely benign,"criteria provided, multiple submitters, no conflicts",,,NM_000245.4(MET):c.*2202G>A,,rs14456,
358694,NM_000245.4(MET):c.4074C>T (p.Asn1358=),MET,Conflicting classifications of pathogenicity,"criteria provided, conflicting classifications",,,c.4074C>T,,rs772860611,
358693,NM_000245.4(MET):c.3523-12C>G,MET,Benign/Likely benign,"criteria provided, multiple submitters, no conflicts",,,NM_000245.4(MET):c.3523-12C>G,,rs186524917,
358692,NM_000245.4(MET):c.3522+12G>T,MET,Benign/Likely benign,"criteria provided, multiple submitters, no conflicts",,,NM_000245.4(MET):c.3522+12G>T,,rs200624981,
358690,NM_000245.4(MET):c.1992G>A (p.Pro664=),MET,Benign/Likely benign,"criteria provided, multiple submitters, no conflicts",,,c.1992G>A,,rs373842614,
358689,NM_000245.4(MET):c.1965+14T>C,MET,Benign/Likely benign,"criteria provided, multiple submitters, no conflicts",,,NM_000245.4(MET):c.1965+14T>C,,rs543293293,
358688,NM_000245.4(MET):c.1965+11T>G,MET,Conflicting classifications of pathogenicity,"criteria provided, conflicting classifications",,,NM_000245.4(MET):c.1965+11T>G,,rs780230492,
1772369,NM_000245.4(MET):c.1425T>A (p.Pro475=),MET,Benign/Likely benign,"criteria provided, multiple submitters, no conflicts",,,c.1425T>A,,rs2116826219,
1764053,NM_000245.4(MET):c.861A>T (p.Gly287=),MET,Benign/Likely benign,"criteria provided, multiple submitters, no conflicts",,,c.861A>T,,rs2116599749,
1491907,NM_000245.4(MET):c.395G>A (p.Ser132Asn),MET,Conflicting classifications of pathogenicity,"criteria provided, conflicting classifications",,,c.395G>A,,rs1791478666,
1491904,NM_000245.4(MET):c.601A>G (p.Ile201Val),MET,Conflicting classifications of pathogenicity,"criteria provided, conflicting classifications",,,c.601A>G,,rs2116592997,
1489680,NM_000245.4(MET):c.596A>G (p.Asn199Ser),MET,Conflicting classifications of pathogenicity,"criteria provided, conflicting classifications",,,c.596A>G,,rs1342574948,
1505421,NM_000245.4(MET):c.2662C>G (p.His888Asp),MET,Conflicting classifications of pathogenicity,"criteria provided, conflicting classifications",,,c.2662C>G,,rs115574135,
1487571,NM_000245.4(MET):c.2561A>G (p.Asn854Ser),MET,Conflicting classifications of pathogenicity,"criteria provided, conflicting classifications",,,c.2561A>G,,rs2116957192,
1763142,NM_000245.4(MET):c.837C>G (p.Ile279Met),MET,Conflicting classifications of pathogenicity,"criteria provided, conflicting classifications",,,c.837C>G,,rs746494770,
1769670,NM_000245.4(MET):c.1311C>G (p.Val437=),MET,Benign/Likely benign,"criteria provided, multiple submitters, no conflicts",,,c.1311C>G,,rs1324576950,
1501244,NM_000245.4(MET):c.1677G>T (p.Gln559His),MET,Conflicting classifications of pathogenicity,"criteria provided, conflicting classifications",,,c.1677G>T,,rs1290346524,
1513398,NM_000245.4(MET):c.3404G>A (p.Ser1135Asn),MET,Conflicting classifications of pathogenicity,"criteria provided, conflicting classifications",,,c.3404G>A,,rs1795069423,
1757714,NM_000245.4(MET):c.720G>A (p.Glu240=),MET,Benign/Likely benign,"criteria provided, multiple submitters, no conflicts",,,c.720G>A,,rs1450906177,
1765126,NM_000245.4(MET):c.126G>C (p.Gln42His),MET,Conflicting classifications of pathogenicity,"criteria provided, conflicting classifications",,,c.126G>C,,rs1167851500,
1765112,NM_000245.4(MET):c.891G>A (p.Glu297=),MET,Benign/Likely benign,"criteria provided, multiple submitters, no conflicts",,,c.891G>A,,rs1791506647,
1754680,NM_000245.4(MET):c.1227T>C (p.Cys409=),MET,Benign/Likely benign,"criteria provided, multiple submitters, no conflicts",,,c.1227T>C,,rs2116779815,
1505838,NM_000245.4(MET):c.214G>A (p.Val72Ile),MET,Conflicting classifications of pathogenicity,"criteria provided, conflicting classifications",,,c.214G>A,,rs762253815,
1744450,NM_000245.4(MET):c.496A>G (p.Ile166Val),MET,Conflicting classifications of pathogenicity,"criteria provided, conflicting classifications",,,c.496A>G,,rs751239059,
1741649,NM_000245.4(MET):c.1179T>C (p.Asn393=),MET,Benign/Likely benign,"criteria provided, multiple submitters, no conflicts",,,c.1179T>C,,rs1430726033,
358687,NM_000245.4(MET):c.1863-5dup,MET,Benign/Likely benign,"criteria provided, multiple submitters, no conflicts",,,NM_000245.4(MET):c.1863-5dup,,rs766900241,
358686,NM_000245.4(MET):c.1693A>G (p.Ile565Val),MET,Conflicting classifications of pathogenicity,"criteria provided, conflicting classifications",,,c.1693A>G,,rs745479104,
358685,NM_000245.4(MET):c.1320A>G (p.Thr440=),MET,Benign/Likely benign,"criteria provided, multiple submitters, no conflicts",,,c.1320A>G,,rs763726060,
257516,NM_000245.4(MET):c.3804C>T (p.Ser1268=),MET,Benign/Likely benign,"criteria provided, multiple submitters, no conflicts",,,c.3804C>T,,rs764822445,
1535605,NM_000245.4(MET):c.3414T>C (p.Asn1138=),MET,Benign/Likely benign,"criteria provided, multiple submitters, no conflicts",,,c.3414T>C,,rs769474791,
1751793,NM_000245.4(MET):c.612T>C (p.Ser204=),MET,Benign/Likely benign,"criteria provided, multiple submitters, no conflicts",,,c.612T>C,,rs2116593289,
1749202,NM_000245.4(MET):c.570C>A (p.Asp190Glu),MET,Conflicting classifications of pathogenicity,"criteria provided, conflicting classifications",,,c.570C>A,,rs1791490183,
1738659,NM_000245.4(MET):c.4146A>G (p.Arg1382=),MET,Benign/Likely benign,"criteria provided, multiple submitters, no conflicts",,,c.4146A>G,,rs1185475324,
1737861,NM_000245.4(MET):c.4047T>C (p.Tyr1349=),MET,Benign/Likely benign,"criteria provided, multiple submitters, no conflicts",,,c.4047T>C,,rs2117112084,
1529568,NM_000245.4(MET):c.3399T>C (p.Asp1133=),MET,Benign/Likely benign,"criteria provided, multiple submitters, no conflicts",,,c.3399T>C,,rs2117046045,
1546359,NM_000245.4(MET):c.1528-13C>A,MET,Conflicting classifications of pathogenicity,"criteria provided, conflicting classifications",,,NM_000245.4(MET):c.1528-13C>A,,rs751613983,
1735802,NM_000245.4(MET):c.1158C>A (p.Leu386=),MET,Benign/Likely benign,"criteria provided, multiple submitters, no conflicts",,,c.1158C>A,,rs1554379184,
1536090,NM_000245.4(MET):c.3327G>A (p.Val1109=),MET,Benign/Likely benign,"criteria provided, multiple submitters, no conflicts",,,c.3327G>A,,rs2117040350,
1533313,NM_000245.4(MET):c.1746C>T (p.Thr582=),MET,Benign/Likely benign,"criteria provided, multiple submitters, no conflicts",,,c.1746C>T,,rs2116909310,
252899,NM_000245.4(MET):c.1336A>G (p.Ile446Val),MET,Conflicting classifications of pathogenicity,"criteria provided, conflicting classifications",,,c.1336A>G,,rs779022887,
246638,NM_000245.4(MET):c.345C>T (p.Asn115=),MET,Benign/Likely benign,"criteria provided, multiple submitters, no conflicts",,,c.345C>T,,rs774038166,
246637,NM_000245.4(MET):c.3221G>A (p.Ser1074Asn),MET,Conflicting classifications of pathogenicity,"criteria provided, conflicting classifications",,,c.3221G>A,,rs752641437,
246636,NM_000245.4(MET):c.3118T>C (p.Ser1040Pro),MET,Conflicting classifications of pathogenicity,"criteria provided, conflicting classifications",,,c.3118T>C,,rs771328219,
1530307,NM_000245.4(MET):c.2046A>C (p.Leu682=),MET,Benign/Likely benign,"criteria provided, multiple submitters, no conflicts",,,c.2046A>C,,rs760609715,
1550585,NM_000245.4(MET):c.1677G>A (p.Gln559=),MET,Benign/Likely benign,"criteria provided, multiple submitters, no conflicts",,,c.1677G>A,,rs1290346524,
1548778,NM_000245.4(MET):c.1173A>G (p.Gly391=),MET,Benign/Likely benign,"criteria provided, multiple submitters, no conflicts",,,c.1173A>G,,rs753309112,
1573430,NM_000245.4(MET):c.1989G>T (p.Ser663=),MET,Benign/Likely benign,"criteria provided, multiple submitters, no conflicts",,,c.1989G>T,,rs201180585,
1544141,NM_000245.4(MET):c.3439C>T (p.Leu1147=),MET,Benign/Likely benign,"criteria provided, multiple submitters, no conflicts",,,c.3439C>T,,rs1795070786,
1543460,NM_000245.4(MET):c.261G>T (p.Gly87=),MET,Benign/Likely benign,"criteria provided, multiple submitters, no conflicts",,,c.261G>T,,rs2116584241,
1560034,NM_000245.4(MET):c.1296T>C (p.Gly432=),MET,Benign/Likely benign,"criteria provided, multiple submitters, no conflicts",,,c.1296T>C,,rs200255054,
246632,NM_000245.4(MET):c.2347G>C (p.Gly783Arg),MET,Conflicting classifications of pathogenicity,"criteria provided, conflicting classifications",,,c.2347G>C,,rs879254334,
358684,NM_000245.4(MET):c.1174C>A (p.Pro392Thr),MET,Conflicting classifications of pathogenicity,"criteria provided, conflicting classifications",,,c.1174C>A,,rs886061943,
358683,NM_000245.4(MET):c.1011G>A (p.Leu337=),MET,Conflicting classifications of pathogenicity,"criteria provided, conflicting classifications",,,c.1011G>A,,rs886061942,
358682,NM_000245.4(MET):c.12C>T (p.Pro4=),MET,Benign/Likely benign,"criteria provided, multiple submitters, no conflicts",,,c.12C>T,,rs772251895,
246626,NM_000245.4(MET):c.1786T>A (p.Phe596Ile),MET,Conflicting classifications of pathogenicity,"criteria provided, conflicting classifications",,,c.1786T>A,,rs879254332,
246625,NM_000245.4(MET):c.1484C>G (p.Thr495Arg),MET,Conflicting classifications of pathogenicity,"criteria provided, conflicting classifications",,,c.1484C>G,,rs45585831,
246624,NM_000245.4(MET):c.1989G>A (p.Ser663=),MET,Benign/Likely benign,"criteria provided, multiple submitters, no conflicts",,,c.1989G>A,,rs201180585,
246622,NM_000245.4(MET):c.1278C>T (p.Arg426=),MET,Benign/Likely benign,"criteria provided, multiple submitters, no conflicts",,,c.1278C>T,,rs748508881,
246621,NM_000245.4(MET):c.1263C>A (p.Thr421=),MET,Benign/Likely benign,"criteria provided, multiple submitters, no conflicts",,,c.1263C>A,,rs45499391,
1574567,NM_000245.4(MET):c.2451C>A (p.Thr817=),MET,Benign/Likely benign,"criteria provided, multiple submitters, no conflicts",,,c.2451C>A,,rs2116955318,
1597140,NM_000245.4(MET):c.3015T>C (p.Ala1005=),MET,Benign/Likely benign,"criteria provided, multiple submitters, no conflicts",,,c.3015T>C,,rs2116997626,
1569150,NM_000245.4(MET):c.108T>C (p.Asn36=),MET,Benign/Likely benign,"criteria provided, multiple submitters, no conflicts",,,c.108T>C,,rs2116580390,
1568988,NM_000245.4(MET):c.4167A>G (p.Thr1389=),MET,Benign/Likely benign,"criteria provided, multiple submitters, no conflicts",,,c.4167A>G,,rs2117114225,
216513,NM_000245.4(MET):c.632T>G (p.Leu211Trp),MET,Conflicting classifications of pathogenicity,"criteria provided, conflicting classifications",,,c.632T>G,,rs45483396,
216511,NM_000245.4(MET):c.465G>T (p.Gln155His),MET,Conflicting classifications of pathogenicity,"criteria provided, conflicting classifications",,,c.465G>T,,rs863224695,
216510,NM_000245.4(MET):c.4075G>A (p.Val1359Ile),MET,Conflicting classifications of pathogenicity,"criteria provided, conflicting classifications",,,c.4075G>A,,rs752669237,
246608,NM_000245.4(MET):c.2805T>A (p.Ile935=),MET,Benign/Likely benign,"criteria provided, multiple submitters, no conflicts",,,c.2805T>A,,rs763131600,
246607,NM_000245.4(MET):c.4134G>A (p.Glu1378=),MET,Benign/Likely benign,"criteria provided, multiple submitters, no conflicts",,,c.4134G>A,,rs879254328,
246647,NM_000245.4(MET):c.572G>A (p.Arg191Gln),MET,Conflicting classifications of pathogenicity,"criteria provided, conflicting classifications",,,c.572G>A,,rs879254342,
246645,NM_000245.4(MET):c.4091C>T (p.Pro1364Leu),MET,Conflicting classifications of pathogenicity,"criteria provided, conflicting classifications",,,c.4091C>T,,rs752791731,
246644,NM_000245.4(MET):c.3945A>T (p.Val1315=),MET,Benign/Likely benign,"criteria provided, multiple submitters, no conflicts",,,c.3945A>T,,rs879254340,
220444,NM_000245.4(MET):c.4100C>G (p.Ser1367Cys),MET,Conflicting classifications of pathogenicity,"criteria provided, conflicting classifications",,,c.4100C>G,,rs747239403,
220389,NM_000245.4(MET):c.1279G>A (p.Val427Ile),MET,Conflicting classifications of pathogenicity,"criteria provided, conflicting classifications",,,c.1279G>A,,rs376364468,
220057,NM_000245.4(MET):c.4145G>A (p.Arg1382Gln),MET,Conflicting classifications of pathogenicity,"criteria provided, conflicting classifications",,,c.4145G>A,,rs752694306,
220030,NM_000245.4(MET):c.2568T>C (p.Asn856=),MET,Benign/Likely benign,"criteria provided, multiple submitters, no conflicts",,,c.2568T>C,,rs118057172,
1566055,NM_000245.4(MET):c.1476G>T (p.Val492=),MET,Benign/Likely benign,"criteria provided, multiple submitters, no conflicts",,,c.1476G>T,,rs528788133,
1588932,NM_000245.4(MET):c.2707T>C (p.Leu903=),MET,Benign/Likely benign,"criteria provided, multiple submitters, no conflicts",,,c.2707T>C,,rs2116984374,
1586405,NM_000245.4(MET):c.3885C>T (p.Tyr1295=),MET,Benign/Likely benign,"criteria provided, multiple submitters, no conflicts",,,c.3885C>T,,rs1795648934,
1581282,NM_000245.4(MET):c.294T>C (p.Cys98=),MET,Benign/Likely benign,"criteria provided, multiple submitters, no conflicts",,,c.294T>C,,rs2116585117,
1580902,NM_000245.4(MET):c.2061T>C (p.Ser687=),MET,Benign/Likely benign,"criteria provided, multiple submitters, no conflicts",,,c.2061T>C,,rs776651937,
219986,NM_000245.4(MET):c.1896G>A (p.Lys632=),MET,Benign/Likely benign,"criteria provided, multiple submitters, no conflicts",,,c.1896G>A,,rs749484691,
219821,NM_000245.4(MET):c.3199C>A (p.Gln1067Lys),MET,Conflicting classifications of pathogenicity,"criteria provided, conflicting classifications",,,c.3199C>A,,rs45628136,
219769,NM_000245.4(MET):c.1063G>A (p.Glu355Lys),MET,Conflicting classifications of pathogenicity,"criteria provided, conflicting classifications",,,c.1063G>A,,rs561295443,
219723,NM_000245.4(MET):c.141C>T (p.Thr47=),MET,Benign/Likely benign,"criteria provided, multiple submitters, no conflicts",,,c.141C>T,,rs864622222,
246630,NM_000245.4(MET):c.2319G>A (p.Pro773=),MET,Benign/Likely benign,"criteria provided, multiple submitters, no conflicts",,,c.2319G>A,,rs141733128,
246628,NM_000245.4(MET):c.1898A>T (p.His633Leu),MET,Conflicting classifications of pathogenicity,"criteria provided, conflicting classifications",,,c.1898A>T,,rs45586239,
246627,NM_000245.4(MET):c.1853C>T (p.Thr618Met),MET,Conflicting classifications of pathogenicity,"criteria provided, conflicting classifications",,,c.1853C>T,,rs753407699,
219395,NM_000245.4(MET):c.798G>A (p.Arg266=),MET,Benign/Likely benign,"criteria provided, multiple submitters, no conflicts",,,c.798G>A,,rs185301166,
216515,NM_000245.4(MET):c.670G>T (p.Asp224Tyr),MET,Conflicting classifications of pathogenicity,"criteria provided, conflicting classifications",,,c.670G>T,,rs765257726,
216514,NM_000245.4(MET):c.665C>T (p.Thr222Met),MET,Conflicting classifications of pathogenicity,"criteria provided, conflicting classifications",,,c.665C>T,,rs200776610,
188364,NM_000245.4(MET):c.1132G>A (p.Val378Ile),MET,Conflicting classifications of pathogenicity,"criteria provided, conflicting classifications",,,c.1132G>A,,rs749738523,
216509,NM_000245.4(MET):c.4057A>G (p.Asn1353Asp),MET,Conflicting classifications of pathogenicity,"criteria provided, conflicting classifications",,,c.4057A>G,,rs374383028,
216508,NM_000245.4(MET):c.3521A>G (p.His1174Arg),MET,Conflicting classifications of pathogenicity,"criteria provided, conflicting classifications",,,c.3521A>G,,rs372830789,
216507,NM_000245.4(MET):c.3497G>A (p.Arg1166Gln),MET,Conflicting classifications of pathogenicity,"criteria provided, conflicting classifications",,,c.3497G>A,,rs199763277,
216506,NM_000245.4(MET):c.3236A>G (p.His1079Arg),MET,Conflicting classifications of pathogenicity,"criteria provided, conflicting classifications",,,c.3236A>G,,rs758292223,
225226,NM_000245.4(MET):c.3011_3028+9del,MET,risk factor,no assertion criteria provided,,,NM_000245.4(MET):c.3011_3028+9del,,rs869320706,
220897,NM_000245.4(MET):c.2685G>A (p.Thr895=),MET,Benign/Likely benign,"criteria provided, multiple submitters, no conflicts",,,c.2685G>A,,rs760722037,
220811,NM_000245.4(MET):c.4122C>T (p.Asn1374=),MET,Benign/Likely benign,"criteria provided, multiple submitters, no conflicts",,,c.4122C>T,,rs370767911,
216500,NM_000245.4(MET):c.1472T>C (p.Ile491Thr),MET,Conflicting classifications of pathogenicity,"criteria provided, conflicting classifications",,,c.1472T>C,,rs561588772,
216499,NM_000245.4(MET):c.1451A>G (p.His484Arg),MET,Conflicting classifications of pathogenicity,"criteria provided, conflicting classifications",,,c.1451A>G,,rs781545528,
216497,NM_000245.4(MET):c.114T>A (p.Asn38Lys),MET,Conflicting classifications of pathogenicity,"criteria provided, conflicting classifications",,,c.114T>A,,rs863224693,
216496,NM_000245.4(MET):c.109G>T (p.Val37Leu),MET,Conflicting classifications of pathogenicity,"criteria provided, conflicting classifications",,,c.109G>T,,rs863224692,
215795,NM_000245.4(MET):c.939G>A (p.Val313=),MET,Benign/Likely benign,"criteria provided, multiple submitters, no conflicts",,,c.939G>A,,rs375716972,
215794,NM_000245.4(MET):c.669A>G (p.Lys223=),MET,Benign/Likely benign,"criteria provided, multiple submitters, no conflicts",,,c.669A>G,,rs863224380,
1598011,NM_000245.4(MET):c.1041A>C (p.Ala347=),MET,Benign/Likely benign,"criteria provided, multiple submitters, no conflicts",,,c.1041A>C,,rs1791515202,
1597504,NM_000245.4(MET):c.618C>T (p.Phe206=),MET,Benign/Likely benign,"criteria provided, multiple submitters, no conflicts",,,c.618C>T,,rs2116593426,
1597280,NM_000245.4(MET):c.3216G>T (p.Gly1072=),MET,Benign/Likely benign,"criteria provided, multiple submitters, no conflicts",,,c.3216G>T,,rs2117031874,
1615577,NM_000245.4(MET):c.258T>G (p.Thr86=),MET,Benign/Likely benign,"criteria provided, multiple submitters, no conflicts",,,c.258T>G,,rs756911444,
1615312,NM_000245.4(MET):c.3855T>C (p.Pro1285=),MET,Benign/Likely benign,"criteria provided, multiple submitters, no conflicts",,,c.3855T>C,,rs1584977903,
1594928,NM_000245.4(MET):c.2550C>T (p.Ile850=),MET,Benign/Likely benign,"criteria provided, multiple submitters, no conflicts",,,c.2550C>T,,rs1424567821,
215792,NM_000245.4(MET):c.2913C>T (p.Tyr971=),MET,Benign/Likely benign,"criteria provided, multiple submitters, no conflicts",,,c.2913C>T,,rs371379572,
215791,NM_000245.4(MET):c.2715C>T (p.Ser905=),MET,Benign/Likely benign,"criteria provided, multiple submitters, no conflicts",,,c.2715C>T,,rs45572835,
215790,NM_000245.4(MET):c.2658C>T (p.His886=),MET,Benign/Likely benign,"criteria provided, multiple submitters, no conflicts",,,c.2658C>T,,rs748950533,
219710,NM_000245.4(MET):c.36C>T (p.Leu12=),MET,Benign/Likely benign,"criteria provided, multiple submitters, no conflicts",,,c.36C>T,,rs188625702,
219692,NM_000245.4(MET):c.4042C>A (p.His1348Asn),MET,Conflicting classifications of pathogenicity,"criteria provided, conflicting classifications",,,c.4042C>A,,rs773772398,
219564,NM_000245.4(MET):c.4017G>C (p.Ala1339=),MET,Benign/Likely benign,"criteria provided, multiple submitters, no conflicts",,,c.4017G>C,,rs2023748,
219460,NM_000245.4(MET):c.2110A>G (p.Asn704Asp),MET,Conflicting classifications of pathogenicity,"criteria provided, conflicting classifications",,,c.2110A>G,,rs373030463,
219422,NM_000245.4(MET):c.2555T>A (p.Met852Lys),MET,Conflicting classifications of pathogenicity,"criteria provided, conflicting classifications",,,c.2555T>A,,rs369758288,
215486,NM_000245.4(MET):c.468G>A (p.Ser156=),MET,Benign/Likely benign,"criteria provided, multiple submitters, no conflicts",,,c.468G>A,,rs576502224,
215485,NM_000245.4(MET):c.3549C>T (p.Gly1183=),MET,Benign/Likely benign,"criteria provided, multiple submitters, no conflicts",,,c.3549C>T,,rs371165052,
198456,NM_000245.4(MET):c.1932C>T (p.His644=),MET,Conflicting classifications of pathogenicity,"criteria provided, conflicting classifications",,,c.1932C>T,,rs45520237,
194024,NM_000245.4(MET):c.2584-7del,MET,Conflicting classifications of pathogenicity,"criteria provided, conflicting classifications",,,NM_000245.4(MET):c.2584-7del,,rs587780736,
1607422,NM_000245.4(MET):c.3799-4C>T,MET,Conflicting classifications of pathogenicity,"criteria provided, conflicting classifications",,,NM_000245.4(MET):c.3799-4C>T,,rs2117107162,
1606837,NM_000245.4(MET):c.2271G>A (p.Gly757=),MET,Benign/Likely benign,"criteria provided, multiple submitters, no conflicts",,,c.2271G>A,,rs755816605,
1600099,NM_000245.4(MET):c.1966-17T>C,MET,Benign/Likely benign,"criteria provided, multiple submitters, no conflicts",,,NM_000245.4(MET):c.1966-17T>C,,rs555288487,
1599829,NM_000245.4(MET):c.2103-7del,MET,Benign/Likely benign,"criteria provided, multiple submitters, no conflicts",,,NM_000245.4(MET):c.2103-7del,,rs761227260,
1599659,NM_000245.4(MET):c.2103-7dup,MET,Benign/Likely benign,"criteria provided, multiple submitters, no conflicts",,,NM_000245.4(MET):c.2103-7dup,,rs761227260,
1618101,NM_000245.4(MET):c.1722C>T (p.Pro574=),MET,Benign/Likely benign,"criteria provided, multiple submitters, no conflicts",,,c.1722C>T,,rs1562920359,
1612212,NM_000245.4(MET):c.576C>T (p.Phe192=),MET,Benign/Likely benign,"criteria provided, multiple submitters, no conflicts",,,c.576C>T,,rs2116592376,
1623143,NM_000245.4(MET):c.1149G>A (p.Val383=),MET,Conflicting classifications of pathogenicity,"criteria provided, conflicting classifications",,,c.1149G>A,,rs1033586067,
1645097,NM_000245.4(MET):c.2088A>G (p.Thr696=),MET,Benign/Likely benign,"criteria provided, multiple submitters, no conflicts",,,c.2088A>G,,rs201378674,
1644333,NM_000245.4(MET):c.3495T>C (p.Leu1165=),MET,Benign/Likely benign,"criteria provided, multiple submitters, no conflicts",,,c.3495T>C,,rs758902071,
1641782,NM_000245.4(MET):c.378T>C (p.Tyr126=),MET,Benign/Likely benign,"criteria provided, multiple submitters, no conflicts",,,c.378T>C,,rs2116587316,
188337,NM_000245.4(MET):c.2198C>T (p.Thr733Ile),MET,Conflicting classifications of pathogenicity,"criteria provided, conflicting classifications",,,c.2198C>T,,rs201271860,
188288,NM_000245.4(MET):c.3065G>A (p.Arg1022Gln),MET,Benign/Likely benign,"criteria provided, multiple submitters, no conflicts",,,c.3065G>A,,rs45612435,
188285,NM_000245.4(MET):c.1984A>G (p.Ile662Val),MET,Conflicting classifications of pathogenicity,"criteria provided, conflicting classifications",,,c.1984A>G,,rs765244598,
216501,NM_000245.4(MET):c.1644G>A (p.Ser548=),MET,Benign/Likely benign,"criteria provided, multiple submitters, no conflicts",,,c.1644G>A,,rs750584257,
188112,NM_000245.4(MET):c.40C>T (p.Leu14Phe),MET,Conflicting classifications of pathogenicity,"criteria provided, conflicting classifications",,,c.40C>T,,rs763344951,
187365,NM_000245.4(MET):c.732T>G (p.Ser244=),MET,Benign/Likely benign,"criteria provided, multiple submitters, no conflicts",,,c.732T>G,,rs770202229,
187360,NM_000245.4(MET):c.2455G>A (p.Ala819Thr),MET,Conflicting classifications of pathogenicity,"criteria provided, conflicting classifications",,,c.2455G>A,,rs786203672,
142060,NM_000245.4(MET):c.2543T>C (p.Val848Ala),MET,Conflicting classifications of pathogenicity,"criteria provided, conflicting classifications",,,c.2543T>C,,rs587782205,
142059,NM_000245.4(MET):c.406G>A (p.Val136Ile),MET,Conflicting classifications of pathogenicity,"criteria provided, conflicting classifications",,,c.406G>A,,rs199701987,
186953,NM_000245.4(MET):c.1497T>C (p.Asn499=),MET,Benign/Likely benign,"criteria provided, multiple submitters, no conflicts",,,c.1497T>C,,rs199922867,
186678,NM_000245.4(MET):c.2825C>T (p.Ser942Leu),MET,Conflicting classifications of pathogenicity,"criteria provided, conflicting classifications",,,c.2825C>T,,rs375576430,
215788,NM_000245.4(MET):c.2337G>A (p.Val779=),MET,Benign/Likely benign,"criteria provided, multiple submitters, no conflicts",,,c.2337G>A,,rs863224377,
215787,NM_000245.4(MET):c.1626C>T (p.His542=),MET,Benign/Likely benign,"criteria provided, multiple submitters, no conflicts",,,c.1626C>T,,rs762898756,
215786,NM_000245.4(MET):c.1485A>G (p.Thr495=),MET,Benign/Likely benign,"criteria provided, multiple submitters, no conflicts",,,c.1485A>G,,rs760256871,
215785,NM_000245.4(MET):c.1170C>T (p.Tyr390=),MET,Benign/Likely benign,"criteria provided, multiple submitters, no conflicts",,,c.1170C>T,,rs45552236,
185464,NM_000245.4(MET):c.2278A>G (p.Ile760Val),MET,Conflicting classifications of pathogenicity,"criteria provided, conflicting classifications",,,c.2278A>G,,rs786202191,
184678,NM_000245.4(MET):c.3684C>T (p.Asp1228=),MET,Benign/Likely benign,"criteria provided, multiple submitters, no conflicts",,,c.3684C>T,,rs786201612,
184639,NM_000245.4(MET):c.1263C>T (p.Thr421=),MET,Benign/Likely benign,"criteria provided, multiple submitters, no conflicts",,,c.1263C>T,,rs45499391,
184563,NM_000245.4(MET):c.3798+5T>C,MET,Conflicting classifications of pathogenicity,"criteria provided, conflicting classifications",,,NM_000245.4(MET):c.3798+5T>C,,rs368150874,
184430,NM_000245.4(MET):c.3477C>T (p.Tyr1159=),MET,Benign/Likely benign,"criteria provided, multiple submitters, no conflicts",,,c.3477C>T,,rs372238373,
188358,NM_000245.4(MET):c.1715G>A (p.Ser572Asn),MET,Conflicting classifications of pathogenicity,"criteria provided, conflicting classifications",,,c.1715G>A,,rs199771406,
1618229,NM_000245.4(MET):c.2406C>T (p.Thr802=),MET,Benign/Likely benign,"criteria provided, multiple submitters, no conflicts",,,c.2406C>T,,rs1433483763,
1631342,NM_000245.4(MET):c.207C>T (p.Tyr69=),MET,Benign/Likely benign,"criteria provided, multiple submitters, no conflicts",,,c.207C>T,,rs1454856933,
1658416,NM_000245.4(MET):c.3028+11G>T,MET,Benign/Likely benign,"criteria provided, multiple submitters, no conflicts",,,NM_000245.4(MET):c.3028+11G>T,,rs369191825,
1627509,NM_000245.4(MET):c.1863-12T>G,MET,Conflicting classifications of pathogenicity,"criteria provided, conflicting classifications",,,NM_000245.4(MET):c.1863-12T>G,,rs35189619,
1627199,NM_000245.4(MET):c.2443C>T (p.Leu815=),MET,Benign/Likely benign,"criteria provided, multiple submitters, no conflicts",,,c.2443C>T,,rs2116955196,
4748726,NM_000245.4(MET):c.536C>T (p.Ala179Val),MET,Conflicting classifications of pathogenicity,"criteria provided, conflicting classifications",,,c.536C>T,,,
184359,NM_000245.4(MET):c.146A>G (p.Glu49Gly),MET,Conflicting classifications of pathogenicity,"criteria provided, conflicting classifications",,,c.146A>G,,rs370499060,
184358,NM_000245.4(MET):c.1669A>G (p.Thr557Ala),MET,Conflicting classifications of pathogenicity,"criteria provided, conflicting classifications",,,c.1669A>G,,rs374733251,
167292,NM_000245.4(MET):c.901A>G (p.Thr301Ala),MET,Conflicting classifications of pathogenicity,"criteria provided, conflicting classifications",,,c.901A>G,,rs201687037,
167291,NM_000245.4(MET):c.-14-4G>A,MET,Benign/Likely benign,"criteria provided, multiple submitters, no conflicts",,,NM_000245.4(MET):c.-14-4G>A,,rs144126521,
188266,NM_000245.4(MET):c.4144C>T (p.Arg1382Ter),MET,Conflicting classifications of pathogenicity,"criteria provided, conflicting classifications",,,c.4144C>T,,rs200315561,
188257,NM_000245.4(MET):c.818C>G (p.Thr273Ser),MET,Conflicting classifications of pathogenicity,"criteria provided, conflicting classifications",,,c.818C>G,,rs368144654,
188184,NM_000245.4(MET):c.2909G>A (p.Arg970His),MET,Conflicting classifications of pathogenicity,"criteria provided, conflicting classifications",,,c.2909G>A,,rs45607832,
135960,NM_000245.4(MET):c.1412G>A (p.Gly471Glu),MET,Conflicting classifications of pathogenicity,"criteria provided, conflicting classifications",,,c.1412G>A,,rs373312981,
135957,NM_000245.4(MET):c.1191C>T (p.Cys397=),MET,Benign/Likely benign,"criteria provided, multiple submitters, no conflicts",,,c.1191C>T,,rs35763409,
142899,NM_000245.4(MET):c.1051C>G (p.Pro351Ala),MET,Conflicting classifications of pathogenicity,"criteria provided, conflicting classifications",,,c.1051C>G,,rs587782807,
1647375,NM_000245.4(MET):c.3372T>C (p.Phe1124=),MET,Benign/Likely benign,"criteria provided, multiple submitters, no conflicts",,,c.3372T>C,,rs2117045349,
1673694,NM_000245.4(MET):c.2475G>A (p.Gly825=),MET,Benign/Likely benign,"criteria provided, multiple submitters, no conflicts",,,c.2475G>A,,rs891908277,
1670661,NM_000245.4(MET):c.2046A>G (p.Leu682=),MET,Benign/Likely benign,"criteria provided, multiple submitters, no conflicts",,,c.2046A>G,,rs760609715,
1634616,NM_000245.4(MET):c.43C>T (p.Leu15=),MET,Benign/Likely benign,"criteria provided, multiple submitters, no conflicts",,,c.43C>T,,rs2116578733,
135558,NM_000245.4(MET):c.1701+75T>G,MET,not provided,no classification provided,,,NM_000245.4(MET):c.1701+75T>G,,rs553431706,
141889,NM_000245.4(MET):c.623A>G (p.Asp208Gly),MET,Conflicting classifications of pathogenicity,"criteria provided, conflicting classifications",,,c.623A>G,,rs587782086,
135979,NM_000245.4(MET):c.960G>A (p.Ala320=),MET,Benign/Likely benign,"criteria provided, multiple submitters, no conflicts",,,c.960G>A,,rs191198682,
135978,NM_000245.4(MET):c.959C>T (p.Ala320Val),MET,Conflicting classifications of pathogenicity,"criteria provided, conflicting classifications",,,c.959C>T,,rs35776110,
135977,NM_000245.4(MET):c.789G>A (p.Thr263=),MET,Benign/Likely benign,"criteria provided, multiple submitters, no conflicts",,,c.789G>A,,rs554190225,
135976,NM_000245.4(MET):c.713T>C (p.Leu238Ser),MET,Conflicting classifications of pathogenicity,"criteria provided, conflicting classifications",,,c.713T>C,,rs34349517,
135975,NM_000245.4(MET):c.689C>T (p.Thr230Met),MET,Conflicting classifications of pathogenicity,"criteria provided, conflicting classifications",,,c.689C>T,,rs587780740,
135974,NM_000245.4(MET):c.65G>T (p.Ser22Ile),MET,Conflicting classifications of pathogenicity,"criteria provided, conflicting classifications",,,c.65G>T,,rs587780739,
185606,NM_000245.4(MET):c.1081G>T (p.Ala361Ser),MET,Conflicting classifications of pathogenicity,"criteria provided, conflicting classifications",,,c.1081G>T,,rs786202310,
134649,NM_000245.4(MET):c.71G>A (p.Gly24Glu),MET,Conflicting classifications of pathogenicity,"criteria provided, conflicting classifications",,,c.71G>A,,rs180985111,
134647,NM_000245.4(MET):c.510C>G (p.Ser170Arg),MET,Conflicting classifications of pathogenicity,"criteria provided, conflicting classifications",,,c.510C>G,,rs587778442,
135973,NM_000245.4(MET):c.639G>A (p.Ser213=),MET,Benign/Likely benign,"criteria provided, multiple submitters, no conflicts",,,c.639G>A,,rs587780738,
135972,NM_000245.4(MET):c.585C>T (p.Phe195=),MET,Benign/Likely benign,"criteria provided, multiple submitters, no conflicts",,,c.585C>T,,rs587780737,
135971,NM_000245.4(MET):c.467C>T (p.Ser156Leu),MET,Conflicting classifications of pathogenicity,"criteria provided, conflicting classifications",,,c.467C>T,,rs56311081,
41630,NM_000245.4(MET):c.967A>G (p.Ser323Gly),MET,Conflicting classifications of pathogenicity,"criteria provided, conflicting classifications",,,c.967A>G,,rs201467281,
41629,NM_000245.4(MET):c.948A>G (p.Ile316Met),MET,Benign/Likely benign,"criteria provided, multiple submitters, no conflicts",,,c.948A>G,,rs35225896,
134646,NM_000245.4(MET):c.103A>T (p.Met35Leu),MET,Conflicting classifications of pathogenicity,"criteria provided, conflicting classifications",,,c.103A>T,,rs375353223,
134645,NM_000245.4(MET):c.3522T>C (p.His1174=),MET,Benign/Likely benign,"criteria provided, multiple submitters, no conflicts",,,c.3522T>C,,rs146651797,
134644,NM_000245.4(MET):c.2977A>G (p.Thr993Ala),MET,Conflicting classifications of pathogenicity,"criteria provided, conflicting classifications",,,c.2977A>G,,rs587778441,
135970,NM_000245.4(MET):c.4105T>C (p.Leu1369=),MET,Benign/Likely benign,"criteria provided, multiple submitters, no conflicts",,,c.4105T>C,,rs45575438,
135968,NM_000245.4(MET):c.4007G>A (p.Arg1336Gln),MET,Conflicting classifications of pathogenicity,"criteria provided, conflicting classifications",,,c.4007G>A,,rs369312680,
135967,NM_000245.4(MET):c.3810C>T (p.Gly1270=),MET,Benign/Likely benign,"criteria provided, multiple submitters, no conflicts",,,c.3810C>T,,rs200865810,
135966,NM_000245.4(MET):c.3218C>T (p.Pro1073Leu),MET,Conflicting classifications of pathogenicity,"criteria provided, conflicting classifications",,,c.3218C>T,,rs370529693,
135965,NM_000245.4(MET):c.2584-9T>C,MET,Benign/Likely benign,"criteria provided, multiple submitters, no conflicts",,,NM_000245.4(MET):c.2584-9T>C,,rs74994656,
135963,NM_000245.4(MET):c.2216G>A (p.Arg739His),MET,Conflicting classifications of pathogenicity,"criteria provided, conflicting classifications",,,c.2216G>A,,rs45553236,
135962,NM_000245.4(MET):c.1739G>A (p.Arg580Lys),MET,Conflicting classifications of pathogenicity,"criteria provided, conflicting classifications",,,c.1739G>A,,rs201975130,
93579,NM_000245.4(MET):c.654G>A (p.Arg218=),MET,Benign/Likely benign,"criteria provided, multiple submitters, no conflicts",,,c.654G>A,,rs35284565,
93577,NM_000245.4(MET):c.4117G>C (p.Asp1373His),MET,Conflicting classifications of pathogenicity,"criteria provided, conflicting classifications",,,c.4117G>C,,rs398123570,
135559,NM_000245.4(MET):c.1701+80dup,MET,not provided,no classification provided,,,NM_000245.4(MET):c.1701+80dup,,rs587777951,
1634054,NM_000245.4(MET):c.1887C>T (p.Ala629=),MET,Benign/Likely benign,"criteria provided, multiple submitters, no conflicts",,,c.1887C>T,,rs1191956704,
1662805,NM_000245.4(MET):c.3523-10T>C,MET,Conflicting classifications of pathogenicity,"criteria provided, conflicting classifications",,,NM_000245.4(MET):c.3523-10T>C,,rs2117059286,
1655629,NM_000245.4(MET):c.2370T>C (p.Cys790=),MET,Benign/Likely benign,"criteria provided, multiple submitters, no conflicts",,,c.2370T>C,,rs942322578,
1651432,NM_000245.4(MET):c.2304T>C (p.Asn768=),MET,Benign/Likely benign,"criteria provided, multiple submitters, no conflicts",,,c.2304T>C,,rs2116938117,
1675011,NM_000245.4(MET):c.672T>C (p.Asp224=),MET,Benign/Likely benign,"criteria provided, multiple submitters, no conflicts",,,c.672T>C,,rs2116594941,
1735729,NM_000245.4(MET):c.3819C>G (p.Leu1273=),MET,Benign/Likely benign,"criteria provided, multiple submitters, no conflicts",,,c.3819C>G,,rs367772588,
1735709,NM_000245.4(MET):c.3816C>T (p.Leu1272=),MET,Benign/Likely benign,"criteria provided, multiple submitters, no conflicts",,,c.3816C>T,,rs757012119,
135557,NM_000245.4(MET):c.1701+58_1701+59insTG,MET,not provided,no classification provided,,,NM_000245.4(MET):c.1701+58_1701+59insTG,,rs587777950,
135555,NM_000245.4(MET):c.-14-3297G>C,MET,not provided,no classification provided,,,NM_000245.4(MET):c.-14-3297G>C,,rs80048442,
135554,NM_000245.4(MET):c.-14-3314A>T,MET,not provided,no classification provided,,,NM_000245.4(MET):c.-14-3314A>T,,rs80153920,
134655,NM_000245.4(MET):c.1972G>A (p.Val658Ile),MET,Conflicting classifications of pathogenicity,"criteria provided, conflicting classifications",,,c.1972G>A,,rs587778446,
134654,NM_000245.4(MET):c.1771C>T (p.Arg591Trp),MET,Conflicting classifications of pathogenicity,"criteria provided, conflicting classifications",,,c.1771C>T,,rs45602940,
134653,NM_000245.4(MET):c.1723C>A (p.Leu575Ile),MET,Benign/Likely benign,"criteria provided, multiple submitters, no conflicts",,,c.1723C>A,,rs587778445,
134652,NM_000245.4(MET):c.1660G>A (p.Gly554Arg),MET,Conflicting classifications of pathogenicity,"criteria provided, conflicting classifications",,,c.1660G>A,,rs200218511,
134651,NM_000245.4(MET):c.4087G>A (p.Ala1363Thr),MET,Benign/Likely benign,"criteria provided, multiple submitters, no conflicts",,,c.4087G>A,,rs45578433,
93565,NM_000245.4(MET):c.1085T>C (p.Met362Thr),MET,Benign/Likely benign,"criteria provided, multiple submitters, no conflicts",,,c.1085T>C,,rs77523018,
93564,NM_000245.4(MET):c.1076G>A (p.Arg359Gln),MET,Conflicting classifications of pathogenicity,"criteria provided, conflicting classifications",,,c.1076G>A,,rs201274041,
1734695,NM_000245.4(MET):c.3708T>C (p.Ser1236=),MET,Benign/Likely benign,"criteria provided, multiple submitters, no conflicts",,,c.3708T>C,,rs2117066371,
1734426,NM_000245.4(MET):c.3682G>T (p.Asp1228Tyr),MET,Conflicting classifications of pathogenicity,"criteria provided, conflicting classifications",,,c.3682G>T,,rs121913671,
1695482,NM_000245.4(MET):c.175G>A (p.Glu59Lys),MET,Conflicting classifications of pathogenicity,"criteria provided, conflicting classifications",,,c.175G>A,,rs2116582173,
1692567,NM_000245.4(MET):c.62G>A (p.Arg21Lys),MET,Conflicting classifications of pathogenicity,"criteria provided, conflicting classifications",,,c.62G>A,,rs964356368,
1732493,NM_000245.4(MET):c.3489A>C (p.Gly1163=),MET,Benign/Likely benign,"criteria provided, multiple submitters, no conflicts",,,c.3489A>C,,rs753101831,
1734910,NM_000245.4(MET):c.3735G>T (p.Leu1245=),MET,Benign/Likely benign,"criteria provided, multiple submitters, no conflicts",,,c.3735G>T,,rs1323787899,
134642,NM_000245.4(MET):c.2548A>G (p.Ile850Val),MET,Conflicting classifications of pathogenicity,"criteria provided, conflicting classifications",,,c.2548A>G,,rs200524064,
132773,NM_000245.4(MET):c.1233G>A (p.Ala411=),MET,Benign/Likely benign,"criteria provided, multiple submitters, no conflicts",,,c.1233G>A,,rs374081963,
132765,NM_000245.4(MET):c.1659C>T (p.Ser553=),MET,Benign/Likely benign,"criteria provided, multiple submitters, no conflicts",,,c.1659C>T,,rs377284387,
132742,NM_000245.4(MET):c.3168T>C (p.Ser1056=),MET,Benign/Likely benign,"criteria provided, multiple submitters, no conflicts",,,c.3168T>C,,rs376069508,
132741,NM_000245.4(MET):c.776T>C (p.Ile259Thr),MET,Conflicting classifications of pathogenicity,"criteria provided, conflicting classifications",,,c.776T>C,,rs587780548,
132694,NM_000245.4(MET):c.1039G>A (p.Ala347Thr),MET,Conflicting classifications of pathogenicity,"criteria provided, conflicting classifications",,,c.1039G>A,,rs200074800,
132689,NM_000245.4(MET):c.3867C>T (p.Thr1289=),MET,Benign/Likely benign,"criteria provided, multiple submitters, no conflicts",,,c.3867C>T,,rs587780532,
41616,NM_000245.4(MET):c.1304G>A (p.Ser435Asn),MET,Conflicting classifications of pathogenicity,"criteria provided, conflicting classifications",,,c.1304G>A,,rs199761604,
41613,NM_000245.4(MET):c.1232C>T (p.Ala411Val),MET,Conflicting classifications of pathogenicity,"criteria provided, conflicting classifications",,,c.1232C>T,,rs201154533,
1729975,NM_000245.4(MET):c.3246A>G (p.Glu1082=),MET,Benign/Likely benign,"criteria provided, multiple submitters, no conflicts",,,c.3246A>G,,rs1794955289,
1733324,NM_000245.4(MET):c.3567C>A (p.Ala1189=),MET,Benign/Likely benign,"criteria provided, multiple submitters, no conflicts",,,c.3567C>A,,rs1022818610,
1731193,NM_000245.4(MET):c.3360A>G (p.Glu1120=),MET,Benign/Likely benign,"criteria provided, multiple submitters, no conflicts",,,c.3360A>G,,rs1795066858,
41610,NM_000245.4(MET):c.110T>C (p.Val37Ala),MET,Benign/Likely benign,"criteria provided, multiple submitters, no conflicts",,,c.110T>C,,rs201315884,
41620,NM_000245.4(MET):c.1810C>G (p.Leu604Val),MET,Conflicting classifications of pathogenicity,"criteria provided, conflicting classifications",,,c.1810C>G,,rs201861645,
4879381,GRCh37/hg19 7q31.1-31.31(chr7:109516655-120492422)x1,ANKRD7,not provided,no classification provided,,,GRCh37/hg19 7q31.1-31.31(chr7:109516655-120492422)x1,,,
41628,NM_000245.4(MET):c.607T>A (p.Ser203Thr),MET,Conflicting classifications of pathogenicity,"criteria provided, conflicting classifications",,,c.607T>A,,rs200861145,
41612,NM_000245.4(MET):c.1180C>A (p.His394Asn),MET,Conflicting classifications of pathogenicity,"criteria provided, conflicting classifications",,,c.1180C>A,,rs201628326,
41611,NM_000245.4(MET):c.1124A>G (p.Asn375Ser),MET,Benign/Likely benign,"criteria provided, multiple submitters, no conflicts",,,c.1124A>G,,rs33917957,
