variation_id,name,gene_symbol,clinical_significance,review_status,condition,variant_type,cdna_change,protein_change,rs_id,last_updated
4879771,NM_004484.4(GPC3):c.1090_1099del (p.Glu364fs),GPC3,Pathogenic,"criteria provided, single submitter",,,c.1090_1099del,,,
11685,NM_004484.4(GPC3):c.194_206del (p.Cys65fs),GPC3,Pathogenic,no assertion criteria provided,,,c.194_206del,,rs869025181,
11686,NC_000023.11:g.133596443_133596602del,GPC3,Pathogenic,no assertion criteria provided,,,NC_000023.11:g.133596443_133596602del,,,
4852056,GRCh38/hg38 Xq21.31-28(chrX:89027698-156040895)x1,ABCD1,Pathogenic,"criteria provided, single submitter",,,GRCh38/hg38 Xq21.31-28(chrX:89027698-156040895)x1,,,
4851495,GRCh37/hg19 Xq26.2-28(chrX:131207885-155233731)x1,MIR503,Pathogenic,"criteria provided, single submitter",,,GRCh37/hg19 Xq26.2-28(chrX:131207885-155233731)x1,,,
4851184,GRCh37/hg19 Xq11.1-28(chrX:61882086-155233731)x3,ABCB7,Pathogenic,"criteria provided, single submitter",,,GRCh37/hg19 Xq11.1-28(chrX:61882086-155233731)x3,,,
4851007,GRCh37/hg19 Xq22.3-27.3(chrX:104934413-146443698)x1,ACSL4,Pathogenic,"criteria provided, single submitter",,,GRCh37/hg19 Xq22.3-27.3(chrX:104934413-146443698)x1,,,
4729112,NM_004484.4(GPC3):c.38_39del (p.Ala13fs),GPC3,Pathogenic,"criteria provided, single submitter",,,c.38_39del,,,
4683026,GRCh37/hg19 Xq23-28(chrX:113417246-155233731)x1,ABCD1,Pathogenic,"criteria provided, single submitter",,,GRCh37/hg19 Xq23-28(chrX:113417246-155233731)x1,,,
4539014,Single allele,PGAM4,Pathogenic,no assertion criteria provided,,,Single allele,,,
253572,GRCh37/hg19 Xq11.1-28(chrX:62063537-155250222)x3,IGBP1,Pathogenic,"criteria provided, single submitter",,,GRCh37/hg19 Xq11.1-28(chrX:62063537-155250222)x3,,,
253579,GRCh37/hg19 Xq25-28(chrX:121022022-155211482)x1,ABCD1,Pathogenic,"criteria provided, single submitter",,,GRCh37/hg19 Xq25-28(chrX:121022022-155211482)x1,,,
253532,GRCh37/hg19 Xq26.1-26.2(chrX:129760788-132675352)x0,ARHGAP36,Pathogenic,"criteria provided, single submitter",,,GRCh37/hg19 Xq26.1-26.2(chrX:129760788-132675352)x0,,,
253495,GRCh37/hg19 Xp22.33-q28(chrX:71267-155224766)x1,ABCB7,Pathogenic,"criteria provided, single submitter",,,GRCh37/hg19 Xp22.33-q28(chrX:71267-155224766)x1,,,
253487,GRCh37/hg19 Xp22.33-q28(chrX:2707626-155250222)x2,ABCB7,Pathogenic,"criteria provided, single submitter",,,GRCh37/hg19 Xp22.33-q28(chrX:2707626-155250222)x2,,,
253492,GRCh37/hg19 Xp22.33-q28(chrX:71267-155255839)x1,ABCB7,Pathogenic,"criteria provided, single submitter",,,GRCh37/hg19 Xp22.33-q28(chrX:71267-155255839)x1,,,
58553,GRCh38/hg38 Xp22.33-q28(chrX:26101-155999293)x3,DLG3,Pathogenic,"criteria provided, single submitter",,,GRCh38/hg38 Xp22.33-q28(chrX:26101-155999293)x3,,,
57987,GRCh38/hg38 Xq25-28(chrX:126537861-155996431)x1,ABCD1,Pathogenic,"criteria provided, single submitter",,,GRCh38/hg38 Xq25-28(chrX:126537861-155996431)x1,,,
253469,GRCh37/hg19 Xq26.1-26.2(chrX:129796796-132686500)x0,ARHGAP36,Pathogenic,"criteria provided, single submitter",,,GRCh37/hg19 Xq26.1-26.2(chrX:129796796-132686500)x0,,,
253458,GRCh37/hg19 Xp22.33-q28(chrX:150002-155234036)x2,ABCB7,Pathogenic,"criteria provided, single submitter",,,GRCh37/hg19 Xp22.33-q28(chrX:150002-155234036)x2,,,
253438,GRCh37/hg19 Xp22.33-q28(chrX:176426-155250222)x3,PLXNA3,Pathogenic,"criteria provided, single submitter",,,GRCh37/hg19 Xp22.33-q28(chrX:176426-155250222)x3,,,
58668,GRCh38/hg38 Xq25-28(chrX:123731372-155687381)x3,LOC130068880,Pathogenic,"criteria provided, single submitter",,,GRCh38/hg38 Xq25-28(chrX:123731372-155687381)x3,,,
58586,GRCh38/hg38 Xp22.33-q28(chrX:2790845-155699618)x3,LOC130068510,Pathogenic,"criteria provided, single submitter",,,GRCh38/hg38 Xp22.33-q28(chrX:2790845-155699618)x3,,,
58555,GRCh38/hg38 Xp22.33-q28(chrX:27245-155996431)x3,LOC125467762,Pathogenic,"criteria provided, single submitter",,,GRCh38/hg38 Xp22.33-q28(chrX:27245-155996431)x3,,,
372372,NM_004484.4(GPC3):c.175G>T (p.Gly59Ter),GPC3,Pathogenic,"criteria provided, single submitter",,,c.175G>T,,rs1057517739,
265343,NM_004484.4(GPC3):c.175+1G>A,GPC3,Pathogenic,"criteria provided, single submitter",,,NM_004484.4(GPC3):c.175+1G>A,,rs886039489,
57971,GRCh38/hg38 Xq22.1-28(chrX:100524562-155669954)x1,ABCD1,Pathogenic,"criteria provided, single submitter",,,GRCh38/hg38 Xq22.1-28(chrX:100524562-155669954)x1,,,
57924,GRCh38/hg38 Xq11.1-28(chrX:63279794-155939524)x1,LOC126863290,Pathogenic,"criteria provided, single submitter",,,GRCh38/hg38 Xq11.1-28(chrX:63279794-155939524)x1,,,
265319,NM_004484.4(GPC3):c.1437del (p.Gly481fs),GPC3,Pathogenic,"criteria provided, single submitter",,,c.1437del,,rs886039473,
253624,GRCh37/hg19 Xp22.33-q28(chrX:60701-155246271)x3,ABCB7,Pathogenic,"criteria provided, single submitter",,,GRCh37/hg19 Xp22.33-q28(chrX:60701-155246271)x3,,,
253652,GRCh37/hg19 Xp22.33-q28(chrX:71267-155246643)x3,MIR98,Pathogenic,"criteria provided, single submitter",,,GRCh37/hg19 Xp22.33-q28(chrX:71267-155246643)x3,,,
265186,NM_004484.4(GPC3):c.213_214del (p.Cys72fs),GPC3,Pathogenic,"criteria provided, single submitter",,,c.213_214del,,rs886039384,
417449,NC_000023.10:g.(?_132795758)_(132888203_?)del,GPC3,Pathogenic,"criteria provided, single submitter",,,NC_000023.10:g.(?_132795758)_(132888203_?)del,,,
443632,GRCh37/hg19 Xq26.2-26.3(chrX:133081342-135086194)x0,CCDC160,Pathogenic,no assertion criteria provided,,,GRCh37/hg19 Xq26.2-26.3(chrX:133081342-135086194)x0,,,
443630,GRCh37/hg19 Xq23-28(chrX:112474054-155233731)x1,ABCD1,Pathogenic,no assertion criteria provided,,,GRCh37/hg19 Xq23-28(chrX:112474054-155233731)x1,,,
253616,GRCh37/hg19 Xq11.1-28(chrX:62063537-155246643)x3,ABCB7,Pathogenic,"criteria provided, single submitter",,,GRCh37/hg19 Xq11.1-28(chrX:62063537-155246643)x3,,,
253613,GRCh37/hg19 Xp22.2-q28(chrX:13147668-155250222)x3,ABCB7,Pathogenic,"criteria provided, single submitter",,,GRCh37/hg19 Xp22.2-q28(chrX:13147668-155250222)x3,,,
253602,GRCh37/hg19 Xp22.33-q28(chrX:176426-155236656)x3,ABCD1,Pathogenic,"criteria provided, single submitter",,,GRCh37/hg19 Xp22.33-q28(chrX:176426-155236656)x3,,,
253583,GRCh37/hg19 Xp22.33-q28(chrX:225816-155234036)x2,ABCB7,Pathogenic,"criteria provided, single submitter",,,GRCh37/hg19 Xp22.33-q28(chrX:225816-155234036)x2,,,
395718,GRCh37/hg19 Xp22.33-q28(chrX:70297-155246585)x1,RRAGB,Pathogenic,no assertion criteria provided,,,GRCh37/hg19 Xp22.33-q28(chrX:70297-155246585)x1,,,
395687,GRCh37/hg19 Xp22.33-q28(chrX:70297-155255792),FAM120C,Pathogenic,no assertion criteria provided,,,GRCh37/hg19 Xp22.33-q28(chrX:70297-155255792),,,
395686,GRCh37/hg19 Xp22.33-q28(chrX:70297-155255792)x4,ABCB7,Pathogenic,no assertion criteria provided,,,GRCh37/hg19 Xp22.33-q28(chrX:70297-155255792)x4,,,
395246,GRCh37/hg19 Xq21.33-28(chrX:94043221-155246585)x1,XIAP,Pathogenic,no assertion criteria provided,,,GRCh37/hg19 Xq21.33-28(chrX:94043221-155246585)x1,,,
395066,GRCh37/hg19 Xq22.3-28(chrX:105694656-155224707)x1,ABCD1,Pathogenic,no assertion criteria provided,,,GRCh37/hg19 Xq22.3-28(chrX:105694656-155224707)x1,,,
394706,GRCh37/hg19 Xp22.33-q28(chrX:60701-155246225)x3,RAB33A,Pathogenic,no assertion criteria provided,,,GRCh37/hg19 Xp22.33-q28(chrX:60701-155246225)x3,,,
394672,GRCh37/hg19 Xp22.33-q28(chrX:318707-155224707)x1,GPRASP3,Pathogenic,no assertion criteria provided,,,GRCh37/hg19 Xp22.33-q28(chrX:318707-155224707)x1,,,
394066,GRCh37/hg19 Xq13.2-27.1(chrX:72224362-139262228)x4,TCP11X2,Pathogenic,no assertion criteria provided,,,GRCh37/hg19 Xq13.2-27.1(chrX:72224362-139262228)x4,,,
394013,GRCh37/hg19 Xp22.33-q28(chrX:71267-155255792)x1,ABCB7,Pathogenic,no assertion criteria provided,,,GRCh37/hg19 Xp22.33-q28(chrX:71267-155255792)x1,,,
442646,GRCh37/hg19 Xp11.21-q28(chrX:57415659-155233731)x3,ABCB7,Pathogenic,no assertion criteria provided,,,GRCh37/hg19 Xp11.21-q28(chrX:57415659-155233731)x3,,,
442531,GRCh37/hg19 Xp11.21-q28(chrX:55000501-155230750)x3,ABCB7,Pathogenic,no assertion criteria provided,,,GRCh37/hg19 Xp11.21-q28(chrX:55000501-155230750)x3,,,
442422,GRCh37/hg19 Xq21.31-28(chrX:86900388-155233731)x1,ABCD1,Pathogenic,no assertion criteria provided,,,GRCh37/hg19 Xq21.31-28(chrX:86900388-155233731)x1,,,
443504,GRCh37/hg19 Xp21.2-q28(chrX:31088082-155233731)x1,PSMD10,Pathogenic,no assertion criteria provided,,,GRCh37/hg19 Xp21.2-q28(chrX:31088082-155233731)x1,,,
443017,GRCh37/hg19 Xp11.21-q28(chrX:56457791-155233731)x3,ABCB7,Pathogenic,no assertion criteria provided,,,GRCh37/hg19 Xp11.21-q28(chrX:56457791-155233731)x3,,,
442945,GRCh37/hg19 Xq21.1-28(chrX:78230501-155233731)x1,AFF2,Pathogenic,no assertion criteria provided,,,GRCh37/hg19 Xq21.1-28(chrX:78230501-155233731)x1,,,
442724,GRCh37/hg19 Xp22.33-q28(chrX:168547-151304063)x1,APLN,Pathogenic,no assertion criteria provided,,,GRCh37/hg19 Xp22.33-q28(chrX:168547-151304063)x1,,,
442712,GRCh37/hg19 Xq22.1-28(chrX:98495811-155233731)x1,ABCD1,Pathogenic,no assertion criteria provided,,,GRCh37/hg19 Xq22.1-28(chrX:98495811-155233731)x1,,,
442262,GRCh37/hg19 Xq24-28(chrX:116621104-155233731)x1,ABCD1,Pathogenic,no assertion criteria provided,,,GRCh37/hg19 Xq24-28(chrX:116621104-155233731)x1,,,
442001,GRCh37/hg19 Xq21.1-28(chrX:79862302-155233731)x1,RPL39,Pathogenic,no assertion criteria provided,,,GRCh37/hg19 Xq21.1-28(chrX:79862302-155233731)x1,,,
443974,GRCh37/hg19 Xp22.33-q28(chrX:168547-155233731),ABCB7,Pathogenic,no assertion criteria provided,,,GRCh37/hg19 Xp22.33-q28(chrX:168547-155233731),,,
442321,GRCh37/hg19 Xp11.21-q28(chrX:57511767-155233731)x3,NXT2,Pathogenic,no assertion criteria provided,,,GRCh37/hg19 Xp11.21-q28(chrX:57511767-155233731)x3,,,
564884,GRCh37/hg19 Xq22.3-28(chrX:107823442-155233731)x1,ABCD1,Pathogenic,"criteria provided, single submitter",,,GRCh37/hg19 Xq22.3-28(chrX:107823442-155233731)x1,,,
564888,GRCh37/hg19 Xq24-27.1(chrX:117998704-140159954)x3,ACTRT1,Pathogenic,no assertion criteria provided,,,GRCh37/hg19 Xq24-27.1(chrX:117998704-140159954)x3,,,
488014,Single allele,ARAF,Pathogenic,"criteria provided, single submitter",,,Single allele,,,
476661,NM_004484.4(GPC3):c.629_654delinsCTTGCA (p.Asn210fs),GPC3,Pathogenic,"criteria provided, single submitter",,,c.629_654delinsCTTGCA,,rs1556297749,
1341233,GRCh37/hg19 Xp22.33-q28(chrX:168546-155233731)x1,CCDC120,Pathogenic,no assertion criteria provided,,,GRCh37/hg19 Xp22.33-q28(chrX:168546-155233731)x1,,,
1341223,GRCh37/hg19 Xp22.33-q28(chrX:168546-155233731)x3,ABCB7,Pathogenic,no assertion criteria provided,,,GRCh37/hg19 Xp22.33-q28(chrX:168546-155233731)x3,,,
1338839,GRCh38/hg38 Xq26.2(chrX:133658037-133915611),LOC130068718,Pathogenic,no assertion criteria provided,,,GRCh38/hg38 Xq26.2(chrX:133658037-133915611),,,
1455474,NM_004484.4(GPC3):c.175+2T>C,GPC3,Pathogenic,"criteria provided, single submitter",,,NM_004484.4(GPC3):c.175+2T>C,,rs2124655627,
564868,GRCh37/hg19 Xq21.31-28(chrX:91140025-155233731)x1,PDZD4,Pathogenic,no assertion criteria provided,,,GRCh37/hg19 Xq21.31-28(chrX:91140025-155233731)x1,,,
564874,GRCh37/hg19 Xq22.1-28(chrX:99324651-155233731)x1,ABCD1,Pathogenic,no assertion criteria provided,,,GRCh37/hg19 Xq22.1-28(chrX:99324651-155233731)x1,,,
565351,NM_004484.4(GPC3):c.1471G>T (p.Glu491Ter),GPC3,Pathogenic,"criteria provided, single submitter",,,c.1471G>T,,rs1569392947,
545551,NC_000023.10:g.36649710_136649711del100000002insG,FAM156A,Pathogenic,no assertion criteria provided,,,NC_000023.10:g.36649710_136649711del100000002insG,,,
564891,GRCh37/hg19 Xq24-27.1(chrX:120777368-139345946)x1,ACTRT1,Pathogenic,no assertion criteria provided,,,GRCh37/hg19 Xq24-27.1(chrX:120777368-139345946)x1,,,
575598,NM_004484.4(GPC3):c.1307del (p.Ala436fs),GPC3,Pathogenic,"criteria provided, single submitter",,,c.1307del,,rs1569408743,
564898,GRCh37/hg19 Xq25-26.3(chrX:126759247-135790885)x1,ACTRT1,Pathogenic,no assertion criteria provided,,,GRCh37/hg19 Xq25-26.3(chrX:126759247-135790885)x1,,,
564897,GRCh37/hg19 Xq25-28(chrX:125733292-155233846)x1,ENOX2,Pathogenic,no assertion criteria provided,,,GRCh37/hg19 Xq25-28(chrX:125733292-155233846)x1,,,
626291,Single allele,CSAG1,Pathogenic,no assertion criteria provided,,,Single allele,,,
656012,NM_004484.4(GPC3):c.80dup (p.Pro28fs),GPC3,Pathogenic,"criteria provided, single submitter",,,c.80dup,,rs1602581162,
583690,NC_000023.10:g.(?_132795738)_(133119496_?)del,GPC3,Pathogenic,"criteria provided, single submitter",,,NC_000023.10:g.(?_132795738)_(133119496_?)del,,,
625800,GRCh37/hg19 Xq26.1-26.2(chrX:130280298-132670366),FRMD7,Pathogenic,"criteria provided, single submitter",,,GRCh37/hg19 Xq26.1-26.2(chrX:130280298-132670366),,,
816364,GRCh37/hg19 Xq21.1-28(chrX:78444738-155233731)x1,GAB3,Pathogenic,no assertion criteria provided,,,GRCh37/hg19 Xq21.1-28(chrX:78444738-155233731)x1,,,
685331,GRCh37/hg19 Xp22.33-q28(chrX:168546-155233731)x4,ABCB7,Pathogenic,no assertion criteria provided,,,GRCh37/hg19 Xp22.33-q28(chrX:168546-155233731)x4,,,
684964,GRCh37/hg19 Xq21.32-28(chrX:92814516-155233731)x1,CT83,Pathogenic,no assertion criteria provided,,,GRCh37/hg19 Xq21.32-28(chrX:92814516-155233731)x1,,,
688406,GRCh37/hg19 Xq25-28(chrX:122924044-155233731)x1,ABCD1,Pathogenic,no assertion criteria provided,,,GRCh37/hg19 Xq25-28(chrX:122924044-155233731)x1,,,
687132,GRCh37/hg19 Xq24-28(chrX:118150047-155233731)x1,ABCD1,Pathogenic,no assertion criteria provided,,,GRCh37/hg19 Xq24-28(chrX:118150047-155233731)x1,,,
688137,GRCh37/hg19 Xp22.33-q28(chrX:168546-155233731)x1,BMX,Pathogenic,no assertion criteria provided,,,GRCh37/hg19 Xp22.33-q28(chrX:168546-155233731)x1,,,
686250,GRCh37/hg19 Xq22.3-28(chrX:104098124-155233731)x1,ABCD1,Pathogenic,no assertion criteria provided,,,GRCh37/hg19 Xq22.3-28(chrX:104098124-155233731)x1,,,
685566,GRCh37/hg19 Xp11.1-q28(chrX:58455352-155233731)x1,MIR448,Pathogenic,no assertion criteria provided,,,GRCh37/hg19 Xp11.1-q28(chrX:58455352-155233731)x1,,,
832201,NC_000023.11:g.(?_133753472)_(133754186_?)del,GPC3,Pathogenic,"criteria provided, single submitter",,,NC_000023.11:g.(?_133753472)_(133754186_?)del,,,
832421,NC_000023.10:g.(?_132670132)_(132888223_?)del,GPC3,Pathogenic,"criteria provided, single submitter",,,NC_000023.10:g.(?_132670132)_(132888223_?)del,,,
664988,NM_004484.4(GPC3):c.513dup (p.Asp172Ter),GPC3,Pathogenic,"criteria provided, single submitter",,,c.513dup,,rs1603240717,
871947,NM_004484.4(GPC3):c.706G>T (p.Gly236Ter),GPC3,Pathogenic,"criteria provided, single submitter",,,c.706G>T,,rs2071695360,
935437,NM_004484.4(GPC3):c.256C>T (p.Arg86Ter),GPC3,Pathogenic,"criteria provided, multiple submitters, no conflicts",,,c.256C>T,,rs2076400520,
816368,GRCh37/hg19 Xq21.1-28(chrX:84387417-155233731)x1,ABCD1,Pathogenic,no assertion criteria provided,,,GRCh37/hg19 Xq21.1-28(chrX:84387417-155233731)x1,,,
830784,NC_000023.10:g.(?_132838213)_(132888223_?)del,GPC3,Pathogenic,"criteria provided, single submitter",,,NC_000023.10:g.(?_132838213)_(132888223_?)del,,,
830889,NC_000023.10:g.(?_132670146)_(133119482_?)del,GPC3,Pathogenic,"criteria provided, single submitter",,,NC_000023.10:g.(?_132670146)_(133119482_?)del,,,
1455674,NM_004484.4(GPC3):c.662del (p.Lys221fs),GPC3,Pathogenic,"criteria provided, single submitter",,,c.662del,,rs2124480362,
1069346,NC_000023.10:g.(?_132670152)_(133119476_?)del,GPC3,Pathogenic,"criteria provided, single submitter",,,NC_000023.10:g.(?_132670152)_(133119476_?)del,,,
1067035,NM_004484.4(GPC3):c.1569del (p.Ala524fs),GPC3,Pathogenic,"criteria provided, single submitter",,,c.1569del,,rs2124330798,
1180551,GRCh37/hg19 Xp22.33-q28(chrX:60000-155234966)x1,ALAS2,Pathogenic,"criteria provided, single submitter",,,GRCh37/hg19 Xp22.33-q28(chrX:60000-155234966)x1,,,
1069347,NC_000023.10:g.(?_132670146)_(132670327_?)del,GPC3,Pathogenic,"criteria provided, single submitter",,,NC_000023.10:g.(?_132670146)_(132670327_?)del,,,
940806,NM_004484.4(GPC3):c.460_463dup (p.Tyr155fs),GPC3,Pathogenic,"criteria provided, single submitter",,,c.460_463dup,,rs2071701505,
941300,NM_004484.4(GPC3):c.271C>T (p.Gln91Ter),GPC3,Pathogenic,"criteria provided, single submitter",,,c.271C>T,,rs2076400400,
941417,NM_004484.4(GPC3):c.1269G>A (p.Trp423Ter),GPC3,Pathogenic,"criteria provided, single submitter",,,c.1269G>A,,rs2071072718,
983156,GRCh37/hg19 Xp11.21-q28(chrX:55507789-155198481)x3,ABCB7,Pathogenic,no assertion criteria provided,,,GRCh37/hg19 Xp11.21-q28(chrX:55507789-155198481)x3,,,
979836,GRCh37/hg19 Xq21.33-28(chrX:94264404-155233731)x1,ABCD1,Pathogenic,no assertion criteria provided,,,GRCh37/hg19 Xq21.33-28(chrX:94264404-155233731)x1,,,
997060,GRCh37/hg19 Xq26.2(chrX:132717085-132924462),GPC3,Pathogenic,"criteria provided, single submitter",,,GRCh37/hg19 Xq26.2(chrX:132717085-132924462),,,
992648,GRCh37/hg19 Xp11.21-q28(chrX:56469080-155233731)x3,ABCB7,Pathogenic,no assertion criteria provided,,,GRCh37/hg19 Xp11.21-q28(chrX:56469080-155233731)x3,,,
1069348,NC_000023.10:g.(?_132795752)_(132888209_?)del,GPC3,Pathogenic,"criteria provided, single submitter",,,NC_000023.10:g.(?_132795752)_(132888209_?)del,,,
1074502,NM_004484.4(GPC3):c.892G>T (p.Glu298Ter),GPC3,Pathogenic,"criteria provided, multiple submitters, no conflicts",,,c.892G>T,,rs2124479949,
1076613,NC_000023.10:g.(?_132670132)_(133634127_?)del,HPRT1,Pathogenic,"criteria provided, single submitter",,,NC_000023.10:g.(?_132670132)_(133634127_?)del,,,
1027392,NM_004484.4(GPC3):c.175+1G>T,GPC3,Pathogenic,"criteria provided, single submitter",,,NM_004484.4(GPC3):c.175+1G>T,,rs886039489,
1704345,GRCh37/hg19 Xp22.33-q28(chrX:61545-155226048)x2,PORCN,Pathogenic,no assertion criteria provided,,,GRCh37/hg19 Xp22.33-q28(chrX:61545-155226048)x2,,,
1703584,GRCh37/hg19 Xq11.1-28(chrX:62685885-155233731),AMMECR1,Pathogenic,no assertion criteria provided,,,GRCh37/hg19 Xq11.1-28(chrX:62685885-155233731),,,
1703580,GRCh37/hg19 Xp22.33-q28(chrX:1-155270560),RBMX2,Pathogenic,no assertion criteria provided,,,GRCh37/hg19 Xp22.33-q28(chrX:1-155270560),,,
1706520,GRCh37/hg19 Xq21.1-28(chrX:77670699-155233731)x1,ESX1,Pathogenic,no assertion criteria provided,,,GRCh37/hg19 Xq21.1-28(chrX:77670699-155233731)x1,,,
1712296,NC_000023.10:g.(133030929_133031380)_(133079087_133079463)delins(118528009_118528409)_(118674690_118675082),GPC3,Pathogenic,"criteria provided, single submitter",,,NC_000023.10:g.(133030929_133031380)_(133079087_133079463)delins(118528009_118528409)_(118674690_118675082),,,
1707442,GRCh37/hg19 Xp22.2-q28(chrX:11522765-155233731)x1,ABCB7,Pathogenic,no assertion criteria provided,,,GRCh37/hg19 Xp22.2-q28(chrX:11522765-155233731)x1,,,
1707556,NM_004484.4(GPC3):c.280del (p.Gln94fs),GPC3,Pathogenic,"criteria provided, single submitter",,,c.280del,,rs2521895386,
1710922,GRCh37/hg19 Xq26.1-26.2(chrX:129711889-132794615)x3,ARHGAP36,Pathogenic,no assertion criteria provided,,,GRCh37/hg19 Xq26.1-26.2(chrX:129711889-132794615)x3,,,
4076045,GRCh37/hg19 Xq24-26.2(chrX:118228490-133002510)x3,ACTRT1,Pathogenic,"criteria provided, single submitter",,,GRCh37/hg19 Xq24-26.2(chrX:118228490-133002510)x3,,,
3854932,NM_004484.4(GPC3):c.280C>T (p.Gln94Ter),GPC3,Pathogenic,"criteria provided, single submitter",,,c.280C>T,,,
1686763,NM_004484.4(GPC3):c.760C>T (p.Arg254Ter),GPC3,Pathogenic,"criteria provided, multiple submitters, no conflicts",,,c.760C>T,,rs752194694,
4076046,GRCh37/hg19 Xq13.1-27.1(chrX:71017904-140066710)x4,SRPX2,Pathogenic,"criteria provided, single submitter",,,GRCh37/hg19 Xq13.1-27.1(chrX:71017904-140066710)x4,,,
1458423,NC_000023.10:g.(?_132670152)_(132888213_?)del,GPC3,Pathogenic,"criteria provided, single submitter",,,NC_000023.10:g.(?_132670152)_(132888213_?)del,,,
1460460,NC_000023.10:g.(?_132670132)_(133119496_?)del,GPC3,Pathogenic,"criteria provided, single submitter",,,NC_000023.10:g.(?_132670132)_(133119496_?)del,,,
1433596,NM_004484.4(GPC3):c.885C>A (p.Tyr295Ter),GPC3,Pathogenic,"criteria provided, single submitter",,,c.885C>A,,rs2124479966,
1453391,NM_004484.4(GPC3):c.1379_1382del (p.Ser460fs),GPC3,Pathogenic,"criteria provided, single submitter",,,c.1379_1382del,,rs2124401794,
3148884,GRCh37/hg19 Xq25-28(chrX:125253445-155233098)x1,ABCD1,Pathogenic,"criteria provided, single submitter",,,GRCh37/hg19 Xq25-28(chrX:125253445-155233098)x1,,,
3148864,GRCh37/hg19 Xq25-28(chrX:121656905-155233098)x1,ABCD1,Pathogenic,"criteria provided, single submitter",,,GRCh37/hg19 Xq25-28(chrX:121656905-155233098)x1,,,
11687,NM_004484.4(GPC3):c.886T>A (p.Trp296Arg),GPC3,Pathogenic,no assertion criteria provided,,,c.886T>A,,rs104894854,
3242589,GRCh38/hg38 Xp22.33-q28(chrX:2757837-156030895)x2,SYN1,Pathogenic,"criteria provided, single submitter",,,GRCh38/hg38 Xp22.33-q28(chrX:2757837-156030895)x2,,,
3024654,GRCh37/hg19 Xq12-28(chrX:67292994-155240074)x3,AMOT,Pathogenic,"criteria provided, single submitter",,,GRCh37/hg19 Xq12-28(chrX:67292994-155240074)x3,,,
3245602,NC_000023.10:g.(?_132670152)_(133634107_?)del,CCDC160,Pathogenic,"criteria provided, single submitter",,,NC_000023.10:g.(?_132670152)_(133634107_?)del,,,
3245613,NC_000023.10:g.(?_132833913)_(132834066_?)del,GPC3,Pathogenic,"criteria provided, single submitter",,,NC_000023.10:g.(?_132833913)_(132834066_?)del,,,
3382828,NM_004484.4(GPC3):c.1515C>A (p.Cys505Ter),GPC3,Pathogenic,"criteria provided, single submitter",,,c.1515C>A,,,
2685717,GRCh37/hg19 Xq24-28(chrX:118576752-155233731)x1,OCRL,Pathogenic,"criteria provided, single submitter",,,GRCh37/hg19 Xq24-28(chrX:118576752-155233731)x1,,,
2742815,NM_004484.4(GPC3):c.49del (p.Ser17fs),GPC3,Pathogenic,"criteria provided, single submitter",,,c.49del,,rs2521972014,
2685718,GRCh37/hg19 Xq24-28(chrX:119071609-155233731)x1,ABCD1,Pathogenic,"criteria provided, single submitter",,,GRCh37/hg19 Xq24-28(chrX:119071609-155233731)x1,,,
2685720,GRCh37/hg19 Xq26.1-26.3(chrX:129627661-135812056)x1,ADGRG4,Pathogenic,"criteria provided, single submitter",,,GRCh37/hg19 Xq26.1-26.3(chrX:129627661-135812056)x1,,,
3062473,GRCh37/hg19 Xq22.2-28(chrX:103405294-155233731),ABCD1,Pathogenic,"criteria provided, single submitter",,,GRCh37/hg19 Xq22.2-28(chrX:103405294-155233731),,,
3062491,GRCh37/hg19 Xq24-28(chrX:119395676-154930047),ABCD1,Pathogenic,"criteria provided, single submitter",,,GRCh37/hg19 Xq24-28(chrX:119395676-154930047),,,
3062560,GRCh37/hg19 Xq26.2(chrX:132833618-132969000),GPC3,Pathogenic,"criteria provided, single submitter",,,GRCh37/hg19 Xq26.2(chrX:132833618-132969000),,,
2831388,NM_004484.4(GPC3):c.1337del (p.Asn446fs),GPC3,Pathogenic,"criteria provided, single submitter",,,c.1337del,,rs2521016238,
2027782,NM_004484.4(GPC3):c.332del (p.Phe111fs),GPC3,Pathogenic,"criteria provided, single submitter",,,c.332del,,rs2521895087,
2025427,NM_004484.4(GPC3):c.607del (p.Arg203fs),GPC3,Pathogenic,"criteria provided, single submitter",,,c.607del,,rs2521356554,
1808618,GRCh37/hg19 Xq26.2(chrX:132879202-132956033)x0,GPC3,Pathogenic,"criteria provided, single submitter",,,GRCh37/hg19 Xq26.2(chrX:132879202-132956033)x0,,,
1703579,GRCh37/hg19 Xp22.33-q28(chrX:1-155270560),APOOL,Pathogenic,no assertion criteria provided,,,GRCh37/hg19 Xp22.33-q28(chrX:1-155270560),,,
1703564,GRCh37/hg19 Xq26.2(chrX:132703748-132794615),GPC3,Pathogenic,no assertion criteria provided,,,GRCh37/hg19 Xq26.2(chrX:132703748-132794615),,,
3724468,NM_004484.4(GPC3):c.1330C>T (p.Gln444Ter),GPC3,Pathogenic,"criteria provided, single submitter",,,c.1330C>T,,,
1808722,GRCh37/hg19 Xq25-28(chrX:124749464-155233731)x1,DNASE1L1,Pathogenic,"criteria provided, single submitter",,,GRCh37/hg19 Xq25-28(chrX:124749464-155233731)x1,,,
1902190,NM_004484.4(GPC3):c.1300C>T (p.Gln434Ter),GPC3,Pathogenic,"criteria provided, single submitter",,,c.1300C>T,,rs2521016626,
2027561,NM_004484.4(GPC3):c.1268G>A (p.Trp423Ter),GPC3,Pathogenic,"criteria provided, single submitter",,,c.1268G>A,,rs2071072751,
3368410,NM_004484.4(GPC3):c.235G>T (p.Glu79Ter),GPC3,Pathogenic,"criteria provided, single submitter",,,c.235G>T,,,
2499163,GRCh37/hg19 Xq26.2(chrX:132887509-132888204)x0,GPC3,Pathogenic,"criteria provided, single submitter",,,GRCh37/hg19 Xq26.2(chrX:132887509-132888204)x0,,,
2425131,NC_000023.10:g.(?_132670152)_(132730637_?)del,GPC3,Pathogenic,"criteria provided, single submitter",,,NC_000023.10:g.(?_132670152)_(132730637_?)del,,,
2506546,GRCh37/hg19 Xp22.33-q28(chrX:200855-155240074),ABCB7,Pathogenic,"criteria provided, single submitter",,,GRCh37/hg19 Xp22.33-q28(chrX:200855-155240074),,,
2685155,GRCh37/hg19 Xq26.2(chrX:132554646-132787377)x0,GPC3,Pathogenic,"criteria provided, single submitter",,,GRCh37/hg19 Xq26.2(chrX:132554646-132787377)x0,,,
2425127,NC_000023.10:g.(?_133119282)_(133119476_?)del,GPC3,Pathogenic,"criteria provided, single submitter",,,NC_000023.10:g.(?_133119282)_(133119476_?)del,,,
2425130,NC_000023.10:g.(?_132670152)_(132795898_?)del,GPC3,Pathogenic,"criteria provided, single submitter",,,NC_000023.10:g.(?_132670152)_(132795898_?)del,,,
3245624,NC_000023.10:g.(?_132670152)_(132670341_?)del,GPC3,Pathogenic,"criteria provided, single submitter",,,NC_000023.10:g.(?_132670152)_(132670341_?)del,,,
11688,NM_004484.4(GPC3):c.1292+1G>T,GPC3,Pathogenic,no assertion criteria provided,,,NM_004484.4(GPC3):c.1292+1G>T,,rs869025182,
11690,NM_004484.4(GPC3):c.361C>T (p.His121Tyr),GPC3,Pathogenic,no assertion criteria provided,,,c.361C>T,,rs122453119,
11689,NM_004484.4(GPC3):c.595C>T (p.Arg199Ter),GPC3,Pathogenic,"criteria provided, multiple submitters, no conflicts",,,c.595C>T,,rs104894855,
11692,NC_000023.11:g.(133661675_133661730)_(133661850_133661926)del,GPC3,Pathogenic,no assertion criteria provided,,,NC_000023.11:g.(133661675_133661730)_(133661850_133661926)del,,,
11693,NM_004484.4(GPC3):c.337+1G>A,GPC3,Pathogenic,no assertion criteria provided,,,NM_004484.4(GPC3):c.337+1G>A,,rs869025183,
11694,NM_004484.4(GPC3):c.1159C>T (p.Arg387Ter),GPC3,Pathogenic,"criteria provided, multiple submitters, no conflicts",,,c.1159C>T,,rs122453121,
57086,GRCh38/hg38 Xp22.33-q28(chrX:10679-156022206)x3,ABCB7,Pathogenic,no assertion criteria provided,,,GRCh38/hg38 Xp22.33-q28(chrX:10679-156022206)x3,,,
57087,GRCh38/hg38 Xp22.33-q28(chrX:10679-156022206)x1,LOC130068592,Pathogenic,no assertion criteria provided,,,GRCh38/hg38 Xp22.33-q28(chrX:10679-156022206)x1,,,
57160,GRCh38/hg38 Xp22.33-q28(chrX:20140-155699618)x3,LOC113875040,Pathogenic,"criteria provided, single submitter",,,GRCh38/hg38 Xp22.33-q28(chrX:20140-155699618)x3,,,
57161,GRCh38/hg38 Xp22.33-q28(chrX:20140-155699618)x1,COL4A5,Pathogenic,"criteria provided, single submitter",,,GRCh38/hg38 Xp22.33-q28(chrX:20140-155699618)x1,,,
57217,GRCh38/hg38 Xq26.2-26.3(chrX:133909683-135211108)x1,CCDC160,Pathogenic,"criteria provided, single submitter",,,GRCh38/hg38 Xq26.2-26.3(chrX:133909683-135211108)x1,,,
57225,GRCh38/hg38 Xp22.33-q28(chrX:3092486-155699618)x2,ABCB7,Pathogenic,"criteria provided, single submitter",,,GRCh38/hg38 Xp22.33-q28(chrX:3092486-155699618)x2,,,
57454,GRCh38/hg38 Xq23-28(chrX:115417992-156022206)x1,LOC130068795,Pathogenic,"criteria provided, single submitter",,,GRCh38/hg38 Xq23-28(chrX:115417992-156022206)x1,,,
57923,GRCh38/hg38 Xp11.21-q28(chrX:57372584-155996431)x1,ABCB7,Pathogenic,"criteria provided, single submitter",,,GRCh38/hg38 Xp11.21-q28(chrX:57372584-155996431)x1,,,
4729743,NM_004484.4(GPC3):c.141dup (p.Gly48fs),GPC3,Pathogenic,"criteria provided, single submitter",,,c.141dup,,,
1698894,NM_004484.4(GPC3):c.1413+1G>C,GPC3,Likely pathogenic,"criteria provided, single submitter",,,NM_004484.4(GPC3):c.1413+1G>C,,rs2124401754,
1324504,NM_004484.4(GPC3):c.1167-1G>A,GPC3,Likely pathogenic,"criteria provided, single submitter",,,NM_004484.4(GPC3):c.1167-1G>A,,rs2071074944,
1306362,NM_004484.4(GPC3):c.755G>C (p.Cys252Ser),GPC3,Likely pathogenic,"criteria provided, single submitter",,,c.755G>C,,rs2071694353,
988290,NM_004484.4(GPC3):c.1328del (p.Asn443fs),GPC3,Likely pathogenic,"criteria provided, single submitter",,,c.1328del,,rs2070729548,
4277398,NM_004484.4(GPC3):c.1547_1551del (p.Val516fs),GPC3,Likely pathogenic,"criteria provided, single submitter",,,c.1547_1551del,,,
916135,GRCh37/hg19 Xq25-28(chrX:122132166-155097214),EOLA2,Likely pathogenic,"criteria provided, single submitter",,,GRCh37/hg19 Xq25-28(chrX:122132166-155097214),,,
850257,NM_004484.4(GPC3):c.1292+2T>A,GPC3,Likely pathogenic,"criteria provided, single submitter",,,NM_004484.4(GPC3):c.1292+2T>A,,rs2071072322,
662850,NC_000023.10:g.(?_132887499)_(132888213_?)dup,GPC3,Likely pathogenic,"criteria provided, single submitter",,,NC_000023.10:g.(?_132887499)_(132888213_?)dup,,,
625854,GRCh37/hg19 Xq25-28(chrX:122757437-155208244)x1,APLN,Likely pathogenic,no assertion criteria provided,,,GRCh37/hg19 Xq25-28(chrX:122757437-155208244)x1,,,
562012,NM_004484.4(GPC3):c.974C>A (p.Ser325Ter),GPC3,Likely pathogenic,no assertion criteria provided,,,c.974C>A,,rs1569426054,
617901,NM_004484.4(GPC3):c.1494C>A (p.Cys498Ter),GPC3,Likely pathogenic,"criteria provided, single submitter",,,c.1494C>A,,rs753210097,
489161,NM_004484.4(GPC3):c.1177C>T (p.Gln393Ter),GPC3,Likely pathogenic,"criteria provided, single submitter",,,c.1177C>T,,rs1556263859,
266113,NM_004484.4(GPC3):c.1692del (p.Leu565fs),GPC3,Likely pathogenic,"criteria provided, single submitter",,,c.1692del,,rs886039908,
4686028,NM_004484.4(GPC3):c.1367del (p.Glu456fs),GPC3,Likely pathogenic,"criteria provided, single submitter",,,c.1367del,,,
4683014,GRCh37/hg19 Xq26.1-26.3(chrX:128882432-134384406)x3,AIFM1,Likely pathogenic,"criteria provided, single submitter",,,GRCh37/hg19 Xq26.1-26.3(chrX:128882432-134384406)x3,,,
476637,NC_000023.10:g.(?_132887489)_(132888223_?)dup,GPC3,Likely pathogenic,"criteria provided, single submitter",,,NC_000023.10:g.(?_132887489)_(132888223_?)dup,,,
1738156,NM_004484.4(GPC3):c.1166+1G>A,GPC3,Likely pathogenic,"criteria provided, single submitter",,,NM_004484.4(GPC3):c.1166+1G>A,,rs2521160162,
3064931,NM_004484.4(GPC3):c.780G>A (p.Trp260Ter),GPC3,Likely pathogenic,"criteria provided, single submitter",,,c.780G>A,,rs2521354962,
3245657,NC_000023.10:g.(?_132730458)_(132834066_?)dup,GPC3,Likely pathogenic,"criteria provided, single submitter",,,NC_000023.10:g.(?_132730458)_(132834066_?)dup,,,
3348513,NM_004484.4(GPC3):c.666_667del (p.Leu223fs),GPC3,Likely pathogenic,no assertion criteria provided,,,c.666_667del,,,
2431195,NM_004484.4(GPC3):c.809del (p.Met270fs),GPC3,Likely pathogenic,"criteria provided, single submitter",,,c.809del,,,
2637906,NM_004484.4(GPC3):c.190del (p.Val64fs),GPC3,Likely pathogenic,"criteria provided, single submitter",,,c.190del,,rs2521895947,
3638779,NM_004484.4(GPC3):c.1414-1G>C,GPC3,Likely pathogenic,"criteria provided, single submitter",,,NM_004484.4(GPC3):c.1414-1G>C,,,
3245635,NC_000023.10:g.(?_132795738)_(132795898_?)dup,GPC3,Likely pathogenic,"criteria provided, single submitter",,,NC_000023.10:g.(?_132795738)_(132795898_?)dup,,,
2033319,NM_004484.4(GPC3):c.337+2T>A,GPC3,Likely pathogenic,"criteria provided, multiple submitters, no conflicts",,,NM_004484.4(GPC3):c.337+2T>A,,rs2521895048,
1527952,NM_004484.4(GPC3):c.505G>T (p.Glu169Ter),GPC3,Likely pathogenic,"criteria provided, single submitter",,,c.505G>T,,rs2071700502,
1522039,NM_004484.4(GPC3):c.1413+2T>A,GPC3,Likely pathogenic,"criteria provided, single submitter",,,NM_004484.4(GPC3):c.1413+2T>A,,rs2124401750,
1500542,NM_004484.4(GPC3):c.1666G>C (p.Gly556Arg),GPC3,Likely pathogenic,"criteria provided, multiple submitters, no conflicts",,,c.1666G>C,,rs267606850,
1699090,NM_004484.4(GPC3):c.695C>A (p.Ala232Asp),GPC3,Likely pathogenic,"criteria provided, single submitter",,,c.695C>A,,rs1206002281,
1333337,NM_004484.4(GPC3):c.271del (p.Gln91fs),GPC3,Pathogenic/Likely pathogenic,"criteria provided, multiple submitters, no conflicts",,,c.271del,,rs2124634791,
3378088,NM_004484.4(GPC3):c.645dup (p.Met216fs),GPC3,Pathogenic/Likely pathogenic,"criteria provided, multiple submitters, no conflicts",,,c.645dup,,,
11695,NM_004484.4(GPC3):c.1666G>A (p.Gly556Arg),GPC3,Pathogenic/Likely pathogenic,"criteria provided, multiple submitters, no conflicts",,,c.1666G>A,,rs267606850,
4749683,NM_004484.4(GPC3):c.709A>G (p.Ile237Val),GPC3,Uncertain significance,"criteria provided, single submitter",,,c.709A>G,,,
1060366,NM_004484.4(GPC3):c.650C>T (p.Thr217Ile),GPC3,Uncertain significance,"criteria provided, single submitter",,,c.650C>T,,rs2124480389,
1056832,NM_004484.4(GPC3):c.1413+3A>G,GPC3,Uncertain significance,"criteria provided, single submitter",,,NM_004484.4(GPC3):c.1413+3A>G,,rs2124401746,
1056423,NM_004484.4(GPC3):c.1388T>C (p.Ile463Thr),GPC3,Uncertain significance,"criteria provided, single submitter",,,c.1388T>C,,rs2124401790,
1162914,NM_004484.4(GPC3):c.1709T>C (p.Ile570Thr),GPC3,Uncertain significance,"criteria provided, single submitter",,,c.1709T>C,,rs2124257318,
1041368,NM_004484.4(GPC3):c.833G>A (p.Cys278Tyr),GPC3,Uncertain significance,"criteria provided, single submitter",,,c.833G>A,,rs2071692820,
1039655,NM_004484.4(GPC3):c.118T>C (p.Ser40Pro),GPC3,Uncertain significance,"criteria provided, multiple submitters, no conflicts",,,c.118T>C,,rs1238291553,
1039494,NM_004484.4(GPC3):c.576G>C (p.Leu192Phe),GPC3,Uncertain significance,"criteria provided, multiple submitters, no conflicts",,,c.576G>C,,rs2071698705,
1037777,NM_004484.4(GPC3):c.1495G>A (p.Gly499Ser),GPC3,Uncertain significance,"criteria provided, single submitter",,,c.1495G>A,,rs995058278,
1036027,NC_000023.10:g.(?_132670152)_(132888213_?)dup,GPC3,Uncertain significance,"criteria provided, single submitter",,,NC_000023.10:g.(?_132670152)_(132888213_?)dup,,,
1036025,NC_000023.10:g.(?_132670146)_(133119482_?)dup,GPC3,Uncertain significance,"criteria provided, single submitter",,,NC_000023.10:g.(?_132670146)_(133119482_?)dup,,,
1035328,NM_004484.4(GPC3):c.1711T>C (p.Ser571Pro),GPC3,Uncertain significance,"criteria provided, single submitter",,,c.1711T>C,,rs2069287413,
1034864,NM_004484.4(GPC3):c.907C>G (p.Leu303Val),GPC3,Uncertain significance,"criteria provided, single submitter",,,c.907C>G,,rs2071690519,
1028766,NM_004484.4(GPC3):c.-1G>C,GPC3,Uncertain significance,"criteria provided, single submitter",,,NM_004484.4(GPC3):c.-1G>C,,rs2076564315,
1064174,NC_000023.10:g.(?_132670152)_(133119476_?)dup,GPC3,Uncertain significance,"criteria provided, single submitter",,,NC_000023.10:g.(?_132670152)_(133119476_?)dup,,,
1062569,NM_004484.4(GPC3):c.1502A>G (p.Asp501Gly),GPC3,Uncertain significance,"criteria provided, single submitter",,,c.1502A>G,,rs2124330961,
2909613,NM_004484.4(GPC3):c.1595T>C (p.Val532Ala),GPC3,Uncertain significance,"criteria provided, single submitter",,,c.1595T>C,,rs2069290949,
2906141,NM_004484.4(GPC3):c.643A>G (p.Ile215Val),GPC3,Uncertain significance,"criteria provided, single submitter",,,c.643A>G,,rs2521356225,
3024046,NM_004484.4(GPC3):c.257G>T (p.Arg86Leu),GPC3,Uncertain significance,"criteria provided, single submitter",,,c.257G>T,,rs1158430569,
3017013,NM_004484.4(GPC3):c.1735G>A (p.Val579Met),GPC3,Uncertain significance,"criteria provided, single submitter",,,c.1735G>A,,rs2520461825,
3015056,NM_004484.4(GPC3):c.382G>A (p.Ala128Thr),GPC3,Uncertain significance,"criteria provided, single submitter",,,c.382G>A,,rs2521358708,
3011320,NM_004484.4(GPC3):c.1679C>T (p.Ser560Phe),GPC3,Uncertain significance,"criteria provided, single submitter",,,c.1679C>T,,rs2520462903,
4748599,NM_004484.4(GPC3):c.1154C>G (p.Ser385Cys),GPC3,Uncertain significance,"criteria provided, single submitter",,,c.1154C>G,,,
4744873,NM_004484.4(GPC3):c.875T>G (p.Ile292Ser),GPC3,Uncertain significance,"criteria provided, single submitter",,,c.875T>G,,,
4743675,NM_004484.4(GPC3):c.948G>A (p.Met316Ile),GPC3,Uncertain significance,"criteria provided, single submitter",,,c.948G>A,,,
4743595,NM_004484.4(GPC3):c.817C>A (p.Pro273Thr),GPC3,Uncertain significance,"criteria provided, single submitter",,,c.817C>A,,,
4741339,NM_004484.4(GPC3):c.1078G>A (p.Ala360Thr),GPC3,Uncertain significance,"criteria provided, single submitter",,,c.1078G>A,,,
4739224,NM_004484.4(GPC3):c.1733T>A (p.Leu578Gln),GPC3,Uncertain significance,"criteria provided, single submitter",,,c.1733T>A,,,
4737219,NM_004484.4(GPC3):c.1564T>C (p.Phe522Leu),GPC3,Uncertain significance,"criteria provided, single submitter",,,c.1564T>C,,,
4737206,NM_004484.4(GPC3):c.1093G>T (p.Asp365Tyr),GPC3,Uncertain significance,"criteria provided, single submitter",,,c.1093G>T,,,
4734488,NM_004484.4(GPC3):c.340G>T (p.Ala114Ser),GPC3,Uncertain significance,"criteria provided, single submitter",,,c.340G>T,,,
4803651,NM_004484.4(GPC3):c.1363C>T (p.Pro455Ser),GPC3,Uncertain significance,"criteria provided, single submitter",,,c.1363C>T,,,
2819558,NM_004484.4(GPC3):c.1169A>C (p.Glu390Ala),GPC3,Uncertain significance,"criteria provided, single submitter",,,c.1169A>C,,rs2521132911,
2897162,NM_004484.4(GPC3):c.1004A>G (p.Gln335Arg),GPC3,Uncertain significance,"criteria provided, single submitter",,,c.1004A>G,,rs2071687961,
2894024,NM_004484.4(GPC3):c.1370C>T (p.Pro457Leu),GPC3,Uncertain significance,"criteria provided, single submitter",,,c.1370C>T,,rs2521015985,
2893558,NM_004484.4(GPC3):c.386T>C (p.Met129Thr),GPC3,Uncertain significance,"criteria provided, single submitter",,,c.386T>C,,rs2521358642,
2890502,NM_004484.4(GPC3):c.997T>G (p.Tyr333Asp),GPC3,Uncertain significance,"criteria provided, single submitter",,,c.997T>G,,rs2521352738,
2887673,NM_004484.4(GPC3):c.1188G>C (p.Lys396Asn),GPC3,Uncertain significance,"criteria provided, single submitter",,,c.1188G>C,,rs2521132684,
476649,NM_004484.4(GPC3):c.1534G>A (p.Gly512Arg),GPC3,Uncertain significance,"criteria provided, single submitter",,,c.1534G>A,,rs1556159239,
476648,NM_004484.4(GPC3):c.1528G>A (p.Gly510Ser),GPC3,Uncertain significance,"criteria provided, multiple submitters, no conflicts",,,c.1528G>A,,rs1556159260,
476647,NM_004484.4(GPC3):c.1330C>G (p.Gln444Glu),GPC3,Uncertain significance,"criteria provided, single submitter",,,c.1330C>G,,rs1556233629,
2874611,NM_004484.4(GPC3):c.492T>G (p.Asp164Glu),GPC3,Uncertain significance,"criteria provided, single submitter",,,c.492T>G,,rs2521357728,
2862185,NM_004484.4(GPC3):c.1069T>G (p.Tyr357Asp),GPC3,Uncertain significance,"criteria provided, single submitter",,,c.1069T>G,,rs2521161322,
2856503,NM_004484.4(GPC3):c.1262T>G (p.Leu421Arg),GPC3,Uncertain significance,"criteria provided, single submitter",,,c.1262T>G,,rs2521131754,
2851334,NM_004484.4(GPC3):c.539C>T (p.Thr180Ile),GPC3,Uncertain significance,"criteria provided, single submitter",,,c.539C>T,,rs2521357225,
2850872,NM_004484.4(GPC3):c.41T>C (p.Met14Thr),GPC3,Uncertain significance,"criteria provided, multiple submitters, no conflicts",,,c.41T>C,,rs756198380,
2975308,NM_004484.4(GPC3):c.937A>G (p.Ile313Val),GPC3,Uncertain significance,"criteria provided, single submitter",,,c.937A>G,,rs1156465706,
2975233,NM_004484.4(GPC3):c.116G>T (p.Arg39Leu),GPC3,Uncertain significance,"criteria provided, single submitter",,,c.116G>T,,rs2076562809,
2839099,NM_004484.4(GPC3):c.701A>G (p.Asn234Ser),GPC3,Uncertain significance,"criteria provided, single submitter",,,c.701A>G,,rs2124480291,
2838428,NM_004484.4(GPC3):c.352GTT[1] (p.Val119del),GPC3,Uncertain significance,"criteria provided, single submitter",,,c.352GTT[1],,rs2521359043,
2834355,NM_004484.4(GPC3):c.248T>G (p.Leu83Arg),GPC3,Uncertain significance,"criteria provided, single submitter",,,c.248T>G,,rs1440358161,
476658,NM_004484.4(GPC3):c.549G>T (p.Met183Ile),GPC3,Uncertain significance,"criteria provided, single submitter",,,c.549G>T,,rs769104574,
543087,NM_004484.4(GPC3):c.646A>G (p.Met216Val),GPC3,Uncertain significance,"criteria provided, single submitter",,,c.646A>G,,rs1556297755,
543086,NM_004484.4(GPC3):c.80C>T (p.Pro27Leu),GPC3,Uncertain significance,"criteria provided, single submitter",,,c.80C>T,,rs1556367809,
543084,NM_004484.4(GPC3):c.257G>A (p.Arg86Gln),GPC3,Uncertain significance,"criteria provided, multiple submitters, no conflicts",,,c.257G>A,,rs1158430569,
476642,NM_004484.4(GPC3):c.1161AAG[1] (p.Arg389del),GPC3,Uncertain significance,"criteria provided, single submitter",,,c.1161AAG[1],,rs1556271258,
2831217,NM_004484.4(GPC3):c.1553A>G (p.Asn518Ser),GPC3,Uncertain significance,"criteria provided, single submitter",,,c.1553A>G,,rs2069915935,
2830886,NM_004484.4(GPC3):c.1139A>C (p.His380Pro),GPC3,Uncertain significance,"criteria provided, single submitter",,,c.1139A>C,,rs1201293547,
2830379,NM_004484.4(GPC3):c.1739A>C (p.His580Pro),GPC3,Uncertain significance,"criteria provided, single submitter",,,c.1739A>C,,rs1449654880,
2829767,NM_004484.4(GPC3):c.343T>C (p.Phe115Leu),GPC3,Uncertain significance,"criteria provided, single submitter",,,c.343T>C,,rs2521359174,
2827476,NM_004484.4(GPC3):c.1631C>G (p.Pro544Arg),GPC3,Uncertain significance,"criteria provided, single submitter",,,c.1631C>G,,rs375606908,
2824685,NM_004484.4(GPC3):c.383C>A (p.Ala128Asp),GPC3,Uncertain significance,"criteria provided, single submitter",,,c.383C>A,,rs2521358690,
2823345,NM_004484.4(GPC3):c.11C>T (p.Thr4Ile),GPC3,Uncertain significance,"criteria provided, single submitter",,,c.11C>T,,rs2521972488,
2823255,NM_004484.4(GPC3):c.413C>T (p.Thr138Ile),GPC3,Uncertain significance,"criteria provided, single submitter",,,c.413C>T,,rs2521358443,
2817783,NM_004484.4(GPC3):c.158C>T (p.Pro53Leu),GPC3,Uncertain significance,"criteria provided, single submitter",,,c.158C>T,,rs751866792,
2816685,NM_004484.4(GPC3):c.103T>G (p.Cys35Gly),GPC3,Uncertain significance,"criteria provided, single submitter",,,c.103T>G,,rs2521971294,
2815521,NM_004484.4(GPC3):c.1201T>A (p.Phe401Ile),GPC3,Uncertain significance,"criteria provided, single submitter",,,c.1201T>A,,rs2521132461,
2813309,NM_004484.4(GPC3):c.715G>A (p.Val239Met),GPC3,Uncertain significance,"criteria provided, single submitter",,,c.715G>A,,rs2521355635,
476668,NM_004484.4(GPC3):c.838G>A (p.Val280Met),GPC3,Uncertain significance,"criteria provided, single submitter",,,c.838G>A,,rs1556297668,
476667,NM_004484.4(GPC3):c.832T>C (p.Cys278Arg),GPC3,Uncertain significance,"criteria provided, single submitter",,,c.832T>C,,rs1556297671,
543098,NM_004484.4(GPC3):c.1087C>T (p.Pro363Ser),GPC3,Uncertain significance,"criteria provided, single submitter",,,c.1087C>T,,rs922588870,
543097,NM_004484.4(GPC3):c.1306G>T (p.Ala436Ser),GPC3,Uncertain significance,"criteria provided, single submitter",,,c.1306G>T,,rs1556233681,
543096,NM_004484.4(GPC3):c.602C>A (p.Ala201Glu),GPC3,Uncertain significance,"criteria provided, single submitter",,,c.602C>A,,rs201344338,
2806108,NM_004484.4(GPC3):c.1099T>A (p.Phe367Ile),GPC3,Uncertain significance,"criteria provided, single submitter",,,c.1099T>A,,rs2521161023,
2801969,NM_004484.4(GPC3):c.1414-3C>A,GPC3,Uncertain significance,"criteria provided, single submitter",,,NM_004484.4(GPC3):c.1414-3C>A,,rs2069919599,
2790205,NM_004484.4(GPC3):c.779G>C (p.Trp260Ser),GPC3,Uncertain significance,"criteria provided, single submitter",,,c.779G>C,,rs2521354971,
2786829,NM_004484.4(GPC3):c.989C>T (p.Ser330Phe),GPC3,Uncertain significance,"criteria provided, single submitter",,,c.989C>T,,rs1357007941,
2786508,NM_004484.4(GPC3):c.1166G>T (p.Arg389Met),GPC3,Uncertain significance,"criteria provided, single submitter",,,c.1166G>T,,rs2521160178,
2777823,NM_004484.4(GPC3):c.901C>A (p.Leu301Met),GPC3,Uncertain significance,"criteria provided, single submitter",,,c.901C>A,,rs2521353846,
2841487,NM_004484.4(GPC3):c.1196T>C (p.Ile399Thr),GPC3,Uncertain significance,"criteria provided, single submitter",,,c.1196T>C,,rs2521132585,
2773131,NM_004484.4(GPC3):c.1239C>A (p.Ser413Arg),GPC3,Uncertain significance,"criteria provided, single submitter",,,c.1239C>A,,rs2124430790,
2770057,NM_004484.4(GPC3):c.648G>A (p.Met216Ile),GPC3,Uncertain significance,"criteria provided, single submitter",,,c.648G>A,,rs752516966,
2767858,NM_004484.4(GPC3):c.1175T>C (p.Ile392Thr),GPC3,Uncertain significance,"criteria provided, single submitter",,,c.1175T>C,,rs2521132860,
2766628,NM_004484.4(GPC3):c.1208G>C (p.Ser403Thr),GPC3,Uncertain significance,"criteria provided, single submitter",,,c.1208G>C,,rs2071074109,
2765508,NM_004484.4(GPC3):c.1187A>G (p.Lys396Arg),GPC3,Uncertain significance,"criteria provided, single submitter",,,c.1187A>G,,rs2521132713,
543094,NM_004484.4(GPC3):c.526C>G (p.Pro176Ala),GPC3,Uncertain significance,"criteria provided, single submitter",,,c.526C>G,,rs748458384,
543091,NM_004484.4(GPC3):c.1409A>G (p.Asn470Ser),GPC3,Uncertain significance,"criteria provided, single submitter",,,c.1409A>G,,rs1556233454,
543090,NM_004484.4(GPC3):c.220T>G (p.Ser74Ala),GPC3,Uncertain significance,"criteria provided, single submitter",,,c.220T>G,,rs1556359373,
543089,NM_004484.4(GPC3):c.1568T>C (p.Leu523Pro),GPC3,Uncertain significance,"criteria provided, multiple submitters, no conflicts",,,c.1568T>C,,rs1015207544,
2763830,NM_004484.4(GPC3):c.1511A>G (p.Glu504Gly),GPC3,Uncertain significance,"criteria provided, single submitter",,,c.1511A>G,,rs2520747314,
2761629,NM_004484.4(GPC3):c.1661A>T (p.Asn554Ile),GPC3,Uncertain significance,"criteria provided, single submitter",,,c.1661A>T,,rs2069288846,
2756168,NM_004484.4(GPC3):c.719T>A (p.Ile240Asn),GPC3,Uncertain significance,"criteria provided, single submitter",,,c.719T>A,,rs2521355551,
2754751,NM_004484.4(GPC3):c.593T>C (p.Leu198Pro),GPC3,Uncertain significance,"criteria provided, single submitter",,,c.593T>C,,rs2521356756,
2745534,NM_004484.4(GPC3):c.535T>G (p.Tyr179Asp),GPC3,Uncertain significance,"criteria provided, single submitter",,,c.535T>G,,rs2521357270,
2745075,NM_004484.4(GPC3):c.479A>G (p.Asp160Gly),GPC3,Uncertain significance,"criteria provided, single submitter",,,c.479A>G,,rs2521357893,
2742808,NM_004484.4(GPC3):c.1301A>G (p.Gln434Arg),GPC3,Uncertain significance,"criteria provided, single submitter",,,c.1301A>G,,rs2521016604,
2738489,NM_004484.4(GPC3):c.938T>A (p.Ile313Asn),GPC3,Uncertain significance,"criteria provided, single submitter",,,c.938T>A,,rs2521353436,
575501,NM_004484.4(GPC3):c.913G>A (p.Glu305Lys),GPC3,Uncertain significance,"criteria provided, multiple submitters, no conflicts",,,c.913G>A,,rs903266102,
569419,NM_004484.4(GPC3):c.1103T>C (p.Ile368Thr),GPC3,Uncertain significance,"criteria provided, single submitter",,,c.1103T>C,,rs1569416581,
568512,NM_004484.4(GPC3):c.305T>C (p.Phe102Ser),GPC3,Uncertain significance,"criteria provided, single submitter",,,c.305T>C,,rs1569458691,
568197,NM_004484.4(GPC3):c.856A>G (p.Met286Val),GPC3,Uncertain significance,"criteria provided, single submitter",,,c.856A>G,,rs763327506,
567664,NM_004484.4(GPC3):c.1021C>G (p.Leu341Val),GPC3,Uncertain significance,"criteria provided, single submitter",,,c.1021C>G,,rs1569426033,
567548,NM_004484.4(GPC3):c.941A>G (p.Tyr314Cys),GPC3,Uncertain significance,"criteria provided, single submitter",,,c.941A>G,,rs1569426081,
581840,NM_004484.4(GPC3):c.1264T>A (p.Cys422Ser),GPC3,Uncertain significance,"criteria provided, multiple submitters, no conflicts",,,c.1264T>A,,rs1569415183,
581523,NM_004484.4(GPC3):c.76C>T (p.Pro26Ser),GPC3,Uncertain significance,"criteria provided, single submitter",,,c.76C>T,,rs1569462736,
581482,NM_004484.4(GPC3):c.491A>G (p.Asp164Gly),GPC3,Uncertain significance,"criteria provided, single submitter",,,c.491A>G,,rs1569426363,
2729948,NM_004484.4(GPC3):c.773G>A (p.Arg258Lys),GPC3,Uncertain significance,"criteria provided, single submitter",,,c.773G>A,,rs2521355007,
2729328,NM_004484.4(GPC3):c.209C>T (p.Pro70Leu),GPC3,Uncertain significance,"criteria provided, single submitter",,,c.209C>T,,rs1057444383,
2727848,NM_004484.4(GPC3):c.416C>T (p.Pro139Leu),GPC3,Uncertain significance,"criteria provided, single submitter",,,c.416C>T,,rs2521358387,
2726569,NM_004484.4(GPC3):c.896A>C (p.Tyr299Ser),GPC3,Uncertain significance,"criteria provided, single submitter",,,c.896A>C,,rs2071690786,
2718721,NM_004484.4(GPC3):c.455T>C (p.Val152Ala),GPC3,Uncertain significance,"criteria provided, single submitter",,,c.455T>C,,rs2521358148,
2718223,NM_004484.4(GPC3):c.1156A>G (p.Ser386Gly),GPC3,Uncertain significance,"criteria provided, single submitter",,,c.1156A>G,,rs2071151339,
579948,NM_004484.4(GPC3):c.391A>G (p.Lys131Glu),GPC3,Uncertain significance,"criteria provided, single submitter",,,c.391A>G,,rs1295553120,
579694,NM_004484.4(GPC3):c.1058AAC[1] (p.Gln354del),GPC3,Uncertain significance,"criteria provided, multiple submitters, no conflicts",,,c.1058AAC[1],,rs1569416621,
579259,NM_004484.4(GPC3):c.265A>G (p.Met89Val),GPC3,Uncertain significance,"criteria provided, multiple submitters, no conflicts",,,c.265A>G,,rs1569458698,
578583,NM_004484.4(GPC3):c.919G>C (p.Val307Leu),GPC3,Uncertain significance,"criteria provided, multiple submitters, no conflicts",,,c.919G>C,,rs780001214,
578546,NM_004484.4(GPC3):c.326C>A (p.Ala109Glu),GPC3,Uncertain significance,"criteria provided, single submitter",,,c.326C>A,,rs761660909,
577985,NM_004484.4(GPC3):c.1139A>G (p.His380Arg),GPC3,Uncertain significance,"criteria provided, single submitter",,,c.1139A>G,,rs1201293547,
577728,NM_004484.4(GPC3):c.71C>T (p.Ala24Val),GPC3,Uncertain significance,"criteria provided, single submitter",,,c.71C>T,,rs1569462740,
576817,NM_004484.4(GPC3):c.1681C>T (p.Pro561Ser),GPC3,Uncertain significance,"criteria provided, single submitter",,,c.1681C>T,,rs1569375662,
643937,NM_004484.4(GPC3):c.100A>G (p.Thr34Ala),GPC3,Uncertain significance,"criteria provided, single submitter",,,c.100A>G,,rs1602581109,
642639,NC_000023.10:g.(?_133087067)_(133119486_?)dup,GPC3,Uncertain significance,"criteria provided, single submitter",,,NC_000023.10:g.(?_133087067)_(133119486_?)dup,,,
642545,NM_004484.4(GPC3):c.722A>G (p.Asn241Ser),GPC3,Uncertain significance,"criteria provided, single submitter",,,c.722A>G,,rs1603240573,
2711914,NM_004484.4(GPC3):c.769A>T (p.Thr257Ser),GPC3,Uncertain significance,"criteria provided, single submitter",,,c.769A>T,,rs2521355046,
2709355,NM_004484.4(GPC3):c.691C>G (p.Gln231Glu),GPC3,Uncertain significance,"criteria provided, single submitter",,,c.691C>G,,rs2521355855,
2709354,NM_004484.4(GPC3):c.919G>T (p.Val307Leu),GPC3,Uncertain significance,"criteria provided, single submitter",,,c.919G>T,,rs780001214,
2695521,NM_004484.4(GPC3):c.634C>T (p.Pro212Ser),GPC3,Uncertain significance,"criteria provided, single submitter",,,c.634C>T,,rs2521356275,
2695520,NM_004484.4(GPC3):c.671A>G (p.Gln224Arg),GPC3,Uncertain significance,"criteria provided, single submitter",,,c.671A>G,,rs112530065,
2432240,NM_004484.4(GPC3):c.1293-10A>G,GPC3,Uncertain significance,"criteria provided, single submitter",,,NM_004484.4(GPC3):c.1293-10A>G,,rs2521016744,
2432239,NM_004484.4(GPC3):c.553C>T (p.Pro185Ser),GPC3,Uncertain significance,"criteria provided, single submitter",,,c.553C>T,,rs749735623,
2425134,NC_000023.10:g.(?_132730458)_(133119476_?)dup,GPC3,Uncertain significance,"criteria provided, single submitter",,,NC_000023.10:g.(?_132730458)_(133119476_?)dup,,,
2425133,NC_000023.10:g.(?_132795748)_(133119476_?)dup,GPC3,Uncertain significance,"criteria provided, single submitter",,,NC_000023.10:g.(?_132795748)_(133119476_?)dup,,,
2425132,NC_000023.10:g.(?_133119292)_(133119476_?)dup,GPC3,Uncertain significance,"criteria provided, single submitter",,,NC_000023.10:g.(?_133119292)_(133119476_?)dup,,,
3633183,NM_004484.4(GPC3):c.429G>C (p.Glu143Asp),GPC3,Uncertain significance,"criteria provided, single submitter",,,c.429G>C,,,
3611133,NM_004484.4(GPC3):c.401A>G (p.Tyr134Cys),GPC3,Uncertain significance,"criteria provided, single submitter",,,c.401A>G,,,
3598041,NM_004484.4(GPC3):c.40A>G (p.Met14Val),GPC3,Uncertain significance,"criteria provided, single submitter",,,c.40A>G,,,
3598040,NM_004484.4(GPC3):c.132A>G (p.Arg44=),GPC3,Uncertain significance,"criteria provided, single submitter",,,c.132A>G,,,
3598039,NM_004484.4(GPC3):c.292A>G (p.Met98Val),GPC3,Uncertain significance,"criteria provided, single submitter",,,c.292A>G,,,
3598037,NM_004484.4(GPC3):c.1088C>G (p.Pro363Arg),GPC3,Uncertain significance,"criteria provided, single submitter",,,c.1088C>G,,,
3598036,NM_004484.4(GPC3):c.1344T>A (p.His448Gln),GPC3,Uncertain significance,"criteria provided, single submitter",,,c.1344T>A,,,
3598034,NM_004484.4(GPC3):c.1672G>T (p.Val558Phe),GPC3,Uncertain significance,"criteria provided, single submitter",,,c.1672G>T,,,
3392244,GRCh37/hg19 Xq26.2(chrX:133002381-133223522)x3,GPC3,Uncertain significance,"criteria provided, single submitter",,,GRCh37/hg19 Xq26.2(chrX:133002381-133223522)x3,,,
3366901,NC_000023.10:g.(?_54610638)_(154689386_?)dup,CTAG1B,Uncertain significance,"criteria provided, single submitter",,,NC_000023.10:g.(?_54610638)_(154689386_?)dup,,,
2717111,NM_004484.4(GPC3):c.743T>C (p.Phe248Ser),GPC3,Uncertain significance,"criteria provided, single submitter",,,c.743T>C,,rs2521355358,
640214,NM_004484.4(GPC3):c.1516A>G (p.Ile506Val),GPC3,Uncertain significance,"criteria provided, single submitter",,,c.1516A>G,,rs1603183279,
639319,NM_004484.4(GPC3):c.1594G>T (p.Val532Leu),GPC3,Uncertain significance,"criteria provided, single submitter",,,c.1594G>T,,rs1603139499,
592000,NM_004484.4(GPC3):c.338-1G>T,GPC3,Uncertain significance,no assertion criteria provided,,,NM_004484.4(GPC3):c.338-1G>T,,rs1569426445,
589096,NM_004484.4(GPC3):c.1277A>G (p.Gln426Arg),GPC3,Uncertain significance,"criteria provided, multiple submitters, no conflicts",,,c.1277A>G,,rs749874149,
662226,NM_004484.4(GPC3):c.113T>C (p.Val38Ala),GPC3,Uncertain significance,"criteria provided, single submitter",,,c.113T>C,,rs1602581095,
659787,NM_004484.4(GPC3):c.959T>C (p.Leu320Pro),GPC3,Uncertain significance,"criteria provided, multiple submitters, no conflicts",,,c.959T>C,,rs759943578,
659345,NM_004484.4(GPC3):c.385A>T (p.Met129Leu),GPC3,Uncertain significance,"criteria provided, single submitter",,,c.385A>T,,rs1004380086,
658257,NM_004484.4(GPC3):c.126C>A (p.Phe42Leu),GPC3,Uncertain significance,"criteria provided, single submitter",,,c.126C>A,,rs1345541727,
657490,NM_004484.4(GPC3):c.1729T>C (p.Phe577Leu),GPC3,Uncertain significance,"criteria provided, single submitter",,,c.1729T>C,,rs755635706,
2329777,NM_004484.4(GPC3):c.875T>C (p.Ile292Thr),GPC3,Uncertain significance,"criteria provided, single submitter",,,c.875T>C,,rs2521354129,
2199088,NM_004484.4(GPC3):c.176G>A (p.Gly59Glu),GPC3,Uncertain significance,"criteria provided, single submitter",,,c.176G>A,,rs1286338239,
2193413,NM_004484.4(GPC3):c.1617T>A (p.Ser539Arg),GPC3,Uncertain significance,"criteria provided, single submitter",,,c.1617T>A,,rs2520463719,
2191134,NM_004484.4(GPC3):c.839T>C (p.Val280Ala),GPC3,Uncertain significance,"criteria provided, single submitter",,,c.839T>C,,rs764111452,
2685012,GRCh37/hg19 Xq26.2(chrX:133068897-133292237)x3,GPC3,Uncertain significance,"criteria provided, single submitter",,,GRCh37/hg19 Xq26.2(chrX:133068897-133292237)x3,,,
2572200,NM_004484.4(GPC3):c.337+7297G>T,GPC3,Uncertain significance,"criteria provided, single submitter",,,NM_004484.4(GPC3):c.337+7297G>T,,rs1421010322,
2490561,NM_004484.4(GPC3):c.40A>T (p.Met14Leu),GPC3,Uncertain significance,"criteria provided, multiple submitters, no conflicts",,,c.40A>T,,rs780176118,
2176070,NM_004484.4(GPC3):c.17G>T (p.Arg6Leu),GPC3,Uncertain significance,"criteria provided, single submitter",,,c.17G>T,,rs2521972404,
2161173,NM_004484.4(GPC3):c.166C>T (p.Pro56Ser),GPC3,Uncertain significance,"criteria provided, single submitter",,,c.166C>T,,rs2076562247,
2156355,NM_004484.4(GPC3):c.1700G>C (p.Ser567Thr),GPC3,Uncertain significance,"criteria provided, single submitter",,,c.1700G>C,,rs2520462572,
2156016,NM_004484.4(GPC3):c.914A>C (p.Glu305Ala),GPC3,Uncertain significance,"criteria provided, single submitter",,,c.914A>C,,rs778646418,
2153944,NM_004484.4(GPC3):c.1168G>A (p.Glu390Lys),GPC3,Uncertain significance,"criteria provided, single submitter",,,c.1168G>A,,rs2521132930,
2153772,NM_004484.4(GPC3):c.1712C>T (p.Ser571Leu),GPC3,Uncertain significance,"criteria provided, single submitter",,,c.1712C>T,,rs2069287341,
2151595,NM_004484.4(GPC3):c.682A>G (p.Ile228Val),GPC3,Uncertain significance,"criteria provided, single submitter",,,c.682A>G,,rs774682860,
2148200,NM_004484.4(GPC3):c.1742G>T (p.Ter581Leu),GPC3,Uncertain significance,"criteria provided, multiple submitters, no conflicts",,,c.1742G>T,,rs2520461640,
2425129,NC_000023.10:g.(?_132795748)_(132834066_?)del,GPC3,Uncertain significance,"criteria provided, single submitter",,,NC_000023.10:g.(?_132795748)_(132834066_?)del,,,
2425128,NC_000023.10:g.(?_132670152)_(132826532_?)dup,GPC3,Uncertain significance,"criteria provided, single submitter",,,NC_000023.10:g.(?_132670152)_(132826532_?)dup,,,
2422566,NC_000023.10:g.(?_132670152)_(133634107_?)dup,MIR106A,Uncertain significance,"criteria provided, single submitter",,,NC_000023.10:g.(?_132670152)_(133634107_?)dup,,,
2418909,NM_004484.4(GPC3):c.1523G>T (p.Gly508Val),GPC3,Uncertain significance,"criteria provided, single submitter",,,c.1523G>T,,rs2520747091,
2415526,NM_004484.4(GPC3):c.1676A>G (p.His559Arg),GPC3,Uncertain significance,"criteria provided, single submitter",,,c.1676A>G,,rs2520462961,
641745,NM_004484.4(GPC3):c.571G>A (p.Ala191Thr),GPC3,Uncertain significance,"criteria provided, single submitter",,,c.571G>A,,rs1603240684,
641491,NM_004484.4(GPC3):c.520C>G (p.Leu174Val),GPC3,Uncertain significance,"criteria provided, single submitter",,,c.520C>G,,rs1603240710,
640240,NM_004484.4(GPC3):c.351T>G (p.Ile117Met),GPC3,Uncertain significance,"criteria provided, single submitter",,,c.351T>G,,rs1603240797,
2144384,NM_004484.4(GPC3):c.1012G>A (p.Ala338Thr),GPC3,Uncertain significance,"criteria provided, multiple submitters, no conflicts",,,c.1012G>A,,rs1183737513,
2142578,NM_004484.4(GPC3):c.1361G>A (p.Gly454Asp),GPC3,Uncertain significance,"criteria provided, single submitter",,,c.1361G>A,,rs918708682,
2141906,NM_004484.4(GPC3):c.1675C>T (p.His559Tyr),GPC3,Uncertain significance,"criteria provided, single submitter",,,c.1675C>T,,rs2520462991,
2140343,NM_004484.4(GPC3):c.811G>T (p.Val271Phe),GPC3,Uncertain significance,"criteria provided, single submitter",,,c.811G>T,,rs2071693313,
2136208,NM_004484.4(GPC3):c.281A>C (p.Gln94Pro),GPC3,Uncertain significance,"criteria provided, single submitter",,,c.281A>C,,rs2521895371,
2134139,NM_004484.4(GPC3):c.1105G>A (p.Asp369Asn),GPC3,Uncertain significance,"criteria provided, single submitter",,,c.1105G>A,,rs2521160991,
2131929,NM_004484.4(GPC3):c.7G>C (p.Gly3Arg),GPC3,Uncertain significance,"criteria provided, single submitter",,,c.7G>C,,rs746757085,
2124666,NM_004484.4(GPC3):c.19A>T (p.Thr7Ser),GPC3,Uncertain significance,"criteria provided, single submitter",,,c.19A>T,,rs773144223,
2112273,NM_004484.4(GPC3):c.1394A>G (p.Lys465Arg),GPC3,Uncertain significance,"criteria provided, single submitter",,,c.1394A>G,,rs1297558330,
2107317,NM_004484.4(GPC3):c.1228T>C (p.Cys410Arg),GPC3,Uncertain significance,"criteria provided, single submitter",,,c.1228T>C,,rs2521132135,
2104990,NM_004484.4(GPC3):c.895T>C (p.Tyr299His),GPC3,Uncertain significance,"criteria provided, single submitter",,,c.895T>C,,rs2521353913,
2187017,NM_004484.4(GPC3):c.513T>G (p.Phe171Leu),GPC3,Uncertain significance,"criteria provided, single submitter",,,c.513T>G,,rs1448187765,
2185719,NM_004484.4(GPC3):c.1519G>C (p.Gly507Arg),GPC3,Uncertain significance,"criteria provided, single submitter",,,c.1519G>C,,rs2069916769,
2185563,NM_004484.4(GPC3):c.976A>T (p.Thr326Ser),GPC3,Uncertain significance,"criteria provided, single submitter",,,c.976A>T,,rs2521352963,
2180703,NM_004484.4(GPC3):c.227A>G (p.Lys76Arg),GPC3,Uncertain significance,"criteria provided, single submitter",,,c.227A>G,,rs2521895745,
2178569,NM_004484.4(GPC3):c.460C>G (p.Leu154Val),GPC3,Uncertain significance,"criteria provided, single submitter",,,c.460C>G,,rs2521358055,
2090425,NM_004484.4(GPC3):c.1438A>G (p.Lys480Glu),GPC3,Uncertain significance,"criteria provided, single submitter",,,c.1438A>G,,rs2520748003,
656962,NM_004484.4(GPC3):c.1166+3G>A,GPC3,Uncertain significance,"criteria provided, single submitter",,,NM_004484.4(GPC3):c.1166+3G>A,,rs1603228263,
656259,NM_004484.4(GPC3):c.977C>T (p.Thr326Ile),GPC3,Uncertain significance,"criteria provided, multiple submitters, no conflicts",,,c.977C>T,,rs900270133,
654600,NM_004484.4(GPC3):c.1019A>G (p.Lys340Arg),GPC3,Uncertain significance,"criteria provided, multiple submitters, no conflicts",,,c.1019A>G,,rs1603240431,
648170,NM_004484.4(GPC3):c.565G>T (p.Asp189Tyr),GPC3,Uncertain significance,"criteria provided, multiple submitters, no conflicts",,,c.565G>T,,rs900143355,
687519,GRCh37/hg19 Xp11.21-q28(chrX:54941868-155233731)x1,ABCB7,Uncertain significance,no assertion criteria provided,,,GRCh37/hg19 Xp11.21-q28(chrX:54941868-155233731)x1,,,
665538,NM_004484.4(GPC3):c.1718T>C (p.Val573Ala),GPC3,Uncertain significance,"criteria provided, single submitter",,,c.1718T>C,,rs1603139289,
664429,NM_004484.4(GPC3):c.113T>A (p.Val38Asp),GPC3,Uncertain significance,"criteria provided, single submitter",,,c.113T>A,,rs1602581095,
662624,NM_004484.4(GPC3):c.92C>T (p.Pro31Leu),GPC3,Uncertain significance,"criteria provided, single submitter",,,c.92C>T,,rs1602581126,
2087484,NM_004484.4(GPC3):c.16C>G (p.Arg6Gly),GPC3,Uncertain significance,"criteria provided, single submitter",,,c.16C>G,,rs1268383977,
2084291,NM_004484.4(GPC3):c.697C>G (p.Leu233Val),GPC3,Uncertain significance,"criteria provided, single submitter",,,c.697C>G,,rs2521355758,
2081473,NM_004484.4(GPC3):c.83C>T (p.Pro28Leu),GPC3,Uncertain significance,"criteria provided, single submitter",,,c.83C>T,,rs2076563370,
2077688,NM_004484.4(GPC3):c.310A>C (p.Ile104Leu),GPC3,Uncertain significance,"criteria provided, single submitter",,,c.310A>C,,rs2076400118,
2076194,NM_004484.4(GPC3):c.1310C>G (p.Ala437Gly),GPC3,Uncertain significance,"criteria provided, single submitter",,,c.1310C>G,,rs2521016520,
2074176,NM_004484.4(GPC3):c.1109A>G (p.Lys370Arg),GPC3,Uncertain significance,"criteria provided, single submitter",,,c.1109A>G,,rs2521160955,
2073025,NM_004484.4(GPC3):c.485A>T (p.Asn162Ile),GPC3,Uncertain significance,"criteria provided, single submitter",,,c.485A>T,,rs780431445,
2002150,NM_004484.4(GPC3):c.88C>T (p.Pro30Ser),GPC3,Uncertain significance,"criteria provided, single submitter",,,c.88C>T,,rs752743293,
1996235,NM_004484.4(GPC3):c.882G>T (p.Lys294Asn),GPC3,Uncertain significance,"criteria provided, single submitter",,,c.882G>T,,rs2124479973,
1983635,NM_004484.4(GPC3):c.27C>G (p.Cys9Trp),GPC3,Uncertain significance,"criteria provided, single submitter",,,c.27C>G,,rs2521972248,
2063310,NM_004484.4(GPC3):c.1367A>G (p.Glu456Gly),GPC3,Uncertain significance,"criteria provided, single submitter",,,c.1367A>G,,rs2070729173,
2060685,NM_004484.4(GPC3):c.1606C>T (p.Pro536Ser),GPC3,Uncertain significance,"criteria provided, single submitter",,,c.1606C>T,,rs1427990155,
836389,NM_004484.4(GPC3):c.329T>C (p.Val110Ala),GPC3,Uncertain significance,"criteria provided, single submitter",,,c.329T>C,,rs2076399979,
836236,NM_004484.4(GPC3):c.1514G>T (p.Cys505Phe),GPC3,Uncertain significance,"criteria provided, single submitter",,,c.1514G>T,,rs2069917028,
835756,NM_004484.4(GPC3):c.1672G>A (p.Val558Ile),GPC3,Uncertain significance,"criteria provided, single submitter",,,c.1672G>A,,rs2069288412,
807819,NM_004484.4(GPC3):c.1033-4218A>G,GPC3,Uncertain significance,"criteria provided, single submitter",,,NM_004484.4(GPC3):c.1033-4218A>G,,rs774209091,
2057147,NM_004484.4(GPC3):c.1453G>T (p.Asp485Tyr),GPC3,Uncertain significance,"criteria provided, multiple submitters, no conflicts",,,c.1453G>T,,rs750171653,
2054858,NM_004484.4(GPC3):c.925G>A (p.Gly309Ser),GPC3,Uncertain significance,"criteria provided, single submitter",,,c.925G>A,,rs1383580639,
2047755,NM_004484.4(GPC3):c.674T>G (p.Val225Gly),GPC3,Uncertain significance,"criteria provided, single submitter",,,c.674T>G,,rs767701856,
2045329,NM_004484.4(GPC3):c.1468G>A (p.Glu490Lys),GPC3,Uncertain significance,"criteria provided, single submitter",,,c.1468G>A,,rs2520747722,
2044643,NM_004484.4(GPC3):c.1574-3C>A,GPC3,Uncertain significance,"criteria provided, single submitter",,,NM_004484.4(GPC3):c.1574-3C>A,,rs2520464401,
2100369,NM_004484.4(GPC3):c.287C>T (p.Ala96Val),GPC3,Uncertain significance,"criteria provided, single submitter",,,c.287C>T,,rs2521895357,
2095414,NM_004484.4(GPC3):c.923A>G (p.Asn308Ser),GPC3,Uncertain significance,"criteria provided, single submitter",,,c.923A>G,,rs147911580,
2026578,NM_004484.4(GPC3):c.1598ATG[1] (p.Asp534del),GPC3,Uncertain significance,"criteria provided, single submitter",,,c.1598ATG[1],,rs2520463980,
834943,NM_004484.4(GPC3):c.78_86dup (p.Pro29_Pro31dup),GPC3,Uncertain significance,"criteria provided, single submitter",,,c.78_86dup,,rs2076563342,
834642,NM_004484.4(GPC3):c.1280A>G (p.Glu427Gly),GPC3,Uncertain significance,"criteria provided, single submitter",,,c.1280A>G,,rs2071072569,
834354,NM_004484.4(GPC3):c.49A>T (p.Ser17Cys),GPC3,Uncertain significance,"criteria provided, single submitter",,,c.49A>T,,rs2076563807,
831617,NC_000023.11:g.(?_133953040)_(133985449_?)dup,GPC3,Uncertain significance,"criteria provided, single submitter",,,NC_000023.11:g.(?_133953040)_(133985449_?)dup,,,
830395,NC_000023.11:g.(?_133536124)_(133536303_?)dup,GPC3,Uncertain significance,"criteria provided, single submitter",,,NC_000023.11:g.(?_133536124)_(133536303_?)dup,,,
849702,NM_004484.4(GPC3):c.602C>T (p.Ala201Val),GPC3,Uncertain significance,"criteria provided, single submitter",,,c.602C>T,,rs201344338,
849665,NM_004484.4(GPC3):c.1285G>C (p.Val429Leu),GPC3,Uncertain significance,"criteria provided, single submitter",,,c.1285G>C,,rs11539789,
845397,NM_004484.4(GPC3):c.611A>G (p.Asp204Gly),GPC3,Uncertain significance,"criteria provided, single submitter",,,c.611A>G,,rs1290496193,
844697,NM_004484.4(GPC3):c.1636G>A (p.Asp546Asn),GPC3,Uncertain significance,"criteria provided, single submitter",,,c.1636G>A,,rs2069289779,
843931,NM_004484.4(GPC3):c.1413+4T>C,GPC3,Uncertain significance,"criteria provided, single submitter",,,NM_004484.4(GPC3):c.1413+4T>C,,rs1468820113,
843877,NM_004484.4(GPC3):c.876T>G (p.Ile292Met),GPC3,Uncertain significance,"criteria provided, single submitter",,,c.876T>G,,rs61754633,
2020067,NM_004484.4(GPC3):c.1336_1341del (p.Asn446_Leu447del),GPC3,Uncertain significance,"criteria provided, single submitter",,,c.1336_1341del,,rs2521016177,
2010346,NM_004484.4(GPC3):c.658T>C (p.Ser220Pro),GPC3,Uncertain significance,"criteria provided, multiple submitters, no conflicts",,,c.658T>C,,rs2521356100,
2004680,NM_004484.4(GPC3):c.149A>G (p.Lys50Arg),GPC3,Uncertain significance,"criteria provided, single submitter",,,c.149A>G,,rs2521970892,
2002691,NM_004484.4(GPC3):c.94G>A (p.Asp32Asn),GPC3,Uncertain significance,"criteria provided, single submitter",,,c.94G>A,,rs2521971393,
1801070,NM_004484.4(GPC3):c.133C>T (p.Leu45=),GPC3,Uncertain significance,"criteria provided, single submitter",,,c.133C>T,,rs2521971007,
1782651,NM_004484.4(GPC3):c.191T>C (p.Val64Ala),GPC3,Uncertain significance,"criteria provided, single submitter",,,c.191T>C,,rs2521895935,
1722153,NM_004484.4(GPC3):c.1008G>C (p.Lys336Asn),GPC3,Uncertain significance,"criteria provided, single submitter",,,c.1008G>C,,rs773421934,
1715744,NM_004484.4(GPC3):c.1539G>A (p.Met513Ile),GPC3,Uncertain significance,"criteria provided, single submitter",,,c.1539G>A,,rs2520746904,
1979053,NM_004484.4(GPC3):c.11C>G (p.Thr4Ser),GPC3,Uncertain significance,"criteria provided, single submitter",,,c.11C>G,,rs2521972488,
1975676,NM_004484.4(GPC3):c.86C>T (p.Pro29Leu),GPC3,Uncertain significance,"criteria provided, single submitter",,,c.86C>T,,rs1316184947,
1970768,NM_004484.4(GPC3):c.1413G>A (p.Gln471=),GPC3,Uncertain significance,"criteria provided, single submitter",,,c.1413G>A,,rs2521015558,
1970493,NM_004484.4(GPC3):c.1036G>A (p.Gly346Ser),GPC3,Uncertain significance,"criteria provided, single submitter",,,c.1036G>A,,rs2521161605,
1970313,NM_004484.4(GPC3):c.710T>C (p.Ile237Thr),GPC3,Uncertain significance,"criteria provided, single submitter",,,c.710T>C,,rs1270406974,
1963859,NM_004484.4(GPC3):c.1293-3C>T,GPC3,Uncertain significance,"criteria provided, single submitter",,,NM_004484.4(GPC3):c.1293-3C>T,,rs2521016676,
1956112,NM_004484.4(GPC3):c.1271A>G (p.Asn424Ser),GPC3,Uncertain significance,"criteria provided, single submitter",,,c.1271A>G,,rs2521131618,
1950389,NM_004484.4(GPC3):c.1199G>A (p.Ser400Asn),GPC3,Uncertain significance,"criteria provided, single submitter",,,c.1199G>A,,rs2071074320,
1949908,NM_004484.4(GPC3):c.1541T>C (p.Ile514Thr),GPC3,Uncertain significance,"criteria provided, multiple submitters, no conflicts",,,c.1541T>C,,rs2069916233,
1947802,NM_004484.4(GPC3):c.1410C>G (p.Asn470Lys),GPC3,Uncertain significance,"criteria provided, multiple submitters, no conflicts",,,c.1410C>G,,rs1176444823,
1945620,NM_004484.4(GPC3):c.1184T>G (p.Leu395Trp),GPC3,Uncertain significance,"criteria provided, single submitter",,,c.1184T>G,,rs2071074664,
1943500,NM_004484.4(GPC3):c.341C>G (p.Ala114Gly),GPC3,Uncertain significance,"criteria provided, single submitter",,,c.341C>G,,rs2071703691,
860345,NM_004484.4(GPC3):c.1661A>G (p.Asn554Ser),GPC3,Uncertain significance,"criteria provided, single submitter",,,c.1661A>G,,rs2069288846,
860300,NM_004484.4(GPC3):c.140C>T (p.Pro47Leu),GPC3,Uncertain significance,"criteria provided, multiple submitters, no conflicts",,,c.140C>T,,rs2076562505,
859446,NM_004484.4(GPC3):c.1111A>C (p.Lys371Gln),GPC3,Uncertain significance,"criteria provided, single submitter",,,c.1111A>C,,rs755221081,
858906,NM_004484.4(GPC3):c.850G>A (p.Gly284Ser),GPC3,Uncertain significance,"criteria provided, single submitter",,,c.850G>A,,rs2071692255,
858695,NM_004484.4(GPC3):c.1696A>G (p.Thr566Ala),GPC3,Uncertain significance,"criteria provided, single submitter",,,c.1696A>G,,rs2069287938,
858265,NM_004484.4(GPC3):c.1313G>A (p.Arg438Lys),GPC3,Uncertain significance,"criteria provided, single submitter",,,c.1313G>A,,rs2070729910,
857512,NM_004484.4(GPC3):c.500T>C (p.Val167Ala),GPC3,Uncertain significance,"criteria provided, single submitter",,,c.500T>C,,rs2071700646,
855282,NM_004484.4(GPC3):c.388T>A (p.Phe130Ile),GPC3,Uncertain significance,"criteria provided, single submitter",,,c.388T>A,,rs2071702654,
855265,NM_004484.4(GPC3):c.1562G>A (p.Arg521His),GPC3,Uncertain significance,"criteria provided, multiple submitters, no conflicts",,,c.1562G>A,,rs2069915768,
3655626,NM_004484.4(GPC3):c.451G>C (p.Asp151His),GPC3,Uncertain significance,"criteria provided, single submitter",,,c.451G>C,,,
1938676,NM_004484.4(GPC3):c.644T>C (p.Ile215Thr),GPC3,Uncertain significance,"criteria provided, single submitter",,,c.644T>C,,rs2071696690,
1936124,NM_004484.4(GPC3):c.605G>C (p.Arg202Thr),GPC3,Uncertain significance,"criteria provided, single submitter",,,c.605G>C,,rs2521356591,
1930937,NM_004484.4(GPC3):c.97G>A (p.Ala33Thr),GPC3,Uncertain significance,"criteria provided, single submitter",,,c.97G>A,,rs2124655722,
1913019,NM_004484.4(GPC3):c.67C>G (p.Gln23Glu),GPC3,Uncertain significance,"criteria provided, single submitter",,,c.67C>G,,rs2521971789,
1909075,NM_004484.4(GPC3):c.317A>C (p.Gln106Pro),GPC3,Uncertain significance,"criteria provided, single submitter",,,c.317A>C,,rs2521895174,
1899288,NM_004484.4(GPC3):c.79CCG[7] (p.Pro31_Asp32insProPro),GPC3,Uncertain significance,"criteria provided, single submitter",,,c.79CCG[7],,rs749104500,
1712204,NM_004484.4(GPC3):c.545T>C (p.Leu182Pro),GPC3,Uncertain significance,"criteria provided, multiple submitters, no conflicts",,,c.545T>C,,rs144591352,
1709306,NM_004484.4(GPC3):c.1736_1737del (p.Val579fs),GPC3,Uncertain significance,"criteria provided, single submitter",,,c.1736_1737del,,rs2520461777,
1700536,NM_004484.4(GPC3):c.1685T>C (p.Leu562Pro),GPC3,Uncertain significance,"criteria provided, multiple submitters, no conflicts",,,c.1685T>C,,rs2069288228,
3710713,NM_004484.4(GPC3):c.556G>A (p.Gly186Ser),GPC3,Uncertain significance,"criteria provided, single submitter",,,c.556G>A,,,
3704506,NM_004484.4(GPC3):c.206G>A (p.Gly69Asp),GPC3,Uncertain significance,"criteria provided, single submitter",,,c.206G>A,,,
3681845,NM_004484.4(GPC3):c.985G>T (p.Asp329Tyr),GPC3,Uncertain significance,"criteria provided, single submitter",,,c.985G>T,,,
3681477,NM_004484.4(GPC3):c.1052A>T (p.His351Leu),GPC3,Uncertain significance,"criteria provided, single submitter",,,c.1052A>T,,,
3667500,NM_004484.4(GPC3):c.982C>T (p.His328Tyr),GPC3,Uncertain significance,"criteria provided, single submitter",,,c.982C>T,,,
3666455,NM_004484.4(GPC3):c.1190C>G (p.Ser397Cys),GPC3,Uncertain significance,"criteria provided, single submitter",,,c.1190C>G,,,
3657861,NM_004484.4(GPC3):c.1399A>G (p.Lys467Glu),GPC3,Uncertain significance,"criteria provided, single submitter",,,c.1399A>G,,,
3656809,NM_004484.4(GPC3):c.1130A>C (p.His377Pro),GPC3,Uncertain significance,"criteria provided, single submitter",,,c.1130A>C,,,
842874,NM_004484.4(GPC3):c.682A>T (p.Ile228Phe),GPC3,Uncertain significance,"criteria provided, single submitter",,,c.682A>T,,rs774682860,
839100,NM_004484.4(GPC3):c.1190C>T (p.Ser397Phe),GPC3,Uncertain significance,"criteria provided, multiple submitters, no conflicts",,,c.1190C>T,,rs2071074547,
838473,NM_004484.4(GPC3):c.565G>C (p.Asp189His),GPC3,Uncertain significance,"criteria provided, multiple submitters, no conflicts",,,c.565G>C,,rs900143355,
837322,NM_004484.4(GPC3):c.265A>T (p.Met89Leu),GPC3,Uncertain significance,"criteria provided, single submitter",,,c.265A>T,,rs1569458698,
836708,NM_004484.4(GPC3):c.1546G>A (p.Val516Met),GPC3,Uncertain significance,"criteria provided, single submitter",,,c.1546G>A,,rs1803692,
854588,NM_004484.4(GPC3):c.98C>T (p.Ala33Val),GPC3,Uncertain significance,"criteria provided, single submitter",,,c.98C>T,,rs2076563148,
854173,NM_004484.4(GPC3):c.1537A>C (p.Met513Leu),GPC3,Uncertain significance,"criteria provided, single submitter",,,c.1537A>C,,rs2069916427,
852790,NM_004484.4(GPC3):c.1414-3C>T,GPC3,Uncertain significance,"criteria provided, single submitter",,,NM_004484.4(GPC3):c.1414-3C>T,,rs2069919599,
935290,NM_004484.4(GPC3):c.1158C>A (p.Ser386Arg),GPC3,Uncertain significance,"criteria provided, single submitter",,,c.1158C>A,,rs1317567175,
934376,NM_004484.4(GPC3):c.612C>A (p.Asp204Glu),GPC3,Uncertain significance,"criteria provided, single submitter",,,c.612C>A,,rs2071697475,
933833,NM_004484.4(GPC3):c.268G>A (p.Glu90Lys),GPC3,Uncertain significance,"criteria provided, single submitter",,,c.268G>A,,rs866063769,
932642,NM_004484.4(GPC3):c.43C>A (p.Leu15Met),GPC3,Uncertain significance,"criteria provided, multiple submitters, no conflicts",,,c.43C>A,,rs1174879539,
930761,NM_004484.4(GPC3):c.737T>C (p.Leu246Pro),GPC3,Uncertain significance,"criteria provided, multiple submitters, no conflicts",,,c.737T>C,,rs2071694723,
916143,NM_004484.4(GPC3):c.946A>G (p.Met316Val),GPC3,Uncertain significance,"criteria provided, multiple submitters, no conflicts",,,c.946A>G,,rs764148728,
871946,NM_004484.4(GPC3):c.839T>A (p.Val280Glu),GPC3,Uncertain significance,"criteria provided, multiple submitters, no conflicts",,,c.839T>A,,rs764111452,
863802,NM_004484.4(GPC3):c.890G>A (p.Arg297Lys),GPC3,Uncertain significance,"criteria provided, single submitter",,,c.890G>A,,rs2071690867,
863492,NM_004484.4(GPC3):c.1592A>T (p.Asp531Val),GPC3,Uncertain significance,"criteria provided, single submitter",,,c.1592A>T,,rs2069291115,
862920,NM_004484.4(GPC3):c.1714G>T (p.Val572Leu),GPC3,Uncertain significance,"criteria provided, single submitter",,,c.1714G>T,,rs2069287188,
1693307,NM_004484.4(GPC3):c.1645A>G (p.Ile549Val),GPC3,Uncertain significance,"criteria provided, multiple submitters, no conflicts",,,c.1645A>G,,rs2124257541,
1692813,NM_004484.4(GPC3):c.1721G>C (p.Cys574Ser),GPC3,Uncertain significance,"criteria provided, single submitter",,,c.1721G>C,,rs2124257249,
1715280,NM_004484.4(GPC3):c.1369C>T (p.Pro457Ser),GPC3,Uncertain significance,"criteria provided, single submitter",,,c.1369C>T,,rs2070729125,
942763,NM_004484.4(GPC3):c.169G>A (p.Val57Met),GPC3,Uncertain significance,"criteria provided, single submitter",,,c.169G>A,,rs2076562120,
939767,NM_004484.4(GPC3):c.1454A>C (p.Asp485Ala),GPC3,Uncertain significance,"criteria provided, multiple submitters, no conflicts",,,c.1454A>C,,rs2069918325,
939677,NM_004484.4(GPC3):c.1429T>A (p.Ser477Thr),GPC3,Uncertain significance,"criteria provided, single submitter",,,c.1429T>A,,rs2069919041,
939593,NM_004484.4(GPC3):c.755G>T (p.Cys252Phe),GPC3,Uncertain significance,"criteria provided, single submitter",,,c.755G>T,,rs2071694353,
939061,NM_004484.4(GPC3):c.1378A>C (p.Ser460Arg),GPC3,Uncertain significance,"criteria provided, single submitter",,,c.1378A>C,,rs769964258,
939060,NM_004484.4(GPC3):c.115C>T (p.Arg39Cys),GPC3,Uncertain significance,"criteria provided, multiple submitters, no conflicts",,,c.115C>T,,rs757475450,
938861,NM_004484.4(GPC3):c.1032+5G>A,GPC3,Uncertain significance,"criteria provided, single submitter",,,NM_004484.4(GPC3):c.1032+5G>A,,rs2071687291,
935929,NM_004484.4(GPC3):c.880A>G (p.Lys294Glu),GPC3,Uncertain significance,"criteria provided, multiple submitters, no conflicts",,,c.880A>G,,rs1294158180,
960416,NM_004484.4(GPC3):c.1642G>A (p.Glu548Lys),GPC3,Uncertain significance,"criteria provided, multiple submitters, no conflicts",,,c.1642G>A,,rs372317881,
862165,NM_004484.4(GPC3):c.1663C>T (p.Leu555Phe),GPC3,Uncertain significance,"criteria provided, single submitter",,,c.1663C>T,,rs990733015,
861820,NM_004484.4(GPC3):c.607C>T (p.Arg203Cys),GPC3,Uncertain significance,"criteria provided, multiple submitters, no conflicts",,,c.607C>T,,rs756480292,
861597,NM_004484.4(GPC3):c.505G>A (p.Glu169Lys),GPC3,Uncertain significance,"criteria provided, single submitter",,,c.505G>A,,rs2071700502,
4292234,NM_004484.4(GPC3):c.1198_1227del (p.Ser400_Ile409del),GPC3,Uncertain significance,"criteria provided, single submitter",,,c.1198_1227del,,,
4279281,GRCh37/hg19 Xq26.2(chrX:132665849-132926673)x3,GPC3,Uncertain significance,"criteria provided, single submitter",,,GRCh37/hg19 Xq26.2(chrX:132665849-132926673)x3,,,
4265492,NM_004484.4(GPC3):c.1391A>G (p.Asp464Gly),GPC3,Uncertain significance,"criteria provided, single submitter",,,c.1391A>G,,,
4265491,NM_004484.4(GPC3):c.1309G>T (p.Ala437Ser),GPC3,Uncertain significance,"criteria provided, single submitter",,,c.1309G>T,,,
958110,NM_004484.4(GPC3):c.596G>A (p.Arg199Gln),GPC3,Uncertain significance,"criteria provided, single submitter",,,c.596G>A,,rs1389517208,
957620,NM_004484.4(GPC3):c.421G>T (p.Ala141Ser),GPC3,Uncertain significance,"criteria provided, single submitter",,,c.421G>T,,rs1360346581,
956945,NM_004484.4(GPC3):c.1373T>C (p.Val458Ala),GPC3,Uncertain significance,"criteria provided, single submitter",,,c.1373T>C,,rs1392958281,
955196,NM_004484.4(GPC3):c.695C>T (p.Ala232Val),GPC3,Uncertain significance,"criteria provided, single submitter",,,c.695C>T,,rs1206002281,
954675,NM_004484.4(GPC3):c.1739A>G (p.His580Arg),GPC3,Uncertain significance,"criteria provided, single submitter",,,c.1739A>G,,rs1449654880,
954157,NM_004484.4(GPC3):c.520C>A (p.Leu174Met),GPC3,Uncertain significance,"criteria provided, single submitter",,,c.520C>A,,rs1603240710,
953514,NM_004484.4(GPC3):c.1736T>G (p.Val579Gly),GPC3,Uncertain significance,"criteria provided, single submitter",,,c.1736T>G,,rs1197981146,
952764,NM_004484.4(GPC3):c.1538T>A (p.Met513Lys),GPC3,Uncertain significance,"criteria provided, single submitter",,,c.1538T>A,,rs2069916333,
951918,NM_004484.4(GPC3):c.482T>C (p.Ile161Thr),GPC3,Uncertain significance,"criteria provided, single submitter",,,c.482T>C,,rs1194302542,
949405,NM_004484.4(GPC3):c.1582T>C (p.Tyr528His),GPC3,Uncertain significance,"criteria provided, single submitter",,,c.1582T>C,,rs779769588,
994887,NM_004484.4(GPC3):c.62C>G (p.Pro21Arg),GPC3,Uncertain significance,"criteria provided, single submitter",,,c.62C>G,,rs745984441,
948399,NM_004484.4(GPC3):c.236A>G (p.Glu79Gly),GPC3,Uncertain significance,"criteria provided, single submitter",,,c.236A>G,,rs2076400695,
947087,NM_004484.4(GPC3):c.154G>C (p.Val52Leu),GPC3,Uncertain significance,"criteria provided, single submitter",,,c.154G>C,,rs1221218346,
947008,NM_004484.4(GPC3):c.851G>C (p.Gly284Ala),GPC3,Uncertain significance,"criteria provided, single submitter",,,c.851G>C,,rs2071692187,
946784,NM_004484.4(GPC3):c.1256A>G (p.Asp419Gly),GPC3,Uncertain significance,"criteria provided, single submitter",,,c.1256A>G,,rs1185485932,
945118,NM_004484.4(GPC3):c.624T>A (p.Phe208Leu),GPC3,Uncertain significance,"criteria provided, single submitter",,,c.624T>A,,rs140848049,
968356,NM_004484.4(GPC3):c.273G>T (p.Gln91His),GPC3,Uncertain significance,"criteria provided, single submitter",,,c.273G>T,,rs1017256114,
967508,NM_004484.4(GPC3):c.90_91insACG (p.Pro30_Pro31insThr),GPC3,Uncertain significance,"criteria provided, single submitter",,,c.90_91insACG,,rs1210386432,
966811,NM_004484.4(GPC3):c.497T>C (p.Met166Thr),GPC3,Uncertain significance,"criteria provided, single submitter",,,c.497T>C,,rs2071700722,
966013,NM_004484.4(GPC3):c.1286T>C (p.Val429Ala),GPC3,Uncertain significance,"criteria provided, multiple submitters, no conflicts",,,c.1286T>C,,rs755117392,
963609,NM_004484.4(GPC3):c.1198A>T (p.Ser400Cys),GPC3,Uncertain significance,"criteria provided, single submitter",,,c.1198A>T,,rs1603226518,
963026,NM_004484.4(GPC3):c.753C>A (p.Asp251Glu),GPC3,Uncertain significance,"criteria provided, single submitter",,,c.753C>A,,rs770414070,
961836,NM_004484.4(GPC3):c.1649G>C (p.Ser550Thr),GPC3,Uncertain significance,"criteria provided, single submitter",,,c.1649G>C,,rs2069289201,
961448,NM_004484.4(GPC3):c.368A>G (p.Lys123Arg),GPC3,Uncertain significance,"criteria provided, multiple submitters, no conflicts",,,c.368A>G,,rs1490064135,
961116,NM_004484.4(GPC3):c.1130A>T (p.His377Leu),GPC3,Uncertain significance,"criteria provided, single submitter",,,c.1130A>T,,rs1060502172,
1017085,NM_004484.4(GPC3):c.565G>A (p.Asp189Asn),GPC3,Uncertain significance,"criteria provided, single submitter",,,c.565G>A,,rs900143355,
1016562,NM_004484.4(GPC3):c.75G>T (p.Gln25His),GPC3,Uncertain significance,"criteria provided, single submitter",,,c.75G>T,,rs2076563500,
1016304,NM_004484.4(GPC3):c.1292+6C>T,GPC3,Uncertain significance,"criteria provided, multiple submitters, no conflicts",,,NM_004484.4(GPC3):c.1292+6C>T,,rs1207247416,
1015432,NM_004484.4(GPC3):c.1413+5G>A,GPC3,Uncertain significance,"criteria provided, single submitter",,,NM_004484.4(GPC3):c.1413+5G>A,,rs2070728440,
959564,NM_004484.4(GPC3):c.1004A>C (p.Gln335Pro),GPC3,Uncertain significance,"criteria provided, multiple submitters, no conflicts",,,c.1004A>C,,rs2071687961,
959477,NM_004484.4(GPC3):c.1027A>G (p.Thr343Ala),GPC3,Uncertain significance,"criteria provided, single submitter",,,c.1027A>G,,rs2071687500,
959289,NM_004484.4(GPC3):c.1553A>T (p.Asn518Ile),GPC3,Uncertain significance,"criteria provided, single submitter",,,c.1553A>T,,rs2069915935,
997494,NM_004484.4(GPC3):c.1640A>G (p.Asn547Ser),GPC3,Uncertain significance,"criteria provided, multiple submitters, no conflicts",,,c.1640A>G,,rs2069289549,
1027051,NM_004484.4(GPC3):c.341C>A (p.Ala114Asp),GPC3,Uncertain significance,"criteria provided, single submitter",,,c.341C>A,,rs2071703691,
1025379,NM_004484.4(GPC3):c.1604C>T (p.Ala535Val),GPC3,Uncertain significance,"criteria provided, single submitter",,,c.1604C>T,,rs750138489,
1023255,NM_004484.4(GPC3):c.967C>T (p.Leu323Phe),GPC3,Uncertain significance,"criteria provided, multiple submitters, no conflicts",,,c.967C>T,,rs1488891852,
1023068,NM_004484.4(GPC3):c.1205A>G (p.Tyr402Cys),GPC3,Uncertain significance,"criteria provided, multiple submitters, no conflicts",,,c.1205A>G,,rs1173924969,
1022572,NM_004484.4(GPC3):c.1669A>T (p.Asn557Tyr),GPC3,Uncertain significance,"criteria provided, single submitter",,,c.1669A>T,,rs2069288554,
1022513,NM_004484.4(GPC3):c.1405A>G (p.Ile469Val),GPC3,Uncertain significance,"criteria provided, single submitter",,,c.1405A>G,,rs2070728648,
1510757,NM_004484.4(GPC3):c.943G>T (p.Asp315Tyr),GPC3,Uncertain significance,"criteria provided, single submitter",,,c.943G>T,,rs2124479854,
1506102,NM_004484.4(GPC3):c.785G>A (p.Cys262Tyr),GPC3,Uncertain significance,"criteria provided, single submitter",,,c.785G>A,,rs2071693746,
1500695,NM_004484.4(GPC3):c.289A>G (p.Ser97Gly),GPC3,Uncertain significance,"criteria provided, single submitter",,,c.289A>G,,rs2124634767,
4082039,NC_000023.11:g.133692359_133754186dup,GPC3,Uncertain significance,no assertion criteria provided,,,NC_000023.11:g.133692359_133754186dup,,,
4076044,GRCh37/hg19 Xq26.2(chrX:132905697-133201399)x3,GPC3,Uncertain significance,"criteria provided, single submitter",,,GRCh37/hg19 Xq26.2(chrX:132905697-133201399)x3,,,
4071782,NM_004484.4(GPC3):c.1223A>G (p.Tyr408Cys),GPC3,Uncertain significance,"criteria provided, single submitter",,,c.1223A>G,,,
3774882,NM_004484.4(GPC3):c.1269G>C (p.Trp423Cys),GPC3,Uncertain significance,"criteria provided, single submitter",,,c.1269G>C,,,
981266,NM_004484.4(GPC3):c.881A>G (p.Lys294Arg),GPC3,Uncertain significance,"criteria provided, single submitter",,,c.881A>G,,rs2071691139,
980870,GRCh37/hg19 Xq26.2-26.3(chrX:132268495-134235471)x2,CCDC160,Uncertain significance,no assertion criteria provided,,,GRCh37/hg19 Xq26.2-26.3(chrX:132268495-134235471)x2,,,
1520388,NM_004484.4(GPC3):c.869T>G (p.Val290Gly),GPC3,Uncertain significance,"criteria provided, single submitter",,,c.869T>G,,rs1244073847,
1519676,NM_004484.4(GPC3):c.381T>A (p.Asn127Lys),GPC3,Uncertain significance,"criteria provided, single submitter",,,c.381T>A,,rs2124480908,
1517299,NM_004484.4(GPC3):c.1209T>G (p.Ser403Arg),GPC3,Uncertain significance,"criteria provided, single submitter",,,c.1209T>G,,rs1456710707,
1517134,NM_004484.4(GPC3):c.97G>T (p.Ala33Ser),GPC3,Uncertain significance,"criteria provided, single submitter",,,c.97G>T,,rs2124655722,
1513222,NM_004484.4(GPC3):c.458C>T (p.Ser153Phe),GPC3,Uncertain significance,"criteria provided, single submitter",,,c.458C>T,,rs1310073855,
1511750,NM_004484.4(GPC3):c.1535G>A (p.Gly512Glu),GPC3,Uncertain significance,"criteria provided, single submitter",,,c.1535G>A,,rs1162314906,
1510966,NM_004484.4(GPC3):c.562C>G (p.Pro188Ala),GPC3,Uncertain significance,"criteria provided, single submitter",,,c.562C>G,,rs2071699046,
1014023,NM_004484.4(GPC3):c.1424C>T (p.Thr475Ile),GPC3,Uncertain significance,"criteria provided, single submitter",,,c.1424C>T,,rs2069919421,
1013849,NM_004484.4(GPC3):c.421G>A (p.Ala141Thr),GPC3,Uncertain significance,"criteria provided, multiple submitters, no conflicts",,,c.421G>A,,rs1360346581,
1013637,NM_004484.4(GPC3):c.301A>C (p.Lys101Gln),GPC3,Uncertain significance,"criteria provided, single submitter",,,c.301A>C,,rs766042778,
1010730,NM_004484.4(GPC3):c.452A>G (p.Asp151Gly),GPC3,Uncertain significance,"criteria provided, single submitter",,,c.452A>G,,rs2071701855,
1008556,NM_004484.4(GPC3):c.502A>G (p.Asn168Asp),GPC3,Uncertain significance,"criteria provided, single submitter",,,c.502A>G,,rs2071700573,
1008034,NM_004484.4(GPC3):c.1158C>G (p.Ser386Arg),GPC3,Uncertain significance,"criteria provided, single submitter",,,c.1158C>G,,rs1317567175,
1003335,NM_004484.4(GPC3):c.865G>A (p.Val289Met),GPC3,Uncertain significance,"criteria provided, multiple submitters, no conflicts",,,c.865G>A,,rs1456458902,
1000238,NM_004484.4(GPC3):c.1051C>T (p.His351Tyr),GPC3,Uncertain significance,"criteria provided, multiple submitters, no conflicts",,,c.1051C>T,,rs2071153064,
998959,NM_004484.4(GPC3):c.958C>G (p.Leu320Val),GPC3,Uncertain significance,"criteria provided, single submitter",,,c.958C>G,,rs372222280,
1419899,NM_004484.4(GPC3):c.22G>A (p.Ala8Thr),GPC3,Uncertain significance,"criteria provided, single submitter",,,c.22G>A,,rs772076246,
1412178,NM_004484.4(GPC3):c.1381C>G (p.Gln461Glu),GPC3,Uncertain significance,"criteria provided, single submitter",,,c.1381C>G,,rs1603215815,
1491399,NM_004484.4(GPC3):c.567T>G (p.Asp189Glu),GPC3,Uncertain significance,"criteria provided, single submitter",,,c.567T>G,,rs2124480565,
1481345,NM_004484.4(GPC3):c.1214T>C (p.Leu405Ser),GPC3,Uncertain significance,"criteria provided, single submitter",,,c.1214T>C,,rs2071073967,
1479962,NM_004484.4(GPC3):c.1316A>G (p.Asn439Ser),GPC3,Uncertain significance,"criteria provided, single submitter",,,c.1316A>G,,rs2124401875,
1478633,NM_004484.4(GPC3):c.1659C>G (p.His553Gln),GPC3,Uncertain significance,"criteria provided, single submitter",,,c.1659C>G,,rs2069288907,
1476121,NM_004484.4(GPC3):c.862G>A (p.Gly288Ser),GPC3,Uncertain significance,"criteria provided, single submitter",,,c.862G>A,,rs2124480046,
1471630,NM_004484.4(GPC3):c.34G>A (p.Val12Met),GPC3,Uncertain significance,"criteria provided, single submitter",,,c.34G>A,,rs748152935,
1468676,NM_004484.4(GPC3):c.170T>G (p.Val57Gly),GPC3,Uncertain significance,"criteria provided, single submitter",,,c.170T>G,,rs2124655641,
1467330,NM_004484.4(GPC3):c.353T>C (p.Val118Ala),GPC3,Uncertain significance,"criteria provided, single submitter",,,c.353T>C,,rs2124480956,
1465571,NM_004484.4(GPC3):c.1450C>A (p.Leu484Met),GPC3,Uncertain significance,"criteria provided, single submitter",,,c.1450C>A,,rs2124331070,
1464192,NM_004484.4(GPC3):c.1166+6A>G,GPC3,Uncertain significance,"criteria provided, single submitter",,,NM_004484.4(GPC3):c.1166+6A>G,,rs2124437397,
1461427,NM_004484.4(GPC3):c.78_83del (p.Pro30_Pro31del),GPC3,Uncertain significance,"criteria provided, single submitter",,,c.78_83del,,rs2124655769,
1526855,GRCh37/hg19 Xq26.2-26.3(chrX:133107292-134142245),CCDC160,Uncertain significance,"criteria provided, single submitter",,,GRCh37/hg19 Xq26.2-26.3(chrX:133107292-134142245),,,
1525883,NM_004484.4(GPC3):c.1032+4A>G,GPC3,Uncertain significance,"criteria provided, single submitter",,,NM_004484.4(GPC3):c.1032+4A>G,,rs2124479692,
1524339,NM_004484.4(GPC3):c.1048G>A (p.Ala350Thr),GPC3,Uncertain significance,"criteria provided, single submitter",,,c.1048G>A,,rs2124437635,
1406926,NM_004484.4(GPC3):c.396C>A (p.Asn132Lys),GPC3,Uncertain significance,"criteria provided, single submitter",,,c.396C>A,,rs2124480866,
1404970,NM_004484.4(GPC3):c.1096C>T (p.Leu366Phe),GPC3,Uncertain significance,"criteria provided, multiple submitters, no conflicts",,,c.1096C>T,,rs2124437551,
1397841,NM_004484.4(GPC3):c.53T>C (p.Leu18Ser),GPC3,Uncertain significance,"criteria provided, single submitter",,,c.53T>C,,rs1011652636,
1392958,NM_004484.4(GPC3):c.68A>G (p.Gln23Arg),GPC3,Uncertain significance,"criteria provided, single submitter",,,c.68A>G,,rs866488565,
1392703,NM_004484.4(GPC3):c.23C>T (p.Ala8Val),GPC3,Uncertain significance,"criteria provided, single submitter",,,c.23C>T,,rs1322259717,
1389338,NM_004484.4(GPC3):c.1453G>A (p.Asp485Asn),GPC3,Uncertain significance,"criteria provided, single submitter",,,c.1453G>A,,rs750171653,
1388322,NM_004484.4(GPC3):c.823G>A (p.Gly275Ser),GPC3,Uncertain significance,"criteria provided, single submitter",,,c.823G>A,,rs2124480115,
1381326,NM_004484.4(GPC3):c.473G>A (p.Gly158Asp),GPC3,Uncertain significance,"criteria provided, multiple submitters, no conflicts",,,c.473G>A,,rs2124480739,
1449427,NM_004484.4(GPC3):c.896A>G (p.Tyr299Cys),GPC3,Uncertain significance,"criteria provided, single submitter",,,c.896A>G,,rs2071690786,
1443593,NM_004484.4(GPC3):c.422C>A (p.Ala141Asp),GPC3,Uncertain significance,"criteria provided, single submitter",,,c.422C>A,,rs2124480829,
1442949,NM_004484.4(GPC3):c.472G>C (p.Gly158Arg),GPC3,Uncertain significance,"criteria provided, single submitter",,,c.472G>C,,rs2124480744,
1441630,NM_004484.4(GPC3):c.1613A>G (p.Asn538Ser),GPC3,Uncertain significance,"criteria provided, single submitter",,,c.1613A>G,,rs2124257689,
1433895,NM_004484.4(GPC3):c.1639A>G (p.Asn547Asp),GPC3,Uncertain significance,"criteria provided, single submitter",,,c.1639A>G,,rs773437908,
1433618,NM_004484.4(GPC3):c.46C>T (p.Leu16Phe),GPC3,Uncertain significance,"criteria provided, single submitter",,,c.46C>T,,rs2124655846,
1429279,NM_004484.4(GPC3):c.395A>G (p.Asn132Ser),GPC3,Uncertain significance,"criteria provided, single submitter",,,c.395A>G,,rs2124480870,
1422816,NM_004484.4(GPC3):c.174A>G (p.Pro58=),GPC3,Uncertain significance,"criteria provided, multiple submitters, no conflicts",,,c.174A>G,,rs1357590429,
1374579,NM_004484.4(GPC3):c.1220G>A (p.Gly407Asp),GPC3,Uncertain significance,"criteria provided, single submitter",,,c.1220G>A,,rs752259157,
1372974,NM_004484.4(GPC3):c.1032T>C (p.Thr344=),GPC3,Uncertain significance,"criteria provided, single submitter",,,c.1032T>C,,rs2124479695,
1372146,NM_004484.4(GPC3):c.53T>G (p.Leu18Trp),GPC3,Uncertain significance,"criteria provided, single submitter",,,c.53T>G,,rs1011652636,
1371579,NM_004484.4(GPC3):c.1714G>A (p.Val572Met),GPC3,Uncertain significance,"criteria provided, single submitter",,,c.1714G>A,,rs2069287188,
1369869,NM_004484.4(GPC3):c.746G>A (p.Ser249Asn),GPC3,Uncertain significance,"criteria provided, single submitter",,,c.746G>A,,rs2124480231,
1367881,NM_004484.4(GPC3):c.602C>G (p.Ala201Gly),GPC3,Uncertain significance,"criteria provided, single submitter",,,c.602C>G,,rs201344338,
1367282,NM_004484.4(GPC3):c.940T>A (p.Tyr314Asn),GPC3,Uncertain significance,"criteria provided, single submitter",,,c.940T>A,,rs2124479870,
1367254,NM_004484.4(GPC3):c.1615A>G (p.Ser539Gly),GPC3,Uncertain significance,"criteria provided, multiple submitters, no conflicts",,,c.1615A>G,,rs2069290326,
1366840,NM_004484.4(GPC3):c.1231A>C (p.Ser411Arg),GPC3,Uncertain significance,"criteria provided, single submitter",,,c.1231A>C,,rs2124430814,
1366744,NM_004484.4(GPC3):c.1288G>A (p.Glu430Lys),GPC3,Uncertain significance,"criteria provided, single submitter",,,c.1288G>A,,rs2124430649,
1365617,NM_004484.4(GPC3):c.493G>C (p.Asp165His),GPC3,Uncertain significance,"criteria provided, single submitter",,,c.493G>C,,rs2124480689,
1411916,NM_004484.4(GPC3):c.37G>C (p.Ala13Pro),GPC3,Uncertain significance,"criteria provided, single submitter",,,c.37G>C,,rs2124655865,
1411619,NM_004484.4(GPC3):c.811G>A (p.Val271Ile),GPC3,Uncertain significance,"criteria provided, single submitter",,,c.811G>A,,rs2071693313,
1411462,NM_004484.4(GPC3):c.787T>A (p.Ser263Thr),GPC3,Uncertain significance,"criteria provided, single submitter",,,c.787T>A,,rs1447010765,
1410737,NM_004484.4(GPC3):c.757G>A (p.Gly253Ser),GPC3,Uncertain significance,"criteria provided, single submitter",,,c.757G>A,,rs2124480212,
1409303,NM_004484.4(GPC3):c.318G>C (p.Gln106His),GPC3,Uncertain significance,"criteria provided, single submitter",,,c.318G>C,,rs750139856,
1302370,NM_004484.4(GPC3):c.607C>G (p.Arg203Gly),GPC3,Uncertain significance,"criteria provided, single submitter",,,c.607C>G,,rs756480292,
1363103,NM_004484.4(GPC3):c.451G>A (p.Asp151Asn),GPC3,Uncertain significance,"criteria provided, single submitter",,,c.451G>A,,rs2124480809,
1361729,NM_004484.4(GPC3):c.592C>T (p.Leu198Phe),GPC3,Uncertain significance,"criteria provided, single submitter",,,c.592C>T,,rs2124480498,
1355186,NM_004484.4(GPC3):c.892G>C (p.Glu298Gln),GPC3,Uncertain significance,"criteria provided, single submitter",,,c.892G>C,,rs2124479949,
1352030,NM_004484.4(GPC3):c.493G>A (p.Asp165Asn),GPC3,Uncertain significance,"criteria provided, multiple submitters, no conflicts",,,c.493G>A,,rs2124480689,
1350515,NM_004484.4(GPC3):c.204G>T (p.Lys68Asn),GPC3,Uncertain significance,"criteria provided, single submitter",,,c.204G>T,,rs61754632,
1350085,NM_004484.4(GPC3):c.1030A>T (p.Thr344Ser),GPC3,Uncertain significance,"criteria provided, single submitter",,,c.1030A>T,,rs2124479705,
1327076,NM_004484.4(GPC3):c.467T>A (p.Ile156Asn),GPC3,Uncertain significance,"criteria provided, single submitter",,,c.467T>A,,rs2124480768,
1314317,NM_004484.4(GPC3):c.871G>A (p.Glu291Lys),GPC3,Uncertain significance,"criteria provided, single submitter",,,c.871G>A,,rs12833276,
1312255,NM_004484.4(GPC3):c.821G>C (p.Cys274Ser),GPC3,Uncertain significance,"criteria provided, single submitter",,,c.821G>C,,rs2124480119,
1307433,NM_004484.4(GPC3):c.1094A>G (p.Asp365Gly),GPC3,Uncertain significance,"criteria provided, single submitter",,,c.1094A>G,,rs1174291561,
1381136,NM_004484.4(GPC3):c.1331A>T (p.Gln444Leu),GPC3,Uncertain significance,"criteria provided, single submitter",,,c.1331A>T,,rs1053066164,
1377400,NM_004484.4(GPC3):c.1020G>C (p.Lys340Asn),GPC3,Uncertain significance,"criteria provided, single submitter",,,c.1020G>C,,rs2124479719,
1377136,NM_004484.4(GPC3):c.205G>T (p.Gly69Cys),GPC3,Uncertain significance,"criteria provided, single submitter",,,c.205G>T,,rs2124634887,
1376791,NM_004484.4(GPC3):c.1226T>G (p.Ile409Ser),GPC3,Uncertain significance,"criteria provided, single submitter",,,c.1226T>G,,rs2071073649,
1375655,NM_004484.4(GPC3):c.682A>C (p.Ile228Leu),GPC3,Uncertain significance,"criteria provided, multiple submitters, no conflicts",,,c.682A>C,,rs774682860,
1062317,NM_004484.4(GPC3):c.181G>C (p.Asp61His),GPC3,Uncertain significance,"criteria provided, multiple submitters, no conflicts",,,c.181G>C,,rs2124634901,
1021576,NM_004484.4(GPC3):c.337+5G>A,GPC3,Uncertain significance,"criteria provided, single submitter",,,NM_004484.4(GPC3):c.337+5G>A,,rs2076399944,
1021147,NM_004484.4(GPC3):c.1600G>A (p.Asp534Asn),GPC3,Uncertain significance,"criteria provided, single submitter",,,c.1600G>A,,rs2069290892,
1020350,NM_004484.4(GPC3):c.79CCG[3] (p.Pro30_Pro31del),GPC3,Uncertain significance,"criteria provided, single submitter",,,c.79CCG[3],,rs749104500,
1019990,NM_004484.4(GPC3):c.1610G>C (p.Gly537Ala),GPC3,Uncertain significance,"criteria provided, single submitter",,,c.1610G>C,,rs2069290389,
1018138,NM_004484.4(GPC3):c.1315A>G (p.Asn439Asp),GPC3,Uncertain significance,"criteria provided, single submitter",,,c.1315A>G,,rs2070729852,
1017875,NM_004484.4(GPC3):c.61C>A (p.Pro21Thr),GPC3,Uncertain significance,"criteria provided, single submitter",,,c.61C>A,,rs2076563698,
1017394,NM_004484.4(GPC3):c.290G>C (p.Ser97Thr),GPC3,Uncertain significance,"criteria provided, single submitter",,,c.290G>C,,rs2076400276,
1017218,NM_004484.4(GPC3):c.1723TTC[2] (p.Phe577del),GPC3,Uncertain significance,"criteria provided, single submitter",,,c.1723TTC[2],,rs1269354535,
1054925,NM_004484.4(GPC3):c.1070A>G (p.Tyr357Cys),GPC3,Uncertain significance,"criteria provided, multiple submitters, no conflicts",,,c.1070A>G,,rs757269723,
1054768,NM_004484.4(GPC3):c.380A>T (p.Asn127Ile),GPC3,Uncertain significance,"criteria provided, single submitter",,,c.380A>T,,rs2124480910,
1051252,NM_004484.4(GPC3):c.1240C>T (p.Pro414Ser),GPC3,Uncertain significance,"criteria provided, single submitter",,,c.1240C>T,,rs2071073330,
1046914,NM_004484.4(GPC3):c.869T>C (p.Val290Ala),GPC3,Uncertain significance,"criteria provided, single submitter",,,c.869T>C,,rs1244073847,
1044128,NM_004484.4(GPC3):c.583A>G (p.Asn195Asp),GPC3,Uncertain significance,"criteria provided, single submitter",,,c.583A>G,,rs2071698474,
1042394,NM_004484.4(GPC3):c.518G>A (p.Ser173Asn),GPC3,Uncertain significance,"criteria provided, single submitter",,,c.518G>A,,rs2071700052,
1303886,NM_004484.4(GPC3):c.854G>A (p.Cys285Tyr),GPC3,Uncertain significance,"criteria provided, single submitter",,,c.854G>A,,rs2124480056,
2971581,NM_004484.4(GPC3):c.790T>A (p.Tyr264Asn),GPC3,Uncertain significance,"criteria provided, single submitter",,,c.790T>A,,rs752429084,
2963861,NM_004484.4(GPC3):c.281A>G (p.Gln94Arg),GPC3,Uncertain significance,"criteria provided, single submitter",,,c.281A>G,,rs2521895371,
2960833,NM_004484.4(GPC3):c.1573+5C>T,GPC3,Uncertain significance,"criteria provided, single submitter",,,NM_004484.4(GPC3):c.1573+5C>T,,rs1402814450,
408896,NM_004484.4(GPC3):c.1738C>T (p.His580Tyr),GPC3,Uncertain significance,"criteria provided, single submitter",,,c.1738C>T,,rs1060502173,
443313,GRCh37/hg19 Xq26.2-26.3(chrX:132183437-134848915)x2,CCDC160,Uncertain significance,no assertion criteria provided,,,GRCh37/hg19 Xq26.2-26.3(chrX:132183437-134848915)x2,,,
442978,GRCh37/hg19 Xq26.2(chrX:132736301-132738277)x0,GPC3,Uncertain significance,no assertion criteria provided,,,GRCh37/hg19 Xq26.2(chrX:132736301-132738277)x0,,,
442821,GRCh37/hg19 Xq21.33-28(chrX:96499476-151870013)x3,IDS,Uncertain significance,no assertion criteria provided,,,GRCh37/hg19 Xq21.33-28(chrX:96499476-151870013)x3,,,
408889,NM_004484.4(GPC3):c.355G>T (p.Val119Phe),GPC3,Uncertain significance,"criteria provided, multiple submitters, no conflicts",,,c.355G>T,,rs1060502171,
408887,NM_004484.4(GPC3):c.788C>G (p.Ser263Cys),GPC3,Uncertain significance,"criteria provided, single submitter",,,c.788C>G,,rs1060502170,
394480,GRCh37/hg19 Xq26.2(chrX:132717903-133097197)x2,GPC3,Uncertain significance,no assertion criteria provided,,,GRCh37/hg19 Xq26.2(chrX:132717903-133097197)x2,,,
2920458,NM_004484.4(GPC3):c.964G>C (p.Gly322Arg),GPC3,Uncertain significance,"criteria provided, single submitter",,,c.964G>C,,rs2521353103,
2919375,NM_004484.4(GPC3):c.1587T>A (p.Asp529Glu),GPC3,Uncertain significance,"criteria provided, single submitter",,,c.1587T>A,,rs2520464172,
2914950,NM_004484.4(GPC3):c.1586A>G (p.Asp529Gly),GPC3,Uncertain significance,"criteria provided, multiple submitters, no conflicts",,,c.1586A>G,,rs2069291174,
2914704,NM_004484.4(GPC3):c.1571C>A (p.Ala524Glu),GPC3,Uncertain significance,"criteria provided, single submitter",,,c.1571C>A,,rs2124330791,
2913997,NM_004484.4(GPC3):c.1331A>G (p.Gln444Arg),GPC3,Uncertain significance,"criteria provided, single submitter",,,c.1331A>G,,rs1053066164,
2910916,NM_004484.4(GPC3):c.1243G>A (p.Val415Met),GPC3,Uncertain significance,"criteria provided, single submitter",,,c.1243G>A,,rs2521131969,
3101249,NM_004484.4(GPC3):c.676A>C (p.Thr226Pro),GPC3,Uncertain significance,"criteria provided, single submitter",,,c.676A>C,,rs145141525,
3245646,NC_000023.10:g.(?_132670152)_(132888223_?)dup,GPC3,Uncertain significance,"criteria provided, single submitter",,,NC_000023.10:g.(?_132670152)_(132888223_?)dup,,,
3250424,NM_004484.4(GPC3):c.1337A>G (p.Asn446Ser),GPC3,Uncertain significance,"criteria provided, multiple submitters, no conflicts",,,c.1337A>G,,rs2521016222,
3337154,NM_004484.4(GPC3):c.755G>A (p.Cys252Tyr),GPC3,Uncertain significance,"criteria provided, single submitter",,,c.755G>A,,,
3343042,NM_004484.4(GPC3):c.935G>A (p.Arg312Lys),GPC3,Uncertain significance,"criteria provided, single submitter",,,c.935G>A,,,
3350182,NM_004484.4(GPC3):c.2T>C (p.Met1Thr),GPC3,Uncertain significance,no assertion criteria provided,,,c.2T>C,,,
2989977,NM_004484.4(GPC3):c.652C>A (p.Gln218Lys),GPC3,Uncertain significance,"criteria provided, single submitter",,,c.652C>A,,rs2521356128,
2999702,NM_004484.4(GPC3):c.752A>T (p.Asp251Val),GPC3,Uncertain significance,"criteria provided, single submitter",,,c.752A>T,,rs2521355242,
4542496,NM_004484.4(GPC3):c.1208G>A (p.Ser403Asn),GPC3,Uncertain significance,"criteria provided, single submitter",,,c.1208G>A,,,
4703134,NM_004484.4(GPC3):c.1108A>G (p.Lys370Glu),GPC3,Uncertain significance,"criteria provided, single submitter",,,c.1108A>G,,,
4845608,NM_004484.4(GPC3):c.337+55177A>C,GPC3,Uncertain significance,"criteria provided, single submitter",,,NM_004484.4(GPC3):c.337+55177A>C,,,
4853782,NC_000023.10:g.(?_132669772)_(133119622_?)dup,GPC3,Uncertain significance,"criteria provided, single submitter",,,NC_000023.10:g.(?_132669772)_(133119622_?)dup,,,
11691,NM_004484.4(GPC3):c.1705G>A (p.Ala569Thr),GPC3,Uncertain significance,"criteria provided, single submitter",,,c.1705G>A,,rs122453120,
3016463,NM_004484.4(GPC3):c.1236T>C (p.His412=),GPC3,Benign,"criteria provided, single submitter",,,c.1236T>C,,rs776559949,
415273,NM_004484.4(GPC3):c.1632G>A (p.Pro544=),GPC3,Benign,"criteria provided, single submitter",,,c.1632G>A,,rs766482434,
259405,NM_004484.4(GPC3):c.1500T>C (p.Asp500=),GPC3,Benign,"criteria provided, multiple submitters, no conflicts",,,c.1500T>C,,rs2314298,
415270,NM_004484.4(GPC3):c.897C>T (p.Tyr299=),GPC3,Benign,"criteria provided, multiple submitters, no conflicts",,,c.897C>T,,rs200421668,
415272,NM_004484.4(GPC3):c.204G>A (p.Lys68=),GPC3,Benign,"criteria provided, multiple submitters, no conflicts",,,c.204G>A,,rs61754632,
476639,NM_004484.4(GPC3):c.1068A>G (p.Gln356=),GPC3,Benign,"criteria provided, single submitter",,,c.1068A>G,,rs372212269,
516102,NM_004484.4(GPC3):c.-39G>A,GPC3,Benign,"criteria provided, single submitter",,,NM_004484.4(GPC3):c.-39G>A,,rs185369906,
476645,NM_004484.4(GPC3):c.1287G>A (p.Val429=),GPC3,Benign,"criteria provided, single submitter",,,c.1287G>A,,rs756598026,
476641,NM_004484.4(GPC3):c.1160G>A (p.Arg387Gln),GPC3,Benign,"criteria provided, single submitter",,,c.1160G>A,,rs145280221,
543103,NM_004484.4(GPC3):c.459T>G (p.Ser153=),GPC3,Benign,"criteria provided, single submitter",,,c.459T>G,,rs775459305,
543102,NM_004484.4(GPC3):c.1131T>C (p.His377=),GPC3,Benign,"criteria provided, single submitter",,,c.1131T>C,,rs367679653,
543111,NM_004484.4(GPC3):c.1641C>T (p.Asn547=),GPC3,Benign,"criteria provided, single submitter",,,c.1641C>T,,rs772217919,
543105,NM_004484.4(GPC3):c.384C>T (p.Ala128=),GPC3,Benign,"criteria provided, single submitter",,,c.384C>T,,rs761541528,
579381,NM_004484.4(GPC3):c.394A>G (p.Asn132Asp),GPC3,Benign,"criteria provided, single submitter",,,c.394A>G,,rs143561452,
578171,NM_004484.4(GPC3):c.326C>T (p.Ala109Val),GPC3,Benign,"criteria provided, single submitter",,,c.326C>T,,rs761660909,
705300,NM_004484.4(GPC3):c.924T>A (p.Asn308Lys),GPC3,Benign,"criteria provided, single submitter",,,c.924T>A,,rs368928269,
696033,NM_004484.4(GPC3):c.1063C>T (p.Arg355Cys),GPC3,Benign,"criteria provided, single submitter",,,c.1063C>T,,rs745700691,
701667,NM_004484.4(GPC3):c.327G>A (p.Ala109=),GPC3,Benign,"criteria provided, single submitter",,,c.327G>A,,rs1466168469,
701486,NM_004484.4(GPC3):c.1683G>A (p.Pro561=),GPC3,Benign,"criteria provided, single submitter",,,c.1683G>A,,rs1302862383,
835050,NM_004484.4(GPC3):c.251C>T (p.Thr84Ile),GPC3,Benign,"criteria provided, single submitter",,,c.251C>T,,rs2076400566,
2071256,NM_004484.4(GPC3):c.1574-11T>C,GPC3,Benign,"criteria provided, single submitter",,,NM_004484.4(GPC3):c.1574-11T>C,,rs748751742,
1625313,NM_004484.4(GPC3):c.1573+20C>T,GPC3,Benign,"criteria provided, single submitter",,,NM_004484.4(GPC3):c.1573+20C>T,,rs368998078,
1600662,NM_004484.4(GPC3):c.1033-18T>C,GPC3,Benign,"criteria provided, single submitter",,,NM_004484.4(GPC3):c.1033-18T>C,,rs368015595,
1229554,NM_004484.4(GPC3):c.1413+88G>A,GPC3,Benign,"criteria provided, single submitter",,,NM_004484.4(GPC3):c.1413+88G>A,,rs12014669,
1278478,NM_004484.4(GPC3):c.1033-335A>G,GPC3,Benign,"criteria provided, single submitter",,,NM_004484.4(GPC3):c.1033-335A>G,,rs7055292,
1277398,NM_004484.4(GPC3):c.1033-4234G>A,GPC3,Benign,"criteria provided, multiple submitters, no conflicts",,,NM_004484.4(GPC3):c.1033-4234G>A,,rs191390195,
1276497,NM_004484.4(GPC3):c.1033-256G>A,GPC3,Benign,"criteria provided, single submitter",,,NM_004484.4(GPC3):c.1033-256G>A,,rs7050708,
1268916,NM_004484.4(GPC3):c.1033-4547G>A,GPC3,Benign,"criteria provided, single submitter",,,NM_004484.4(GPC3):c.1033-4547G>A,,rs111509388,
1265845,NM_004484.4(GPC3):c.1167-165A>T,GPC3,Benign,"criteria provided, single submitter",,,NM_004484.4(GPC3):c.1167-165A>T,,rs1997640,
1261434,NM_004484.4(GPC3):c.1414-120A>T,GPC3,Benign,"criteria provided, multiple submitters, no conflicts",,,NM_004484.4(GPC3):c.1414-120A>T,,rs192870946,
1257529,NM_004484.4(GPC3):c.1166+268A>G,GPC3,Benign,"criteria provided, single submitter",,,NM_004484.4(GPC3):c.1166+268A>G,,rs73559378,
1248179,NM_004484.4(GPC3):c.1032+211T>C,GPC3,Benign,"criteria provided, single submitter",,,NM_004484.4(GPC3):c.1032+211T>C,,rs73564930,
1246217,NM_004484.4(GPC3):c.*226GAAA[1],GPC3,Benign,"criteria provided, single submitter",,,NM_004484.4(GPC3):c.*226GAAA[1],,rs71736291,
1241761,NM_004484.4(GPC3):c.1033-4262dup,GPC3,Benign,"criteria provided, single submitter",,,NM_004484.4(GPC3):c.1033-4262dup,,rs372010975,
1232170,NM_004484.4(GPC3):c.1033-4410C>T,GPC3,Benign,"criteria provided, multiple submitters, no conflicts",,,NM_004484.4(GPC3):c.1033-4410C>T,,rs7052290,
1164572,NM_004484.4(GPC3):c.1332G>A (p.Gln444=),GPC3,Benign,"criteria provided, single submitter",,,c.1332G>A,,rs771847990,
1164544,NM_004484.4(GPC3):c.1167-3del,GPC3,Benign,"criteria provided, single submitter",,,NM_004484.4(GPC3):c.1167-3del,,rs2124430989,
3001238,NM_004484.4(GPC3):c.504T>C (p.Asn168=),GPC3,Likely benign,"criteria provided, single submitter",,,c.504T>C,,rs2521357567,
3005131,NM_004484.4(GPC3):c.1488A>G (p.Gly496=),GPC3,Likely benign,"criteria provided, single submitter",,,c.1488A>G,,rs1399408576,
4687332,NM_004484.4(GPC3):c.1734G>T (p.Leu578=),GPC3,Likely benign,"criteria provided, single submitter",,,c.1734G>T,,,
4708965,NM_004484.4(GPC3):c.375C>T (p.Tyr125=),GPC3,Likely benign,"criteria provided, single submitter",,,c.375C>T,,,
4710502,NM_004484.4(GPC3):c.520C>T (p.Leu174=),GPC3,Likely benign,"criteria provided, single submitter",,,c.520C>T,,,
1129609,NM_004484.4(GPC3):c.1200C>T (p.Ser400=),GPC3,Likely benign,"criteria provided, single submitter",,,c.1200C>T,,rs1481312903,
1130440,NM_004484.4(GPC3):c.687C>T (p.Phe229=),GPC3,Likely benign,"criteria provided, multiple submitters, no conflicts",,,c.687C>T,,rs2124480310,
1130456,NM_004484.4(GPC3):c.1665C>G (p.Leu555=),GPC3,Likely benign,"criteria provided, single submitter",,,c.1665C>G,,rs1248944051,
1131758,NM_004484.4(GPC3):c.522G>A (p.Leu174=),GPC3,Likely benign,"criteria provided, single submitter",,,c.522G>A,,rs2124480642,
1133715,NM_004484.4(GPC3):c.954C>T (p.Asn318=),GPC3,Likely benign,"criteria provided, single submitter",,,c.954C>T,,rs2071689255,
1134247,NM_004484.4(GPC3):c.1117T>C (p.Leu373=),GPC3,Likely benign,"criteria provided, single submitter",,,c.1117T>C,,rs1158179802,
1136690,NM_004484.4(GPC3):c.1425C>T (p.Thr475=),GPC3,Likely benign,"criteria provided, single submitter",,,c.1425C>T,,rs760974627,
1140941,NM_004484.4(GPC3):c.240A>G (p.Lys80=),GPC3,Likely benign,"criteria provided, single submitter",,,c.240A>G,,rs2076400678,
1104830,NM_004484.4(GPC3):c.588G>A (p.Glu196=),GPC3,Likely benign,"criteria provided, single submitter",,,c.588G>A,,rs2124480503,
1106827,NM_004484.4(GPC3):c.279T>C (p.Leu93=),GPC3,Likely benign,"criteria provided, single submitter",,,c.279T>C,,rs2124634772,
1107006,NM_004484.4(GPC3):c.159A>G (p.Pro53=),GPC3,Likely benign,"criteria provided, single submitter",,,c.159A>G,,rs764505002,
408891,NM_004484.4(GPC3):c.1130A>G (p.His377Arg),GPC3,Likely benign,"criteria provided, single submitter",,,c.1130A>G,,rs1060502172,
408892,NM_004484.4(GPC3):c.93G>A (p.Pro31=),GPC3,Likely benign,"criteria provided, single submitter",,,c.93G>A,,rs781232455,
408894,NM_004484.4(GPC3):c.983A>G (p.His328Arg),GPC3,Likely benign,"criteria provided, single submitter",,,c.983A>G,,rs761141186,
4714760,NM_004484.4(GPC3):c.732T>C (p.Asp244=),GPC3,Likely benign,"criteria provided, single submitter",,,c.732T>C,,,
4721631,NM_004484.4(GPC3):c.87G>C (p.Pro29=),GPC3,Likely benign,"criteria provided, single submitter",,,c.87G>C,,,
259406,NM_004484.4(GPC3):c.176-40G>C,GPC3,Likely benign,"criteria provided, single submitter",,,NM_004484.4(GPC3):c.176-40G>C,,rs371396859,
415276,NM_004484.4(GPC3):c.414T>C (p.Thr138=),GPC3,Likely benign,"criteria provided, multiple submitters, no conflicts",,,c.414T>C,,rs1048793393,
415277,NM_004484.4(GPC3):c.516C>T (p.Asp172=),GPC3,Likely benign,"criteria provided, multiple submitters, no conflicts",,,c.516C>T,,rs369607601,
392270,NM_004484.4(GPC3):c.-19T>A,GPC3,Likely benign,"criteria provided, single submitter",,,NM_004484.4(GPC3):c.-19T>A,,rs763707932,
1127174,NM_004484.4(GPC3):c.489A>C (p.Val163=),GPC3,Likely benign,"criteria provided, single submitter",,,c.489A>C,,rs2124480706,
4084771,NM_004484.4(GPC3):c.255A>G (p.Ala85=),GPC3,Likely benign,"criteria provided, single submitter",,,c.255A>G,,,
4084772,NM_004484.4(GPC3):c.165T>C (p.Thr55=),GPC3,Likely benign,"criteria provided, single submitter",,,c.165T>C,,,
1088762,NM_004484.4(GPC3):c.219C>T (p.Cys73=),GPC3,Likely benign,"criteria provided, single submitter",,,c.219C>T,,rs2076400785,
4721793,NM_004484.4(GPC3):c.1292+9706A>T,GPC3,Likely benign,"criteria provided, single submitter",,,NM_004484.4(GPC3):c.1292+9706A>T,,,
3007290,NM_004484.4(GPC3):c.175+7A>C,GPC3,Likely benign,"criteria provided, single submitter",,,NM_004484.4(GPC3):c.175+7A>C,,rs758916914,
4823893,NM_004484.4(GPC3):c.1033-4189G>T,GPC3,Likely benign,"criteria provided, single submitter",,,NM_004484.4(GPC3):c.1033-4189G>T,,,
1090037,NM_004484.4(GPC3):c.1266C>T (p.Cys422=),GPC3,Likely benign,"criteria provided, single submitter",,,c.1266C>T,,rs372843769,
1080265,NM_004484.4(GPC3):c.1247C>T (p.Ala416Val),GPC3,Likely benign,"criteria provided, single submitter",,,c.1247C>T,,rs770886523,
1080524,NM_004484.4(GPC3):c.918T>C (p.Leu306=),GPC3,Likely benign,"criteria provided, multiple submitters, no conflicts",,,c.918T>C,,rs753655328,
1081973,NM_004484.4(GPC3):c.1209T>C (p.Ser403=),GPC3,Likely benign,"criteria provided, single submitter",,,c.1209T>C,,rs1456710707,
1153206,NM_004484.4(GPC3):c.966T>C (p.Gly322=),GPC3,Likely benign,"criteria provided, single submitter",,,c.966T>C,,rs1211890549,
1154777,NM_004484.4(GPC3):c.1461C>T (p.Asn487=),GPC3,Likely benign,"criteria provided, single submitter",,,c.1461C>T,,rs1464494006,
1155285,NM_004484.4(GPC3):c.21C>T (p.Thr7=),GPC3,Likely benign,"criteria provided, single submitter",,,c.21C>T,,rs192833218,
1156680,NM_004484.4(GPC3):c.399C>T (p.Asn133=),GPC3,Likely benign,"criteria provided, single submitter",,,c.399C>T,,rs2124480857,
1157763,NM_004484.4(GPC3):c.175+9G>C,GPC3,Likely benign,"criteria provided, single submitter",,,NM_004484.4(GPC3):c.175+9G>C,,rs776234359,
1159485,NM_004484.4(GPC3):c.918T>G (p.Leu306=),GPC3,Likely benign,"criteria provided, multiple submitters, no conflicts",,,c.918T>G,,rs753655328,
1161620,NM_004484.4(GPC3):c.1074A>G (p.Arg358=),GPC3,Likely benign,"criteria provided, single submitter",,,c.1074A>G,,rs748177539,
1174796,NM_004484.4(GPC3):c.1033-4249C>A,GPC3,Likely benign,no assertion criteria provided,,,NM_004484.4(GPC3):c.1033-4249C>A,,rs76180513,
1124893,NM_004484.4(GPC3):c.1413+8G>A,GPC3,Likely benign,"criteria provided, single submitter",,,NM_004484.4(GPC3):c.1413+8G>A,,rs2070728404,
1201123,NM_004484.4(GPC3):c.175+110A>T,GPC3,Likely benign,"criteria provided, single submitter",,,NM_004484.4(GPC3):c.175+110A>T,,rs771077120,
1201672,NM_004484.4(GPC3):c.1293-213C>T,GPC3,Likely benign,"criteria provided, single submitter",,,NM_004484.4(GPC3):c.1293-213C>T,,rs148100769,
1125502,NM_004484.4(GPC3):c.573C>T (p.Ala191=),GPC3,Likely benign,"criteria provided, single submitter",,,c.573C>T,,rs2124480540,
1215861,NM_004484.4(GPC3):c.1293-165dup,GPC3,Likely benign,"criteria provided, single submitter",,,NM_004484.4(GPC3):c.1293-165dup,,rs369016271,
1216097,NM_004484.4(GPC3):c.1033-3940del,GPC3,Likely benign,"criteria provided, single submitter",,,NM_004484.4(GPC3):c.1033-3940del,,rs770780483,
1217826,NM_004484.4(GPC3):c.1033-4443T>C,GPC3,Likely benign,"criteria provided, single submitter",,,NM_004484.4(GPC3):c.1033-4443T>C,,rs189761039,
1218437,NM_004484.4(GPC3):c.1033-3893TTC[3],GPC3,Likely benign,"criteria provided, single submitter",,,NM_004484.4(GPC3):c.1033-3893TTC[3],,rs199930274,
1142956,NM_004484.4(GPC3):c.906C>G (p.Ser302=),GPC3,Likely benign,"criteria provided, single submitter",,,c.906C>G,,rs747860984,
1143654,NM_004484.4(GPC3):c.1671C>T (p.Asn557=),GPC3,Likely benign,"criteria provided, single submitter",,,c.1671C>T,,rs1487734633,
1152075,NM_004484.4(GPC3):c.175+8G>C,GPC3,Likely benign,"criteria provided, single submitter",,,NM_004484.4(GPC3):c.175+8G>C,,rs2124655623,
2988110,NM_004484.4(GPC3):c.1401G>A (p.Lys467=),GPC3,Likely benign,"criteria provided, single submitter",,,c.1401G>A,,rs1414929831,
2989250,NM_004484.4(GPC3):c.1292+17G>T,GPC3,Likely benign,"criteria provided, single submitter",,,NM_004484.4(GPC3):c.1292+17G>T,,rs2521131271,
2846461,NM_004484.4(GPC3):c.1377C>T (p.Val459=),GPC3,Likely benign,"criteria provided, single submitter",,,c.1377C>T,,rs2521015900,
2856383,NM_004484.4(GPC3):c.1292+18T>A,GPC3,Likely benign,"criteria provided, single submitter",,,NM_004484.4(GPC3):c.1292+18T>A,,rs2521131262,
2870475,NM_004484.4(GPC3):c.1166+15T>C,GPC3,Likely benign,"criteria provided, single submitter",,,NM_004484.4(GPC3):c.1166+15T>C,,rs745585971,
2874566,NM_004484.4(GPC3):c.1737G>C (p.Val579=),GPC3,Likely benign,"criteria provided, single submitter",,,c.1737G>C,,rs1556111517,
476646,NM_004484.4(GPC3):c.1296C>T (p.Tyr432=),GPC3,Likely benign,"criteria provided, multiple submitters, no conflicts",,,c.1296C>T,,rs946461494,
1079015,NM_004484.4(GPC3):c.873G>A (p.Glu291=),GPC3,Likely benign,"criteria provided, single submitter",,,c.873G>A,,rs2124480012,
1090010,NM_004484.4(GPC3):c.1414-9T>C,GPC3,Likely benign,"criteria provided, single submitter",,,NM_004484.4(GPC3):c.1414-9T>C,,rs2124331197,
1100303,NM_004484.4(GPC3):c.525T>C (p.Phe175=),GPC3,Likely benign,"criteria provided, single submitter",,,c.525T>C,,rs2124480639,
1100489,NM_004484.4(GPC3):c.958C>T (p.Leu320=),GPC3,Likely benign,"criteria provided, single submitter",,,c.958C>T,,rs372222280,
1100762,NM_004484.4(GPC3):c.1011T>C (p.Asn337=),GPC3,Likely benign,"criteria provided, single submitter",,,c.1011T>C,,rs2124479734,
1103639,NM_004484.4(GPC3):c.696T>C (p.Ala232=),GPC3,Likely benign,"criteria provided, multiple submitters, no conflicts",,,c.696T>C,,rs2071695506,
4083926,NM_004484.4(GPC3):c.201T>C (p.Pro67=),GPC3,Likely benign,"criteria provided, single submitter",,,c.201T>C,,,
4084182,NM_004484.4(GPC3):c.828T>C (p.Gly276=),GPC3,Likely benign,"criteria provided, single submitter",,,c.828T>C,,,
4084759,NM_004484.4(GPC3):c.678T>G (p.Thr226=),GPC3,Likely benign,"criteria provided, single submitter",,,c.678T>G,,,
1108578,NM_004484.4(GPC3):c.1008G>A (p.Lys336=),GPC3,Likely benign,"criteria provided, single submitter",,,c.1008G>A,,rs773421934,
1189916,NM_004484.4(GPC3):c.1033-4251_1033-4250del,GPC3,Likely benign,"criteria provided, single submitter",,,NM_004484.4(GPC3):c.1033-4251_1033-4250del,,rs372010975,
1193266,NM_004484.4(GPC3):c.1293-207G>A,GPC3,Likely benign,"criteria provided, single submitter",,,NM_004484.4(GPC3):c.1293-207G>A,,rs182954841,
1202960,NM_004484.4(GPC3):c.1167-164A>T,GPC3,Likely benign,"criteria provided, single submitter",,,NM_004484.4(GPC3):c.1167-164A>T,,rs191635772,
1203204,NM_004484.4(GPC3):c.1413+86del,GPC3,Likely benign,"criteria provided, single submitter",,,NM_004484.4(GPC3):c.1413+86del,,rs372973122,
1203649,NC_000023.11:g.133985596G>C,GPC3,Likely benign,"criteria provided, single submitter",,,NC_000023.11:g.133985596G>C,,rs780953622,
1204179,NM_004484.4(GPC3):c.1033-4088C>G,GPC3,Likely benign,"criteria provided, single submitter",,,NM_004484.4(GPC3):c.1033-4088C>G,,rs141582903,
1212583,NM_004484.4(GPC3):c.337+248G>A,GPC3,Likely benign,"criteria provided, single submitter",,,NM_004484.4(GPC3):c.337+248G>A,,rs3747441,
1213447,NM_004484.4(GPC3):c.175+111G>T,GPC3,Likely benign,"criteria provided, single submitter",,,NM_004484.4(GPC3):c.175+111G>T,,rs760902926,
4083923,NM_004484.4(GPC3):c.489A>G (p.Val163=),GPC3,Likely benign,"criteria provided, single submitter",,,c.489A>G,,,
4083924,NM_004484.4(GPC3):c.381T>C (p.Asn127=),GPC3,Likely benign,"criteria provided, single submitter",,,c.381T>C,,,
4083925,NM_004484.4(GPC3):c.273G>A (p.Gln91=),GPC3,Likely benign,"criteria provided, single submitter",,,c.273G>A,,,
1528685,NM_004484.4(GPC3):c.126C>T (p.Phe42=),GPC3,Likely benign,"criteria provided, single submitter",,,c.126C>T,,rs1345541727,
1482371,NM_004484.4(GPC3):c.1734G>A (p.Leu578=),GPC3,Likely benign,"criteria provided, single submitter",,,c.1734G>A,,rs2124257150,
1413832,NM_004484.4(GPC3):c.840G>A (p.Val280=),GPC3,Likely benign,"criteria provided, multiple submitters, no conflicts",,,c.840G>A,,rs2071692419,
1454717,NM_004484.4(GPC3):c.1167-18G>A,GPC3,Likely benign,"criteria provided, single submitter",,,NM_004484.4(GPC3):c.1167-18G>A,,rs376180673,
1390966,NM_004484.4(GPC3):c.1573+15C>G,GPC3,Likely benign,"criteria provided, single submitter",,,NM_004484.4(GPC3):c.1573+15C>G,,rs1183489326,
1398503,NM_004484.4(GPC3):c.1167-20A>G,GPC3,Likely benign,"criteria provided, single submitter",,,NM_004484.4(GPC3):c.1167-20A>G,,rs966564128,
1409375,NM_004484.4(GPC3):c.420A>G (p.Gln140=),GPC3,Likely benign,"criteria provided, single submitter",,,c.420A>G,,rs2124480838,
1090609,NM_004484.4(GPC3):c.90G>A (p.Pro30=),GPC3,Likely benign,"criteria provided, single submitter",,,c.90G>A,,rs2124655746,
1095274,NM_004484.4(GPC3):c.63G>T (p.Pro21=),GPC3,Likely benign,"criteria provided, single submitter",,,c.63G>T,,rs2076563636,
1098116,NM_004484.4(GPC3):c.309A>G (p.Leu103=),GPC3,Likely benign,"criteria provided, single submitter",,,c.309A>G,,rs2124634737,
1099357,NM_004484.4(GPC3):c.1371A>G (p.Pro457=),GPC3,Likely benign,"criteria provided, single submitter",,,c.1371A>G,,rs775401103,
1099955,NM_004484.4(GPC3):c.342C>T (p.Ala114=),GPC3,Likely benign,"criteria provided, multiple submitters, no conflicts",,,c.342C>T,,rs748391795,
1099985,NM_004484.4(GPC3):c.1170A>T (p.Glu390Asp),GPC3,Likely benign,"criteria provided, single submitter",,,c.1170A>T,,rs752110529,
1544414,NM_004484.4(GPC3):c.1166+19C>G,GPC3,Likely benign,"criteria provided, single submitter",,,NM_004484.4(GPC3):c.1166+19C>G,,rs2124437379,
1546032,NM_004484.4(GPC3):c.1167-15T>C,GPC3,Likely benign,"criteria provided, single submitter",,,NM_004484.4(GPC3):c.1167-15T>C,,rs1603226545,
1548191,NM_004484.4(GPC3):c.1166+8G>A,GPC3,Likely benign,"criteria provided, single submitter",,,NM_004484.4(GPC3):c.1166+8G>A,,rs2124437393,
1549389,NM_004484.4(GPC3):c.1414-16G>T,GPC3,Likely benign,"criteria provided, single submitter",,,NM_004484.4(GPC3):c.1414-16G>T,,rs753432691,
1550142,NM_004484.4(GPC3):c.1032+9C>G,GPC3,Likely benign,"criteria provided, single submitter",,,NM_004484.4(GPC3):c.1032+9C>G,,rs200782847,
1556235,NM_004484.4(GPC3):c.735C>T (p.His245=),GPC3,Likely benign,"criteria provided, single submitter",,,c.735C>T,,rs776010902,
1559036,NM_004484.4(GPC3):c.624T>C (p.Phe208=),GPC3,Likely benign,"criteria provided, single submitter",,,c.624T>C,,rs140848049,
1560533,NM_004484.4(GPC3):c.192A>G (p.Val64=),GPC3,Likely benign,"criteria provided, multiple submitters, no conflicts",,,c.192A>G,,rs2076401014,
1562545,NM_004484.4(GPC3):c.840G>C (p.Val280=),GPC3,Likely benign,"criteria provided, single submitter",,,c.840G>C,,rs2071692419,
1567670,NM_004484.4(GPC3):c.1476G>A (p.Gly492=),GPC3,Likely benign,"criteria provided, single submitter",,,c.1476G>A,,rs2069918045,
4083747,NM_004484.4(GPC3):c.63G>C (p.Pro21=),GPC3,Likely benign,"criteria provided, single submitter",,,c.63G>C,,,
4083918,NM_004484.4(GPC3):c.819C>T (p.Pro273=),GPC3,Likely benign,"criteria provided, single submitter",,,c.819C>T,,,
1017317,NM_004484.4(GPC3):c.1323G>A (p.Met441Ile),GPC3,Likely benign,"criteria provided, single submitter",,,c.1323G>A,,rs773146310,
1198824,NM_004484.4(GPC3):c.1032+115T>G,GPC3,Likely benign,"criteria provided, single submitter",,,NM_004484.4(GPC3):c.1032+115T>G,,rs147506479,
4083921,NM_004484.4(GPC3):c.681G>A (p.Arg227=),GPC3,Likely benign,"criteria provided, single submitter",,,c.681G>A,,,
4083922,NM_004484.4(GPC3):c.546A>G (p.Leu182=),GPC3,Likely benign,"criteria provided, single submitter",,,c.546A>G,,,
4083920,NM_004484.4(GPC3):c.705T>C (p.Leu235=),GPC3,Likely benign,"criteria provided, single submitter",,,c.705T>C,,,
1592573,NM_004484.4(GPC3):c.1419G>T (p.Leu473=),GPC3,Likely benign,"criteria provided, single submitter",,,c.1419G>T,,rs2069919503,
1594329,NM_004484.4(GPC3):c.882G>A (p.Lys294=),GPC3,Likely benign,"criteria provided, single submitter",,,c.882G>A,,rs2124479973,
1601881,NM_004484.4(GPC3):c.246A>G (p.Gln82=),GPC3,Likely benign,"criteria provided, single submitter",,,c.246A>G,,rs2124634833,
1609994,NM_004484.4(GPC3):c.792C>T (p.Tyr264=),GPC3,Likely benign,"criteria provided, single submitter",,,c.792C>T,,rs2124480140,
1610577,NM_004484.4(GPC3):c.66A>G (p.Gly22=),GPC3,Likely benign,"criteria provided, single submitter",,,c.66A>G,,rs2124655806,
1611244,NM_004484.4(GPC3):c.337+12G>A,GPC3,Likely benign,"criteria provided, single submitter",,,NM_004484.4(GPC3):c.337+12G>A,,rs2124634702,
1612096,NM_004484.4(GPC3):c.337+10G>A,GPC3,Likely benign,"criteria provided, single submitter",,,NM_004484.4(GPC3):c.337+10G>A,,rs2124634706,
950034,NM_004484.4(GPC3):c.34G>T (p.Val12Leu),GPC3,Likely benign,"criteria provided, single submitter",,,c.34G>T,,rs748152935,
1530210,NM_004484.4(GPC3):c.1293-11C>T,GPC3,Likely benign,"criteria provided, single submitter",,,NM_004484.4(GPC3):c.1293-11C>T,,rs2124401934,
1531039,NM_004484.4(GPC3):c.337+13G>A,GPC3,Likely benign,"criteria provided, single submitter",,,NM_004484.4(GPC3):c.337+13G>A,,rs1268216012,
1533995,NM_004484.4(GPC3):c.1281A>G (p.Glu427=),GPC3,Likely benign,"criteria provided, single submitter",,,c.1281A>G,,rs2124430685,
1538731,NM_004484.4(GPC3):c.1314G>A (p.Arg438=),GPC3,Likely benign,"criteria provided, single submitter",,,c.1314G>A,,rs2124401881,
1360403,NM_004484.4(GPC3):c.1136A>G (p.Glu379Gly),GPC3,Likely benign,"criteria provided, single submitter",,,c.1136A>G,,rs756384130,
1223377,NM_004484.4(GPC3):c.1033-4043T>C,GPC3,Likely benign,"criteria provided, single submitter",,,NM_004484.4(GPC3):c.1033-4043T>C,,rs188073049,
1543797,NM_004484.4(GPC3):c.1166+8G>T,GPC3,Likely benign,"criteria provided, single submitter",,,NM_004484.4(GPC3):c.1166+8G>T,,rs2124437393,
4085801,NM_004484.4(GPC3):c.1338T>C (p.Asn446=),GPC3,Likely benign,"criteria provided, single submitter",,,c.1338T>C,,,
1541236,NM_004484.4(GPC3):c.337+9T>C,GPC3,Likely benign,"criteria provided, single submitter",,,NM_004484.4(GPC3):c.337+9T>C,,rs866252085,
4085802,NM_004484.4(GPC3):c.1311A>C (p.Ala437=),GPC3,Likely benign,"criteria provided, single submitter",,,c.1311A>C,,,
4085803,NM_004484.4(GPC3):c.864T>C (p.Gly288=),GPC3,Likely benign,"criteria provided, single submitter",,,c.864T>C,,,
4085804,NM_004484.4(GPC3):c.861A>G (p.Ala287=),GPC3,Likely benign,"criteria provided, single submitter",,,c.861A>G,,,
4085805,NM_004484.4(GPC3):c.837T>C (p.Asn279=),GPC3,Likely benign,"criteria provided, single submitter",,,c.837T>C,,,
4085806,NM_004484.4(GPC3):c.729T>A (p.Thr243=),GPC3,Likely benign,"criteria provided, single submitter",,,c.729T>A,,,
4084773,NM_004484.4(GPC3):c.111A>G (p.Gln37=),GPC3,Likely benign,"criteria provided, single submitter",,,c.111A>G,,,
4084774,NM_004484.4(GPC3):c.108C>T (p.His36=),GPC3,Likely benign,"criteria provided, single submitter",,,c.108C>T,,,
1569792,NM_004484.4(GPC3):c.1452G>A (p.Leu484=),GPC3,Likely benign,"criteria provided, single submitter",,,c.1452G>A,,rs1451331248,
1573372,NM_004484.4(GPC3):c.1158C>T (p.Ser386=),GPC3,Likely benign,"criteria provided, single submitter",,,c.1158C>T,,rs1317567175,
1576906,NM_004484.4(GPC3):c.1251A>G (p.Glu417=),GPC3,Likely benign,"criteria provided, single submitter",,,c.1251A>G,,rs2124430772,
1578468,NM_004484.4(GPC3):c.480C>T (p.Asp160=),GPC3,Likely benign,"criteria provided, multiple submitters, no conflicts",,,c.480C>T,,rs970592059,
1580045,NM_004484.4(GPC3):c.717G>A (p.Val239=),GPC3,Likely benign,"criteria provided, single submitter",,,c.717G>A,,rs2124480274,
1580825,NM_004484.4(GPC3):c.1041G>A (p.Lys347=),GPC3,Likely benign,"criteria provided, single submitter",,,c.1041G>A,,rs775325256,
4083919,NM_004484.4(GPC3):c.816A>G (p.Lys272=),GPC3,Likely benign,"criteria provided, single submitter",,,c.816A>G,,,
1637428,NM_004484.4(GPC3):c.1293-4A>G,GPC3,Likely benign,"criteria provided, single submitter",,,NM_004484.4(GPC3):c.1293-4A>G,,rs760507742,
1637534,NM_004484.4(GPC3):c.720C>T (p.Ile240=),GPC3,Likely benign,"criteria provided, single submitter",,,c.720C>T,,rs1463771487,
1639288,NM_004484.4(GPC3):c.1166+16T>C,GPC3,Likely benign,"criteria provided, single submitter",,,NM_004484.4(GPC3):c.1166+16T>C,,rs1375568930,
1639962,NM_004484.4(GPC3):c.1293-15C>T,GPC3,Likely benign,"criteria provided, single submitter",,,NM_004484.4(GPC3):c.1293-15C>T,,rs2124401937,
1640792,NM_004484.4(GPC3):c.879C>T (p.Asp293=),GPC3,Likely benign,"criteria provided, single submitter",,,c.879C>T,,rs2124479990,
1641380,NM_004484.4(GPC3):c.1518T>A (p.Ile506=),GPC3,Likely benign,"criteria provided, single submitter",,,c.1518T>A,,rs2124330920,
1642169,NM_004484.4(GPC3):c.1098C>T (p.Leu366=),GPC3,Likely benign,"criteria provided, single submitter",,,c.1098C>T,,rs747190100,
1642405,NM_004484.4(GPC3):c.456G>A (p.Val152=),GPC3,Likely benign,"criteria provided, single submitter",,,c.456G>A,,rs1363884283,
2901929,NM_004484.4(GPC3):c.1425C>G (p.Thr475=),GPC3,Likely benign,"criteria provided, single submitter",,,c.1425C>G,,rs760974627,
2905404,NM_004484.4(GPC3):c.176-13T>G,GPC3,Likely benign,"criteria provided, single submitter",,,NM_004484.4(GPC3):c.176-13T>G,,rs747303175,
476660,NM_004484.4(GPC3):c.608G>A (p.Arg203His),GPC3,Likely benign,"criteria provided, multiple submitters, no conflicts",,,c.608G>A,,rs375160737,
476662,NM_004484.4(GPC3):c.62C>A (p.Pro21Gln),GPC3,Likely benign,"criteria provided, single submitter",,,c.62C>A,,rs745984441,
476664,NM_004484.4(GPC3):c.727A>G (p.Thr243Ala),GPC3,Likely benign,"criteria provided, single submitter",,,c.727A>G,,rs1203561413,
476665,NM_004484.4(GPC3):c.761G>A (p.Arg254Gln),GPC3,Likely benign,"criteria provided, single submitter",,,c.761G>A,,rs756844729,
1643834,NM_004484.4(GPC3):c.1292+19T>C,GPC3,Likely benign,"criteria provided, single submitter",,,NM_004484.4(GPC3):c.1292+19T>C,,rs2124430634,
4084775,NM_004484.4(GPC3):c.6C>A (p.Ala2=),GPC3,Likely benign,"criteria provided, single submitter",,,c.6C>A,,,
1651045,NM_004484.4(GPC3):c.960G>C (p.Leu320=),GPC3,Likely benign,"criteria provided, single submitter",,,c.960G>C,,rs1446548510,
1656491,NM_004484.4(GPC3):c.1413+12A>G,GPC3,Likely benign,"criteria provided, single submitter",,,NM_004484.4(GPC3):c.1413+12A>G,,rs2124401731,
1663423,NM_004484.4(GPC3):c.175+12T>G,GPC3,Likely benign,"criteria provided, multiple submitters, no conflicts",,,NM_004484.4(GPC3):c.175+12T>G,,rs765877667,
1665645,NM_004484.4(GPC3):c.1467T>C (p.Asp489=),GPC3,Likely benign,"criteria provided, single submitter",,,c.1467T>C,,rs2124331046,
1673771,NM_004484.4(GPC3):c.276G>C (p.Leu92=),GPC3,Likely benign,"criteria provided, single submitter",,,c.276G>C,,rs2124634777,
1692814,NM_004484.4(GPC3):c.338-6_338-5dup,GPC3,Likely benign,"criteria provided, multiple submitters, no conflicts",,,NM_004484.4(GPC3):c.338-6_338-5dup,,rs370737647,
850762,NM_004484.4(GPC3):c.1235A>G (p.His412Arg),GPC3,Likely benign,"criteria provided, single submitter",,,c.1235A>G,,rs2071073427,
851215,NM_004484.4(GPC3):c.1573+8A>G,GPC3,Likely benign,"criteria provided, single submitter",,,NM_004484.4(GPC3):c.1573+8A>G,,rs1386448988,
853067,NM_004484.4(GPC3):c.63G>A (p.Pro21=),GPC3,Likely benign,"criteria provided, single submitter",,,c.63G>A,,rs2076563636,
1615826,NM_004484.4(GPC3):c.1410C>T (p.Asn470=),GPC3,Likely benign,"criteria provided, single submitter",,,c.1410C>T,,rs1176444823,
1621433,NM_004484.4(GPC3):c.1662C>T (p.Asn554=),GPC3,Likely benign,"criteria provided, single submitter",,,c.1662C>T,,rs2124257485,
1590763,NM_004484.4(GPC3):c.450A>G (p.Thr150=),GPC3,Likely benign,"criteria provided, multiple submitters, no conflicts",,,c.450A>G,,rs1569426383,
1622523,NM_004484.4(GPC3):c.543G>A (p.Gln181=),GPC3,Likely benign,"criteria provided, multiple submitters, no conflicts",,,c.543G>A,,rs1266410074,
1625305,NM_004484.4(GPC3):c.1032+8C>G,GPC3,Likely benign,"criteria provided, single submitter",,,NM_004484.4(GPC3):c.1032+8C>G,,rs2124479685,
1626209,NM_004484.4(GPC3):c.175+7_175+9del,GPC3,Likely benign,"criteria provided, single submitter",,,NM_004484.4(GPC3):c.175+7_175+9del,,rs2076561928,
1632462,NM_004484.4(GPC3):c.1292+20A>T,GPC3,Likely benign,"criteria provided, single submitter",,,NM_004484.4(GPC3):c.1292+20A>T,,rs751617029,
1916745,NM_004484.4(GPC3):c.1566C>T (p.Phe522=),GPC3,Likely benign,"criteria provided, single submitter",,,c.1566C>T,,rs2520746541,
1921000,NM_004484.4(GPC3):c.984T>C (p.His328=),GPC3,Likely benign,"criteria provided, single submitter",,,c.984T>C,,rs2521352878,
3640519,NM_004484.4(GPC3):c.1032+9C>A,GPC3,Likely benign,"criteria provided, single submitter",,,NM_004484.4(GPC3):c.1032+9C>A,,,
837000,NM_004484.4(GPC3):c.1031C>T (p.Thr344Ile),GPC3,Likely benign,"criteria provided, single submitter",,,c.1031C>T,,rs768328829,
3662733,NM_004484.4(GPC3):c.559C>T (p.Leu187=),GPC3,Likely benign,"criteria provided, single submitter",,,c.559C>T,,,
3664416,NM_004484.4(GPC3):c.249A>C (p.Leu83=),GPC3,Likely benign,"criteria provided, single submitter",,,c.249A>C,,,
3697093,NM_004484.4(GPC3):c.1035T>A (p.Ile345=),GPC3,Likely benign,"criteria provided, single submitter",,,c.1035T>A,,,
3711738,NM_004484.4(GPC3):c.1593T>C (p.Asp531=),GPC3,Likely benign,"criteria provided, single submitter",,,c.1593T>C,,,
3713885,NM_004484.4(GPC3):c.813T>C (p.Val271=),GPC3,Likely benign,"criteria provided, single submitter",,,c.813T>C,,,
1645685,NM_004484.4(GPC3):c.465C>T (p.Tyr155=),GPC3,Likely benign,"criteria provided, single submitter",,,c.465C>T,,rs2124480772,
1648017,NM_004484.4(GPC3):c.1293-8C>G,GPC3,Likely benign,"criteria provided, single submitter",,,NM_004484.4(GPC3):c.1293-8C>G,,rs2124401928,
1648362,NM_004484.4(GPC3):c.1050C>T (p.Ala350=),GPC3,Likely benign,"criteria provided, single submitter",,,c.1050C>T,,rs910104431,
1648614,NM_004484.4(GPC3):c.417A>C (p.Pro139=),GPC3,Likely benign,"criteria provided, single submitter",,,c.417A>C,,rs2071702267,
1649146,NM_004484.4(GPC3):c.1167-12T>C,GPC3,Likely benign,"criteria provided, single submitter",,,NM_004484.4(GPC3):c.1167-12T>C,,rs2124430999,
1649794,NM_004484.4(GPC3):c.969C>T (p.Leu323=),GPC3,Likely benign,"criteria provided, single submitter",,,c.969C>T,,rs11539788,
1651013,NM_004484.4(GPC3):c.585T>C (p.Asn195=),GPC3,Likely benign,"criteria provided, single submitter",,,c.585T>C,,rs2124480509,
767514,NM_004484.4(GPC3):c.606A>G (p.Arg202=),GPC3,Likely benign,"criteria provided, multiple submitters, no conflicts",,,c.606A>G,,rs1603240654,
774022,NM_004484.4(GPC3):c.259T>C (p.Leu87=),GPC3,Likely benign,"criteria provided, single submitter",,,c.259T>C,,rs1399185241,
794088,NM_004484.4(GPC3):c.1605G>T (p.Ala535=),GPC3,Likely benign,"criteria provided, single submitter",,,c.1605G>T,,rs767097459,
2067610,NM_004484.4(GPC3):c.39G>A (p.Ala13=),GPC3,Likely benign,"criteria provided, single submitter",,,c.39G>A,,rs1057522079,
1998149,NM_004484.4(GPC3):c.307T>C (p.Leu103=),GPC3,Likely benign,"criteria provided, single submitter",,,c.307T>C,,rs2521895208,
2012926,NM_004484.4(GPC3):c.1524C>T (p.Gly508=),GPC3,Likely benign,"criteria provided, single submitter",,,c.1524C>T,,rs2520747064,
2017206,NM_004484.4(GPC3):c.1413+18A>G,GPC3,Likely benign,"criteria provided, single submitter",,,NM_004484.4(GPC3):c.1413+18A>G,,rs2521015376,
2020362,NM_004484.4(GPC3):c.1413+11del,GPC3,Likely benign,"criteria provided, single submitter",,,NM_004484.4(GPC3):c.1413+11del,,rs2521015467,
2024446,NM_004484.4(GPC3):c.1574-9_1574-7dup,GPC3,Likely benign,"criteria provided, single submitter",,,NM_004484.4(GPC3):c.1574-9_1574-7dup,,rs2520464478,
844020,NM_004484.4(GPC3):c.1547T>C (p.Val516Ala),GPC3,Likely benign,"criteria provided, single submitter",,,c.1547T>C,,rs763968425,
2027182,NM_004484.4(GPC3):c.750G>A (p.Lys250=),GPC3,Likely benign,"criteria provided, single submitter",,,c.750G>A,,rs2521355282,
701031,NM_004484.4(GPC3):c.762A>G (p.Arg254=),GPC3,Likely benign,"criteria provided, single submitter",,,c.762A>G,,rs934493521,
1945085,NM_004484.4(GPC3):c.1167-13G>A,GPC3,Likely benign,"criteria provided, single submitter",,,NM_004484.4(GPC3):c.1167-13G>A,,rs2521133015,
1953008,NM_004484.4(GPC3):c.1113A>G (p.Lys371=),GPC3,Likely benign,"criteria provided, single submitter",,,c.1113A>G,,rs2521160905,
1953445,NM_004484.4(GPC3):c.176-20G>A,GPC3,Likely benign,"criteria provided, single submitter",,,NM_004484.4(GPC3):c.176-20G>A,,rs2521896064,
1970378,NM_004484.4(GPC3):c.1719G>A (p.Val573=),GPC3,Likely benign,"criteria provided, single submitter",,,c.1719G>A,,rs1421511654,
515956,NM_004484.4(GPC3):c.802C>T (p.Leu268=),GPC3,Likely benign,"criteria provided, multiple submitters, no conflicts",,,c.802C>T,,rs754903885,
476651,NM_004484.4(GPC3):c.1686G>C (p.Leu562=),GPC3,Likely benign,"criteria provided, single submitter",,,c.1686G>C,,rs1556111740,
835974,NM_004484.4(GPC3):c.1178A>C (p.Gln393Pro),GPC3,Likely benign,"criteria provided, single submitter",,,c.1178A>C,,rs1313616176,
707427,NM_004484.4(GPC3):c.747T>C (p.Ser249=),GPC3,Likely benign,"criteria provided, single submitter",,,c.747T>C,,rs1229244439,
707548,NM_004484.4(GPC3):c.531C>T (p.Val177=),GPC3,Likely benign,"criteria provided, single submitter",,,c.531C>T,,rs1603240705,
711226,NM_004484.4(GPC3):c.1437C>G (p.Pro479=),GPC3,Likely benign,"criteria provided, multiple submitters, no conflicts",,,c.1437C>G,,rs1337307928,
750198,NM_004484.4(GPC3):c.1023G>A (p.Leu341=),GPC3,Likely benign,"criteria provided, single submitter",,,c.1023G>A,,rs1603240427,
756208,NM_004484.4(GPC3):c.72G>A (p.Ala24=),GPC3,Likely benign,"criteria provided, single submitter",,,c.72G>A,,rs1281815760,
757256,NM_004484.4(GPC3):c.1305G>A (p.Lys435=),GPC3,Likely benign,"criteria provided, single submitter",,,c.1305G>A,,rs893970724,
757364,NM_004484.4(GPC3):c.120C>G (p.Ser40=),GPC3,Likely benign,"criteria provided, single submitter",,,c.120C>G,,rs1220902363,
761308,NM_004484.4(GPC3):c.1698C>T (p.Thr566=),GPC3,Likely benign,"criteria provided, multiple submitters, no conflicts",,,c.1698C>T,,rs201310379,
766375,NM_004484.4(GPC3):c.852C>T (p.Gly284=),GPC3,Likely benign,"criteria provided, single submitter",,,c.852C>T,,rs1603240522,
1109550,NM_004484.4(GPC3):c.210A>T (p.Pro70=),GPC3,Likely benign,"criteria provided, single submitter",,,c.210A>T,,rs2124634878,
1116521,NM_004484.4(GPC3):c.1536A>C (p.Gly512=),GPC3,Likely benign,"criteria provided, single submitter",,,c.1536A>C,,rs1453935606,
1117094,NM_004484.4(GPC3):c.1293-8C>T,GPC3,Likely benign,"criteria provided, single submitter",,,NM_004484.4(GPC3):c.1293-8C>T,,rs2124401928,
1119366,NM_004484.4(GPC3):c.1284C>T (p.Leu428=),GPC3,Likely benign,"criteria provided, multiple submitters, no conflicts",,,c.1284C>T,,rs2124430679,
1121625,NM_004484.4(GPC3):c.69G>A (p.Gln23=),GPC3,Likely benign,"criteria provided, single submitter",,,c.69G>A,,rs1197283364,
1122270,NM_004484.4(GPC3):c.960G>T (p.Leu320=),GPC3,Likely benign,"criteria provided, single submitter",,,c.960G>T,,rs1446548510,
1123840,NM_004484.4(GPC3):c.558C>A (p.Gly186=),GPC3,Likely benign,"criteria provided, single submitter",,,c.558C>A,,rs2124480590,
1123898,NM_004484.4(GPC3):c.1239C>T (p.Ser413=),GPC3,Likely benign,"criteria provided, single submitter",,,c.1239C>T,,rs2124430790,
1124000,NM_004484.4(GPC3):c.978A>C (p.Thr326=),GPC3,Likely benign,"criteria provided, single submitter",,,c.978A>C,,rs2124479792,
1124267,NM_004484.4(GPC3):c.990T>C (p.Ser330=),GPC3,Likely benign,"criteria provided, single submitter",,,c.990T>C,,rs2124479772,
1124563,NM_004484.4(GPC3):c.1157G>T (p.Ser386Ile),GPC3,Likely benign,"criteria provided, single submitter",,,c.1157G>T,,rs773847304,
1082169,NM_004484.4(GPC3):c.192A>T (p.Val64=),GPC3,Likely benign,"criteria provided, single submitter",,,c.192A>T,,rs2076401014,
1083926,NM_004484.4(GPC3):c.1725C>T (p.Phe575=),GPC3,Likely benign,"criteria provided, single submitter",,,c.1725C>T,,rs925042479,
1086586,NM_004484.4(GPC3):c.1647A>T (p.Ile549=),GPC3,Likely benign,"criteria provided, single submitter",,,c.1647A>T,,rs2069289280,
1126843,NM_004484.4(GPC3):c.1404C>T (p.His468=),GPC3,Likely benign,"criteria provided, single submitter",,,c.1404C>T,,rs145981282,
476631,NM_004484.4(GPC3):c.1032+10_1032+11delinsTT,GPC3,Likely benign,"criteria provided, single submitter",,,NM_004484.4(GPC3):c.1032+10_1032+11delinsTT,,rs1556297529,
476666,NM_004484.4(GPC3):c.761G>T (p.Arg254Leu),GPC3,Likely benign,"criteria provided, multiple submitters, no conflicts",,,c.761G>T,,rs756844729,
476643,NM_004484.4(GPC3):c.1212T>C (p.Ala404=),GPC3,Likely benign,"criteria provided, single submitter",,,c.1212T>C,,rs1556263726,
476644,NM_004484.4(GPC3):c.1224C>T (p.Tyr408=),GPC3,Likely benign,"criteria provided, single submitter",,,c.1224C>T,,rs764743087,
509846,NM_004484.4(GPC3):c.1263T>G (p.Leu421=),GPC3,Likely benign,"criteria provided, multiple submitters, no conflicts",,,c.1263T>G,,rs1474137107,
2806110,NM_004484.4(GPC3):c.1033-20T>A,GPC3,Likely benign,"criteria provided, single submitter",,,NM_004484.4(GPC3):c.1033-20T>A,,rs2521161750,
2146213,NM_004484.4(GPC3):c.12C>T (p.Thr4=),GPC3,Likely benign,"criteria provided, single submitter",,,c.12C>T,,rs1341189805,
2080402,NM_004484.4(GPC3):c.1573+15C>T,GPC3,Likely benign,"criteria provided, single submitter",,,NM_004484.4(GPC3):c.1573+15C>T,,rs1183489326,
2084203,NM_004484.4(GPC3):c.909T>C (p.Leu303=),GPC3,Likely benign,"criteria provided, single submitter",,,c.909T>C,,rs2521353753,
795605,NM_004484.4(GPC3):c.1164A>G (p.Arg388=),GPC3,Likely benign,"criteria provided, single submitter",,,c.1164A>G,,rs774959145,
800242,NM_004484.4(GPC3):c.610G>T (p.Asp204Tyr),GPC3,Likely benign,"criteria provided, single submitter",,,c.610G>T,,rs751267769,
696589,NM_004484.4(GPC3):c.1414-7C>T,GPC3,Likely benign,"criteria provided, single submitter",,,NM_004484.4(GPC3):c.1414-7C>T,,rs766064951,
696665,NM_004484.4(GPC3):c.1605G>A (p.Ala535=),GPC3,Likely benign,"criteria provided, single submitter",,,c.1605G>A,,rs767097459,
699878,NM_004484.4(GPC3):c.942T>C (p.Tyr314=),GPC3,Likely benign,"criteria provided, single submitter",,,c.942T>C,,rs1603240471,
700085,NM_004484.4(GPC3):c.1665C>T (p.Leu555=),GPC3,Likely benign,"criteria provided, single submitter",,,c.1665C>T,,rs1248944051,
2103428,NM_004484.4(GPC3):c.48C>T (p.Leu16=),GPC3,Likely benign,"criteria provided, multiple submitters, no conflicts",,,c.48C>T,,rs1478615335,
2103624,NM_004484.4(GPC3):c.176-8T>C,GPC3,Likely benign,"criteria provided, single submitter",,,NM_004484.4(GPC3):c.176-8T>C,,rs2521896027,
2034996,NM_004484.4(GPC3):c.1573+20C>G,GPC3,Likely benign,"criteria provided, single submitter",,,NM_004484.4(GPC3):c.1573+20C>G,,rs368998078,
2039403,NM_004484.4(GPC3):c.45G>C (p.Leu15=),GPC3,Likely benign,"criteria provided, single submitter",,,c.45G>C,,rs2521972075,
2042590,NM_004484.4(GPC3):c.255A>C (p.Ala85=),GPC3,Likely benign,"criteria provided, single submitter",,,c.255A>C,,rs2521895593,
1120535,NM_004484.4(GPC3):c.1573+9T>G,GPC3,Likely benign,"criteria provided, single submitter",,,NM_004484.4(GPC3):c.1573+9T>G,,rs1387529611,
706715,NM_004484.4(GPC3):c.1033-9dup,GPC3,Likely benign,"criteria provided, single submitter",,,NM_004484.4(GPC3):c.1033-9dup,,rs1261922262,
707106,NM_004484.4(GPC3):c.627G>A (p.Gly209=),GPC3,Likely benign,"criteria provided, single submitter",,,c.627G>A,,rs1297328008,
2108396,NM_004484.4(GPC3):c.318G>A (p.Gln106=),GPC3,Likely benign,"criteria provided, single submitter",,,c.318G>A,,rs750139856,
2126816,NM_004484.4(GPC3):c.609T>G (p.Arg203=),GPC3,Likely benign,"criteria provided, single submitter",,,c.609T>G,,rs2521356510,
2144716,NM_004484.4(GPC3):c.786C>T (p.Cys262=),GPC3,Likely benign,"criteria provided, single submitter",,,c.786C>T,,rs2521354916,
476653,NM_004484.4(GPC3):c.249A>G (p.Leu83=),GPC3,Likely benign,"criteria provided, multiple submitters, no conflicts",,,c.249A>G,,rs755510528,
476654,NM_004484.4(GPC3):c.338-4A>T,GPC3,Likely benign,"criteria provided, single submitter",,,NM_004484.4(GPC3):c.338-4A>T,,rs1490568896,
543107,NM_004484.4(GPC3):c.1293-5T>C,GPC3,Likely benign,"criteria provided, single submitter",,,NM_004484.4(GPC3):c.1293-5T>C,,rs766154973,
543109,NM_004484.4(GPC3):c.1494C>T (p.Cys498=),GPC3,Likely benign,"criteria provided, single submitter",,,c.1494C>T,,rs753210097,
543110,NM_004484.4(GPC3):c.384C>A (p.Ala128=),GPC3,Likely benign,"criteria provided, single submitter",,,c.384C>A,,rs761541528,
543112,NM_004484.4(GPC3):c.1737G>A (p.Val579=),GPC3,Likely benign,"criteria provided, single submitter",,,c.1737G>A,,rs1556111517,
2840243,NM_004484.4(GPC3):c.300C>T (p.Leu100=),GPC3,Likely benign,"criteria provided, single submitter",,,c.300C>T,,rs2521895269,
2843332,NM_004484.4(GPC3):c.1731C>T (p.Phe577=),GPC3,Likely benign,"criteria provided, single submitter",,,c.1731C>T,,rs745400193,
2787472,NM_004484.4(GPC3):c.60C>T (p.Phe20=),GPC3,Likely benign,"criteria provided, single submitter",,,c.60C>T,,rs1455639185,
2791217,NM_004484.4(GPC3):c.1166+19C>T,GPC3,Likely benign,"criteria provided, single submitter",,,NM_004484.4(GPC3):c.1166+19C>T,,rs2124437379,
2799388,NM_004484.4(GPC3):c.1413+11T>C,GPC3,Likely benign,"criteria provided, single submitter",,,NM_004484.4(GPC3):c.1413+11T>C,,rs2521015453,
2740116,NM_004484.4(GPC3):c.1033-10C>A,GPC3,Likely benign,"criteria provided, single submitter",,,NM_004484.4(GPC3):c.1033-10C>A,,rs2521161699,
2699585,NM_004484.4(GPC3):c.141C>T (p.Pro47=),GPC3,Likely benign,"criteria provided, single submitter",,,c.141C>T,,rs2521970925,
2703009,NM_004484.4(GPC3):c.1188G>A (p.Lys396=),GPC3,Likely benign,"criteria provided, single submitter",,,c.1188G>A,,rs2521132684,
2703880,NM_004484.4(GPC3):c.840G>T (p.Val280=),GPC3,Likely benign,"criteria provided, single submitter",,,c.840G>T,,rs2071692419,
2087226,NM_004484.4(GPC3):c.1413+13del,GPC3,Likely benign,"criteria provided, single submitter",,,NM_004484.4(GPC3):c.1413+13del,,rs2521015424,
695492,NM_004484.4(GPC3):c.1033-8T>A,GPC3,Likely benign,"criteria provided, single submitter",,,NM_004484.4(GPC3):c.1033-8T>A,,rs768284135,
644587,NM_004484.4(GPC3):c.397A>C (p.Asn133His),GPC3,Likely benign,"criteria provided, single submitter",,,c.397A>C,,rs1339940057,
2103416,NM_004484.4(GPC3):c.486T>C (p.Asn162=),GPC3,Likely benign,"criteria provided, multiple submitters, no conflicts",,,c.486T>C,,rs2521357792,
3623903,NM_004484.4(GPC3):c.252A>C (p.Thr84=),GPC3,Likely benign,"criteria provided, single submitter",,,c.252A>C,,,
2569338,NM_004484.4(GPC3):c.59T>G (p.Phe20Cys),GPC3,Likely benign,"criteria provided, single submitter",,,c.59T>G,,rs1354276506,
2661469,NM_004484.4(GPC3):c.738G>T (p.Leu246=),GPC3,Likely benign,"criteria provided, single submitter",,,c.738G>T,,rs2521355374,
2193858,NM_004484.4(GPC3):c.651C>T (p.Thr217=),GPC3,Likely benign,"criteria provided, single submitter",,,c.651C>T,,rs2521356144,
2195578,NM_004484.4(GPC3):c.801A>T (p.Gly267=),GPC3,Likely benign,"criteria provided, single submitter",,,c.801A>T,,rs2521354784,
2198807,NM_004484.4(GPC3):c.184T>C (p.Leu62=),GPC3,Likely benign,"criteria provided, single submitter",,,c.184T>C,,rs2521895965,
2044445,NM_004484.4(GPC3):c.1167-13G>C,GPC3,Likely benign,"criteria provided, single submitter",,,NM_004484.4(GPC3):c.1167-13G>C,,rs2521133015,
2049770,NM_004484.4(GPC3):c.176-14C>A,GPC3,Likely benign,"criteria provided, single submitter",,,NM_004484.4(GPC3):c.176-14C>A,,rs1222882659,
2719898,NM_004484.4(GPC3):c.1155C>T (p.Ser385=),GPC3,Likely benign,"criteria provided, single submitter",,,c.1155C>T,,rs2521160400,
2721331,NM_004484.4(GPC3):c.1701C>T (p.Ser567=),GPC3,Likely benign,"criteria provided, single submitter",,,c.1701C>T,,rs2520462546,
543104,NM_004484.4(GPC3):c.337+8C>G,GPC3,Likely benign,"criteria provided, single submitter",,,NM_004484.4(GPC3):c.337+8C>G,,rs1556359306,
658048,NM_004484.4(GPC3):c.1061A>G (p.Gln354Arg),GPC3,Likely benign,"criteria provided, single submitter",,,c.1061A>G,,rs1247273709,
2418309,NM_004484.4(GPC3):c.175+11G>A,GPC3,Likely benign,"criteria provided, single submitter",,,NM_004484.4(GPC3):c.175+11G>A,,rs2521970511,
2160187,NM_004484.4(GPC3):c.462C>T (p.Leu154=),GPC3,Likely benign,"criteria provided, single submitter",,,c.462C>T,,rs2521358038,
2163055,NM_004484.4(GPC3):c.176-14C>T,GPC3,Likely benign,"criteria provided, single submitter",,,NM_004484.4(GPC3):c.176-14C>T,,rs1222882659,
2167647,NM_004484.4(GPC3):c.1033-17T>A,GPC3,Likely benign,"criteria provided, single submitter",,,NM_004484.4(GPC3):c.1033-17T>A,,rs773855411,
2104002,NM_004484.4(GPC3):c.1578G>A (p.Leu526=),GPC3,Likely benign,"criteria provided, multiple submitters, no conflicts",,,c.1578G>A,,rs2520464340,
2731301,NM_004484.4(GPC3):c.1440A>G (p.Lys480=),GPC3,Likely benign,"criteria provided, single submitter",,,c.1440A>G,,rs2520747973,
2732744,NM_004484.4(GPC3):c.24G>A (p.Ala8=),GPC3,Likely benign,"criteria provided, single submitter",,,c.24G>A,,rs2521972288,
543095,NM_004484.4(GPC3):c.1601A>G (p.Asp534Gly),GPC3,Likely benign,"criteria provided, single submitter",,,c.1601A>G,,rs755823884,
543099,NM_004484.4(GPC3):c.805A>T (p.Met269Leu),GPC3,Likely benign,"criteria provided, single submitter",,,c.805A>T,,rs1556297682,
543100,NM_004484.4(GPC3):c.1713G>A (p.Ser571=),GPC3,Likely benign,"criteria provided, single submitter",,,c.1713G>A,,rs149209315,
2814992,NM_004484.4(GPC3):c.429G>A (p.Glu143=),GPC3,Likely benign,"criteria provided, single submitter",,,c.429G>A,,rs2521358284,
2815804,NM_004484.4(GPC3):c.1166+20T>C,GPC3,Likely benign,"criteria provided, single submitter",,,NM_004484.4(GPC3):c.1166+20T>C,,rs2521159931,
4760356,NM_004484.4(GPC3):c.1362C>T (p.Gly454=),GPC3,Likely benign,"criteria provided, single submitter",,,c.1362C>T,,,
3031770,NM_004484.4(GPC3):c.1033-4250T>C,GPC3,Likely benign,no assertion criteria provided,,,NM_004484.4(GPC3):c.1033-4250T>C,,rs1039619847,
2724281,NM_004484.4(GPC3):c.1233C>T (p.Ser411=),GPC3,Likely benign,"criteria provided, single submitter",,,c.1233C>T,,rs2521132055,
2726066,NM_004484.4(GPC3):c.258A>G (p.Arg86=),GPC3,Likely benign,"criteria provided, single submitter",,,c.258A>G,,rs2521895549,
2729678,NM_004484.4(GPC3):c.1143A>G (p.Glu381=),GPC3,Likely benign,"criteria provided, single submitter",,,c.1143A>G,,rs2521160550,
2705120,NM_004484.4(GPC3):c.495C>T (p.Asp165=),GPC3,Likely benign,"criteria provided, single submitter",,,c.495C>T,,rs773282423,
2713388,NM_004484.4(GPC3):c.507A>G (p.Glu169=),GPC3,Likely benign,"criteria provided, single submitter",,,c.507A>G,,rs2071700412,
2713817,NM_004484.4(GPC3):c.337+14A>G,GPC3,Likely benign,"criteria provided, single submitter",,,NM_004484.4(GPC3):c.337+14A>G,,rs867753558,
644145,NM_004484.4(GPC3):c.737_738delinsCT (p.Leu246Pro),GPC3,Likely benign,"criteria provided, single submitter",,,c.737_738delinsCT,,rs1603240567,
2714733,NM_004484.4(GPC3):c.12C>A (p.Thr4=),GPC3,Likely benign,"criteria provided, single submitter",,,c.12C>A,,rs1341189805,
3615112,NM_004484.4(GPC3):c.1183T>C (p.Leu395=),GPC3,Likely benign,"criteria provided, single submitter",,,c.1183T>C,,,
2740511,NM_004484.4(GPC3):c.1033-20T>C,GPC3,Likely benign,"criteria provided, single submitter",,,NM_004484.4(GPC3):c.1033-20T>C,,rs2521161750,
2757888,NM_004484.4(GPC3):c.1677T>C (p.His559=),GPC3,Likely benign,"criteria provided, single submitter",,,c.1677T>C,,rs2520462934,
568637,NM_004484.4(GPC3):c.945C>G (p.Asp315Glu),GPC3,Likely benign,"criteria provided, single submitter",,,c.945C>G,,rs1027587308,
572682,NM_004484.4(GPC3):c.363T>A (p.His121Gln),GPC3,Likely benign,"criteria provided, multiple submitters, no conflicts",,,c.363T>A,,rs754433681,
2730141,NM_004484.4(GPC3):c.1560C>A (p.Leu520=),GPC3,Likely benign,"criteria provided, single submitter",,,c.1560C>A,,rs1446811768,
1125667,NM_004484.4(GPC3):c.633C>T (p.Phe211=),GPC3,Likely benign,"criteria provided, single submitter",,,c.633C>T,,rs2071696918,
4084760,NM_004484.4(GPC3):c.621A>G (p.Val207=),GPC3,Likely benign,"criteria provided, single submitter",,,c.621A>G,,,
4084761,NM_004484.4(GPC3):c.603A>G (p.Ala201=),GPC3,Likely benign,"criteria provided, single submitter",,,c.603A>G,,,
4084762,NM_004484.4(GPC3):c.600A>G (p.Gly200=),GPC3,Likely benign,"criteria provided, single submitter",,,c.600A>G,,,
4084763,NM_004484.4(GPC3):c.570A>G (p.Ser190=),GPC3,Likely benign,"criteria provided, single submitter",,,c.570A>G,,,
4084764,NM_004484.4(GPC3):c.564T>C (p.Pro188=),GPC3,Likely benign,"criteria provided, single submitter",,,c.564T>C,,,
4084765,NM_004484.4(GPC3):c.508T>C (p.Leu170=),GPC3,Likely benign,"criteria provided, single submitter",,,c.508T>C,,,
4084766,NM_004484.4(GPC3):c.477T>G (p.Ser159=),GPC3,Likely benign,"criteria provided, single submitter",,,c.477T>G,,,
4084767,NM_004484.4(GPC3):c.469T>C (p.Leu157=),GPC3,Likely benign,"criteria provided, single submitter",,,c.469T>C,,,
4084768,NM_004484.4(GPC3):c.450A>C (p.Thr150=),GPC3,Likely benign,"criteria provided, single submitter",,,c.450A>C,,,
4084769,NM_004484.4(GPC3):c.432T>C (p.Phe144=),GPC3,Likely benign,"criteria provided, single submitter",,,c.432T>C,,,
4084770,NM_004484.4(GPC3):c.405A>G (p.Pro135=),GPC3,Likely benign,"criteria provided, single submitter",,,c.405A>G,,,
1127350,NM_004484.4(GPC3):c.180A>C (p.Ser60=),GPC3,Likely benign,"criteria provided, single submitter",,,c.180A>C,,rs2124634903,
1127513,NM_004484.4(GPC3):c.351T>C (p.Ile117=),GPC3,Likely benign,"criteria provided, multiple submitters, no conflicts",,,c.351T>C,,rs1603240797,
1127646,NM_004484.4(GPC3):c.297G>A (p.Glu99=),GPC3,Likely benign,"criteria provided, single submitter",,,c.297G>A,,rs753227537,
408890,NM_004484.4(GPC3):c.1037G>T (p.Gly346Val),GPC3,Likely benign,"criteria provided, single submitter",,,c.1037G>T,,rs373916851,
4798800,NM_004484.4(GPC3):c.1413+20T>A,GPC3,Likely benign,"criteria provided, single submitter",,,NM_004484.4(GPC3):c.1413+20T>A,,,
384933,NM_004484.4(GPC3):c.39G>T (p.Ala13=),GPC3,Likely benign,"criteria provided, multiple submitters, no conflicts",,,c.39G>T,,rs1057522079,
383667,NM_004484.4(GPC3):c.667C>T (p.Leu223=),GPC3,Likely benign,"criteria provided, single submitter",,,c.667C>T,,rs1057521704,
2956497,NM_004484.4(GPC3):c.290G>A (p.Ser97Asn),GPC3,Likely benign,"criteria provided, single submitter",,,c.290G>A,,rs2076400276,
4874869,NM_004484.4(GPC3):c.594C>T (p.Leu198=),GPC3,Likely benign,"criteria provided, single submitter",,,c.594C>T,,,
2994303,NM_004484.4(GPC3):c.1293A>G (p.Arg431=),GPC3,Conflicting classifications of pathogenicity,"criteria provided, conflicting classifications",,,c.1293A>G,,rs2124401911,
4472056,NM_004484.4(GPC3):c.177A>T (p.Gly59=),GPC3,,,,,c.177A>T,,,
4472057,NM_004484.4(GPC3):c.176-1G>T,GPC3,,,,,NM_004484.4(GPC3):c.176-1G>T,,,
4472058,NM_004484.4(GPC3):c.175+2T>G,GPC3,,,,,NM_004484.4(GPC3):c.175+2T>G,,,
4472059,NM_004484.4(GPC3):c.161A>T (p.Glu54Val),GPC3,,,,,c.161A>T,,,
4472060,NM_004484.4(GPC3):c.153G>A (p.Trp51Ter),GPC3,,,,,c.153G>A,,,
4472032,NM_004484.4(GPC3):c.649A>C (p.Thr217Pro),GPC3,,,,,c.649A>C,,,
4472033,NM_004484.4(GPC3):c.587A>T (p.Glu196Val),GPC3,,,,,c.587A>T,,,
4472034,NM_004484.4(GPC3):c.538A>T (p.Thr180Ser),GPC3,,,,,c.538A>T,,,
576656,NM_004484.4(GPC3):c.1181A>G (p.Lys394Arg),GPC3,Conflicting classifications of pathogenicity,"criteria provided, conflicting classifications",,,c.1181A>G,,rs764609423,
577722,NM_004484.4(GPC3):c.1359G>C (p.Lys453Asn),GPC3,Conflicting classifications of pathogenicity,"criteria provided, conflicting classifications",,,c.1359G>C,,rs148219256,
4472000,NM_004484.4(GPC3):c.1195A>T (p.Ile399Phe),GPC3,,,,,c.1195A>T,,,
4472001,NM_004484.4(GPC3):c.1167G>T (p.Arg389Ser),GPC3,,,,,c.1167G>T,,,
4472002,NM_004484.4(GPC3):c.1167-112A>T,GPC3,,,,,NM_004484.4(GPC3):c.1167-112A>T,,,
4472003,NM_004484.4(GPC3):c.1135G>A (p.Glu379Lys),GPC3,,,,,c.1135G>A,,,
4472004,NM_004484.4(GPC3):c.1111A>T (p.Lys371Ter),GPC3,,,,,c.1111A>T,,,
543106,NM_004484.4(GPC3):c.168C>G (p.Pro56=),GPC3,Benign/Likely benign,"criteria provided, multiple submitters, no conflicts",,,c.168C>G,,rs188592483,
568782,NM_004484.4(GPC3):c.1561C>T (p.Arg521Cys),GPC3,Conflicting classifications of pathogenicity,"criteria provided, conflicting classifications",,,c.1561C>T,,rs759543703,
572037,NM_004484.4(GPC3):c.1255G>A (p.Asp419Asn),GPC3,Conflicting classifications of pathogenicity,"criteria provided, conflicting classifications",,,c.1255G>A,,rs755544588,
572758,NM_004484.4(GPC3):c.1724T>G (p.Phe575Cys),GPC3,Conflicting classifications of pathogenicity,"criteria provided, conflicting classifications",,,c.1724T>G,,rs981077333,
573779,NM_004484.4(GPC3):c.676A>G (p.Thr226Ala),GPC3,Benign/Likely benign,"criteria provided, multiple submitters, no conflicts",,,c.676A>G,,rs145141525,
4471991,NM_004484.4(GPC3):c.1292+2T>G,GPC3,,,,,NM_004484.4(GPC3):c.1292+2T>G,,,
543088,NM_004484.4(GPC3):c.1064G>A (p.Arg355His),GPC3,Conflicting classifications of pathogenicity,"criteria provided, conflicting classifications",,,c.1064G>A,,rs1556271627,
543092,NM_004484.4(GPC3):c.826G>T (p.Gly276Cys),GPC3,Conflicting classifications of pathogenicity,"criteria provided, conflicting classifications",,,c.826G>T,,rs141100113,
543093,NM_004484.4(GPC3):c.1318G>A (p.Gly440Arg),GPC3,Conflicting classifications of pathogenicity,"criteria provided, conflicting classifications",,,c.1318G>A,,rs1203009272,
4472005,NM_004484.4(GPC3):c.1106A>T (p.Asp369Val),GPC3,,,,,c.1106A>T,,,
4472006,NM_004484.4(GPC3):c.1105G>C (p.Asp369His),GPC3,,,,,c.1105G>C,,,
2347311,NM_004484.4(GPC3):c.79CCG[4] (p.Pro31del),GPC3,Conflicting classifications of pathogenicity,"criteria provided, conflicting classifications",,,c.79CCG[4],,rs749104500,
658639,NM_004484.4(GPC3):c.1604C>G (p.Ala535Gly),GPC3,Conflicting classifications of pathogenicity,"criteria provided, conflicting classifications",,,c.1604C>G,,rs750138489,
660986,NM_004484.4(GPC3):c.733C>A (p.His245Asn),GPC3,Conflicting classifications of pathogenicity,"criteria provided, conflicting classifications",,,c.733C>A,,rs199778216,
661857,NM_004484.4(GPC3):c.1078G>T (p.Ala360Ser),GPC3,Conflicting classifications of pathogenicity,"criteria provided, conflicting classifications",,,c.1078G>T,,rs779187915,
2739939,NM_004484.4(GPC3):c.849A>G (p.Gln283=),GPC3,Conflicting classifications of pathogenicity,"criteria provided, conflicting classifications",,,c.849A>G,,rs764320060,
4471992,NM_004484.4(GPC3):c.1292+2T>C,GPC3,,,,,NM_004484.4(GPC3):c.1292+2T>C,,,
4471993,NM_004484.4(GPC3):c.1292G>T (p.Arg431Ile),GPC3,,,,,c.1292G>T,,,
4471994,NM_004484.4(GPC3):c.1270A>T (p.Asn424Tyr),GPC3,,,,,c.1270A>T,,,
4471995,NM_004484.4(GPC3):c.1225A>T (p.Ile409Phe),GPC3,,,,,c.1225A>T,,,
4471996,NM_004484.4(GPC3):c.1223A>T (p.Tyr408Phe),GPC3,,,,,c.1223A>T,,,
4471997,NM_004484.4(GPC3):c.1220G>T (p.Gly407Val),GPC3,,,,,c.1220G>T,,,
4471998,NM_004484.4(GPC3):c.1212T>G (p.Ala404=),GPC3,,,,,c.1212T>G,,,
4471999,NM_004484.4(GPC3):c.1211C>A (p.Ala404Asp),GPC3,,,,,c.1211C>A,,,
476671,NM_004484.4(GPC3):c.986A>G (p.Asp329Gly),GPC3,Conflicting classifications of pathogenicity,"criteria provided, conflicting classifications",,,c.986A>G,,rs1199305584,
506759,NM_004484.4(GPC3):c.136C>G (p.Gln46Glu),GPC3,Conflicting classifications of pathogenicity,"criteria provided, conflicting classifications",,,c.136C>G,,rs1556367745,
4471988,NM_004484.4(GPC3):c.1292+14A>T,GPC3,,,,,NM_004484.4(GPC3):c.1292+14A>T,,,
4471989,NM_004484.4(GPC3):c.1292+3G>T,GPC3,,,,,NM_004484.4(GPC3):c.1292+3G>T,,,
4471990,NM_004484.4(GPC3):c.1292+3G>C,GPC3,,,,,NM_004484.4(GPC3):c.1292+3G>C,,,
662611,NM_004484.4(GPC3):c.693G>A (p.Gln231=),GPC3,Conflicting classifications of pathogenicity,"criteria provided, conflicting classifications",,,c.693G>A,,rs768782219,
695314,NM_004484.4(GPC3):c.338-20dup,GPC3,Benign/Likely benign,"criteria provided, multiple submitters, no conflicts",,,NM_004484.4(GPC3):c.338-20dup,,rs370737647,
651140,NM_004484.4(GPC3):c.369G>C (p.Lys123Asn),GPC3,Conflicting classifications of pathogenicity,"criteria provided, conflicting classifications",,,c.369G>C,,rs201942331,
4471974,NM_004484.4(GPC3):c.*21G>T,GPC3,,,,,NM_004484.4(GPC3):c.*21G>T,,,
4471975,NM_004484.4(GPC3):c.1573+2T>C,GPC3,,,,,NM_004484.4(GPC3):c.1573+2T>C,,,
4471976,NM_004484.4(GPC3):c.1527T>A (p.Ser509=),GPC3,,,,,c.1527T>A,,,
4471977,NM_004484.4(GPC3):c.1499A>G (p.Asp500Gly),GPC3,,,,,c.1499A>G,,,
4471978,NM_004484.4(GPC3):c.1483A>G (p.Ser495Gly),GPC3,,,,,c.1483A>G,,,
4471979,NM_004484.4(GPC3):c.1472A>T (p.Glu491Val),GPC3,,,,,c.1472A>T,,,
476655,NM_004484.4(GPC3):c.430T>A (p.Phe144Ile),GPC3,Conflicting classifications of pathogenicity,"criteria provided, conflicting classifications",,,c.430T>A,,rs1404574866,
543108,NM_004484.4(GPC3):c.1426A>G (p.Met476Val),GPC3,Benign/Likely benign,"criteria provided, multiple submitters, no conflicts",,,c.1426A>G,,rs200265913,
543113,NM_004484.4(GPC3):c.1029C>T (p.Thr343=),GPC3,Benign/Likely benign,"criteria provided, multiple submitters, no conflicts",,,c.1029C>T,,rs890143711,
476657,NM_004484.4(GPC3):c.496A>G (p.Met166Val),GPC3,Conflicting classifications of pathogenicity,"criteria provided, conflicting classifications",,,c.496A>G,,rs1556297827,
4471985,NM_004484.4(GPC3):c.1293-28A>G,GPC3,,,,,NM_004484.4(GPC3):c.1293-28A>G,,,
4471986,NM_004484.4(GPC3):c.1292+70A>G,GPC3,,,,,NM_004484.4(GPC3):c.1292+70A>G,,,
4471987,NM_004484.4(GPC3):c.1292+41A>G,GPC3,,,,,NM_004484.4(GPC3):c.1292+41A>G,,,
696447,NM_004484.4(GPC3):c.415C>T (p.Pro139Ser),GPC3,Conflicting classifications of pathogenicity,"criteria provided, conflicting classifications",,,c.415C>T,,rs149261557,
698976,NM_004484.4(GPC3):c.338-7_338-5del,GPC3,Benign/Likely benign,"criteria provided, multiple submitters, no conflicts",,,NM_004484.4(GPC3):c.338-7_338-5del,,rs370737647,
4471980,NM_004484.4(GPC3):c.1466A>G (p.Asp489Gly),GPC3,,,,,c.1466A>G,,,
447455,NM_004484.4(GPC3):c.222A>C (p.Ser74=),GPC3,Conflicting classifications of pathogenicity,"criteria provided, conflicting classifications",,,c.222A>C,,rs1556359362,
476638,NM_004484.4(GPC3):c.1002C>T (p.Val334=),GPC3,Benign/Likely benign,"criteria provided, multiple submitters, no conflicts",,,c.1002C>T,,rs747775536,
543101,NM_004484.4(GPC3):c.1680C>T (p.Ser560=),GPC3,Benign/Likely benign,"criteria provided, multiple submitters, no conflicts",,,c.1680C>T,,rs748480657,
476669,NM_004484.4(GPC3):c.844A>G (p.Met282Val),GPC3,Benign/Likely benign,"criteria provided, multiple submitters, no conflicts",,,c.844A>G,,rs151082475,
476670,NM_004484.4(GPC3):c.955G>A (p.Val319Ile),GPC3,Conflicting classifications of pathogenicity,"criteria provided, conflicting classifications",,,c.955G>A,,rs753020197,
476640,NM_004484.4(GPC3):c.1114G>A (p.Val372Ile),GPC3,Conflicting classifications of pathogenicity,"criteria provided, conflicting classifications",,,c.1114G>A,,rs140756498,
543085,NM_004484.4(GPC3):c.569C>T (p.Ser190Leu),GPC3,Conflicting classifications of pathogenicity,"criteria provided, conflicting classifications",,,c.569C>T,,rs780667597,
476650,NM_004484.4(GPC3):c.1616G>C (p.Ser539Thr),GPC3,Conflicting classifications of pathogenicity,"criteria provided, conflicting classifications",,,c.1616G>C,,rs137858712,
476652,NM_004484.4(GPC3):c.1716G>C (p.Val572=),GPC3,Benign/Likely benign,"criteria provided, multiple submitters, no conflicts",,,c.1716G>C,,rs779688123,
4471981,NM_004484.4(GPC3):c.1446A>G (p.Arg482=),GPC3,,,,,c.1446A>G,,,
4471982,NM_004484.4(GPC3):c.1430C>G (p.Ser477Cys),GPC3,,,,,c.1430C>G,,,
4471984,NM_004484.4(GPC3):c.1293-2A>T,GPC3,,,,,NM_004484.4(GPC3):c.1293-2A>T,,,
701769,NM_004484.4(GPC3):c.365C>T (p.Ala122Val),GPC3,Benign/Likely benign,"criteria provided, multiple submitters, no conflicts",,,c.365C>T,,rs779679730,
705105,NM_004484.4(GPC3):c.1248G>A (p.Ala416=),GPC3,Benign/Likely benign,"criteria provided, multiple submitters, no conflicts",,,c.1248G>A,,rs201677091,
843009,NM_004484.4(GPC3):c.1702A>G (p.Met568Val),GPC3,Conflicting classifications of pathogenicity,"criteria provided, conflicting classifications",,,c.1702A>G,,rs1277140205,
849942,NM_004484.4(GPC3):c.797A>G (p.Gln266Arg),GPC3,Conflicting classifications of pathogenicity,"criteria provided, conflicting classifications",,,c.797A>G,,rs765072095,
833976,NM_004484.4(GPC3):c.1619A>G (p.Gln540Arg),GPC3,Conflicting classifications of pathogenicity,"criteria provided, conflicting classifications",,,c.1619A>G,,rs757034991,
701714,NM_004484.4(GPC3):c.1149C>T (p.Thr383=),GPC3,Benign/Likely benign,"criteria provided, multiple submitters, no conflicts",,,c.1149C>T,,rs147245792,
856941,NM_004484.4(GPC3):c.517A>G (p.Ser173Gly),GPC3,Conflicting classifications of pathogenicity,"criteria provided, conflicting classifications",,,c.517A>G,,rs2071700126,
4472014,NM_004484.4(GPC3):c.996G>T (p.Gln332His),GPC3,,,,,c.996G>T,,,
4472015,NM_004484.4(GPC3):c.994C>A (p.Gln332Lys),GPC3,,,,,c.994C>A,,,
408888,NM_004484.4(GPC3):c.1259C>G (p.Thr420Ser),GPC3,Conflicting classifications of pathogenicity,"criteria provided, conflicting classifications",,,c.1259C>G,,rs377381100,
476656,NM_004484.4(GPC3):c.485A>G (p.Asn162Ser),GPC3,Conflicting classifications of pathogenicity,"criteria provided, conflicting classifications",,,c.485A>G,,rs780431445,
4472016,NM_004484.4(GPC3):c.979A>G (p.Ile327Val),GPC3,,,,,c.979A>G,,,
4472017,NM_004484.4(GPC3):c.939C>G (p.Ile313Met),GPC3,,,,,c.939C>G,,,
4472018,NM_004484.4(GPC3):c.917T>G (p.Leu306Arg),GPC3,,,,,c.917T>G,,,
4472019,NM_004484.4(GPC3):c.917T>A (p.Leu306His),GPC3,,,,,c.917T>A,,,
476659,NM_004484.4(GPC3):c.584A>G (p.Asn195Ser),GPC3,Benign/Likely benign,"criteria provided, multiple submitters, no conflicts",,,c.584A>G,,rs745317547,
476663,NM_004484.4(GPC3):c.672A>G (p.Gln224=),GPC3,Conflicting classifications of pathogenicity,"criteria provided, conflicting classifications",,,c.672A>G,,rs373406834,
4471972,NM_004484.4(GPC3):c.*98G>T,GPC3,,,,,NM_004484.4(GPC3):c.*98G>T,,,
4471973,NM_004484.4(GPC3):c.*84A>T,GPC3,,,,,NM_004484.4(GPC3):c.*84A>T,,,
1599763,NM_004484.4(GPC3):c.1292+9706A>G,GPC3,Benign/Likely benign,"criteria provided, multiple submitters, no conflicts",,,NM_004484.4(GPC3):c.1292+9706A>G,,rs2205704,
959164,NM_004484.4(GPC3):c.1045T>C (p.Cys349Arg),GPC3,Conflicting classifications of pathogenicity,"criteria provided, conflicting classifications",,,c.1045T>C,,rs2071153160,
1014539,NM_004484.4(GPC3):c.19A>C (p.Thr7Pro),GPC3,Conflicting classifications of pathogenicity,"criteria provided, conflicting classifications",,,c.19A>C,,rs773144223,
1042514,NM_004484.4(GPC3):c.293T>C (p.Met98Thr),GPC3,Conflicting classifications of pathogenicity,"criteria provided, conflicting classifications",,,c.293T>C,,rs1007159317,
1499400,NM_004484.4(GPC3):c.1550A>G (p.Lys517Arg),GPC3,Conflicting classifications of pathogenicity,"criteria provided, conflicting classifications",,,c.1550A>G,,rs758464784,
415271,NM_004484.4(GPC3):c.359G>A (p.Arg120His),GPC3,Benign/Likely benign,"criteria provided, multiple submitters, no conflicts",,,c.359G>A,,rs148021273,
4472035,NM_004484.4(GPC3):c.538A>C (p.Thr180Pro),GPC3,,,,,c.538A>C,,,
4472036,NM_004484.4(GPC3):c.537T>G (p.Tyr179Ter),GPC3,,,,,c.537T>G,,,
4472008,NM_004484.4(GPC3):c.1091A>T (p.Glu364Val),GPC3,,,,,c.1091A>T,,,
4472009,NM_004484.4(GPC3):c.1089T>A (p.Pro363=),GPC3,,,,,c.1089T>A,,,
4472010,NM_004484.4(GPC3):c.1040A>G (p.Lys347Arg),GPC3,,,,,c.1040A>G,,,
4472011,NM_004484.4(GPC3):c.1036G>T (p.Gly346Cys),GPC3,,,,,c.1036G>T,,,
4472012,NM_004484.4(GPC3):c.1033-1G>T,GPC3,,,,,NM_004484.4(GPC3):c.1033-1G>T,,,
4472013,NM_004484.4(GPC3):c.1013C>T (p.Ala338Val),GPC3,,,,,c.1013C>T,,,
1165899,NM_004484.4(GPC3):c.825C>T (p.Gly275=),GPC3,Benign/Likely benign,"criteria provided, multiple submitters, no conflicts",,,c.825C>T,,rs753811089,
1174902,NM_004484.4(GPC3):c.1033-4250del,GPC3,Conflicting classifications of pathogenicity,"criteria provided, conflicting classifications",,,NM_004484.4(GPC3):c.1033-4250del,,rs372010975,
4472024,NM_004484.4(GPC3):c.841G>A (p.Val281Ile),GPC3,,,,,c.841G>A,,,
4472025,NM_004484.4(GPC3):c.805A>G (p.Met269Val),GPC3,,,,,c.805A>G,,,
4472026,NM_004484.4(GPC3):c.794G>T (p.Cys265Phe),GPC3,,,,,c.794G>T,,,
4472020,NM_004484.4(GPC3):c.903G>T (p.Leu301=),GPC3,,,,,c.903G>T,,,
4472021,NM_004484.4(GPC3):c.860C>T (p.Ala287Val),GPC3,,,,,c.860C>T,,,
4472022,NM_004484.4(GPC3):c.847C>T (p.Gln283Ter),GPC3,,,,,c.847C>T,,,
4472023,NM_004484.4(GPC3):c.843C>A (p.Val281=),GPC3,,,,,c.843C>A,,,
408893,NM_004484.4(GPC3):c.1162A>G (p.Arg388Gly),GPC3,Benign/Likely benign,"criteria provided, multiple submitters, no conflicts",,,c.1162A>G,,rs199812705,
408895,NM_004484.4(GPC3):c.79CCG[6] (p.Pro31dup),GPC3,Conflicting classifications of pathogenicity,"criteria provided, conflicting classifications",,,c.79CCG[6],,rs749104500,
4472047,NM_004484.4(GPC3):c.337+2T>G,GPC3,,,,,NM_004484.4(GPC3):c.337+2T>G,,,
4472037,NM_004484.4(GPC3):c.522G>T (p.Leu174=),GPC3,,,,,c.522G>T,,,
4472038,NM_004484.4(GPC3):c.517A>T (p.Ser173Cys),GPC3,,,,,c.517A>T,,,
4472039,NM_004484.4(GPC3):c.439G>T (p.Glu147Ter),GPC3,,,,,c.439G>T,,,
281155,NM_004484.4(GPC3):c.338-6_338-5del,GPC3,Benign/Likely benign,"criteria provided, multiple submitters, no conflicts",,,NM_004484.4(GPC3):c.338-6_338-5del,,rs370737647,
415274,NM_004484.4(GPC3):c.1254C>T (p.Asn418=),GPC3,Benign/Likely benign,"criteria provided, multiple submitters, no conflicts",,,c.1254C>T,,rs150766741,
415275,NM_004484.4(GPC3):c.1032+9C>T,GPC3,Benign/Likely benign,"criteria provided, multiple submitters, no conflicts",,,NM_004484.4(GPC3):c.1032+9C>T,,rs200782847,
415278,NM_004484.4(GPC3):c.889A>G (p.Arg297Gly),GPC3,Benign/Likely benign,"criteria provided, multiple submitters, no conflicts",,,c.889A>G,,rs148951753,
408886,NM_004484.4(GPC3):c.367A>G (p.Lys123Glu),GPC3,Benign/Likely benign,"criteria provided, multiple submitters, no conflicts",,,c.367A>G,,rs755733724,
4472040,NM_004484.4(GPC3):c.364G>T (p.Ala122Ser),GPC3,,,,,c.364G>T,,,
4472049,NM_004484.4(GPC3):c.336A>G (p.Gln112=),GPC3,,,,,c.336A>G,,,
4472050,NM_004484.4(GPC3):c.294G>T (p.Met98Ile),GPC3,,,,,c.294G>T,,,
4472051,NM_004484.4(GPC3):c.294G>C (p.Met98Ile),GPC3,,,,,c.294G>C,,,
4472052,NM_004484.4(GPC3):c.294G>A (p.Met98Ile),GPC3,,,,,c.294G>A,,,
4472053,NM_004484.4(GPC3):c.290G>T (p.Ser97Ile),GPC3,,,,,c.290G>T,,,
4472054,NM_004484.4(GPC3):c.288A>G (p.Ala96=),GPC3,,,,,c.288A>G,,,
4472055,NM_004484.4(GPC3):c.189A>G (p.Gln63=),GPC3,,,,,c.189A>G,,,
4472027,NM_004484.4(GPC3):c.785G>T (p.Cys262Phe),GPC3,,,,,c.785G>T,,,
4472028,NM_004484.4(GPC3):c.745A>G (p.Ser249Gly),GPC3,,,,,c.745A>G,,,
4472029,NM_004484.4(GPC3):c.665C>A (p.Ser222Ter),GPC3,,,,,c.665C>A,,,
4472030,NM_004484.4(GPC3):c.662A>G (p.Lys221Arg),GPC3,,,,,c.662A>G,,,
4472031,NM_004484.4(GPC3):c.649A>T (p.Thr217Ser),GPC3,,,,,c.649A>T,,,
4472045,NM_004484.4(GPC3):c.338-3C>A,GPC3,,,,,NM_004484.4(GPC3):c.338-3C>A,,,
4472044,NM_004484.4(GPC3):c.338-1G>A,GPC3,,,,,NM_004484.4(GPC3):c.338-1G>A,,,
4472043,NM_004484.4(GPC3):c.359G>T (p.Arg120Leu),GPC3,,,,,c.359G>T,,,
4472048,NM_004484.4(GPC3):c.337+2T>C,GPC3,,,,,NM_004484.4(GPC3):c.337+2T>C,,,
4472041,NM_004484.4(GPC3):c.364G>C (p.Ala122Pro),GPC3,,,,,c.364G>C,,,
