variation_id,name,gene_symbol,clinical_significance,review_status,condition,variant_type,cdna_change,protein_change,rs_id,last_updated
45220,NM_005228.5(EGFR):c.2127_2129del (p.Glu709_Thr710delinsAsp),EGFR,Pathogenic,"criteria provided, single submitter",,,c.2127_2129del,,rs397517086,
45225,NM_005228.5(EGFR):c.2156G>C (p.Gly719Ala),EGFR,Pathogenic,"criteria provided, single submitter",,,c.2156G>C,,rs121913428,
1703560,Single allele,FEZF1,Pathogenic,no assertion criteria provided,,,Single allele,,,
1508578,NM_005228.5(EGFR):c.2720T>A (p.Leu907Ter),EGFR,Pathogenic,"criteria provided, single submitter",,,c.2720T>A,,rs2128968655,
2032844,NM_005228.5(EGFR):c.492_511del (p.Trp164_Asp171delinsTer),EGFR,Pathogenic,"criteria provided, single submitter",,,c.492_511del,,rs2535467029,
2425326,NC_000007.13:g.(?_55223561)_(55233842_?)del,EGFR,Pathogenic,"criteria provided, single submitter",,,NC_000007.13:g.(?_55223561)_(55233842_?)del,,,
1441678,NM_005228.5(EGFR):c.3061C>T (p.Gln1021Ter),EGFR,Pathogenic,"criteria provided, single submitter",,,c.3061C>T,,rs2128971690,
1444704,NM_005228.5(EGFR):c.2289del (p.Tyr764fs),EGFR-AS1,Pathogenic,"criteria provided, single submitter",,,c.2289del,,rs2128958231,
45251,NM_005228.5(EGFR):c.2303G>T (p.Ser768Ile),EGFR,Pathogenic,"criteria provided, single submitter",,,c.2303G>T,,rs121913465,
45252,NM_005228.5(EGFR):c.2303_2304delinsTT (p.Ser768Ile),EGFR,Pathogenic,"criteria provided, single submitter",,,c.2303_2304delinsTT,,rs397517108,
45257,NM_005228.5(EGFR):c.2310_2311insGGGTTG (p.Asp770_Asn771insGlyLeu),EGFR,Pathogenic,no assertion criteria provided,,,c.2310_2311insGGGTTG,,rs397517111,
45258,NM_005228.5(EGFR):c.2312_2314dup (p.Asn771_Pro772insHis),EGFR-AS1,Pathogenic,"criteria provided, single submitter",,,c.2312_2314dup,,rs397517112,
1453945,NM_005228.5(EGFR):c.1860_1861delinsAA (p.Cys620_His621delinsTer),EGFR,Pathogenic,"criteria provided, single submitter",,,c.1860_1861delinsAA,,rs2128946495,
1456059,NC_000007.13:g.(?_55221694)_(55225456_?)del,EGFR,Pathogenic,"criteria provided, single submitter",,,NC_000007.13:g.(?_55221694)_(55225456_?)del,,,
2129131,NM_005228.5(EGFR):c.2927del (p.Gln976fs),EGFR,Pathogenic,"criteria provided, single submitter",,,c.2927del,,rs2534856605,
2115063,NM_005228.5(EGFR):c.977_978del (p.Lys325_Cys326insTer),EGFR,Pathogenic,"criteria provided, single submitter",,,c.977_978del,,rs2535523669,
2582258,NM_005228.5(EGFR):c.2561C>T (p.Thr854Ile),EGFR,Pathogenic,no assertion criteria provided,,,c.2561C>T,,rs2128964585,
2582257,NM_005228.5(EGFR):c.1792G>A (p.Gly598Arg),EGFR,Pathogenic,no assertion criteria provided,,,c.1792G>A,,rs2128946294,
2578363,NM_005228.5(EGFR):c.2317delinsAACCCCT (p.His773delinsAsnProTyr),EGFR,Pathogenic,"criteria provided, single submitter",,,c.2317delinsAACCCCT,,rs2534769431,
2582280,NM_005228.5(EGFR):c.1786C>T (p.Pro596Ser),EGFR,Pathogenic,no assertion criteria provided,,,c.1786C>T,,rs2128946276,
2907450,NM_005228.5(EGFR):c.2371C>T (p.Gln791Ter),EGFR,Pathogenic,"criteria provided, single submitter",,,c.2371C>T,,rs2128958651,
3012073,NM_005228.5(EGFR):c.797dup (p.Leu267fs),EGFR,Pathogenic,"criteria provided, single submitter",,,c.797dup,,rs2128934926,
3245831,NC_000007.13:g.(?_55086755)_(55087068_?)del,EGFR,Pathogenic,"criteria provided, single submitter",,,NC_000007.13:g.(?_55086755)_(55087068_?)del,,,
3338124,NM_005228.5(EGFR):c.1094T>A (p.Ile365Asn),EGFR,Pathogenic,no assertion criteria provided,,,c.1094T>A,,,
2701755,NM_005228.5(EGFR):c.357_361del (p.Leu119fs),EGFR,Pathogenic,"criteria provided, single submitter",,,c.357_361del,,rs2535448587,
2700802,NM_005228.5(EGFR):c.213_228del (p.Gln71fs),EGFR,Pathogenic,"criteria provided, single submitter",,,c.213_228del,,rs2535440714,
2695031,NM_005228.5(EGFR):c.2090_2091dup (p.Ala698fs),EGFR,Pathogenic,"criteria provided, single submitter",,,c.2090_2091dup,,rs2534724610,
1429922,NM_005228.5(EGFR):c.877A>T (p.Lys293Ter),EGFR,Pathogenic,"criteria provided, single submitter",,,c.877A>T,,rs2128935161,
2757002,NM_005228.5(EGFR):c.2852G>A (p.Trp951Ter),EGFR,Pathogenic,"criteria provided, single submitter",,,c.2852G>A,,rs2128969775,
1425739,NM_005228.5(EGFR):c.2921_2928del (p.Asp974fs),EGFR,Pathogenic,"criteria provided, single submitter",,,c.2921_2928del,,rs2128969953,
2812743,NM_005228.5(EGFR):c.132del (p.Phe44fs),EGFR,Pathogenic,"criteria provided, single submitter",,,c.132del,,rs2535439545,
2582281,NM_005228.5(EGFR):c.2287G>A (p.Ala763Thr),EGFR,Pathogenic,no assertion criteria provided,,,c.2287G>A,,rs2128958225,
3644154,NM_005228.5(EGFR):c.1441_1444del (p.Phe481fs),EGFR,Pathogenic,"criteria provided, single submitter",,,c.1441_1444del,,,
3639224,NM_005228.5(EGFR):c.3212C>G (p.Ser1071Ter),EGFR,Pathogenic,"criteria provided, single submitter",,,c.3212C>G,,,
1043841,NM_005228.5(EGFR):c.2577del (p.Lys860fs),EGFR,Pathogenic,"criteria provided, single submitter",,,c.2577del,,rs1787409872,
3639152,NM_005228.5(EGFR):c.1382del (p.Val461fs),EGFR,Pathogenic,"criteria provided, single submitter",,,c.1382del,,,
2866103,NM_005228.5(EGFR):c.879del (p.Lys294fs),EGFR,Pathogenic,"criteria provided, single submitter",,,c.879del,,rs2535507289,
2844629,NM_005228.5(EGFR):c.439del (p.Ala147fs),EGFR,Pathogenic,"criteria provided, single submitter",,,c.439del,,rs2535465944,
2820973,NM_005228.5(EGFR):c.889del (p.Arg297fs),EGFR,Pathogenic,"criteria provided, single submitter",,,c.889del,,rs2128935185,
2819404,NM_005228.5(EGFR):c.1103del (p.Asp368fs),LOC126860048,Pathogenic,"criteria provided, single submitter",,,c.1103del,,rs2535528909,
146855,GRCh38/hg38 7p14.1-11.2(chr7:40534157-56107122)x1,AEBP1,Pathogenic,no assertion criteria provided,,,GRCh38/hg38 7p14.1-11.2(chr7:40534157-56107122)x1,,,
146075,GRCh38/hg38 7p22.3-q36.3(chr7:54185-159282390)x1,ASIC3,Pathogenic,no assertion criteria provided,,,GRCh38/hg38 7p22.3-q36.3(chr7:54185-159282390)x1,,,
242972,NC_000007.13:g.(20954043_21001537)_(114528369_114556605)inv,ALKBH4,Pathogenic,no assertion criteria provided,,,NC_000007.13:g.(20954043_21001537)_(114528369_114556605)inv,,,
638163,NM_005228.5(EGFR):c.2303_2305delinsTCT (p.Ser768_Val769delinsIleLeu),EGFR,Pathogenic,"criteria provided, single submitter",,,c.2303_2305delinsTCT,,rs1584238193,
4726907,NM_005228.5(EGFR):c.1823G>A (p.Trp608Ter),EGFR,Pathogenic,"criteria provided, single submitter",,,c.1823G>A,,,
4721777,NM_005228.5(EGFR):c.216del (p.Asn73fs),EGFR,Pathogenic,"criteria provided, single submitter",,,c.216del,,,
4725069,NM_005228.5(EGFR):c.637del (p.Ile213fs),EGFR,Pathogenic,"criteria provided, single submitter",,,c.637del,,,
687427,GRCh37/hg19 7p22.3-q36.3(chr7:10365-159119707)x3,CTAGE4,Pathogenic,no assertion criteria provided,,,GRCh37/hg19 7p22.3-q36.3(chr7:10365-159119707)x3,,,
3726208,NM_005228.5(EGFR):c.1430G>A (p.Trp477Ter),EGFR,Pathogenic,"criteria provided, single submitter",,,c.1430G>A,,,
3729655,NM_005228.5(EGFR):c.1150_1160del (p.Thr384fs),EGFR,Pathogenic,"criteria provided, single submitter",,,c.1150_1160del,,,
45279,NM_005228.5(EGFR):c.2500G>T (p.Val834Leu),EGFR,Pathogenic,"criteria provided, single submitter",,,c.2500G>T,,rs397517127,
1005727,NM_005228.5(EGFR):c.1605C>A (p.Cys535Ter),EGFR,Pathogenic,"criteria provided, single submitter",,,c.1605C>A,,rs763346690,
971184,NM_005228.5(EGFR):c.3147C>A (p.Cys1049Ter),EGFR,Pathogenic,"criteria provided, single submitter",,,c.3147C>A,,rs1787859607,
4718564,NM_005228.5(EGFR):c.1896del (p.Glu634fs),EGFR,Pathogenic,"criteria provided, single submitter",,,c.1896del,,,
4722281,NM_005228.5(EGFR):c.718_722dup (p.Gly242fs),EGFR,Pathogenic,"criteria provided, single submitter",,,c.718_722dup,,,
4723261,NM_005228.5(EGFR):c.2479del (p.Tyr827fs),EGFR,Pathogenic,"criteria provided, single submitter",,,c.2479del,,,
1016463,NM_005228.5(EGFR):c.1536del (p.Glu513fs),EGFR,Pathogenic,"criteria provided, single submitter",,,c.1536del,,rs1785702810,
3722497,NM_005228.5(EGFR):c.1309del (p.Ser437fs),EGFR,Pathogenic,"criteria provided, single submitter",,,c.1309del,,,
3729636,NM_005228.5(EGFR):c.1643_1644del (p.Glu548fs),EGFR,Pathogenic,"criteria provided, single submitter",,,c.1643_1644del,,,
1016241,NM_005228.5(EGFR):c.2917C>T (p.Arg973Ter),EGFR,Pathogenic,"criteria provided, single submitter",,,c.2917C>T,,rs748491031,
1042058,NC_000007.13:g.(?_55086755)_(55274084_?)del,EGFR,Pathogenic,"criteria provided, single submitter",,,NC_000007.13:g.(?_55086755)_(55274084_?)del,,,
3714966,NM_005228.5(EGFR):c.339C>G (p.Tyr113Ter),EGFR,Pathogenic,"criteria provided, single submitter",,,c.339C>G,,,
1045120,NM_005228.5(EGFR):c.1418del (p.Asn473fs),EGFR,Pathogenic,"criteria provided, single submitter",,,c.1418del,,rs1785628941,
3651305,NM_005228.5(EGFR):c.2451G>A (p.Trp817Ter),EGFR,Pathogenic,"criteria provided, single submitter",,,c.2451G>A,,,
177620,NM_005228.5(EGFR):c.2236_2250del (p.Glu746_Ala750del),EGFR,Pathogenic,"criteria provided, single submitter",,,c.2236_2250del,,rs727504233,
157499,NM_005228.5(EGFR):c.1283G>A (p.Gly428Asp),EGFR,Pathogenic,"criteria provided, single submitter",,,c.1283G>A,,rs606231253,
59682,GRCh38/hg38 7p12.1-q11.22(chr7:53274059-68576213)x3,ASL,Pathogenic,"criteria provided, single submitter",,,GRCh38/hg38 7p12.1-q11.22(chr7:53274059-68576213)x3,,,
395009,GRCh37/hg19 7p11.2(chr7:54972516-56172165)x1,CCT6A,Pathogenic,no assertion criteria provided,,,GRCh37/hg19 7p11.2(chr7:54972516-56172165)x1,,,
442833,GRCh37/hg19 7p22.3-q36.3(chr7:43361-159119707),POLM,Pathogenic,no assertion criteria provided,,,GRCh37/hg19 7p22.3-q36.3(chr7:43361-159119707),,,
402244,TMEM106B-BRAF fusion,POT1,Pathogenic,no assertion criteria provided,,,TMEM106B-BRAF fusion,,,
442834,GRCh37/hg19 7p22.3-q36.3(chr7:43361-159119707)x3,AASS,Pathogenic,no assertion criteria provided,,,GRCh37/hg19 7p22.3-q36.3(chr7:43361-159119707)x3,,,
4735901,NM_005228.5(EGFR):c.1214del (p.Leu405fs),EGFR,Pathogenic,"criteria provided, single submitter",,,c.1214del,,,
59680,GRCh38/hg38 7p14.3-q11.21(chr7:33328312-62377476)x3,COBL,Pathogenic,"criteria provided, single submitter",,,GRCh38/hg38 7p14.3-q11.21(chr7:33328312-62377476)x3,,,
254143,NM_005228.5(EGFR):c.977G>T (p.Cys326Phe),EGFR,Pathogenic,no assertion criteria provided,,,c.977G>T,,rs886037891,
3572242,NM_005228.5(EGFR):c.2146_2159del (p.Lys716fs),EGFR,Likely pathogenic,"criteria provided, single submitter",,,c.2146_2159del,,,
3001184,NM_005228.5(EGFR):c.2061+1G>A,EGFR,Likely pathogenic,"criteria provided, single submitter",,,NM_005228.5(EGFR):c.2061+1G>A,,rs2128952727,
2583130,NM_005228.5(EGFR):c.2555A>C (p.Lys852Thr),EGFR,Likely pathogenic,no assertion criteria provided,,,c.2555A>C,,rs1292517709,
2583129,NM_005228.5(EGFR):c.2499G>T (p.Leu833Phe),EGFR,Likely pathogenic,no assertion criteria provided,,,c.2499G>T,,rs2128964427,
2583131,NM_005228.5(EGFR):c.2239_2256delinsCAA (p.Leu747_Ser752delinsGln),EGFR,Likely pathogenic,no assertion criteria provided,,,c.2239_2256delinsCAA,,rs2128954790,
2701342,NM_005228.5(EGFR):c.748-1G>A,EGFR,Likely pathogenic,"criteria provided, single submitter",,,NM_005228.5(EGFR):c.748-1G>A,,rs188703146,
1951338,NM_005228.5(EGFR):c.2947-1G>T,EGFR,Likely pathogenic,"criteria provided, single submitter",,,NM_005228.5(EGFR):c.2947-1G>T,,rs1787830570,
2002407,NM_005228.5(EGFR):c.1723-2A>G,EGFR,Likely pathogenic,"criteria provided, single submitter",,,NM_005228.5(EGFR):c.1723-2A>G,,rs2128946044,
45233,NM_005228.5(EGFR):c.2232_2249delinsAAA (p.Glu746_Ala750del),EGFR,Likely pathogenic,no assertion criteria provided,,,c.2232_2249delinsAAA,,rs397517094,
1484719,NM_005228.5(EGFR):c.240+1G>A,EGFR,Likely pathogenic,"criteria provided, single submitter",,,NM_005228.5(EGFR):c.240+1G>A,,rs2128926460,
2117789,NM_005228.5(EGFR):c.2181_2184+7del,EGFR,Likely pathogenic,"criteria provided, single submitter",,,NM_005228.5(EGFR):c.2181_2184+7del,,rs2534726018,
1465036,NM_005228.5(EGFR):c.1007-1G>A,EGFR,Likely pathogenic,"criteria provided, single submitter",,,NM_005228.5(EGFR):c.1007-1G>A,,rs2128938137,
2104454,NM_005228.5(EGFR):c.2469+1G>A,EGFR-AS1,Likely pathogenic,"criteria provided, single submitter",,,NM_005228.5(EGFR):c.2469+1G>A,,rs2128958905,
2011607,NM_005228.5(EGFR):c.2947-2A>G,EGFR,Likely pathogenic,"criteria provided, single submitter",,,NM_005228.5(EGFR):c.2947-2A>G,,rs2534866114,
45248,NM_005228.5(EGFR):c.2284-5_2290dup,EGFR,Likely pathogenic,"criteria provided, single submitter",,,NM_005228.5(EGFR):c.2284-5_2290dup,,rs397517106,
2583126,NM_005228.5(EGFR):c.709_710delinsTT (p.Ala237Phe),EGFR,Likely pathogenic,no assertion criteria provided,,,c.709_710delinsTT,,rs2535499036,
2583127,NM_005228.5(EGFR):c.2252_2277delinsAT (p.Thr751_Ile759delinsAsn),EGFR,Likely pathogenic,no assertion criteria provided,,,c.2252_2277delinsAT,,rs397517100,
2583128,NM_005228.5(EGFR):c.2318_2320delinsTCA (p.His773_Val774delinsLeuMet),EGFR,Likely pathogenic,no assertion criteria provided,,,c.2318_2320delinsTCA,,rs2534769494,
1476721,NM_005228.5(EGFR):c.1919+1G>A,EGFR,Likely pathogenic,"criteria provided, single submitter",,,NM_005228.5(EGFR):c.1919+1G>A,,rs2128951424,
2046879,NM_005228.5(EGFR):c.629-2A>G,EGFR,Likely pathogenic,"criteria provided, single submitter",,,NM_005228.5(EGFR):c.629-2A>G,,rs2128933635,
2028937,NM_005228.5(EGFR):c.1498+1G>T,EGFR,Likely pathogenic,"criteria provided, single submitter",,,NM_005228.5(EGFR):c.1498+1G>T,,rs2535549224,
2445337,NM_005228.5(EGFR):c.1936A>T (p.Ile646Phe),EGFR,Likely pathogenic,"criteria provided, single submitter",,,c.1936A>T,,rs140516819,
3645733,NM_005228.5(EGFR):c.560-1G>T,EGFR,Likely pathogenic,"criteria provided, single submitter",,,NM_005228.5(EGFR):c.560-1G>T,,,
1046386,NM_005228.5(EGFR):c.1919+2T>G,EGFR,Likely pathogenic,"criteria provided, single submitter",,,NM_005228.5(EGFR):c.1919+2T>G,,rs1166325650,
977766,NM_005228.5(EGFR):c.2235_2237del (p.Glu746del),EGFR,Likely pathogenic,no assertion criteria provided,,,c.2235_2237del,,rs1786518484,
4277604,NM_005228.5(EGFR):c.2816_2819dup (p.Ile941fs),EGFR,Likely pathogenic,"criteria provided, single submitter",,,c.2816_2819dup,,,
4711727,NM_005228.5(EGFR):c.2555_2626-421del,EGFR,Likely pathogenic,"criteria provided, single submitter",,,NM_005228.5(EGFR):c.2555_2626-421del,,,
3723702,NM_005228.5(EGFR):c.628+1del,EGFR,Likely pathogenic,"criteria provided, single submitter",,,NM_005228.5(EGFR):c.628+1del,,,
1009989,NM_005228.5(EGFR):c.2947-1G>A,EGFR,Likely pathogenic,"criteria provided, single submitter",,,NM_005228.5(EGFR):c.2947-1G>A,,rs1787830570,
1009894,NM_005228.5(EGFR):c.3162+1G>T,EGFR,Likely pathogenic,"criteria provided, single submitter",,,NM_005228.5(EGFR):c.3162+1G>T,,rs1034084415,
3725171,NM_005228.5(EGFR):c.3163-2A>G,EGFR,Likely pathogenic,"criteria provided, single submitter",,,NM_005228.5(EGFR):c.3163-2A>G,,,
45260,NM_005228.5(EGFR):c.2315_2320dup (p.His773_Val774insAlaHis),EGFR,Likely pathogenic,"criteria provided, single submitter",,,c.2315_2320dup,,rs397517114,
45263,NM_005228.5(EGFR):c.2320_2321insGCCACG (p.His773_Val774insGlyHis),EGFR,Likely pathogenic,no assertion criteria provided,,,c.2320_2321insGCCACG,,rs1554350366,
45262,NM_005228.5(EGFR):c.2317_2322dup (p.His773_Val774dup),EGFR,Likely pathogenic,no assertion criteria provided,,,c.2317_2322dup,,rs397517116,
3724696,NM_005228.5(EGFR):c.2061+2T>A,EGFR,Likely pathogenic,"criteria provided, single submitter",,,NM_005228.5(EGFR):c.2061+2T>A,,,
496810,NM_005228.5(EGFR):c.2309_2310insGTC (p.Asp770delinsGluSer),EGFR,Likely pathogenic,"criteria provided, single submitter",,,c.2309_2310insGTC,,rs1554350382,
545348,Single allele,CCT6A,Likely pathogenic,"criteria provided, single submitter",,,Single allele,,,
45237,NM_005228.5(EGFR):c.2240_2248del (p.Leu747_Ala750delinsSer),EGFR,Likely pathogenic,no assertion criteria provided,,,c.2240_2248del,,rs397517098,
4824460,NM_005228.5(EGFR):c.2952T>A (p.Asp984Glu),EGFR,Uncertain significance,"criteria provided, single submitter",,,c.2952T>A,,,
1902066,NM_005228.5(EGFR):c.1957G>A (p.Ala653Thr),EGFR,Uncertain significance,"criteria provided, single submitter",,,c.1957G>A,,rs1467640610,
1907484,NM_005228.5(EGFR):c.340G>C (p.Glu114Gln),EGFR,Uncertain significance,"criteria provided, single submitter",,,c.340G>C,,rs1219568637,
4870246,NM_005228.5(EGFR):c.1576T>C (p.Cys526Arg),EGFR,Uncertain significance,"criteria provided, single submitter",,,c.1576T>C,,,
4870248,NM_005228.5(EGFR):c.1115T>C (p.Leu372Pro),EGFR,Uncertain significance,"criteria provided, single submitter",,,c.1115T>C,,,
4870250,NM_005228.5(EGFR):c.478G>T (p.Glu160Ter),EGFR,Uncertain significance,"criteria provided, single submitter",,,c.478G>T,,,
4870251,NM_005228.5(EGFR):c.2136C>A (p.Phe712Leu),EGFR,Uncertain significance,"criteria provided, single submitter",,,c.2136C>A,,,
4870252,NM_005228.5(EGFR):c.1723-3C>T,EGFR,Uncertain significance,"criteria provided, single submitter",,,NM_005228.5(EGFR):c.1723-3C>T,,,
4870254,NM_005228.5(EGFR):c.3431C>G (p.Pro1144Arg),EGFR,Uncertain significance,"criteria provided, single submitter",,,c.3431C>G,,,
4870255,NM_005228.5(EGFR):c.835G>A (p.Val279Met),EGFR,Uncertain significance,"criteria provided, single submitter",,,c.835G>A,,,
4870256,NM_005228.5(EGFR):c.2410_2411del (p.Glu804fs),EGFR,Uncertain significance,"criteria provided, single submitter",,,c.2410_2411del,,,
4870258,NM_005228.5(EGFR):c.1773C>A (p.Cys591Ter),EGFR,Uncertain significance,"criteria provided, single submitter",,,c.1773C>A,,,
4870259,NM_005228.5(EGFR):c.2144T>C (p.Ile715Thr),EGFR,Uncertain significance,"criteria provided, single submitter",,,c.2144T>C,,,
4870260,NM_005228.5(EGFR):c.1978del (p.Val660fs),EGFR,Uncertain significance,"criteria provided, single submitter",,,c.1978del,,,
4870263,NM_005228.5(EGFR):c.721A>C (p.Thr241Pro),EGFR,Uncertain significance,"criteria provided, single submitter",,,c.721A>C,,,
4870278,NM_005228.5(EGFR):c.1552C>G (p.Pro518Ala),EGFR,Uncertain significance,"criteria provided, single submitter",,,c.1552C>G,,,
45231,NM_005228.5(EGFR):c.2219T>C (p.Ile740Thr),EGFR,Uncertain significance,no assertion criteria provided,,,c.2219T>C,,rs397517092,
4870287,NM_005228.5(EGFR):c.679T>G (p.Ser227Ala),EGFR,Uncertain significance,"criteria provided, single submitter",,,c.679T>G,,,
4870290,NM_005228.5(EGFR):c.2701+3G>A,EGFR,Uncertain significance,"criteria provided, single submitter",,,NM_005228.5(EGFR):c.2701+3G>A,,,
4870291,NM_005228.5(EGFR):c.2926C>T (p.Gln976Ter),EGFR,Uncertain significance,"criteria provided, single submitter",,,c.2926C>T,,,
4870292,NM_005228.5(EGFR):c.3558C>G (p.Ile1186Met),EGFR,Uncertain significance,"criteria provided, single submitter",,,c.3558C>G,,,
4870293,NM_005228.5(EGFR):c.2791G>C (p.Glu931Gln),EGFR,Uncertain significance,"criteria provided, single submitter",,,c.2791G>C,,,
4870294,NM_005228.5(EGFR):c.2192G>C (p.Trp731Ser),EGFR,Uncertain significance,"criteria provided, single submitter",,,c.2192G>C,,,
4870296,NM_005228.5(EGFR):c.1731C>A (p.Asp577Glu),EGFR,Uncertain significance,"criteria provided, single submitter",,,c.1731C>A,,,
4870297,NM_005228.5(EGFR):c.1520A>G (p.His507Arg),EGFR,Uncertain significance,"criteria provided, single submitter",,,c.1520A>G,,,
4870298,NM_005228.5(EGFR):c.1825A>G (p.Lys609Glu),EGFR,Uncertain significance,"criteria provided, single submitter",,,c.1825A>G,,,
4870299,NM_005228.5(EGFR):c.2806C>A (p.Pro936Thr),EGFR,Uncertain significance,"criteria provided, single submitter",,,c.2806C>A,,,
4870300,NM_005228.5(EGFR):c.3005T>A (p.Met1002Lys),EGFR,Uncertain significance,"criteria provided, single submitter",,,c.3005T>A,,,
1718442,NM_005228.5(EGFR):c.554G>A (p.Gly185Asp),EGFR,Uncertain significance,"criteria provided, single submitter",,,c.554G>A,,rs2535468371,
1718814,NM_005228.5(EGFR):c.2398G>A (p.Asp800Asn),EGFR,Uncertain significance,"criteria provided, multiple submitters, no conflicts",,,c.2398G>A,,rs1786868752,
1719236,NM_005228.5(EGFR):c.613G>A (p.Glu205Lys),EGFR,Uncertain significance,"criteria provided, multiple submitters, no conflicts",,,c.613G>A,,rs2128932615,
45222,NM_005228.5(EGFR):c.2154G>A (p.Leu718=),EGFR,Uncertain significance,no assertion criteria provided,,,c.2154G>A,,rs397517088,
132964,NM_005228.5(EGFR):c.2866G>A (p.Asp956Asn),EGFR,Uncertain significance,"criteria provided, multiple submitters, no conflicts",,,c.2866G>A,,rs104886026,
134018,NM_005228.5(EGFR):c.1177G>C (p.Asp393His),LOC126860048,Uncertain significance,"criteria provided, multiple submitters, no conflicts",,,c.1177G>C,,rs587778246,
134019,NM_005228.5(EGFR):c.1443T>G (p.Phe481Leu),EGFR,Uncertain significance,"criteria provided, single submitter",,,c.1443T>G,,rs587778247,
45240,NM_005228.5(EGFR):c.2252_2277delinsAA (p.Thr751_Ile759delinsLys),EGFR,Uncertain significance,no assertion criteria provided,,,c.2252_2277delinsAA,,rs397517100,
4824463,NM_005228.5(EGFR):c.910C>T (p.His304Tyr),EGFR,Uncertain significance,"criteria provided, single submitter",,,c.910C>T,,,
4824464,NM_005228.5(EGFR):c.547C>T (p.His183Tyr),EGFR,Uncertain significance,"criteria provided, single submitter",,,c.547C>T,,,
4824466,NM_005228.5(EGFR):c.1299-2A>G,EGFR,Uncertain significance,"criteria provided, single submitter",,,NM_005228.5(EGFR):c.1299-2A>G,,,
4824467,NM_005228.5(EGFR):c.2886_2887insTCT (p.Arg962_Glu963insSer),EGFR,Uncertain significance,"criteria provided, single submitter",,,c.2886_2887insTCT,,,
4824468,NM_005228.5(EGFR):c.1448C>T (p.Thr483Ile),EGFR,Uncertain significance,"criteria provided, single submitter",,,c.1448C>T,,,
4824471,NM_005228.5(EGFR):c.1375G>C (p.Gly459Arg),EGFR,Uncertain significance,"criteria provided, single submitter",,,c.1375G>C,,,
4824473,NM_005228.5(EGFR):c.2268C>A (p.Asn756Lys),EGFR,Uncertain significance,"criteria provided, single submitter",,,c.2268C>A,,,
4824476,NM_005228.5(EGFR):c.2611G>C (p.Ala871Pro),EGFR,Uncertain significance,"criteria provided, single submitter",,,c.2611G>C,,,
45293,NM_005228.5(EGFR):c.2642T>C (p.Met881Thr),EGFR,Uncertain significance,"criteria provided, single submitter",,,c.2642T>C,,rs397517136,
45294,NM_005228.5(EGFR):c.2654C>T (p.Ser885Leu),EGFR,Uncertain significance,no assertion criteria provided,,,c.2654C>T,,rs397517137,
45241,NM_005228.5(EGFR):c.2260A>G (p.Lys754Glu),EGFR,Uncertain significance,no assertion criteria provided,,,c.2260A>G,,rs397517101,
163379,NM_005228.5(EGFR):c.2504_2591del (p.His835fs),EGFR,Uncertain significance,"criteria provided, single submitter",,,c.2504_2591del,,rs1554353237,
177619,NM_005228.5(EGFR):c.2126A>T (p.Glu709Val),EGFR,Uncertain significance,no assertion criteria provided,,,c.2126A>T,,rs397517085,
134032,NM_005228.5(EGFR):c.493C>T (p.Arg165Trp),EGFR,Uncertain significance,"criteria provided, multiple submitters, no conflicts",,,c.493C>T,,rs587778252,
45242,NM_005228.5(EGFR):c.2270A>T (p.Lys757Met),EGFR,Uncertain significance,"criteria provided, single submitter",,,c.2270A>T,,rs397517102,
135517,NM_005228.5(EGFR):c.3271+42T>G,EGFR,Uncertain significance,"criteria provided, single submitter",,,NM_005228.5(EGFR):c.3271+42T>G,,rs587777940,
151057,GRCh38/hg38 7p11.2(chr7:54585522-55139482)x3,EGFR,Uncertain significance,no assertion criteria provided,,,GRCh38/hg38 7p11.2(chr7:54585522-55139482)x3,,,
155010,GRCh38/hg38 7p11.2(chr7:54585522-55139482)x4,EGFR,Uncertain significance,no assertion criteria provided,,,GRCh38/hg38 7p11.2(chr7:54585522-55139482)x4,,,
4806154,NM_005228.5(EGFR):c.3182A>G (p.Lys1061Arg),EGFR,Uncertain significance,"criteria provided, single submitter",,,c.3182A>G,,,
4806467,NM_005228.5(EGFR):c.346T>C (p.Ser116Pro),EGFR,Uncertain significance,"criteria provided, single submitter",,,c.346T>C,,,
4808952,NM_005228.5(EGFR):c.439G>T (p.Ala147Ser),EGFR,Uncertain significance,"criteria provided, single submitter",,,c.439G>T,,,
4810437,NM_005228.5(EGFR):c.2483T>C (p.Leu828Ser),EGFR,Uncertain significance,"criteria provided, single submitter",,,c.2483T>C,,,
4824458,NM_005228.5(EGFR):c.1081A>C (p.Asn361His),EGFR,Uncertain significance,"criteria provided, single submitter",,,c.1081A>C,,,
4778453,NM_005228.5(EGFR):c.3025G>C (p.Asp1009His),EGFR,Uncertain significance,"criteria provided, single submitter",,,c.3025G>C,,,
4870268,NM_005228.5(EGFR):c.1946G>C (p.Gly649Ala),EGFR,Uncertain significance,"criteria provided, single submitter",,,c.1946G>C,,,
360463,NM_005228.5(EGFR):c.1931C>T (p.Pro644Leu),EGFR,Uncertain significance,"criteria provided, multiple submitters, no conflicts",,,c.1931C>T,,rs770443325,
376082,NM_005228.5(EGFR):c.2281G>A (p.Asp761Asn),EGFR,Uncertain significance,"criteria provided, multiple submitters, no conflicts",,,c.2281G>A,,rs121913418,
208822,NM_005228.5(EGFR):c.2512C>G (p.Leu838Val),EGFR,Uncertain significance,no assertion criteria provided,,,c.2512C>G,,rs864621996,
4870269,NM_005228.5(EGFR):c.2870G>C (p.Ser957Thr),EGFR,Uncertain significance,"criteria provided, single submitter",,,c.2870G>C,,,
4870271,NM_005228.5(EGFR):c.2500G>A (p.Val834Met),EGFR,Uncertain significance,"criteria provided, single submitter",,,c.2500G>A,,,
4870272,NM_005228.5(EGFR):c.2123A>G (p.Lys708Arg),EGFR,Uncertain significance,"criteria provided, single submitter",,,c.2123A>G,,,
4870274,NM_005228.5(EGFR):c.1885A>T (p.Thr629Ser),EGFR,Uncertain significance,"criteria provided, single submitter",,,c.1885A>T,,,
177693,NM_005228.5(EGFR):c.2251_2275del (p.Thr751fs),EGFR,Uncertain significance,no assertion criteria provided,,,c.2251_2275del,,rs727504284,
4797503,NM_005228.5(EGFR):c.88+4del,EGFR,Uncertain significance,"criteria provided, single submitter",,,NM_005228.5(EGFR):c.88+4del,,,
4803264,NM_005228.5(EGFR):c.2463C>G (p.Ile821Met),EGFR-AS1,Uncertain significance,"criteria provided, single submitter",,,c.2463C>G,,,
4805261,NM_005228.5(EGFR):c.1493G>C (p.Ser498Thr),EGFR,Uncertain significance,"criteria provided, single submitter",,,c.1493G>C,,,
163372,NM_005228.5(EGFR):c.2277_2278insT (p.Leu760fs),EGFR,Uncertain significance,no assertion criteria provided,,,c.2277_2278insT,,rs727503018,
58866,GRCh38/hg38 7p12.1-11.2(chr7:52114454-57434735)x1,CCT6A,Uncertain significance,"criteria provided, single submitter",,,GRCh38/hg38 7p12.1-11.2(chr7:52114454-57434735)x1,,,
59596,GRCh38/hg38 7p12.1-11.2(chr7:52192528-57823293)x3,CCT6A,Uncertain significance,"criteria provided, single submitter",,,GRCh38/hg38 7p12.1-11.2(chr7:52192528-57823293)x3,,,
59597,GRCh38/hg38 7p12.1-11.2(chr7:53450330-56107195)x3,CCT6A,Uncertain significance,"criteria provided, single submitter",,,GRCh38/hg38 7p12.1-11.2(chr7:53450330-56107195)x3,,,
59598,GRCh38/hg38 7p11.2(chr7:54724764-55037899)x3,EGFR,Uncertain significance,"criteria provided, single submitter",,,GRCh38/hg38 7p11.2(chr7:54724764-55037899)x3,,,
4824478,NM_005228.5(EGFR):c.1726C>G (p.Pro576Ala),EGFR,Uncertain significance,"criteria provided, single submitter",,,c.1726C>G,,,
4824480,NM_005228.5(EGFR):c.914G>T (p.Gly305Val),EGFR,Uncertain significance,"criteria provided, single submitter",,,c.914G>T,,,
4824481,NM_005228.5(EGFR):c.3292C>G (p.Pro1098Ala),EGFR,Uncertain significance,"criteria provided, single submitter",,,c.3292C>G,,,
4824483,NM_005228.5(EGFR):c.3223G>T (p.Gly1075Cys),EGFR,Uncertain significance,"criteria provided, single submitter",,,c.3223G>T,,,
4824487,NM_005228.5(EGFR):c.157A>G (p.Arg53Gly),EGFR,Uncertain significance,"criteria provided, single submitter",,,c.157A>G,,,
4824489,NM_005228.5(EGFR):c.2960T>C (p.Met987Thr),EGFR,Uncertain significance,"criteria provided, single submitter",,,c.2960T>C,,,
4824490,NM_005228.5(EGFR):c.3430C>T (p.Pro1144Ser),EGFR,Uncertain significance,"criteria provided, single submitter",,,c.3430C>T,,,
4826836,NM_005228.5(EGFR):c.3252C>A (p.Asp1084Glu),EGFR,Uncertain significance,"criteria provided, single submitter",,,c.3252C>A,,,
45276,NM_005228.5(EGFR):c.2491C>T (p.Arg831Cys),EGFR,Uncertain significance,"criteria provided, multiple submitters, no conflicts",,,c.2491C>T,,rs371228501,
45278,NM_005228.5(EGFR):c.2500G>C (p.Val834Leu),EGFR,Uncertain significance,no assertion criteria provided,,,c.2500G>C,,rs397517127,
376342,NM_005228.5(EGFR):c.2389T>A (p.Cys797Ser),EGFR,Uncertain significance,"criteria provided, single submitter",,,c.2389T>A,,rs1057519861,
376360,NM_005228.5(EGFR):c.2170G>A (p.Gly724Ser),EGFR,Uncertain significance,"criteria provided, multiple submitters, no conflicts",,,c.2170G>A,,rs1051753269,
376395,NM_005228.5(EGFR):c.865G>A (p.Ala289Thr),EGFR,Uncertain significance,"criteria provided, single submitter",,,c.865G>A,,rs769696078,
4765798,NM_005228.5(EGFR):c.333G>T (p.Met111Ile),EGFR,Uncertain significance,"criteria provided, single submitter",,,c.333G>T,,,
4767648,NM_005228.5(EGFR):c.889C>G (p.Arg297Gly),EGFR,Uncertain significance,"criteria provided, single submitter",,,c.889C>G,,,
4769801,NM_005228.5(EGFR):c.2399A>G (p.Asp800Gly),EGFR-AS1,Uncertain significance,"criteria provided, single submitter",,,c.2399A>G,,,
4771445,NM_005228.5(EGFR):c.560G>A (p.Cys187Tyr),EGFR,Uncertain significance,"criteria provided, single submitter",,,c.560G>A,,,
4772678,NM_005228.5(EGFR):c.488A>G (p.Gln163Arg),EGFR,Uncertain significance,"criteria provided, single submitter",,,c.488A>G,,,
4773723,NM_005228.5(EGFR):c.2674A>G (p.Thr892Ala),EGFR,Uncertain significance,"criteria provided, multiple submitters, no conflicts",,,c.2674A>G,,,
4778160,NM_005228.5(EGFR):c.29C>T (p.Ala10Val),EGFR,Uncertain significance,"criteria provided, single submitter",,,c.29C>T,,,
4744695,NM_005228.5(EGFR):c.1930C>A (p.Pro644Thr),EGFR,Uncertain significance,"criteria provided, single submitter",,,c.1930C>A,,,
4744702,NM_005228.5(EGFR):c.166A>G (p.Asn56Asp),EGFR,Uncertain significance,"criteria provided, single submitter",,,c.166A>G,,,
4745971,NM_005228.5(EGFR):c.2711T>C (p.Val904Ala),EGFR,Uncertain significance,"criteria provided, single submitter",,,c.2711T>C,,,
4745973,NM_005228.5(EGFR):c.2923C>A (p.Pro975Thr),EGFR,Uncertain significance,"criteria provided, single submitter",,,c.2923C>A,,,
4747786,NM_005228.5(EGFR):c.188G>A (p.Gly63Glu),EGFR,Uncertain significance,"criteria provided, multiple submitters, no conflicts",,,c.188G>A,,,
4748852,NM_005228.5(EGFR):c.3130A>T (p.Asn1044Tyr),EGFR,Uncertain significance,"criteria provided, single submitter",,,c.3130A>T,,,
4749992,NM_005228.5(EGFR):c.1535C>T (p.Pro512Leu),EGFR,Uncertain significance,"criteria provided, single submitter",,,c.1535C>T,,,
4750382,NM_005228.5(EGFR):c.833A>G (p.Asp278Gly),EGFR,Uncertain significance,"criteria provided, single submitter",,,c.833A>G,,,
4751716,NM_005228.5(EGFR):c.3162+6T>C,EGFR,Uncertain significance,"criteria provided, single submitter",,,NM_005228.5(EGFR):c.3162+6T>C,,,
4751858,NM_005228.5(EGFR):c.2003T>G (p.Met668Arg),EGFR,Uncertain significance,"criteria provided, single submitter",,,c.2003T>G,,,
4753258,NM_005228.5(EGFR):c.2602G>C (p.Glu868Gln),EGFR,Uncertain significance,"criteria provided, single submitter",,,c.2602G>C,,,
4753664,NM_005228.5(EGFR):c.2701G>C (p.Gly901Arg),EGFR,Uncertain significance,"criteria provided, multiple submitters, no conflicts",,,c.2701G>C,,,
4759616,NM_005228.5(EGFR):c.2926C>G (p.Gln976Glu),EGFR,Uncertain significance,"criteria provided, single submitter",,,c.2926C>G,,,
4760460,NM_005228.5(EGFR):c.3389G>A (p.Ser1130Asn),EGFR,Uncertain significance,"criteria provided, single submitter",,,c.3389G>A,,,
4763807,NM_005228.5(EGFR):c.1636C>T (p.Pro546Ser),EGFR,Uncertain significance,"criteria provided, single submitter",,,c.1636C>T,,rs1057519830,
376100,NM_005228.5(EGFR):c.1474A>G (p.Ser492Gly),EGFR,Uncertain significance,"criteria provided, single submitter",,,c.1474A>G,,rs1057519760,
4742224,NM_005228.5(EGFR):c.2314C>T (p.Pro772Ser),EGFR,Uncertain significance,"criteria provided, single submitter",,,c.2314C>T,,,
4742249,NM_005228.5(EGFR):c.1590C>G (p.Ser530Arg),EGFR,Uncertain significance,"criteria provided, multiple submitters, no conflicts",,,c.1590C>G,,,
4742251,NM_005228.5(EGFR):c.1442T>C (p.Phe481Ser),EGFR,Uncertain significance,"criteria provided, single submitter",,,c.1442T>C,,,
4742257,NM_005228.5(EGFR):c.1391C>T (p.Ser464Leu),EGFR,Uncertain significance,"criteria provided, single submitter",,,c.1391C>T,,,
4743370,NM_005228.5(EGFR):c.1898T>C (p.Leu633Pro),EGFR,Uncertain significance,"criteria provided, single submitter",,,c.1898T>C,,,
4743376,NM_005228.5(EGFR):c.350A>G (p.Tyr117Cys),EGFR,Uncertain significance,"criteria provided, single submitter",,,c.350A>G,,,
4743408,NM_005228.5(EGFR):c.1387A>C (p.Ile463Leu),EGFR,Uncertain significance,"criteria provided, single submitter",,,c.1387A>C,,,
4743409,NM_005228.5(EGFR):c.3017A>T (p.Asp1006Val),EGFR,Uncertain significance,"criteria provided, single submitter",,,c.3017A>T,,,
4744618,NM_005228.5(EGFR):c.1715C>T (p.Thr572Ile),EGFR,Uncertain significance,"criteria provided, single submitter",,,c.1715C>T,,,
4744621,NM_005228.5(EGFR):c.1628A>G (p.Glu543Gly),EGFR,Uncertain significance,"criteria provided, single submitter",,,c.1628A>G,,,
4744628,NM_005228.5(EGFR):c.3050T>A (p.Leu1017His),EGFR,Uncertain significance,"criteria provided, single submitter",,,c.3050T>A,,,
4744644,NM_005228.5(EGFR):c.2450G>C (p.Trp817Ser),EGFR-AS1,Uncertain significance,"criteria provided, single submitter",,,c.2450G>C,,,
4744674,NM_005228.5(EGFR):c.2313C>G (p.Asn771Lys),EGFR-AS1,Uncertain significance,"criteria provided, single submitter",,,c.2313C>G,,,
4744675,NM_005228.5(EGFR):c.169A>C (p.Asn57His),EGFR,Uncertain significance,"criteria provided, single submitter",,,c.169A>C,,,
4744679,NM_005228.5(EGFR):c.1212T>G (p.Phe404Leu),EGFR,Uncertain significance,"criteria provided, multiple submitters, no conflicts",,,c.1212T>G,,,
4744686,NM_005228.5(EGFR):c.2136C>G (p.Phe712Leu),EGFR,Uncertain significance,"criteria provided, single submitter",,,c.2136C>G,,,
584687,NM_005228.5(EGFR):c.731G>A (p.Arg244Gln),EGFR,Uncertain significance,"criteria provided, multiple submitters, no conflicts",,,c.731G>A,,rs200664836,
584688,NM_005228.5(EGFR):c.797C>A (p.Pro266Gln),EGFR,Uncertain significance,"criteria provided, multiple submitters, no conflicts",,,c.797C>A,,rs17336639,
584692,NM_005228.5(EGFR):c.1916A>C (p.Asn639Thr),EGFR,Uncertain significance,"criteria provided, multiple submitters, no conflicts",,,c.1916A>C,,rs952307505,
584693,NM_005228.5(EGFR):c.1951G>A (p.Val651Met),EGFR,Uncertain significance,"criteria provided, single submitter",,,c.1951G>A,,rs1562783502,
584694,NM_005228.5(EGFR):c.2033C>T (p.Thr678Met),EGFR,Uncertain significance,"criteria provided, multiple submitters, no conflicts",,,c.2033C>T,,rs138193597,
584695,NM_005228.5(EGFR):c.2407C>T (p.Arg803Trp),EGFR,Uncertain significance,"criteria provided, multiple submitters, no conflicts",,,c.2407C>T,,rs1215679186,
4733474,NM_005228.5(EGFR):c.528G>C (p.Met176Ile),EGFR,Uncertain significance,"criteria provided, single submitter",,,c.528G>C,,,
4735596,NM_005228.5(EGFR):c.3397_3403del (p.Val1133fs),EGFR,Uncertain significance,"criteria provided, single submitter",,,c.3397_3403del,,,
4736200,NM_005228.5(EGFR):c.3263C>G (p.Pro1088Arg),EGFR,Uncertain significance,"criteria provided, single submitter",,,c.3263C>G,,,
4741104,NM_005228.5(EGFR):c.1255G>C (p.Ala419Pro),EGFR,Uncertain significance,"criteria provided, single submitter",,,c.1255G>C,,,
4741112,NM_005228.5(EGFR):c.805C>T (p.Leu269Phe),EGFR,Uncertain significance,"criteria provided, single submitter",,,c.805C>T,,,
4741134,NM_005228.5(EGFR):c.805C>G (p.Leu269Val),EGFR,Uncertain significance,"criteria provided, single submitter",,,c.805C>G,,,
4741162,NM_005228.5(EGFR):c.365T>C (p.Leu122Ser),EGFR,Uncertain significance,"criteria provided, single submitter",,,c.365T>C,,,
4742218,NM_005228.5(EGFR):c.120G>T (p.Gln40His),EGFR,Uncertain significance,"criteria provided, single submitter",,,c.120G>T,,,
4742219,NM_005228.5(EGFR):c.1834G>A (p.Asp612Asn),EGFR,Uncertain significance,"criteria provided, single submitter",,,c.1834G>A,,,
685442,GRCh37/hg19 7p12.1-11.1(chr7:52809787-58025873)x1,CCT6A,Uncertain significance,no assertion criteria provided,,,GRCh37/hg19 7p12.1-11.1(chr7:52809787-58025873)x1,,,
686354,GRCh37/hg19 7p11.2(chr7:54642138-55164200)x3,EGFR,Uncertain significance,no assertion criteria provided,,,GRCh37/hg19 7p11.2(chr7:54642138-55164200)x3,,,
688790,GRCh37/hg19 7p11.2(chr7:54651292-55220177)x3,EGFR,Uncertain significance,no assertion criteria provided,,,GRCh37/hg19 7p11.2(chr7:54651292-55220177)x3,,,
688858,GRCh37/hg19 7p11.2(chr7:54644022-55165236)x3,EGFR,Uncertain significance,no assertion criteria provided,,,GRCh37/hg19 7p11.2(chr7:54644022-55165236)x3,,,
4729996,NM_005228.5(EGFR):c.92G>T (p.Cys31Phe),EGFR,Uncertain significance,"criteria provided, single submitter",,,c.92G>T,,,
4730149,NM_005228.5(EGFR):c.2361_2362delinsAT (p.Leu788Phe),EGFR,Uncertain significance,"criteria provided, single submitter",,,c.2361_2362delinsAT,,,
4730213,NM_005228.5(EGFR):c.685A>C (p.Ser229Arg),EGFR,Uncertain significance,"criteria provided, single submitter",,,c.685A>C,,,
4730594,NM_005228.5(EGFR):c.2789G>C (p.Gly930Ala),EGFR,Uncertain significance,"criteria provided, single submitter",,,c.2789G>C,,,
4731613,NM_005228.5(EGFR):c.961G>A (p.Asp321Asn),EGFR,Uncertain significance,"criteria provided, single submitter",,,c.961G>A,,,
4732100,NM_005228.5(EGFR):c.3473C>T (p.Ala1158Val),EGFR,Uncertain significance,"criteria provided, single submitter",,,c.3473C>T,,,
4732584,NM_005228.5(EGFR):c.1979T>C (p.Val660Ala),EGFR,Uncertain significance,"criteria provided, single submitter",,,c.1979T>C,,,
4732885,NM_005228.5(EGFR):c.3209G>T (p.Ser1070Ile),EGFR,Uncertain significance,"criteria provided, single submitter",,,c.3209G>T,,,
563366,GRCh37/hg19 7p11.2(chr7:54651668-55219194)x4,SEC61G,Uncertain significance,no assertion criteria provided,,,GRCh37/hg19 7p11.2(chr7:54651668-55219194)x4,,,
584684,NM_005228.5(EGFR):c.116C>T (p.Thr39Met),EGFR,Uncertain significance,"criteria provided, multiple submitters, no conflicts",,,c.116C>T,,rs375919121,
832531,NC_000007.14:g.(?_55019062)_(55019375_?)dup,EGFR,Uncertain significance,"criteria provided, single submitter",,,NC_000007.14:g.(?_55019062)_(55019375_?)dup,,,
832536,NC_000007.14:g.(?_55205246)_(55206391_?)del,EGFR,Uncertain significance,"criteria provided, single submitter",,,NC_000007.14:g.(?_55205246)_(55206391_?)del,,,
833185,NC_000007.14:g.(?_55160129)_(55161641_?)del,EGFR,Uncertain significance,"criteria provided, single submitter",,,NC_000007.14:g.(?_55160129)_(55161641_?)del,,,
835019,NM_005228.5(EGFR):c.1105C>A (p.Leu369Ile),LOC126860048,Uncertain significance,"criteria provided, multiple submitters, no conflicts",,,c.1105C>A,,rs780131926,
836064,NM_005228.5(EGFR):c.3352G>T (p.Ala1118Ser),EGFR,Uncertain significance,"criteria provided, single submitter",,,c.3352G>T,,rs770749711,
836166,NM_005228.5(EGFR):c.3168A>C (p.Gln1056His),EGFR,Uncertain significance,"criteria provided, multiple submitters, no conflicts",,,c.3168A>C,,rs758314765,
836409,NM_005228.5(EGFR):c.889+3G>A,EGFR,Uncertain significance,"criteria provided, multiple submitters, no conflicts",,,NM_005228.5(EGFR):c.889+3G>A,,rs759834645,
4723430,NM_005228.5(EGFR):c.3572_3573delinsAG (p.Thr1191Lys),EGFR,Uncertain significance,"criteria provided, single submitter",,,c.3572_3573delinsAG,,,
4727513,NM_005228.5(EGFR):c.1208-10T>G,EGFR,Uncertain significance,"criteria provided, single submitter",,,NM_005228.5(EGFR):c.1208-10T>G,,,
584696,NM_005228.5(EGFR):c.2485G>C (p.Glu829Gln),EGFR,Uncertain significance,"criteria provided, multiple submitters, no conflicts",,,c.2485G>C,,rs1489158055,
584697,NM_005228.5(EGFR):c.2555A>G (p.Lys852Arg),EGFR,Uncertain significance,"criteria provided, multiple submitters, no conflicts",,,c.2555A>G,,rs1292517709,
584698,NM_005228.5(EGFR):c.2800C>T (p.Pro934Ser),EGFR,Uncertain significance,"criteria provided, multiple submitters, no conflicts",,,c.2800C>T,,rs575565383,
584699,NM_005228.5(EGFR):c.2995C>T (p.Arg999Cys),EGFR,Uncertain significance,"criteria provided, multiple submitters, no conflicts",,,c.2995C>T,,rs866928399,
584700,NM_005228.5(EGFR):c.2996G>A (p.Arg999His),EGFR,Uncertain significance,"criteria provided, multiple submitters, no conflicts",,,c.2996G>A,,rs149248025,
838693,NM_005228.5(EGFR):c.3317A>G (p.Gln1106Arg),EGFR,Uncertain significance,"criteria provided, multiple submitters, no conflicts",,,c.3317A>G,,rs780439043,
839484,NM_005228.5(EGFR):c.1273A>G (p.Ile425Val),EGFR,Uncertain significance,"criteria provided, multiple submitters, no conflicts",,,c.1273A>G,,rs558565565,
839611,NM_005228.5(EGFR):c.1939G>A (p.Ala647Thr),EGFR,Uncertain significance,"criteria provided, multiple submitters, no conflicts",,,c.1939G>A,,rs764359156,
839744,NM_005228.5(EGFR):c.1200A>C (p.Glu400Asp),LOC126860048,Uncertain significance,"criteria provided, single submitter",,,c.1200A>C,,rs1785445119,
841628,NM_005228.5(EGFR):c.3086C>T (p.Thr1029Met),EGFR,Uncertain significance,"criteria provided, multiple submitters, no conflicts",,,c.3086C>T,,rs182857647,
841630,NM_005228.5(EGFR):c.101C>T (p.Thr34Met),EGFR,Uncertain significance,"criteria provided, multiple submitters, no conflicts",,,c.101C>T,,rs144158123,
841924,NM_005228.5(EGFR):c.3602C>T (p.Ala1201Val),EGFR,Uncertain significance,"criteria provided, multiple submitters, no conflicts",,,c.3602C>T,,rs201717672,
4721102,NM_005228.5(EGFR):c.2283+3G>C,EGFR,Uncertain significance,"criteria provided, single submitter",,,NM_005228.5(EGFR):c.2283+3G>C,,,
4722278,NM_005228.5(EGFR):c.904A>C (p.Thr302Pro),EGFR,Uncertain significance,"criteria provided, single submitter",,,c.904A>C,,,
4722837,NM_005228.5(EGFR):c.55T>A (p.Cys19Ser),EGFR,Uncertain significance,"criteria provided, single submitter",,,c.55T>A,,,
802321,NM_005228.5(EGFR):c.3320A>G (p.Asn1107Ser),EGFR,Uncertain significance,"criteria provided, multiple submitters, no conflicts",,,c.3320A>G,,rs918187279,
830740,NC_000007.14:g.(?_55019278)_(55151372_?)dup,EGFR,Uncertain significance,"criteria provided, single submitter",,,NC_000007.14:g.(?_55019278)_(55151372_?)dup,,,
830803,NC_000007.14:g.(?_55019258)_(55205637_?)dup,EGFR,Uncertain significance,"criteria provided, single submitter",,,NC_000007.14:g.(?_55019258)_(55205637_?)dup,,,
845260,NM_005228.5(EGFR):c.3602C>A (p.Ala1201Glu),EGFR,Uncertain significance,"criteria provided, multiple submitters, no conflicts",,,c.3602C>A,,rs201717672,
845889,NM_005228.5(EGFR):c.2276T>A (p.Ile759Asn),EGFR,Uncertain significance,"criteria provided, multiple submitters, no conflicts",,,c.2276T>A,,rs1786527132,
847434,NM_005228.5(EGFR):c.247C>G (p.Gln83Glu),EGFR,Uncertain significance,"criteria provided, multiple submitters, no conflicts",,,c.247C>G,,rs867736946,
4712095,NM_005228.5(EGFR):c.2367_2378del (p.Ile789_Leu792del),EGFR,Uncertain significance,"criteria provided, single submitter",,,c.2367_2378del,,,
4712139,NM_005228.5(EGFR):c.3565G>A (p.Gly1189Ser),EGFR,Uncertain significance,"criteria provided, single submitter",,,c.3565G>A,,,
4714319,NM_005228.5(EGFR):c.1420A>T (p.Thr474Ser),EGFR,Uncertain significance,"criteria provided, single submitter",,,c.1420A>T,,,
4715878,NM_005228.5(EGFR):c.2506_2508del (p.Arg836del),EGFR,Uncertain significance,"criteria provided, single submitter",,,c.2506_2508del,,,
4716936,NM_005228.5(EGFR):c.3517C>G (p.Gln1173Glu),EGFR,Uncertain significance,"criteria provided, single submitter",,,c.3517C>G,,,
4717375,NM_005228.5(EGFR):c.3392C>A (p.Thr1131Asn),EGFR,Uncertain significance,"criteria provided, single submitter",,,c.3392C>A,,,
4717592,NM_005228.5(EGFR):c.2061+6T>C,EGFR,Uncertain significance,"criteria provided, single submitter",,,NM_005228.5(EGFR):c.2061+6T>C,,,
4717966,NM_005228.5(EGFR):c.2922C>A (p.Asp974Glu),EGFR,Uncertain significance,"criteria provided, multiple submitters, no conflicts",,,c.2922C>A,,,
836818,NM_005228.5(EGFR):c.2746G>A (p.Asp916Asn),EGFR,Uncertain significance,"criteria provided, multiple submitters, no conflicts",,,c.2746G>A,,rs376822837,
837197,NM_005228.5(EGFR):c.445C>T (p.Arg149Trp),EGFR,Uncertain significance,"criteria provided, multiple submitters, no conflicts",,,c.445C>T,,rs774146556,
838678,NM_005228.5(EGFR):c.671G>A (p.Arg224His),EGFR,Uncertain significance,"criteria provided, multiple submitters, no conflicts",,,c.671G>A,,rs759106015,
4693203,NM_005228.5(EGFR):c.1975G>T (p.Val659Leu),EGFR,Uncertain significance,"criteria provided, single submitter",,,c.1975G>T,,,
4694159,NM_005228.5(EGFR):c.2440C>A (p.Leu814Met),EGFR-AS1,Uncertain significance,"criteria provided, single submitter",,,c.2440C>A,,,
4696580,NM_005228.5(EGFR):c.110A>G (p.Lys37Arg),EGFR,Uncertain significance,"criteria provided, single submitter",,,c.110A>G,,,
4698742,NM_005228.5(EGFR):c.1717G>A (p.Gly573Arg),EGFR,Uncertain significance,"criteria provided, single submitter",,,c.1717G>A,,,
4700913,NM_005228.5(EGFR):c.1333A>T (p.Ile445Leu),EGFR,Uncertain significance,"criteria provided, single submitter",,,c.1333A>T,,,
4700993,NM_005228.5(EGFR):c.3314T>C (p.Val1105Ala),EGFR,Uncertain significance,"criteria provided, single submitter",,,c.3314T>C,,,
4703359,NM_005228.5(EGFR):c.1298A>G (p.His433Arg),EGFR,Uncertain significance,"criteria provided, single submitter",,,c.1298A>G,,,
4704034,NM_005228.5(EGFR):c.1765C>T (p.Pro589Ser),EGFR,Uncertain significance,"criteria provided, multiple submitters, no conflicts",,,c.1765C>T,,,
4709436,NM_005228.5(EGFR):c.2621G>A (p.Gly874Asp),EGFR,Uncertain significance,"criteria provided, single submitter",,,c.2621G>A,,,
4711642,NM_005228.5(EGFR):c.2948G>A (p.Gly983Glu),EGFR,Uncertain significance,"criteria provided, single submitter",,,c.2948G>A,,,
842999,NM_005228.5(EGFR):c.446G>A (p.Arg149Gln),EGFR,Uncertain significance,"criteria provided, multiple submitters, no conflicts",,,c.446G>A,,rs759532524,
843230,NM_005228.5(EGFR):c.3239A>G (p.Asp1080Gly),EGFR,Uncertain significance,"criteria provided, multiple submitters, no conflicts",,,c.3239A>G,,rs1787898176,
843756,NM_005228.5(EGFR):c.1289C>A (p.Thr430Asn),EGFR,Uncertain significance,"criteria provided, multiple submitters, no conflicts",,,c.1289C>A,,rs765369188,
844406,NM_005228.5(EGFR):c.3114+3A>G,EGFR,Uncertain significance,"criteria provided, multiple submitters, no conflicts",,,NM_005228.5(EGFR):c.3114+3A>G,,rs1325755695,
844873,NM_005228.5(EGFR):c.1252C>T (p.His418Tyr),EGFR,Uncertain significance,"criteria provided, single submitter",,,c.1252C>T,,rs1390766480,
845138,NM_005228.5(EGFR):c.530C>T (p.Ser177Leu),EGFR,Uncertain significance,"criteria provided, multiple submitters, no conflicts",,,c.530C>T,,rs770290445,
850604,NM_005228.5(EGFR):c.820A>G (p.Thr274Ala),EGFR,Uncertain significance,"criteria provided, multiple submitters, no conflicts",,,c.820A>G,,rs1412517681,
851549,NM_005228.5(EGFR):c.3128A>G (p.Asn1043Ser),EGFR,Uncertain significance,"criteria provided, multiple submitters, no conflicts",,,c.3128A>G,,rs375035197,
852919,NM_005228.5(EGFR):c.755G>A (p.Arg252His),EGFR,Uncertain significance,"criteria provided, multiple submitters, no conflicts",,,c.755G>A,,rs760101437,
853037,NM_005228.5(EGFR):c.315G>C (p.Gln105His),EGFR,Uncertain significance,"criteria provided, multiple submitters, no conflicts",,,c.315G>C,,rs141271101,
854970,NM_005228.5(EGFR):c.1390T>A (p.Ser464Thr),EGFR,Uncertain significance,"criteria provided, multiple submitters, no conflicts",,,c.1390T>A,,rs746763556,
4639916,NM_005228.5(EGFR):c.2174C>A (p.Thr725Lys),EGFR,Uncertain significance,"criteria provided, multiple submitters, no conflicts",,,c.2174C>A,,,
4639953,NM_005228.5(EGFR):c.3104T>C (p.Leu1035Pro),EGFR,Uncertain significance,"criteria provided, single submitter",,,c.3104T>C,,,
4639994,NM_005228.5(EGFR):c.2234A>G (p.Lys745Arg),EGFR,Uncertain significance,"criteria provided, single submitter",,,c.2234A>G,,rs121913433,
4640015,NM_005228.5(EGFR):c.3056C>G (p.Pro1019Arg),EGFR,Uncertain significance,"criteria provided, single submitter",,,c.3056C>G,,,
4640024,NM_005228.5(EGFR):c.24_25dup (p.Ala9fs),EGFR,Uncertain significance,"criteria provided, single submitter",,,c.24_25dup,,,
4640060,NM_005228.5(EGFR):c.1747G>C (p.Ala583Pro),EGFR,Uncertain significance,"criteria provided, single submitter",,,c.1747G>C,,,
4640104,NM_005228.5(EGFR):c.3230T>G (p.Leu1077Trp),EGFR,Uncertain significance,"criteria provided, single submitter",,,c.3230T>G,,,
4640123,NM_005228.5(EGFR):c.3101T>A (p.Leu1034His),EGFR,Uncertain significance,"criteria provided, single submitter",,,c.3101T>A,,,
4685791,NM_005228.5(EGFR):c.1912A>G (p.Thr638Ala),EGFR,Uncertain significance,"criteria provided, single submitter",,,c.1912A>G,,,
4690450,NM_005228.5(EGFR):c.292C>G (p.Arg98Gly),EGFR,Uncertain significance,"criteria provided, multiple submitters, no conflicts",,,c.292C>G,,,
4693100,NM_005228.5(EGFR):c.2271G>T (p.Lys757Asn),EGFR,Uncertain significance,"criteria provided, single submitter",,,c.2271G>T,,,
4639616,NM_005228.5(EGFR):c.2923C>T (p.Pro975Ser),EGFR,Uncertain significance,"criteria provided, single submitter",,,c.2923C>T,,,
4639653,NM_005228.5(EGFR):c.875T>G (p.Val292Gly),EGFR,Uncertain significance,"criteria provided, single submitter",,,c.875T>G,,,
4639684,NM_005228.5(EGFR):c.3254C>G (p.Thr1085Ser),EGFR,Uncertain significance,"criteria provided, single submitter",,,c.3254C>G,,,
4639712,NM_005228.5(EGFR):c.1301G>A (p.Gly434Asp),EGFR,Uncertain significance,"criteria provided, single submitter",,,c.1301G>A,,,
4639746,NM_005228.5(EGFR):c.3146G>A (p.Cys1049Tyr),EGFR,Uncertain significance,"criteria provided, single submitter",,,c.3146G>A,,,
4639774,NM_005228.5(EGFR):c.2146A>C (p.Lys716Gln),EGFR,Uncertain significance,"criteria provided, single submitter",,,c.2146A>C,,,
4639791,NM_005228.5(EGFR):c.999C>G (p.Cys333Trp),EGFR,Uncertain significance,"criteria provided, single submitter",,,c.999C>G,,,
4639822,NM_005228.5(EGFR):c.3092G>T (p.Arg1031Leu),EGFR,Uncertain significance,"criteria provided, single submitter",,,c.3092G>T,,,
4639835,NM_005228.5(EGFR):c.1476C>T (p.Ser492=),EGFR,Uncertain significance,"criteria provided, single submitter",,,c.1476C>T,,,
4639854,NM_005228.5(EGFR):c.953T>C (p.Met318Thr),EGFR,Uncertain significance,"criteria provided, single submitter",,,c.953T>C,,,
4639882,NM_005228.5(EGFR):c.2771C>T (p.Ser924Phe),EGFR,Uncertain significance,"criteria provided, single submitter",,,c.2771C>T,,,
847793,NM_005228.5(EGFR):c.19G>C (p.Ala7Pro),EGFR,Uncertain significance,"criteria provided, multiple submitters, no conflicts",,,c.19G>C,,rs761183109,
847915,NM_005228.5(EGFR):c.3554G>C (p.Gly1185Ala),EGFR,Uncertain significance,"criteria provided, multiple submitters, no conflicts",,,c.3554G>C,,rs746585833,
847949,NM_005228.5(EGFR):c.2543C>A (p.Pro848Gln),EGFR,Uncertain significance,"criteria provided, single submitter",,,c.2543C>A,,rs148934350,
848304,NM_005228.5(EGFR):c.326G>C (p.Gly109Ala),EGFR,Uncertain significance,"criteria provided, multiple submitters, no conflicts",,,c.326G>C,,rs145113601,
850567,NM_005228.5(EGFR):c.2764G>A (p.Glu922Lys),EGFR,Uncertain significance,"criteria provided, multiple submitters, no conflicts",,,c.2764G>A,,rs961150162,
857090,NM_005228.5(EGFR):c.2039G>A (p.Arg680Gln),EGFR,Uncertain significance,"criteria provided, multiple submitters, no conflicts",,,c.2039G>A,,rs373336251,
857158,NM_005228.5(EGFR):c.3085A>G (p.Thr1029Ala),EGFR,Uncertain significance,"criteria provided, multiple submitters, no conflicts",,,c.3085A>G,,rs1296356016,
857159,NM_005228.5(EGFR):c.3091C>G (p.Arg1031Gly),EGFR,Uncertain significance,"criteria provided, multiple submitters, no conflicts",,,c.3091C>G,,rs1490923813,
857809,NM_005228.5(EGFR):c.442G>A (p.Val148Met),EGFR,Uncertain significance,"criteria provided, multiple submitters, no conflicts",,,c.442G>A,,rs1562756942,
858098,NM_005228.5(EGFR):c.747+6A>G,EGFR,Uncertain significance,"criteria provided, single submitter",,,NM_005228.5(EGFR):c.747+6A>G,,rs376868785,
4639311,NM_005228.5(EGFR):c.1643A>C (p.Glu548Ala),EGFR,Uncertain significance,"criteria provided, single submitter",,,c.1643A>C,,,
4639354,NM_005228.5(EGFR):c.3617A>G (p.Glu1206Gly),EGFR,Uncertain significance,"criteria provided, single submitter",,,c.3617A>G,,,
4639375,NM_005228.5(EGFR):c.1958C>T (p.Ala653Val),EGFR,Uncertain significance,"criteria provided, single submitter",,,c.1958C>T,,,
4639386,NM_005228.5(EGFR):c.1208-5T>C,EGFR,Uncertain significance,"criteria provided, single submitter",,,NM_005228.5(EGFR):c.1208-5T>C,,,
4639402,NM_005228.5(EGFR):c.2840T>C (p.Met947Thr),EGFR,Uncertain significance,"criteria provided, single submitter",,,c.2840T>C,,,
4639443,NM_005228.5(EGFR):c.861T>G (p.Phe287Leu),EGFR,Uncertain significance,"criteria provided, single submitter",,,c.861T>G,,,
4639468,NM_005228.5(EGFR):c.3116G>T (p.Ser1039Ile),EGFR,Uncertain significance,"criteria provided, single submitter",,,c.3116G>T,,,
4639488,NM_005228.5(EGFR):c.1634A>G (p.Glu545Gly),EGFR,Uncertain significance,"criteria provided, single submitter",,,c.1634A>G,,,
4639496,NM_005228.5(EGFR):c.161T>C (p.Met54Thr),EGFR,Uncertain significance,"criteria provided, single submitter",,,c.161T>C,,,
4639504,NM_005228.5(EGFR):c.81A>T (p.Glu27Asp),EGFR,Uncertain significance,"criteria provided, single submitter",,,c.81A>T,,,
4639605,NM_005228.5(EGFR):c.394C>G (p.Leu132Val),EGFR,Uncertain significance,"criteria provided, multiple submitters, no conflicts",,,c.394C>G,,,
4639112,NM_005228.5(EGFR):c.2860G>A (p.Asp954Asn),EGFR,Uncertain significance,"criteria provided, single submitter",,,c.2860G>A,,,
4639141,NM_005228.5(EGFR):c.1347A>G (p.Gly449=),EGFR,Uncertain significance,"criteria provided, single submitter",,,c.1347A>G,,,
4639152,NM_005228.5(EGFR):c.451A>G (p.Ser151Gly),EGFR,Uncertain significance,"criteria provided, single submitter",,,c.451A>G,,,
4639182,NM_005228.5(EGFR):c.3265G>C (p.Val1089Leu),EGFR,Uncertain significance,"criteria provided, single submitter",,,c.3265G>C,,,
4639213,NM_005228.5(EGFR):c.374A>G (p.Tyr125Cys),EGFR,Uncertain significance,"criteria provided, single submitter",,,c.374A>G,,,
4639228,NM_005228.5(EGFR):c.2759C>A (p.Ala920Asp),EGFR,Uncertain significance,"criteria provided, single submitter",,,c.2759C>A,,,
4639264,NM_005228.5(EGFR):c.540C>G (p.Phe180Leu),EGFR,Uncertain significance,"criteria provided, single submitter",,,c.540C>G,,,
4639274,NM_005228.5(EGFR):c.2428G>A (p.Gly810Ser),EGFR,Uncertain significance,"criteria provided, single submitter",,,c.2428G>A,,rs121913230,
4639283,NM_005228.5(EGFR):c.3379G>T (p.Asp1127Tyr),EGFR,Uncertain significance,"criteria provided, single submitter",,,c.3379G>T,,,
4639301,NM_005228.5(EGFR):c.3154_3159del (p.Arg1052_Asn1053del),EGFR,Uncertain significance,"criteria provided, single submitter",,,c.3154_3159del,,,
855873,NM_005228.5(EGFR):c.2884C>T (p.Arg962Cys),EGFR,Uncertain significance,"criteria provided, multiple submitters, no conflicts",,,c.2884C>T,,rs17337451,
856606,NM_005228.5(EGFR):c.670C>T (p.Arg224Cys),EGFR,Uncertain significance,"criteria provided, multiple submitters, no conflicts",,,c.670C>T,,rs1785212707,
856739,NM_005228.5(EGFR):c.2293G>T (p.Val765Leu),EGFR-AS1,Uncertain significance,"criteria provided, multiple submitters, no conflicts",,,c.2293G>T,,rs374873413,
856752,NM_005228.5(EGFR):c.1219A>G (p.Ile407Val),EGFR,Uncertain significance,"criteria provided, multiple submitters, no conflicts",,,c.1219A>G,,rs1179620001,
856961,NM_005228.5(EGFR):c.2863G>A (p.Ala955Thr),EGFR,Uncertain significance,"criteria provided, multiple submitters, no conflicts",,,c.2863G>A,,rs201830126,
856995,NM_005228.5(EGFR):c.3114+4T>G,EGFR,Uncertain significance,"criteria provided, multiple submitters, no conflicts",,,NM_005228.5(EGFR):c.3114+4T>G,,rs372917735,
4638744,NM_005228.5(EGFR):c.2866G>C (p.Asp956His),EGFR,Uncertain significance,"criteria provided, single submitter",,,c.2866G>C,,,
4638761,NM_005228.5(EGFR):c.1790C>T (p.Ala597Val),EGFR,Uncertain significance,"criteria provided, single submitter",,,c.1790C>T,,,
4638780,NM_005228.5(EGFR):c.2357T>C (p.Val786Ala),EGFR-AS1,Uncertain significance,"criteria provided, single submitter",,,c.2357T>C,,,
4638798,NM_005228.5(EGFR):c.2358_2361delinsA (p.Gln787del),EGFR,Uncertain significance,"criteria provided, single submitter",,,c.2358_2361delinsA,,,
4638827,NM_005228.5(EGFR):c.2928G>C (p.Gln976His),EGFR,Uncertain significance,"criteria provided, single submitter",,,c.2928G>C,,,
4638856,NM_005228.5(EGFR):c.1012A>C (p.Asn338His),LOC126860048,Uncertain significance,"criteria provided, single submitter",,,c.1012A>C,,,
4638893,NM_005228.5(EGFR):c.1334T>C (p.Ile445Thr),EGFR,Uncertain significance,"criteria provided, single submitter",,,c.1334T>C,,,
4638904,NM_005228.5(EGFR):c.607G>C (p.Gly203Arg),EGFR,Uncertain significance,"criteria provided, single submitter",,,c.607G>C,,,
4638913,NM_005228.5(EGFR):c.125G>A (p.Gly42Asp),EGFR,Uncertain significance,"criteria provided, single submitter",,,c.125G>A,,,
4638940,NM_005228.5(EGFR):c.2769C>G (p.Ile923Met),EGFR,Uncertain significance,"criteria provided, single submitter",,,c.2769C>G,,,
4638949,NM_005228.5(EGFR):c.2768T>C (p.Ile923Thr),EGFR,Uncertain significance,"criteria provided, single submitter",,,c.2768T>C,,,
4638977,NM_005228.5(EGFR):c.337T>C (p.Tyr113His),EGFR,Uncertain significance,"criteria provided, single submitter",,,c.337T>C,,,
4638996,NM_005228.5(EGFR):c.1580G>C (p.Arg527Pro),EGFR,Uncertain significance,"criteria provided, single submitter",,,c.1580G>C,,,
4639022,NM_005228.5(EGFR):c.2906C>T (p.Ser969Phe),EGFR,Uncertain significance,"criteria provided, single submitter",,,c.2906C>T,,,
4639068,NM_005228.5(EGFR):c.535G>A (p.Asp179Asn),EGFR,Uncertain significance,"criteria provided, single submitter",,,c.535G>A,,,
4639079,NM_005228.5(EGFR):c.1318G>A (p.Val440Ile),EGFR,Uncertain significance,"criteria provided, single submitter",,,c.1318G>A,,,
861922,NM_005228.5(EGFR):c.971G>A (p.Arg324His),EGFR,Uncertain significance,"criteria provided, multiple submitters, no conflicts",,,c.971G>A,,rs758748662,
862187,NM_005228.5(EGFR):c.764G>A (p.Arg255Gln),EGFR,Uncertain significance,"criteria provided, multiple submitters, no conflicts",,,c.764G>A,,rs372202099,
862342,NM_005228.5(EGFR):c.2062-3C>G,EGFR,Uncertain significance,"criteria provided, multiple submitters, no conflicts",,,NM_005228.5(EGFR):c.2062-3C>G,,rs778075962,
862551,NM_005228.5(EGFR):c.3538G>A (p.Glu1180Lys),EGFR,Uncertain significance,"criteria provided, multiple submitters, no conflicts",,,c.3538G>A,,rs1788075588,
862740,NM_005228.5(EGFR):c.467T>C (p.Leu156Pro),EGFR,Uncertain significance,"criteria provided, single submitter",,,c.467T>C,,rs1794778165,
4638535,NM_005228.5(EGFR):c.3488A>C (p.His1163Pro),EGFR,Uncertain significance,"criteria provided, single submitter",,,c.3488A>C,,,
4638545,NM_005228.5(EGFR):c.46G>A (p.Ala16Thr),EGFR,Uncertain significance,"criteria provided, single submitter",,,c.46G>A,,,
4638582,NM_005228.5(EGFR):c.3382C>G (p.Pro1128Ala),EGFR,Uncertain significance,"criteria provided, single submitter",,,c.3382C>G,,,
4638590,NM_005228.5(EGFR):c.3308G>C (p.Gly1103Ala),EGFR,Uncertain significance,"criteria provided, single submitter",,,c.3308G>C,,,
4638625,NM_005228.5(EGFR):c.586A>T (p.Asn196Tyr),EGFR,Uncertain significance,"criteria provided, single submitter",,,c.586A>T,,,
4638657,NM_005228.5(EGFR):c.218A>G (p.Asn73Ser),EGFR,Uncertain significance,"criteria provided, single submitter",,,c.218A>G,,,
4638685,NM_005228.5(EGFR):c.1244C>G (p.Thr415Arg),EGFR,Uncertain significance,"criteria provided, single submitter",,,c.1244C>G,,,
4638696,NM_005228.5(EGFR):c.88+1G>C,EGFR,Uncertain significance,"criteria provided, single submitter",,,NM_005228.5(EGFR):c.88+1G>C,,,
4638705,NM_005228.5(EGFR):c.3511G>C (p.Asp1171His),EGFR,Uncertain significance,"criteria provided, single submitter",,,c.3511G>C,,,
4638714,NM_005228.5(EGFR):c.3094A>T (p.Thr1032Ser),EGFR,Uncertain significance,"criteria provided, single submitter",,,c.3094A>T,,,
4638724,NM_005228.5(EGFR):c.2989T>A (p.Phe997Ile),EGFR,Uncertain significance,"criteria provided, single submitter",,,c.2989T>A,,,
935599,NM_005228.5(EGFR):c.1131G>C (p.Arg377Ser),EGFR,Uncertain significance,"criteria provided, single submitter",,,c.1131G>C,,rs1785432794,
935799,NM_005228.5(EGFR):c.2061+3G>A,EGFR,Uncertain significance,"criteria provided, multiple submitters, no conflicts",,,NM_005228.5(EGFR):c.2061+3G>A,,rs1786433622,
936189,NM_005228.5(EGFR):c.1499-3C>T,EGFR,Uncertain significance,"criteria provided, multiple submitters, no conflicts",,,NM_005228.5(EGFR):c.1499-3C>T,,rs753811427,
936228,NM_005228.5(EGFR):c.2217A>T (p.Lys739Asn),EGFR,Uncertain significance,"criteria provided, multiple submitters, no conflicts",,,c.2217A>T,,rs780083331,
4541291,NM_005228.5(EGFR):c.76G>A (p.Glu26Lys),EGFR,Uncertain significance,"criteria provided, single submitter",,,c.76G>A,,,
4638211,NM_005228.5(EGFR):c.3300G>T (p.Arg1100Ser),EGFR,Uncertain significance,"criteria provided, multiple submitters, no conflicts",,,c.3300G>T,,,
4638234,NM_005228.5(EGFR):c.240+3del,EGFR,Uncertain significance,"criteria provided, single submitter",,,NM_005228.5(EGFR):c.240+3del,,,
4638290,NM_005228.5(EGFR):c.2996G>C (p.Arg999Pro),EGFR,Uncertain significance,"criteria provided, single submitter",,,c.2996G>C,,,
4638309,NM_005228.5(EGFR):c.961G>T (p.Asp321Tyr),EGFR,Uncertain significance,"criteria provided, single submitter",,,c.961G>T,,,
4638318,NM_005228.5(EGFR):c.2974C>G (p.Pro992Ala),EGFR,Uncertain significance,"criteria provided, single submitter",,,c.2974C>G,,,
4638328,NM_005228.5(EGFR):c.1206A>C (p.Thr402=),EGFR,Uncertain significance,"criteria provided, single submitter",,,c.1206A>C,,,
4638385,NM_005228.5(EGFR):c.1656C>A (p.Asn552Lys),EGFR,Uncertain significance,"criteria provided, single submitter",,,c.1656C>A,,,
4638431,NM_005228.5(EGFR):c.271A>G (p.Ile91Val),EGFR,Uncertain significance,"criteria provided, single submitter",,,c.271A>G,,,
4638513,NM_005228.5(EGFR):c.3109T>G (p.Ser1037Ala),EGFR,Uncertain significance,"criteria provided, single submitter",,,c.3109T>G,,,
858361,NM_005228.5(EGFR):c.1386A>G (p.Ile462Met),EGFR,Uncertain significance,"criteria provided, multiple submitters, no conflicts",,,c.1386A>G,,rs1197924233,
861843,NM_005228.5(EGFR):c.3223G>C (p.Gly1075Arg),EGFR,Uncertain significance,"criteria provided, multiple submitters, no conflicts",,,c.3223G>C,,rs776375114,
938049,NM_005228.5(EGFR):c.2590G>A (p.Ala864Thr),EGFR,Uncertain significance,"criteria provided, multiple submitters, no conflicts",,,c.2590G>A,,rs1171287261,
938622,NM_005228.5(EGFR):c.1253A>G (p.His418Arg),EGFR,Uncertain significance,"criteria provided, single submitter",,,c.1253A>G,,rs1785499626,
939171,NM_005228.5(EGFR):c.1438C>G (p.Leu480Val),EGFR,Uncertain significance,"criteria provided, multiple submitters, no conflicts",,,c.1438C>G,,rs147732025,
939975,NM_005228.5(EGFR):c.734A>G (p.Glu245Gly),EGFR,Uncertain significance,"criteria provided, single submitter",,,c.734A>G,,rs1785217403,
4526309,GRCh38/hg38 7p12.1-11.2(chr7:53576787-58027799)x3,CCT6A,Uncertain significance,"criteria provided, single submitter",,,GRCh38/hg38 7p12.1-11.2(chr7:53576787-58027799)x3,,,
4533081,NM_005228.5(EGFR):c.2272G>A (p.Glu758Lys),EGFR,Uncertain significance,"criteria provided, single submitter",,,c.2272G>A,,,
4535946,NC_000007.13:g.(?_55086709)_(55220358_55221703)dup,EGFR,Uncertain significance,"criteria provided, single submitter",,,NC_000007.13:g.(?_55086709)_(55220358_55221703)dup,,,
863487,NM_005228.5(EGFR):c.821C>T (p.Thr274Met),EGFR,Uncertain significance,"criteria provided, multiple submitters, no conflicts",,,c.821C>T,,rs966001143,
864633,NM_005228.5(EGFR):c.2963A>G (p.His988Arg),EGFR,Uncertain significance,"criteria provided, multiple submitters, no conflicts",,,c.2963A>G,,rs17290699,
933252,NM_005228.5(EGFR):c.3392C>G (p.Thr1131Ser),EGFR,Uncertain significance,"criteria provided, single submitter",,,c.3392C>G,,rs1788067890,
933275,NM_005228.5(EGFR):c.2218A>C (p.Ile740Leu),EGFR,Uncertain significance,"criteria provided, single submitter",,,c.2218A>C,,rs747133806,
933931,NM_005228.5(EGFR):c.818C>G (p.Thr273Ser),EGFR,Uncertain significance,"criteria provided, multiple submitters, no conflicts",,,c.818C>G,,rs1785289358,
934408,NM_005228.5(EGFR):c.29C>G (p.Ala10Gly),EGFR,Uncertain significance,"criteria provided, single submitter",,,c.29C>G,,rs1217714114,
934520,NM_005228.5(EGFR):c.2968C>T (p.Pro990Ser),EGFR,Uncertain significance,"criteria provided, multiple submitters, no conflicts",,,c.2968C>T,,rs781134348,
934766,NM_005228.5(EGFR):c.1282G>A (p.Gly428Ser),EGFR,Uncertain significance,"criteria provided, single submitter",,,c.1282G>A,,rs1785501703,
935267,NM_005228.5(EGFR):c.2356G>A (p.Val786Met),EGFR-AS1,Uncertain significance,"criteria provided, multiple submitters, no conflicts",,,c.2356G>A,,rs762672864,
940363,NM_005228.5(EGFR):c.1715C>G (p.Thr572Arg),EGFR,Uncertain significance,"criteria provided, multiple submitters, no conflicts",,,c.1715C>G,,rs759987693,
940513,NM_005228.5(EGFR):c.2030G>A (p.Arg677His),EGFR,Uncertain significance,"criteria provided, multiple submitters, no conflicts",,,c.2030G>A,,rs756870976,
940543,NM_005228.5(EGFR):c.2468A>G (p.Lys823Arg),EGFR-AS1,Uncertain significance,"criteria provided, single submitter",,,c.2468A>G,,rs1786873984,
940584,NM_005228.5(EGFR):c.1933T>C (p.Ser645Pro),EGFR,Uncertain significance,"criteria provided, multiple submitters, no conflicts",,,c.1933T>C,,rs1584222146,
940838,NM_005228.5(EGFR):c.20C>A (p.Ala7Asp),EGFR,Uncertain significance,"criteria provided, multiple submitters, no conflicts",,,c.20C>A,,rs1786367350,
941109,NM_005228.5(EGFR):c.3023A>G (p.Asp1008Gly),EGFR,Uncertain significance,"criteria provided, multiple submitters, no conflicts",,,c.3023A>G,,rs1487738928,
941635,NM_005228.5(EGFR):c.3575C>T (p.Ala1192Val),EGFR,Uncertain significance,"criteria provided, multiple submitters, no conflicts",,,c.3575C>T,,rs1480173156,
942004,NM_005228.5(EGFR):c.1298+4A>G,EGFR,Uncertain significance,"criteria provided, multiple submitters, no conflicts",,,NM_005228.5(EGFR):c.1298+4A>G,,rs1022893708,
942425,NM_005228.5(EGFR):c.391G>A (p.Gly131Arg),EGFR,Uncertain significance,"criteria provided, multiple submitters, no conflicts",,,c.391G>A,,rs1485016142,
942601,NM_005228.5(EGFR):c.1763G>T (p.Gly588Val),EGFR,Uncertain significance,"criteria provided, single submitter",,,c.1763G>T,,rs1785913191,
942946,NM_005228.5(EGFR):c.3188A>G (p.Asp1063Gly),EGFR,Uncertain significance,"criteria provided, multiple submitters, no conflicts",,,c.3188A>G,,rs1224584642,
936373,NM_005228.5(EGFR):c.2494C>T (p.Arg832Cys),EGFR,Uncertain significance,"criteria provided, multiple submitters, no conflicts",,,c.2494C>T,,rs745812480,
936384,NM_005228.5(EGFR):c.1913C>T (p.Thr638Met),EGFR,Uncertain significance,"criteria provided, multiple submitters, no conflicts",,,c.1913C>T,,rs571064657,
936567,NM_005228.5(EGFR):c.3162+5G>A,EGFR,Uncertain significance,"criteria provided, single submitter",,,NM_005228.5(EGFR):c.3162+5G>A,,rs1787860781,
936647,NM_005228.5(EGFR):c.1333A>G (p.Ile445Val),EGFR,Uncertain significance,"criteria provided, multiple submitters, no conflicts",,,c.1333A>G,,rs372990493,
936987,NM_005228.5(EGFR):c.1978G>A (p.Val660Met),EGFR,Uncertain significance,"criteria provided, multiple submitters, no conflicts",,,c.1978G>A,,rs1426364365,
4338431,NM_005228.5(EGFR):c.284C>G (p.Thr95Arg),EGFR,Uncertain significance,"criteria provided, single submitter",,,c.284C>G,,,
943147,NM_005228.5(EGFR):c.2239T>G (p.Leu747Val),EGFR,Uncertain significance,"criteria provided, single submitter",,,c.2239T>G,,rs397517095,
943352,NM_005228.5(EGFR):c.2012G>A (p.Arg671His),EGFR,Uncertain significance,"criteria provided, multiple submitters, no conflicts",,,c.2012G>A,,rs1266662784,
943553,NM_005228.5(EGFR):c.1993G>C (p.Gly665Arg),EGFR,Uncertain significance,"criteria provided, single submitter",,,c.1993G>C,,rs745422316,
943799,NM_005228.5(EGFR):c.2441T>C (p.Leu814Pro),EGFR-AS1,Uncertain significance,"criteria provided, single submitter",,,c.2441T>C,,rs1786872237,
944771,NM_005228.5(EGFR):c.1321G>A (p.Val441Ile),EGFR,Uncertain significance,"criteria provided, multiple submitters, no conflicts",,,c.1321G>A,,rs1166858113,
945114,NM_005228.5(EGFR):c.3518A>G (p.Gln1173Arg),EGFR,Uncertain significance,"criteria provided, multiple submitters, no conflicts",,,c.3518A>G,,rs147896627,
946019,NM_005228.5(EGFR):c.2408G>A (p.Arg803Gln),EGFR-AS1,Uncertain significance,"criteria provided, multiple submitters, no conflicts",,,c.2408G>A,,rs1263602634,
946517,NM_005228.5(EGFR):c.1472T>A (p.Ile491Lys),EGFR,Uncertain significance,"criteria provided, single submitter",,,c.1472T>A,,rs1584190119,
948165,NM_005228.5(EGFR):c.3389G>C (p.Ser1130Thr),EGFR,Uncertain significance,"criteria provided, multiple submitters, no conflicts",,,c.3389G>C,,rs1788067719,
948840,NM_005228.5(EGFR):c.3080C>G (p.Pro1027Arg),EGFR,Uncertain significance,"criteria provided, single submitter",,,c.3080C>G,,rs1787839040,
950520,NM_005228.5(EGFR):c.2029C>T (p.Arg677Cys),EGFR,Uncertain significance,"criteria provided, multiple submitters, no conflicts",,,c.2029C>T,,rs1417155613,
952901,NM_005228.5(EGFR):c.2461A>G (p.Ile821Val),EGFR,Uncertain significance,"criteria provided, multiple submitters, no conflicts",,,c.2461A>G,,rs1786873149,
953452,NM_005228.5(EGFR):c.2282A>G (p.Asp761Gly),EGFR,Uncertain significance,"criteria provided, single submitter",,,c.2282A>G,,rs1786528039,
4338436,NM_005228.5(EGFR):c.754C>A (p.Arg252Ser),EGFR,Uncertain significance,"criteria provided, single submitter",,,c.754C>A,,,
940308,NM_005228.5(EGFR):c.1756A>G (p.Ile586Val),EGFR,Uncertain significance,"criteria provided, single submitter",,,c.1756A>G,,rs953188147,
954189,NM_005228.5(EGFR):c.1724G>A (p.Gly575Glu),EGFR,Uncertain significance,"criteria provided, multiple submitters, no conflicts",,,c.1724G>A,,rs1249099747,
954364,NM_005228.5(EGFR):c.1629G>T (p.Glu543Asp),EGFR,Uncertain significance,"criteria provided, single submitter",,,c.1629G>T,,rs1785709734,
954870,NM_005228.5(EGFR):c.2930G>A (p.Arg977His),EGFR,Uncertain significance,"criteria provided, multiple submitters, no conflicts",,,c.2930G>A,,rs745490627,
954984,NM_005228.5(EGFR):c.1453G>T (p.Gly485Cys),EGFR,Uncertain significance,"criteria provided, multiple submitters, no conflicts",,,c.1453G>T,,rs769434273,
955078,NM_005228.5(EGFR):c.1661A>G (p.Glu554Gly),EGFR,Uncertain significance,"criteria provided, multiple submitters, no conflicts",,,c.1661A>G,,rs779741928,
955579,NM_005228.5(EGFR):c.2847G>C (p.Lys949Asn),EGFR,Uncertain significance,"criteria provided, single submitter",,,c.2847G>C,,rs1787731529,
956085,NM_005228.5(EGFR):c.2320G>A (p.Val774Met),EGFR-AS1,Uncertain significance,"criteria provided, multiple submitters, no conflicts",,,c.2320G>A,,rs567477136,
956107,NM_005228.5(EGFR):c.3149T>G (p.Ile1050Ser),EGFR,Uncertain significance,"criteria provided, multiple submitters, no conflicts",,,c.3149T>G,,rs529174941,
956413,NM_005228.5(EGFR):c.2884C>G (p.Arg962Gly),EGFR,Uncertain significance,"criteria provided, multiple submitters, no conflicts",,,c.2884C>G,,rs17337451,
4247366,NM_005228.5(EGFR):c.1250T>G (p.Leu417Arg),EGFR,Uncertain significance,"criteria provided, single submitter",,,c.1250T>G,,,
4247367,NM_005228.5(EGFR):c.88+2T>C,EGFR,Uncertain significance,"criteria provided, single submitter",,,NM_005228.5(EGFR):c.88+2T>C,,,
4247368,NM_005228.5(EGFR):c.3398T>G (p.Val1133Gly),EGFR,Uncertain significance,"criteria provided, single submitter",,,c.3398T>G,,,
4247369,NM_005228.5(EGFR):c.3485G>C (p.Ser1162Thr),EGFR,Uncertain significance,"criteria provided, single submitter",,,c.3485G>C,,,
4247371,NM_005228.5(EGFR):c.1358T>A (p.Leu453His),EGFR,Uncertain significance,"criteria provided, single submitter",,,c.1358T>A,,,
4247372,NM_005228.5(EGFR):c.3020T>G (p.Met1007Arg),EGFR,Uncertain significance,"criteria provided, single submitter",,,c.3020T>G,,,
4247345,NM_005228.5(EGFR):c.2704G>A (p.Val902Met),EGFR,Uncertain significance,"criteria provided, single submitter",,,c.2704G>A,,,
4247348,NM_005228.5(EGFR):c.3262C>T (p.Pro1088Ser),EGFR,Uncertain significance,"criteria provided, single submitter",,,c.3262C>T,,,
4247349,NM_005228.5(EGFR):c.2317C>A (p.His773Asn),EGFR,Uncertain significance,"criteria provided, single submitter",,,c.2317C>A,,,
4247351,NM_005228.5(EGFR):c.815C>G (p.Pro272Arg),EGFR,Uncertain significance,"criteria provided, single submitter",,,c.815C>G,,,
4247352,NM_005228.5(EGFR):c.559+1G>A,EGFR,Uncertain significance,"criteria provided, single submitter",,,NM_005228.5(EGFR):c.559+1G>A,,,
4247354,NM_005228.5(EGFR):c.2618G>T (p.Gly873Val),EGFR,Uncertain significance,"criteria provided, single submitter",,,c.2618G>T,,,
4247355,NM_005228.5(EGFR):c.3283C>A (p.Gln1095Lys),EGFR,Uncertain significance,"criteria provided, single submitter",,,c.3283C>A,,,
4247356,NM_005228.5(EGFR):c.3064G>T (p.Gly1022Cys),EGFR,Uncertain significance,"criteria provided, single submitter",,,c.3064G>T,,,
4247358,NM_005228.5(EGFR):c.3469T>C (p.Trp1157Arg),EGFR,Uncertain significance,"criteria provided, single submitter",,,c.3469T>C,,,
4247359,NM_005228.5(EGFR):c.1946G>A (p.Gly649Glu),EGFR,Uncertain significance,"criteria provided, single submitter",,,c.1946G>A,,,
4247360,NM_005228.5(EGFR):c.667T>C (p.Cys223Arg),EGFR,Uncertain significance,"criteria provided, single submitter",,,c.667T>C,,,
4247363,NM_005228.5(EGFR):c.1682A>T (p.Glu561Val),EGFR,Uncertain significance,"criteria provided, single submitter",,,c.1682A>T,,,
953674,NM_005228.5(EGFR):c.252G>C (p.Glu84Asp),EGFR,Uncertain significance,"criteria provided, multiple submitters, no conflicts",,,c.252G>C,,rs1282801317,
953825,NM_005228.5(EGFR):c.3025G>A (p.Asp1009Asn),EGFR,Uncertain significance,"criteria provided, multiple submitters, no conflicts",,,c.3025G>A,,rs148019583,
953833,NM_005228.5(EGFR):c.1507G>A (p.Gly503Ser),EGFR,Uncertain significance,"criteria provided, multiple submitters, no conflicts",,,c.1507G>A,,rs760711480,
953862,NM_005228.5(EGFR):c.2061+5G>A,EGFR,Uncertain significance,"criteria provided, multiple submitters, no conflicts",,,NM_005228.5(EGFR):c.2061+5G>A,,rs1237627217,
957247,NM_005228.5(EGFR):c.3454G>C (p.Asp1152His),EGFR,Uncertain significance,"criteria provided, multiple submitters, no conflicts",,,c.3454G>C,,rs368892932,
957866,NM_005228.5(EGFR):c.3588del (p.Glu1196fs),EGFR,Uncertain significance,"criteria provided, single submitter",,,c.3588del,,rs1788077836,
958259,NM_005228.5(EGFR):c.2749G>A (p.Gly917Arg),EGFR,Uncertain significance,"criteria provided, multiple submitters, no conflicts",,,c.2749G>A,,rs775695605,
958324,NM_005228.5(EGFR):c.587A>G (p.Asn196Ser),EGFR,Uncertain significance,"criteria provided, multiple submitters, no conflicts",,,c.587A>G,,rs766507267,
958337,NM_005228.5(EGFR):c.1298+6T>C,EGFR,Uncertain significance,"criteria provided, multiple submitters, no conflicts",,,NM_005228.5(EGFR):c.1298+6T>C,,rs1483303832,
4247330,NM_005228.5(EGFR):c.1639A>T (p.Arg547Trp),EGFR,Uncertain significance,"criteria provided, single submitter",,,c.1639A>T,,,
4247333,NM_005228.5(EGFR):c.727C>T (p.Pro243Ser),EGFR,Uncertain significance,"criteria provided, single submitter",,,c.727C>T,,,
4247334,NM_005228.5(EGFR):c.3508C>T (p.Pro1170Ser),EGFR,Uncertain significance,"criteria provided, single submitter",,,c.3508C>T,,,
4247335,NM_005228.5(EGFR):c.1723-2dup,EGFR,Uncertain significance,"criteria provided, single submitter",,,NM_005228.5(EGFR):c.1723-2dup,,,
4247337,NM_005228.5(EGFR):c.2141A>T (p.Lys714Met),EGFR,Uncertain significance,"criteria provided, single submitter",,,c.2141A>T,,,
4247338,NM_005228.5(EGFR):c.2924C>A (p.Pro975His),EGFR,Uncertain significance,"criteria provided, single submitter",,,c.2924C>A,,,
4247339,NM_005228.5(EGFR):c.1421C>A (p.Thr474Lys),EGFR,Uncertain significance,"criteria provided, single submitter",,,c.1421C>A,,,
4247340,NM_005228.5(EGFR):c.2456T>C (p.Val819Ala),EGFR,Uncertain significance,"criteria provided, single submitter",,,c.2456T>C,,,
4247341,NM_005228.5(EGFR):c.3287C>A (p.Ser1096Tyr),EGFR,Uncertain significance,"criteria provided, single submitter",,,c.3287C>A,,,
4247342,NM_005228.5(EGFR):c.794C>A (p.Pro265His),EGFR,Uncertain significance,"criteria provided, multiple submitters, no conflicts",,,c.794C>A,,,
4247344,NM_005228.5(EGFR):c.2035C>A (p.Leu679Met),EGFR,Uncertain significance,"criteria provided, single submitter",,,c.2035C>A,,,
4247310,NM_005228.5(EGFR):c.1849T>C (p.Cys617Arg),EGFR,Uncertain significance,"criteria provided, single submitter",,,c.1849T>C,,,
4247312,NM_005228.5(EGFR):c.2600A>C (p.Lys867Thr),EGFR,Uncertain significance,"criteria provided, single submitter",,,c.2600A>C,,,
4247315,NM_005228.5(EGFR):c.3598del (p.Val1200fs),EGFR,Uncertain significance,"criteria provided, single submitter",,,c.3598del,,,
4247316,NM_005228.5(EGFR):c.2243G>A (p.Arg748Lys),EGFR,Uncertain significance,"criteria provided, single submitter",,,c.2243G>A,,,
4247317,NM_005228.5(EGFR):c.3336T>G (p.Asn1112Lys),EGFR,Uncertain significance,"criteria provided, single submitter",,,c.3336T>G,,,
4247320,NM_005228.5(EGFR):c.463G>T (p.Ala155Ser),EGFR,Uncertain significance,"criteria provided, single submitter",,,c.463G>T,,,
4247321,NM_005228.5(EGFR):c.1157C>T (p.Pro386Leu),EGFR,Uncertain significance,"criteria provided, single submitter",,,c.1157C>T,,,
4247322,NM_005228.5(EGFR):c.2626G>C (p.Val876Leu),EGFR,Uncertain significance,"criteria provided, single submitter",,,c.2626G>C,,,
4247325,NM_005228.5(EGFR):c.118C>G (p.Gln40Glu),EGFR,Uncertain significance,"criteria provided, single submitter",,,c.118C>G,,,
4247326,NM_005228.5(EGFR):c.818C>T (p.Thr273Ile),EGFR,Uncertain significance,"criteria provided, multiple submitters, no conflicts",,,c.818C>T,,,
4247328,NM_005228.5(EGFR):c.442G>T (p.Val148Leu),EGFR,Uncertain significance,"criteria provided, single submitter",,,c.442G>T,,,
956415,NM_005228.5(EGFR):c.2690T>C (p.Val897Ala),EGFR,Uncertain significance,"criteria provided, multiple submitters, no conflicts",,,c.2690T>C,,rs1334821010,
956553,NM_005228.5(EGFR):c.3178A>G (p.Ile1060Val),EGFR,Uncertain significance,"criteria provided, multiple submitters, no conflicts",,,c.3178A>G,,rs1787894538,
956569,NM_005228.5(EGFR):c.3112C>G (p.Leu1038Val),EGFR,Uncertain significance,"criteria provided, multiple submitters, no conflicts",,,c.3112C>G,,rs138104726,
956644,NM_005228.5(EGFR):c.2723T>C (p.Met908Thr),EGFR,Uncertain significance,"criteria provided, multiple submitters, no conflicts",,,c.2723T>C,,rs1431327306,
957238,NM_005228.5(EGFR):c.1244C>A (p.Thr415Lys),EGFR,Uncertain significance,"criteria provided, multiple submitters, no conflicts",,,c.1244C>A,,rs1274543317,
960359,NM_005228.5(EGFR):c.439G>A (p.Ala147Thr),EGFR,Uncertain significance,"criteria provided, multiple submitters, no conflicts",,,c.439G>A,,rs532655845,
960652,NM_005228.5(EGFR):c.138T>A (p.Asp46Glu),EGFR,Uncertain significance,"criteria provided, multiple submitters, no conflicts",,,c.138T>A,,rs1052582656,
960752,NM_005228.5(EGFR):c.3224G>A (p.Gly1075Asp),EGFR,Uncertain significance,"criteria provided, multiple submitters, no conflicts",,,c.3224G>A,,rs1161834426,
4247290,NM_005228.5(EGFR):c.484A>G (p.Ile162Val),EGFR,Uncertain significance,"criteria provided, single submitter",,,c.484A>G,,,
4247293,NM_005228.5(EGFR):c.2687A>G (p.Asp896Gly),EGFR,Uncertain significance,"criteria provided, single submitter",,,c.2687A>G,,,
4247294,NM_005228.5(EGFR):c.2813T>C (p.Ile938Thr),EGFR,Uncertain significance,"criteria provided, single submitter",,,c.2813T>C,,,
4247296,NM_005228.5(EGFR):c.3434C>T (p.Thr1145Ile),EGFR,Uncertain significance,"criteria provided, single submitter",,,c.3434C>T,,,
4247297,NM_005228.5(EGFR):c.1526T>G (p.Leu509Trp),EGFR,Uncertain significance,"criteria provided, single submitter",,,c.1526T>G,,,
4247298,NM_005228.5(EGFR):c.3569C>A (p.Ser1190Tyr),EGFR,Uncertain significance,"criteria provided, single submitter",,,c.3569C>A,,,
4247299,NM_005228.5(EGFR):c.1382T>A (p.Val461Glu),EGFR,Uncertain significance,"criteria provided, single submitter",,,c.1382T>A,,,
4247300,NM_005228.5(EGFR):c.1070A>T (p.Lys357Ile),EGFR,Uncertain significance,"criteria provided, multiple submitters, no conflicts",,,c.1070A>T,,,
4247302,NM_005228.5(EGFR):c.1960C>G (p.Leu654Val),EGFR,Uncertain significance,"criteria provided, single submitter",,,c.1960C>G,,,
4247304,NM_005228.5(EGFR):c.956A>C (p.Glu319Ala),EGFR,Uncertain significance,"criteria provided, single submitter",,,c.956A>C,,,
4247306,NM_005228.5(EGFR):c.805C>A (p.Leu269Ile),EGFR,Uncertain significance,"criteria provided, single submitter",,,c.805C>A,,,
4247307,NM_005228.5(EGFR):c.1360A>G (p.Lys454Glu),EGFR,Uncertain significance,"criteria provided, single submitter",,,c.1360A>G,,,
4247309,NM_005228.5(EGFR):c.3407C>A (p.Pro1136His),EGFR,Uncertain significance,"criteria provided, single submitter",,,c.3407C>A,,,
4247277,NM_005228.5(EGFR):c.1493G>A (p.Ser498Asn),EGFR,Uncertain significance,"criteria provided, single submitter",,,c.1493G>A,,,
4247278,NM_005228.5(EGFR):c.2495G>T (p.Arg832Leu),EGFR,Uncertain significance,"criteria provided, single submitter",,,c.2495G>T,,,
4247279,NM_005228.5(EGFR):c.3383C>T (p.Pro1128Leu),EGFR,Uncertain significance,"criteria provided, single submitter",,,c.3383C>T,,,
4247280,NM_005228.5(EGFR):c.178G>C (p.Val60Leu),EGFR,Uncertain significance,"criteria provided, single submitter",,,c.178G>C,,,
4247282,NM_005228.5(EGFR):c.2961G>A (p.Met987Ile),EGFR,Uncertain significance,"criteria provided, multiple submitters, no conflicts",,,c.2961G>A,,,
4247284,NM_005228.5(EGFR):c.1852C>T (p.His618Tyr),EGFR,Uncertain significance,"criteria provided, single submitter",,,c.1852C>T,,,
4247288,NM_005228.5(EGFR):c.922G>C (p.Val308Leu),EGFR,Uncertain significance,"criteria provided, single submitter",,,c.922G>C,,,
4247289,NM_005228.5(EGFR):c.2438A>G (p.Tyr813Cys),EGFR,Uncertain significance,"criteria provided, single submitter",,,c.2438A>G,,,
958828,NM_005228.5(EGFR):c.2962C>A (p.His988Asn),EGFR,Uncertain significance,"criteria provided, single submitter",,,c.2962C>A,,rs1787830990,
959122,NM_005228.5(EGFR):c.914G>A (p.Gly305Asp),EGFR,Uncertain significance,"criteria provided, single submitter",,,c.914G>A,,rs1785383686,
959204,NM_005228.5(EGFR):c.3263C>T (p.Pro1088Leu),EGFR,Uncertain significance,"criteria provided, multiple submitters, no conflicts",,,c.3263C>T,,rs771418435,
959464,NM_005228.5(EGFR):c.3146G>T (p.Cys1049Phe),EGFR,Uncertain significance,"criteria provided, single submitter",,,c.3146G>T,,rs1787859485,
959532,NM_005228.5(EGFR):c.532A>T (p.Met178Leu),EGFR,Uncertain significance,"criteria provided, multiple submitters, no conflicts",,,c.532A>T,,rs1219334377,
959643,NM_005228.5(EGFR):c.3482G>A (p.Gly1161Asp),EGFR,Uncertain significance,"criteria provided, multiple submitters, no conflicts",,,c.3482G>A,,rs773454677,
959915,NM_005228.5(EGFR):c.2878A>G (p.Lys960Glu),EGFR,Uncertain significance,"criteria provided, multiple submitters, no conflicts",,,c.2878A>G,,rs1359029869,
960005,NM_005228.5(EGFR):c.1206A>G (p.Thr402=),EGFR,Uncertain significance,"criteria provided, single submitter",,,c.1206A>G,,rs1469472530,
4016803,NM_005228.5(EGFR):c.687T>A (p.Ser229Arg),EGFR,Uncertain significance,"criteria provided, single submitter",,,c.687T>A,,,
4016804,NM_005228.5(EGFR):c.2903T>G (p.Phe968Cys),EGFR,Uncertain significance,"criteria provided, single submitter",,,c.2903T>G,,,
4016806,NM_005228.5(EGFR):c.2957G>T (p.Arg986Ile),EGFR,Uncertain significance,"criteria provided, single submitter",,,c.2957G>T,,,
4016807,NM_005228.5(EGFR):c.2356G>C (p.Val786Leu),EGFR,Uncertain significance,"criteria provided, single submitter",,,c.2356G>C,,,
4016811,NM_005228.5(EGFR):c.566A>C (p.Lys189Thr),EGFR,Uncertain significance,"criteria provided, single submitter",,,c.566A>C,,,
4016812,NM_005228.5(EGFR):c.230C>T (p.Ser77Phe),EGFR,Uncertain significance,"criteria provided, single submitter",,,c.230C>T,,,
4016818,NM_005228.5(EGFR):c.2470G>C (p.Gly824Arg),EGFR,Uncertain significance,"criteria provided, single submitter",,,c.2470G>C,,,
4016819,NM_005228.5(EGFR):c.994C>A (p.Pro332Thr),EGFR,Uncertain significance,"criteria provided, single submitter",,,c.994C>A,,,
4247265,NM_005228.5(EGFR):c.240+1G>C,EGFR,Uncertain significance,"criteria provided, single submitter",,,NM_005228.5(EGFR):c.240+1G>C,,,
4247266,NM_005228.5(EGFR):c.1955G>T (p.Gly652Val),EGFR,Uncertain significance,"criteria provided, single submitter",,,c.1955G>T,,,
4247267,NM_005228.5(EGFR):c.2795G>A (p.Arg932His),EGFR,Uncertain significance,"criteria provided, single submitter",,,c.2795G>A,,,
4247268,NM_005228.5(EGFR):c.2323T>A (p.Cys775Ser),EGFR,Uncertain significance,"criteria provided, single submitter",,,c.2323T>A,,,
4247270,NM_005228.5(EGFR):c.782A>G (p.Lys261Arg),EGFR,Uncertain significance,"criteria provided, single submitter",,,c.782A>G,,,
4247272,NM_005228.5(EGFR):c.2675C>T (p.Thr892Ile),EGFR,Uncertain significance,"criteria provided, single submitter",,,c.2675C>T,,,
4247273,NM_005228.5(EGFR):c.2668A>G (p.Ile890Val),EGFR,Uncertain significance,"criteria provided, single submitter",,,c.2668A>G,,,
4247275,NM_005228.5(EGFR):c.609A>G (p.Gly203=),EGFR,Uncertain significance,"criteria provided, single submitter",,,c.609A>G,,,
962103,NM_005228.5(EGFR):c.1592G>A (p.Arg531Gln),EGFR,Uncertain significance,"criteria provided, multiple submitters, no conflicts",,,c.1592G>A,,rs1330512770,
962169,NM_005228.5(EGFR):c.2842G>A (p.Val948Ile),EGFR,Uncertain significance,"criteria provided, multiple submitters, no conflicts",,,c.2842G>A,,rs542967903,
962364,NM_005228.5(EGFR):c.3388A>G (p.Ser1130Gly),EGFR,Uncertain significance,"criteria provided, multiple submitters, no conflicts",,,c.3388A>G,,rs1788067620,
962439,NM_005228.5(EGFR):c.413G>A (p.Arg138Lys),EGFR,Uncertain significance,"criteria provided, single submitter",,,c.413G>A,,rs1437762652,
962487,NM_005228.5(EGFR):c.1501G>A (p.Ala501Thr),EGFR,Uncertain significance,"criteria provided, multiple submitters, no conflicts",,,c.1501G>A,,rs1785700447,
962653,NM_005228.5(EGFR):c.929C>G (p.Ala310Gly),EGFR,Uncertain significance,"criteria provided, multiple submitters, no conflicts",,,c.929C>G,,rs1785385813,
4016785,NM_005228.5(EGFR):c.3303dup (p.Ala1102fs),EGFR,Uncertain significance,"criteria provided, single submitter",,,c.3303dup,,,
4016786,NM_005228.5(EGFR):c.296T>C (p.Ile99Thr),EGFR,Uncertain significance,"criteria provided, single submitter",,,c.296T>C,,,
4016788,NM_005228.5(EGFR):c.1973T>C (p.Leu658Pro),EGFR,Uncertain significance,"criteria provided, single submitter",,,c.1973T>C,,,
4016789,NM_005228.5(EGFR):c.3212C>T (p.Ser1071Leu),EGFR,Uncertain significance,"criteria provided, single submitter",,,c.3212C>T,,,
4016790,NM_005228.5(EGFR):c.160A>G (p.Met54Val),EGFR,Uncertain significance,"criteria provided, single submitter",,,c.160A>G,,,
4016791,NM_005228.5(EGFR):c.2276T>C (p.Ile759Thr),EGFR,Uncertain significance,"criteria provided, single submitter",,,c.2276T>C,,,
4016795,NM_005228.5(EGFR):c.1587C>T (p.Val529=),EGFR,Uncertain significance,"criteria provided, single submitter",,,c.1587C>T,,,
4016797,NM_005228.5(EGFR):c.3390C>A (p.Ser1130Arg),EGFR,Uncertain significance,"criteria provided, single submitter",,,c.3390C>A,,,
4016798,NM_005228.5(EGFR):c.2929C>G (p.Arg977Gly),EGFR,Uncertain significance,"criteria provided, single submitter",,,c.2929C>G,,,
4016801,NM_005228.5(EGFR):c.2861A>T (p.Asp954Val),EGFR,Uncertain significance,"criteria provided, single submitter",,,c.2861A>T,,,
4016758,NM_005228.5(EGFR):c.1793G>A (p.Gly598Glu),EGFR,Uncertain significance,"criteria provided, single submitter",,,c.1793G>A,,,
4016763,NM_005228.5(EGFR):c.1454G>A (p.Gly485Asp),EGFR,Uncertain significance,"criteria provided, single submitter",,,c.1454G>A,,,
4016767,NM_005228.5(EGFR):c.988G>C (p.Glu330Gln),EGFR,Uncertain significance,"criteria provided, single submitter",,,c.988G>C,,,
4016768,NM_005228.5(EGFR):c.799C>G (p.Leu267Val),EGFR,Uncertain significance,"criteria provided, single submitter",,,c.799C>G,,,
4016769,NM_005228.5(EGFR):c.2873G>T (p.Arg958Leu),EGFR,Uncertain significance,"criteria provided, single submitter",,,c.2873G>T,,,
4016770,NM_005228.5(EGFR):c.530C>G (p.Ser177Trp),EGFR,Uncertain significance,"criteria provided, single submitter",,,c.530C>G,,,
4016771,NM_005228.5(EGFR):c.959A>C (p.Glu320Ala),EGFR,Uncertain significance,"criteria provided, single submitter",,,c.959A>C,,,
4016774,NM_005228.5(EGFR):c.2451G>T (p.Trp817Cys),EGFR,Uncertain significance,"criteria provided, single submitter",,,c.2451G>T,,,
4016777,NM_005228.5(EGFR):c.2378T>A (p.Met793Lys),EGFR,Uncertain significance,"criteria provided, single submitter",,,c.2378T>A,,,
4016779,NM_005228.5(EGFR):c.367T>C (p.Ser123Pro),EGFR,Uncertain significance,"criteria provided, single submitter",,,c.367T>C,,,
4016782,NM_005228.5(EGFR):c.2153T>C (p.Leu718Pro),EGFR,Uncertain significance,"criteria provided, single submitter",,,c.2153T>C,,,
4016783,NM_005228.5(EGFR):c.2503C>T (p.His835Tyr),EGFR,Uncertain significance,"criteria provided, single submitter",,,c.2503C>T,,,
961155,NM_005228.5(EGFR):c.1636C>G (p.Pro546Ala),EGFR,Uncertain significance,"criteria provided, single submitter",,,c.1636C>G,,rs1057519830,
961450,NM_005228.5(EGFR):c.665G>A (p.Arg222His),EGFR,Uncertain significance,"criteria provided, multiple submitters, no conflicts",,,c.665G>A,,rs751295137,
962021,NM_005228.5(EGFR):c.1024A>C (p.Ile342Leu),EGFR,Uncertain significance,"criteria provided, multiple submitters, no conflicts",,,c.1024A>C,,rs1284204782,
962082,NM_005228.5(EGFR):c.3214G>A (p.Asp1072Asn),EGFR,Uncertain significance,"criteria provided, multiple submitters, no conflicts",,,c.3214G>A,,rs1787896241,
963285,NM_005228.5(EGFR):c.2101C>G (p.Gln701Glu),EGFR,Uncertain significance,"criteria provided, single submitter",,,c.2101C>G,,rs774261340,
963373,NM_005228.5(EGFR):c.735G>C (p.Glu245Asp),EGFR,Uncertain significance,"criteria provided, multiple submitters, no conflicts",,,c.735G>C,,rs1785217553,
963450,NM_005228.5(EGFR):c.2507G>A (p.Arg836His),EGFR,Uncertain significance,"criteria provided, multiple submitters, no conflicts",,,c.2507G>A,,rs146121458,
963779,NM_005228.5(EGFR):c.971G>C (p.Arg324Pro),EGFR,Uncertain significance,"criteria provided, multiple submitters, no conflicts",,,c.971G>C,,rs758748662,
964249,NM_005228.5(EGFR):c.3471G>T (p.Trp1157Cys),EGFR,Uncertain significance,"criteria provided, single submitter",,,c.3471G>T,,rs761608448,
964453,NM_005228.5(EGFR):c.1244C>T (p.Thr415Met),EGFR,Uncertain significance,"criteria provided, single submitter",,,c.1244C>T,,rs1274543317,
965600,NM_005228.5(EGFR):c.2858T>C (p.Ile953Thr),EGFR,Uncertain significance,"criteria provided, single submitter",,,c.2858T>C,,rs1787790185,
965676,NM_005228.5(EGFR):c.3268C>T (p.Pro1090Ser),EGFR,Uncertain significance,"criteria provided, multiple submitters, no conflicts",,,c.3268C>T,,rs367870311,
965885,NM_005228.5(EGFR):c.2227G>A (p.Ala743Thr),EGFR,Uncertain significance,"criteria provided, multiple submitters, no conflicts",,,c.2227G>A,,rs759256622,
4016745,NM_005228.5(EGFR):c.1384A>G (p.Ile462Val),EGFR,Uncertain significance,"criteria provided, single submitter",,,c.1384A>G,,,
4016746,NM_005228.5(EGFR):c.847G>C (p.Gly283Arg),EGFR,Uncertain significance,"criteria provided, single submitter",,,c.847G>C,,,
4016749,NM_005228.5(EGFR):c.3464C>G (p.Ala1155Gly),EGFR,Uncertain significance,"criteria provided, single submitter",,,c.3464C>G,,,
4016750,NM_005228.5(EGFR):c.2263G>A (p.Ala755Thr),EGFR,Uncertain significance,"criteria provided, single submitter",,,c.2263G>A,,,
4016754,NM_005228.5(EGFR):c.2009G>A (p.Arg670Lys),EGFR,Uncertain significance,"criteria provided, single submitter",,,c.2009G>A,,,
4016756,NM_005228.5(EGFR):c.3190A>G (p.Ser1064Gly),EGFR,Uncertain significance,"criteria provided, single submitter",,,c.3190A>G,,,
4016757,NM_005228.5(EGFR):c.3502G>C (p.Asp1168His),EGFR,Uncertain significance,"criteria provided, single submitter",,,c.3502G>C,,,
970110,NM_005228.5(EGFR):c.442G>C (p.Val148Leu),EGFR,Uncertain significance,"criteria provided, single submitter",,,c.442G>C,,rs1562756942,
971242,NM_005228.5(EGFR):c.776C>T (p.Thr259Met),EGFR,Uncertain significance,"criteria provided, multiple submitters, no conflicts",,,c.776C>T,,rs766478921,
971385,NM_005228.5(EGFR):c.2062-3C>A,EGFR,Uncertain significance,"criteria provided, multiple submitters, no conflicts",,,NM_005228.5(EGFR):c.2062-3C>A,,rs778075962,
971772,NM_005228.5(EGFR):c.3523G>A (p.Asp1175Asn),EGFR,Uncertain significance,"criteria provided, single submitter",,,c.3523G>A,,rs1788074742,
972138,NM_005228.5(EGFR):c.1537G>A (p.Glu513Lys),EGFR,Uncertain significance,"criteria provided, multiple submitters, no conflicts",,,c.1537G>A,,rs754646330,
4016722,NM_005228.5(EGFR):c.3176C>T (p.Pro1059Leu),EGFR,Uncertain significance,"criteria provided, single submitter",,,c.3176C>T,,,
4016727,NM_005228.5(EGFR):c.2461A>C (p.Ile821Leu),EGFR,Uncertain significance,"criteria provided, single submitter",,,c.2461A>C,,,
4016728,NM_005228.5(EGFR):c.3373del (p.Tyr1125fs),EGFR,Uncertain significance,"criteria provided, single submitter",,,c.3373del,,,
4016732,NM_005228.5(EGFR):c.454A>G (p.Asn152Asp),EGFR,Uncertain significance,"criteria provided, single submitter",,,c.454A>G,,,
4016734,NM_005228.5(EGFR):c.709G>A (p.Ala237Thr),EGFR,Uncertain significance,"criteria provided, single submitter",,,c.709G>A,,,
4016736,NM_005228.5(EGFR):c.618C>A (p.Asn206Lys),EGFR,Uncertain significance,"criteria provided, single submitter",,,c.618C>A,,,
4016737,NM_005228.5(EGFR):c.1631+3A>G,EGFR,Uncertain significance,"criteria provided, single submitter",,,NM_005228.5(EGFR):c.1631+3A>G,,,
4016741,NM_005228.5(EGFR):c.2058G>C (p.Arg686Ser),EGFR,Uncertain significance,"criteria provided, single submitter",,,c.2058G>C,,,
963017,NM_005228.5(EGFR):c.1280G>A (p.Arg427His),EGFR,Uncertain significance,"criteria provided, multiple submitters, no conflicts",,,c.1280G>A,,rs1785501435,
963104,NM_005228.5(EGFR):c.2867A>G (p.Asp956Gly),EGFR,Uncertain significance,"criteria provided, multiple submitters, no conflicts",,,c.2867A>G,,rs1185470008,
4016700,NM_005228.5(EGFR):c.1563G>C (p.Arg521Ser),EGFR,Uncertain significance,"criteria provided, single submitter",,,c.1563G>C,,,
4016701,NM_005228.5(EGFR):c.269T>A (p.Leu90His),EGFR,Uncertain significance,"criteria provided, single submitter",,,c.269T>A,,,
4016707,NM_005228.5(EGFR):c.3220A>T (p.Thr1074Ser),EGFR,Uncertain significance,"criteria provided, single submitter",,,c.3220A>T,,,
4016708,NM_005228.5(EGFR):c.3160G>A (p.Gly1054Arg),EGFR,Uncertain significance,"criteria provided, single submitter",,,c.3160G>A,,,
4016709,NM_005228.5(EGFR):c.3269C>T (p.Pro1090Leu),EGFR,Uncertain significance,"criteria provided, single submitter",,,c.3269C>T,,,
4016712,NM_005228.5(EGFR):c.1939G>T (p.Ala647Ser),EGFR,Uncertain significance,"criteria provided, single submitter",,,c.1939G>T,,,
4016713,NM_005228.5(EGFR):c.2882T>C (p.Phe961Ser),EGFR,Uncertain significance,"criteria provided, multiple submitters, no conflicts",,,c.2882T>C,,,
4016714,NM_005228.5(EGFR):c.2392_2410del (p.Leu798fs),EGFR,Uncertain significance,"criteria provided, single submitter",,,c.2392_2410del,,,
4016716,NM_005228.5(EGFR):c.94C>A (p.Gln32Lys),EGFR,Uncertain significance,"criteria provided, single submitter",,,c.94C>A,,,
4016717,NM_005228.5(EGFR):c.1461A>C (p.Lys487Asn),EGFR,Uncertain significance,"criteria provided, single submitter",,,c.1461A>C,,,
4016718,NM_005228.5(EGFR):c.2888A>T (p.Glu963Val),EGFR,Uncertain significance,"criteria provided, single submitter",,,c.2888A>T,,,
966868,NM_005228.5(EGFR):c.2023C>G (p.Arg675Gly),EGFR,Uncertain significance,"criteria provided, single submitter",,,c.2023C>G,,rs1786429872,
966990,NM_005228.5(EGFR):c.2927A>G (p.Gln976Arg),EGFR,Uncertain significance,"criteria provided, multiple submitters, no conflicts",,,c.2927A>G,,rs773034947,
967368,NM_005228.5(EGFR):c.3355C>T (p.Pro1119Ser),EGFR,Uncertain significance,"criteria provided, multiple submitters, no conflicts",,,c.3355C>T,,rs868454218,
968252,NM_005228.5(EGFR):c.1316C>T (p.Ala439Val),EGFR,Uncertain significance,"criteria provided, single submitter",,,c.1316C>T,,rs1785622751,
969899,NM_005228.5(EGFR):c.2398G>T (p.Asp800Tyr),EGFR-AS1,Uncertain significance,"criteria provided, single submitter",,,c.2398G>T,,rs1786868752,
999642,NM_005228.5(EGFR):c.995C>G (p.Pro332Arg),EGFR,Uncertain significance,"criteria provided, single submitter",,,c.995C>G,,rs1785391586,
999885,NM_005228.5(EGFR):c.2480A>T (p.Tyr827Phe),EGFR,Uncertain significance,"criteria provided, multiple submitters, no conflicts",,,c.2480A>T,,rs150749913,
1000076,NM_005228.5(EGFR):c.840C>A (p.Asn280Lys),EGFR,Uncertain significance,"criteria provided, single submitter",,,c.840C>A,,rs1785290769,
4016679,NM_005228.5(EGFR):c.1007-3C>A,EGFR,Uncertain significance,"criteria provided, single submitter",,,NM_005228.5(EGFR):c.1007-3C>A,,,
4016681,NM_005228.5(EGFR):c.1940C>T (p.Ala647Val),EGFR,Uncertain significance,"criteria provided, single submitter",,,c.1940C>T,,,
4016682,NM_005228.5(EGFR):c.391G>C (p.Gly131Arg),EGFR,Uncertain significance,"criteria provided, single submitter",,,c.391G>C,,,
4016683,NM_005228.5(EGFR):c.2636A>G (p.Lys879Arg),EGFR,Uncertain significance,"criteria provided, single submitter",,,c.2636A>G,,,
4016685,NM_005228.5(EGFR):c.2458C>G (p.Gln820Glu),EGFR,Uncertain significance,"criteria provided, single submitter",,,c.2458C>G,,,
4016686,NM_005228.5(EGFR):c.3374A>C (p.Tyr1125Ser),EGFR,Uncertain significance,"criteria provided, single submitter",,,c.3374A>C,,,
4016688,NM_005228.5(EGFR):c.2387_2388del (p.Gly796fs),EGFR,Uncertain significance,"criteria provided, single submitter",,,c.2387_2388del,,,
4016690,NM_005228.5(EGFR):c.2004G>T (p.Met668Ile),EGFR,Uncertain significance,"criteria provided, single submitter",,,c.2004G>T,,,
4016691,NM_005228.5(EGFR):c.1537G>C (p.Glu513Gln),EGFR,Uncertain significance,"criteria provided, single submitter",,,c.1537G>C,,,
4016692,NM_005228.5(EGFR):c.3218C>T (p.Pro1073Leu),EGFR,Uncertain significance,"criteria provided, single submitter",,,c.3218C>T,,,
4016695,NM_005228.5(EGFR):c.1267C>G (p.Leu423Val),EGFR,Uncertain significance,"criteria provided, single submitter",,,c.1267C>G,,,
4016696,NM_005228.5(EGFR):c.1874C>G (p.Thr625Ser),EGFR,Uncertain significance,"criteria provided, single submitter",,,c.1874C>G,,,
4016698,NM_005228.5(EGFR):c.2971A>G (p.Ser991Gly),EGFR,Uncertain significance,"criteria provided, single submitter",,,c.2971A>G,,,
3843858,NM_005228.5(EGFR):c.3518A>T (p.Gln1173Leu),EGFR,Uncertain significance,"criteria provided, single submitter",,,c.3518A>T,,,
3843860,NM_005228.5(EGFR):c.3350C>A (p.Pro1117His),EGFR,Uncertain significance,"criteria provided, single submitter",,,c.3350C>A,,,
3899321,NM_005228.5(EGFR):c.802A>T (p.Met268Leu),EGFR,Uncertain significance,"criteria provided, single submitter",,,c.802A>T,,,
4016676,NM_005228.5(EGFR):c.3226G>C (p.Ala1076Pro),EGFR,Uncertain significance,"criteria provided, single submitter",,,c.3226G>C,,,
981818,NM_005228.5(EGFR):c.352G>T (p.Ala118Ser),EGFR,Uncertain significance,"criteria provided, multiple submitters, no conflicts",,,c.352G>T,,rs1249939049,
997456,NM_005228.5(EGFR):c.3271+49del,EGFR,Uncertain significance,"criteria provided, multiple submitters, no conflicts",,,NM_005228.5(EGFR):c.3271+49del,,rs17337514,
997470,NM_005228.5(EGFR):c.3272A>C (p.Glu1091Ala),EGFR,Uncertain significance,"criteria provided, single submitter",,,c.3272A>C,,rs1788061731,
997471,NM_005228.5(EGFR):c.3092G>A (p.Arg1031Gln),EGFR,Uncertain significance,"criteria provided, multiple submitters, no conflicts",,,c.3092G>A,,rs570295933,
997522,NM_005228.5(EGFR):c.1690C>T (p.Pro564Ser),EGFR,Uncertain significance,"criteria provided, multiple submitters, no conflicts",,,c.1690C>T,,rs773651001,
998753,NM_005228.5(EGFR):c.1344G>C (p.Leu448Phe),EGFR,Uncertain significance,"criteria provided, multiple submitters, no conflicts",,,c.1344G>C,,rs763266323,
998791,NM_005228.5(EGFR):c.1288A>T (p.Thr430Ser),EGFR,Uncertain significance,"criteria provided, multiple submitters, no conflicts",,,c.1288A>T,,rs1785501999,
998800,NM_005228.5(EGFR):c.2089G>C (p.Glu697Gln),EGFR,Uncertain significance,"criteria provided, single submitter",,,c.2089G>C,,rs936074781,
999515,NM_005228.5(EGFR):c.1639A>G (p.Arg547Gly),EGFR,Uncertain significance,"criteria provided, multiple submitters, no conflicts",,,c.1639A>G,,rs1427028322,
999549,NM_005228.5(EGFR):c.3235G>A (p.Glu1079Lys),EGFR,Uncertain significance,"criteria provided, single submitter",,,c.3235G>A,,rs1787897829,
999621,NM_005228.5(EGFR):c.722C>T (p.Thr241Ile),EGFR,Uncertain significance,"criteria provided, multiple submitters, no conflicts",,,c.722C>T,,rs370744986,
3843824,NM_005228.5(EGFR):c.2341T>A (p.Cys781Ser),EGFR-AS1,Uncertain significance,"criteria provided, single submitter",,,c.2341T>A,,,
3843828,NM_005228.5(EGFR):c.2059G>A (p.Glu687Lys),EGFR,Uncertain significance,"criteria provided, single submitter",,,c.2059G>A,,,
3843829,NM_005228.5(EGFR):c.2410G>T (p.Glu804Ter),EGFR,Uncertain significance,"criteria provided, single submitter",,,c.2410G>T,,,
3843830,NM_005228.5(EGFR):c.2068G>C (p.Glu690Gln),EGFR,Uncertain significance,"criteria provided, single submitter",,,c.2068G>C,,,
3843833,NM_005228.5(EGFR):c.1929C>G (p.Ile643Met),EGFR,Uncertain significance,"criteria provided, single submitter",,,c.1929C>G,,,
3843836,NM_005228.5(EGFR):c.2204G>A (p.Gly735Asp),EGFR,Uncertain significance,"criteria provided, single submitter",,,c.2204G>A,,,
3843840,NM_005228.5(EGFR):c.2440C>G (p.Leu814Val),EGFR,Uncertain significance,"criteria provided, single submitter",,,c.2440C>G,,,
3843843,NM_005228.5(EGFR):c.3489C>A (p.His1163Gln),EGFR,Uncertain significance,"criteria provided, single submitter",,,c.3489C>A,,,
3843844,NM_005228.5(EGFR):c.476T>C (p.Val159Ala),EGFR,Uncertain significance,"criteria provided, single submitter",,,c.476T>C,,,
3843845,NM_005228.5(EGFR):c.1627G>C (p.Glu543Gln),EGFR,Uncertain significance,"criteria provided, single submitter",,,c.1627G>C,,,
3843847,NM_005228.5(EGFR):c.2470-1G>C,EGFR,Uncertain significance,"criteria provided, single submitter",,,NM_005228.5(EGFR):c.2470-1G>C,,,
3843849,NM_005228.5(EGFR):c.3253A>T (p.Thr1085Ser),EGFR,Uncertain significance,"criteria provided, single submitter",,,c.3253A>T,,,
3843850,NM_005228.5(EGFR):c.2668_2669del (p.Ile890fs),EGFR,Uncertain significance,"criteria provided, single submitter",,,c.2668_2669del,,,
3843852,NM_005228.5(EGFR):c.1016G>T (p.Gly339Val),EGFR,Uncertain significance,"criteria provided, single submitter",,,c.1016G>T,,,
3843855,NM_005228.5(EGFR):c.2643G>T (p.Met881Ile),EGFR,Uncertain significance,"criteria provided, single submitter",,,c.2643G>T,,,
3843857,NM_005228.5(EGFR):c.3383C>G (p.Pro1128Arg),EGFR,Uncertain significance,"criteria provided, single submitter",,,c.3383C>G,,,
1002562,NM_005228.5(EGFR):c.721A>G (p.Thr241Ala),EGFR,Uncertain significance,"criteria provided, multiple submitters, no conflicts",,,c.721A>G,,rs1785216035,
1002578,NM_005228.5(EGFR):c.3031G>C (p.Val1011Leu),EGFR,Uncertain significance,"criteria provided, multiple submitters, no conflicts",,,c.3031G>C,,rs1226829354,
1002794,NM_005228.5(EGFR):c.3209G>A (p.Ser1070Asn),EGFR,Uncertain significance,"criteria provided, multiple submitters, no conflicts",,,c.3209G>A,,rs771471723,
1003132,NM_005228.5(EGFR):c.1463C>G (p.Thr488Ser),EGFR,Uncertain significance,"criteria provided, multiple submitters, no conflicts",,,c.1463C>G,,rs1271375100,
3843801,NM_005228.5(EGFR):c.2986A>G (p.Asn996Asp),EGFR,Uncertain significance,"criteria provided, single submitter",,,c.2986A>G,,,
3843804,NM_005228.5(EGFR):c.1787C>A (p.Pro596Gln),EGFR,Uncertain significance,"criteria provided, single submitter",,,c.1787C>A,,,
3843806,NM_005228.5(EGFR):c.1704C>A (p.Asn568Lys),EGFR,Uncertain significance,"criteria provided, single submitter",,,c.1704C>A,,,
3843807,NM_005228.5(EGFR):c.2710G>C (p.Val904Leu),EGFR,Uncertain significance,"criteria provided, single submitter",,,c.2710G>C,,,
3843809,NM_005228.5(EGFR):c.775A>T (p.Thr259Ser),EGFR,Uncertain significance,"criteria provided, single submitter",,,c.775A>T,,,
3843810,NM_005228.5(EGFR):c.1795G>T (p.Val599Phe),EGFR,Uncertain significance,"criteria provided, single submitter",,,c.1795G>T,,,
3843813,NM_005228.5(EGFR):c.3380A>G (p.Asp1127Gly),EGFR,Uncertain significance,"criteria provided, single submitter",,,c.3380A>G,,,
3843814,NM_005228.5(EGFR):c.1614G>C (p.Lys538Asn),EGFR,Uncertain significance,"criteria provided, single submitter",,,c.1614G>C,,,
3843815,NM_005228.5(EGFR):c.3622A>T (p.Ile1208Phe),EGFR,Uncertain significance,"criteria provided, single submitter",,,c.3622A>T,,,
3843819,NM_005228.5(EGFR):c.2801C>A (p.Pro934His),EGFR,Uncertain significance,"criteria provided, single submitter",,,c.2801C>A,,,
3843822,NM_005228.5(EGFR):c.1253A>T (p.His418Leu),EGFR,Uncertain significance,"criteria provided, single submitter",,,c.1253A>T,,,
3843823,NM_005228.5(EGFR):c.3259C>T (p.Leu1087Phe),EGFR,Uncertain significance,"criteria provided, single submitter",,,c.3259C>T,,,
3843791,NM_005228.5(EGFR):c.907G>A (p.Asp303Asn),EGFR,Uncertain significance,"criteria provided, single submitter",,,c.907G>A,,,
3843792,NM_005228.5(EGFR):c.2810C>T (p.Pro937Leu),EGFR,Uncertain significance,"criteria provided, single submitter",,,c.2810C>T,,,
3843794,NM_005228.5(EGFR):c.797del (p.Pro266fs),EGFR,Uncertain significance,"criteria provided, single submitter",,,c.797del,,,
3843795,NM_005228.5(EGFR):c.2714G>A (p.Trp905Ter),EGFR,Uncertain significance,"criteria provided, single submitter",,,c.2714G>A,,,
3843796,NM_005228.5(EGFR):c.937G>A (p.Ala313Thr),EGFR,Uncertain significance,"criteria provided, single submitter",,,c.937G>A,,,
3843797,NM_005228.5(EGFR):c.3608A>G (p.Gln1203Arg),EGFR,Uncertain significance,"criteria provided, single submitter",,,c.3608A>G,,,
1000203,NM_005228.5(EGFR):c.664C>T (p.Arg222Cys),EGFR,Uncertain significance,"criteria provided, single submitter",,,c.664C>T,,rs1785212573,
1000546,NM_005228.5(EGFR):c.652C>A (p.Gln218Lys),EGFR,Uncertain significance,"criteria provided, single submitter",,,c.652C>A,,rs1785211485,
1000851,NM_005228.5(EGFR):c.1813A>G (p.Thr605Ala),EGFR,Uncertain significance,"criteria provided, multiple submitters, no conflicts",,,c.1813A>G,,rs1436144358,
1000960,NM_005228.5(EGFR):c.2653T>G (p.Ser885Ala),EGFR,Uncertain significance,"criteria provided, single submitter",,,c.2653T>G,,rs1787458105,
1001152,NM_005228.5(EGFR):c.991G>A (p.Gly331Arg),EGFR,Uncertain significance,"criteria provided, single submitter",,,c.991G>A,,rs1785391447,
1001187,NM_005228.5(EGFR):c.1822T>A (p.Trp608Arg),EGFR,Uncertain significance,"criteria provided, single submitter",,,c.1822T>A,,rs1785920560,
1001705,NM_005228.5(EGFR):c.1559C>T (p.Pro520Leu),EGFR,Uncertain significance,"criteria provided, single submitter",,,c.1559C>T,,rs1785705110,
1001710,NM_005228.5(EGFR):c.2741C>G (p.Pro914Arg),EGFR,Uncertain significance,"criteria provided, single submitter",,,c.2741C>G,,rs1787724844,
1002380,NM_005228.5(EGFR):c.2339T>C (p.Ile780Thr),EGFR-AS1,Uncertain significance,"criteria provided, multiple submitters, no conflicts",,,c.2339T>C,,rs1786863853,
1002493,NM_005228.5(EGFR):c.1670A>G (p.Gln557Arg),EGFR,Uncertain significance,"criteria provided, multiple submitters, no conflicts",,,c.1670A>G,,rs1785821299,
3843764,NM_005228.5(EGFR):c.2062-2A>T,EGFR,Uncertain significance,"criteria provided, single submitter",,,NM_005228.5(EGFR):c.2062-2A>T,,,
3843765,NM_005228.5(EGFR):c.3311C>T (p.Ser1104Phe),EGFR,Uncertain significance,"criteria provided, single submitter",,,c.3311C>T,,,
3843767,NM_005228.5(EGFR):c.608G>T (p.Gly203Val),EGFR,Uncertain significance,"criteria provided, single submitter",,,c.608G>T,,,
3843768,NM_005228.5(EGFR):c.1819G>T (p.Val607Phe),EGFR,Uncertain significance,"criteria provided, single submitter",,,c.1819G>T,,,
3843770,NM_005228.5(EGFR):c.541C>T (p.Gln181Ter),EGFR,Uncertain significance,"criteria provided, single submitter",,,c.541C>T,,,
3843773,NM_005228.5(EGFR):c.1546T>A (p.Trp516Arg),EGFR,Uncertain significance,"criteria provided, single submitter",,,c.1546T>A,,,
3843775,NM_005228.5(EGFR):c.970C>G (p.Arg324Gly),EGFR,Uncertain significance,"criteria provided, single submitter",,,c.970C>G,,,
3843777,NM_005228.5(EGFR):c.2072C>G (p.Pro691Arg),EGFR,Uncertain significance,"criteria provided, single submitter",,,c.2072C>G,,,
3843780,NM_005228.5(EGFR):c.1105C>T (p.Leu369Phe),LOC126860048,Uncertain significance,"criteria provided, single submitter",,,c.1105C>T,,,
3843782,NM_005228.5(EGFR):c.173G>A (p.Cys58Tyr),EGFR,Uncertain significance,"criteria provided, single submitter",,,c.173G>A,,,
3843784,NM_005228.5(EGFR):c.3562A>C (p.Lys1188Gln),EGFR,Uncertain significance,"criteria provided, single submitter",,,c.3562A>C,,,
3843785,NM_005228.5(EGFR):c.1174C>G (p.Leu392Val),LOC126860048,Uncertain significance,"criteria provided, single submitter",,,c.1174C>G,,,
3843786,NM_005228.5(EGFR):c.2195T>A (p.Ile732Asn),EGFR,Uncertain significance,"criteria provided, single submitter",,,c.2195T>A,,,
3843787,NM_005228.5(EGFR):c.241A>T (p.Thr81Ser),EGFR,Uncertain significance,"criteria provided, single submitter",,,c.241A>T,,,
3843788,NM_005228.5(EGFR):c.1505C>G (p.Thr502Arg),EGFR,Uncertain significance,"criteria provided, single submitter",,,c.1505C>G,,,
3843789,NM_005228.5(EGFR):c.2912T>C (p.Met971Thr),EGFR,Uncertain significance,"criteria provided, single submitter",,,c.2912T>C,,,
4870276,NM_005228.5(EGFR):c.647C>T (p.Ala216Val),EGFR,Uncertain significance,"criteria provided, single submitter",,,c.647C>T,,,
4870283,NM_005228.5(EGFR):c.962A>G (p.Asp321Gly),EGFR,Uncertain significance,"criteria provided, single submitter",,,c.962A>G,,,
45230,NM_005228.5(EGFR):c.2217_2234dup (p.Ile740_Lys745dup),EGFR,Uncertain significance,no assertion criteria provided,,,c.2217_2234dup,,rs397517090,
45221,NM_005228.5(EGFR):c.2127_2130delinsC (p.Glu709_Thr710delinsAsp),EGFR,Uncertain significance,no assertion criteria provided,,,c.2127_2130delinsC,,rs397517087,
4870279,NM_005228.5(EGFR):c.1779G>T (p.Lys593Asn),EGFR,Uncertain significance,"criteria provided, single submitter",,,c.1779G>T,,,
3843744,NM_005228.5(EGFR):c.1480A>T (p.Arg494Ter),EGFR,Uncertain significance,"criteria provided, single submitter",,,c.1480A>T,,,
3843746,NM_005228.5(EGFR):c.3499C>G (p.Leu1167Val),EGFR,Uncertain significance,"criteria provided, single submitter",,,c.3499C>G,,,
3843747,NM_005228.5(EGFR):c.1631G>A (p.Gly544Asp),EGFR,Uncertain significance,"criteria provided, multiple submitters, no conflicts",,,c.1631G>A,,,
3843749,NM_005228.5(EGFR):c.347C>T (p.Ser116Phe),EGFR,Uncertain significance,"criteria provided, single submitter",,,c.347C>T,,,
3843750,NM_005228.5(EGFR):c.41T>C (p.Leu14Pro),EGFR,Uncertain significance,"criteria provided, single submitter",,,c.41T>C,,,
3843751,NM_005228.5(EGFR):c.-3G>A,EGFR,Uncertain significance,"criteria provided, single submitter",,,NM_005228.5(EGFR):c.-3G>A,,,
3843753,NM_005228.5(EGFR):c.2759C>T (p.Ala920Val),EGFR,Uncertain significance,"criteria provided, single submitter",,,c.2759C>T,,,
3843754,NM_005228.5(EGFR):c.605C>T (p.Ala202Val),EGFR,Uncertain significance,"criteria provided, single submitter",,,c.605C>T,,,
3843756,NM_005228.5(EGFR):c.80A>G (p.Glu27Gly),EGFR,Uncertain significance,"criteria provided, single submitter",,,c.80A>G,,,
3843760,NM_005228.5(EGFR):c.2491C>G (p.Arg831Gly),EGFR,Uncertain significance,"criteria provided, single submitter",,,c.2491C>G,,,
3843763,NM_005228.5(EGFR):c.2766G>T (p.Glu922Asp),EGFR,Uncertain significance,"criteria provided, single submitter",,,c.2766G>T,,,
1003794,NM_005228.5(EGFR):c.1975G>C (p.Val659Leu),EGFR,Uncertain significance,"criteria provided, multiple submitters, no conflicts",,,c.1975G>C,,rs201580890,
1004032,NM_005228.5(EGFR):c.2833A>G (p.Met945Val),EGFR,Uncertain significance,"criteria provided, multiple submitters, no conflicts",,,c.2833A>G,,rs779164024,
1004363,NM_005228.5(EGFR):c.541C>G (p.Gln181Glu),EGFR,Uncertain significance,"criteria provided, single submitter",,,c.541C>G,,rs1794784834,
1005378,NM_005228.5(EGFR):c.2161G>A (p.Gly721Ser),EGFR,Uncertain significance,"criteria provided, multiple submitters, no conflicts",,,c.2161G>A,,rs1786479080,
1005794,NM_005228.5(EGFR):c.3437G>T (p.Cys1146Phe),EGFR,Uncertain significance,"criteria provided, multiple submitters, no conflicts",,,c.3437G>T,,rs1337590341,
1006618,NM_005228.5(EGFR):c.268C>T (p.Leu90Phe),EGFR,Uncertain significance,"criteria provided, single submitter",,,c.268C>T,,rs750399097,
1006728,NM_005228.5(EGFR):c.437G>A (p.Gly146Asp),EGFR,Uncertain significance,"criteria provided, single submitter",,,c.437G>A,,rs1794774577,
1007379,NM_005228.5(EGFR):c.3056C>T (p.Pro1019Leu),EGFR,Uncertain significance,"criteria provided, single submitter",,,c.3056C>T,,rs1562805773,
1007424,NM_005228.5(EGFR):c.2091A>C (p.Glu697Asp),EGFR,Uncertain significance,"criteria provided, single submitter",,,c.2091A>C,,rs1786474510,
45219,NM_005228.5(EGFR):c.2126A>C (p.Glu709Ala),EGFR,Uncertain significance,"criteria provided, single submitter",,,c.2126A>C,,rs397517085,
45218,NM_005228.5(EGFR):c.2117T>C (p.Ile706Thr),EGFR,Uncertain significance,no assertion criteria provided,,,c.2117T>C,,rs397517084,
45217,NM_005228.5(EGFR):c.2065G>C (p.Val689Leu),EGFR,Uncertain significance,no assertion criteria provided,,,c.2065G>C,,rs397517083,
4870281,NM_005228.5(EGFR):c.2786A>T (p.Lys929Ile),EGFR,Uncertain significance,"criteria provided, single submitter",,,c.2786A>T,,,
4870286,NM_005228.5(EGFR):c.1468A>G (p.Ile490Val),EGFR,Uncertain significance,"criteria provided, single submitter",,,c.1468A>G,,,
45228,NM_005228.5(EGFR):c.2192G>A (p.Trp731Ter),EGFR,Uncertain significance,no assertion criteria provided,,,c.2192G>A,,rs397517089,
45283,NM_005228.5(EGFR):c.2572C>A (p.Leu858Met),EGFR,Uncertain significance,"criteria provided, single submitter",,,c.2572C>A,,rs121913443,
45285,NM_005228.5(EGFR):c.2574G>T (p.Leu858=),EGFR,Uncertain significance,"criteria provided, single submitter",,,c.2574G>T,,rs397517129,
45286,NM_005228.5(EGFR):c.2580A>T (p.Lys860Asn),EGFR,Uncertain significance,no assertion criteria provided,,,c.2580A>T,,rs397517130,
45287,NM_005228.5(EGFR):c.2582T>G (p.Leu861Arg),EGFR,Uncertain significance,"criteria provided, single submitter",,,c.2582T>G,,rs121913444,
45289,NM_005228.5(EGFR):c.2597A>T (p.Glu866Val),EGFR,Uncertain significance,no assertion criteria provided,,,c.2597A>T,,rs397517132,
45291,NM_005228.5(EGFR):c.2612C>G (p.Ala871Gly),EGFR,Uncertain significance,no assertion criteria provided,,,c.2612C>G,,rs397517134,
4826839,NM_005228.5(EGFR):c.2351C>T (p.Ser784Phe),EGFR,Uncertain significance,"criteria provided, single submitter",,,c.2351C>T,,,
4826840,NM_005228.5(EGFR):c.238A>G (p.Lys80Glu),EGFR,Uncertain significance,"criteria provided, single submitter",,,c.238A>G,,,
4826841,NM_005228.5(EGFR):c.1015G>C (p.Gly339Arg),EGFR,Uncertain significance,"criteria provided, single submitter",,,c.1015G>C,,,
4826842,NM_005228.5(EGFR):c.850A>G (p.Lys284Glu),EGFR,Uncertain significance,"criteria provided, single submitter",,,c.850A>G,,,
4826843,NM_005228.5(EGFR):c.2698T>C (p.Tyr900His),EGFR,Uncertain significance,"criteria provided, single submitter",,,c.2698T>C,,,
4826847,NM_005228.5(EGFR):c.637A>G (p.Ile213Val),EGFR,Uncertain significance,"criteria provided, single submitter",,,c.637A>G,,,
4826848,NM_005228.5(EGFR):c.1232del (p.Pro411fs),EGFR,Uncertain significance,"criteria provided, single submitter",,,c.1232del,,,
4826850,NM_005228.5(EGFR):c.2530C>G (p.Leu844Val),EGFR,Uncertain significance,"criteria provided, single submitter",,,c.2530C>G,,,
4826852,NM_005228.5(EGFR):c.668G>A (p.Cys223Tyr),EGFR,Uncertain significance,"criteria provided, single submitter",,,c.668G>A,,,
1011022,NM_005228.5(EGFR):c.658T>C (p.Ser220Pro),EGFR,Uncertain significance,"criteria provided, multiple submitters, no conflicts",,,c.658T>C,,rs761098433,
1011360,NM_005228.5(EGFR):c.1936A>G (p.Ile646Val),EGFR,Uncertain significance,"criteria provided, multiple submitters, no conflicts",,,c.1936A>G,,rs140516819,
1011404,NM_005228.5(EGFR):c.89T>C (p.Val30Ala),EGFR,Uncertain significance,"criteria provided, single submitter",,,c.89T>C,,rs1794501851,
1012017,NM_005228.5(EGFR):c.3387C>A (p.His1129Gln),EGFR,Uncertain significance,"criteria provided, single submitter",,,c.3387C>A,,rs1788067537,
1012132,NM_005228.5(EGFR):c.2299G>T (p.Ala767Ser),EGFR,Uncertain significance,"criteria provided, multiple submitters, no conflicts",,,c.2299G>T,,rs759418157,
3730625,NM_005228.5(EGFR):c.2338A>C (p.Ile780Leu),EGFR,Uncertain significance,"criteria provided, single submitter",,,c.2338A>C,,,
3730651,NM_005228.5(EGFR):c.1892C>G (p.Pro631Arg),EGFR,Uncertain significance,"criteria provided, single submitter",,,c.1892C>G,,,
3730720,NM_005228.5(EGFR):c.620G>T (p.Cys207Phe),EGFR,Uncertain significance,"criteria provided, single submitter",,,c.620G>T,,,
3764504,NM_005228.5(EGFR):c.3631T>C (p.Ter1211Arg),EGFR,Uncertain significance,"criteria provided, multiple submitters, no conflicts",,,c.3631T>C,,,
45234,NM_005228.5(EGFR):c.2239T>C (p.Leu747=),EGFR,Uncertain significance,"criteria provided, single submitter",,,c.2239T>C,,rs397517095,
1719361,NM_005228.5(EGFR):c.145C>T (p.Leu49Phe),EGFR,Uncertain significance,"criteria provided, single submitter",,,c.145C>T,,rs2128926234,
1901549,NM_005228.5(EGFR):c.748-3T>C,EGFR,Uncertain significance,"criteria provided, multiple submitters, no conflicts",,,NM_005228.5(EGFR):c.748-3T>C,,rs567159496,
1003262,NM_005228.5(EGFR):c.2917C>G (p.Arg973Gly),EGFR,Uncertain significance,"criteria provided, multiple submitters, no conflicts",,,c.2917C>G,,rs748491031,
1003305,NM_005228.5(EGFR):c.1049C>G (p.Ser350Cys),LOC126860048,Uncertain significance,"criteria provided, single submitter",,,c.1049C>G,,rs1785428902,
1003743,NM_005228.5(EGFR):c.1675C>T (p.His559Tyr),EGFR,Uncertain significance,"criteria provided, single submitter",,,c.1675C>T,,rs1785821813,
3727439,NM_005228.5(EGFR):c.560-3C>T,EGFR,Uncertain significance,"criteria provided, single submitter",,,NM_005228.5(EGFR):c.560-3C>T,,,
3728248,NM_005228.5(EGFR):c.37G>T (p.Ala13Ser),EGFR,Uncertain significance,"criteria provided, single submitter",,,c.37G>T,,,
3729435,NM_005228.5(EGFR):c.1207+3T>A,EGFR,Uncertain significance,"criteria provided, single submitter",,,NM_005228.5(EGFR):c.1207+3T>A,,,
1007638,NC_000007.13:g.(?_55086971)_(55087068_?)dup,EGFR,Uncertain significance,"criteria provided, single submitter",,,NC_000007.13:g.(?_55086971)_(55087068_?)dup,,,
1007797,NM_005228.5(EGFR):c.2150T>C (p.Val717Ala),EGFR,Uncertain significance,"criteria provided, multiple submitters, no conflicts",,,c.2150T>C,,rs1786477984,
1008399,NM_005228.5(EGFR):c.3574G>A (p.Ala1192Thr),EGFR,Uncertain significance,"criteria provided, single submitter",,,c.3574G>A,,rs773041247,
1008401,NM_005228.5(EGFR):c.2537A>G (p.Lys846Arg),EGFR,Uncertain significance,"criteria provided, single submitter",,,c.2537A>G,,rs1787407168,
1009011,NM_005228.5(EGFR):c.1795G>A (p.Val599Ile),EGFR,Uncertain significance,"criteria provided, multiple submitters, no conflicts",,,c.1795G>A,,rs1785917504,
1009550,NM_005228.5(EGFR):c.3575C>G (p.Ala1192Gly),EGFR,Uncertain significance,"criteria provided, single submitter",,,c.3575C>G,,rs1480173156,
1009597,NM_005228.5(EGFR):c.730C>T (p.Arg244Trp),EGFR,Uncertain significance,"criteria provided, multiple submitters, no conflicts",,,c.730C>T,,rs554981236,
1009949,NM_005228.5(EGFR):c.1606G>T (p.Val536Leu),EGFR,Uncertain significance,"criteria provided, single submitter",,,c.1606G>T,,rs767193132,
1010048,NM_005228.5(EGFR):c.1748C>T (p.Ala583Val),EGFR,Uncertain significance,"criteria provided, single submitter",,,c.1748C>T,,rs1447966312,
1015895,NM_005228.5(EGFR):c.257C>T (p.Ala86Val),EGFR,Uncertain significance,"criteria provided, single submitter",,,c.257C>T,,rs1794573114,
1016162,NM_005228.5(EGFR):c.3442A>G (p.Asn1148Asp),EGFR,Uncertain significance,"criteria provided, single submitter",,,c.3442A>G,,rs1788070724,
1016864,NM_005228.5(EGFR):c.3490C>A (p.Gln1164Lys),EGFR,Uncertain significance,"criteria provided, single submitter",,,c.3490C>A,,rs1788073780,
1016924,NM_005228.5(EGFR):c.3110C>T (p.Ser1037Phe),EGFR,Uncertain significance,"criteria provided, multiple submitters, no conflicts",,,c.3110C>T,,rs765496858,
3718458,NM_005228.5(EGFR):c.3202C>G (p.Arg1068Gly),EGFR,Uncertain significance,"criteria provided, single submitter",,,c.3202C>G,,,
3719306,NM_005228.5(EGFR):c.685A>G (p.Ser229Gly),EGFR,Uncertain significance,"criteria provided, single submitter",,,c.685A>G,,,
3719308,NM_005228.5(EGFR):c.2489A>G (p.Asp830Gly),EGFR,Uncertain significance,"criteria provided, single submitter",,,c.2489A>G,,,
3721432,NM_005228.5(EGFR):c.2061+4A>G,EGFR,Uncertain significance,"criteria provided, single submitter",,,NM_005228.5(EGFR):c.2061+4A>G,,,
3721501,NM_005228.5(EGFR):c.3508C>A (p.Pro1170Thr),EGFR,Uncertain significance,"criteria provided, multiple submitters, no conflicts",,,c.3508C>A,,,
3725342,NM_005228.5(EGFR):c.3530T>G (p.Phe1177Cys),EGFR,Uncertain significance,"criteria provided, single submitter",,,c.3530T>G,,,
3714968,NM_005228.5(EGFR):c.2469+2_2469+15dup,EGFR-AS1,Uncertain significance,"criteria provided, single submitter",,,NM_005228.5(EGFR):c.2469+2_2469+15dup,,,
3715194,NM_005228.5(EGFR):c.2699A>T (p.Tyr900Phe),EGFR,Uncertain significance,"criteria provided, multiple submitters, no conflicts",,,c.2699A>T,,,
3715587,NM_005228.5(EGFR):c.970C>A (p.Arg324Ser),EGFR,Uncertain significance,"criteria provided, single submitter",,,c.970C>A,,,
3715775,NM_005228.5(EGFR):c.212A>C (p.Gln71Pro),EGFR,Uncertain significance,"criteria provided, multiple submitters, no conflicts",,,c.212A>C,,,
3715780,NM_005228.5(EGFR):c.1463C>T (p.Thr488Ile),EGFR,Uncertain significance,"criteria provided, multiple submitters, no conflicts",,,c.1463C>T,,,
3715877,NM_005228.5(EGFR):c.3224_3225delinsAA (p.Gly1075Glu),EGFR,Uncertain significance,"criteria provided, single submitter",,,c.3224_3225delinsAA,,,
3717284,NM_005228.5(EGFR):c.2656A>G (p.Ile886Val),EGFR,Uncertain significance,"criteria provided, multiple submitters, no conflicts",,,c.2656A>G,,,
3717412,NM_005228.5(EGFR):c.1781C>T (p.Thr594Ile),EGFR,Uncertain significance,"criteria provided, multiple submitters, no conflicts",,,c.1781C>T,,,
1013692,NM_005228.5(EGFR):c.1693C>G (p.Gln565Glu),EGFR,Uncertain significance,"criteria provided, multiple submitters, no conflicts",,,c.1693C>G,,rs1785823081,
1013771,NM_005228.5(EGFR):c.2918G>A (p.Arg973Gln),EGFR,Uncertain significance,"criteria provided, multiple submitters, no conflicts",,,c.2918G>A,,rs756554871,
1013792,NM_005228.5(EGFR):c.2858T>G (p.Ile953Arg),EGFR,Uncertain significance,"criteria provided, multiple submitters, no conflicts",,,c.2858T>G,,rs1787790185,
1014020,NM_005228.5(EGFR):c.3073A>G (p.Ser1025Gly),EGFR,Uncertain significance,"criteria provided, single submitter",,,c.3073A>G,,rs1275431248,
1014375,NM_005228.5(EGFR):c.547C>A (p.His183Asn),EGFR,Uncertain significance,"criteria provided, single submitter",,,c.547C>A,,rs772071414,
1014610,NM_005228.5(EGFR):c.175G>A (p.Glu59Lys),EGFR,Uncertain significance,"criteria provided, multiple submitters, no conflicts",,,c.175G>A,,rs760228905,
1014793,NM_005228.5(EGFR):c.2509G>A (p.Asp837Asn),EGFR,Uncertain significance,"criteria provided, single submitter",,,c.2509G>A,,rs761920220,
1015382,NM_005228.5(EGFR):c.2303G>A (p.Ser768Asn),EGFR-AS1,Uncertain significance,"criteria provided, multiple submitters, no conflicts",,,c.2303G>A,,rs121913465,
3698188,NM_005228.5(EGFR):c.1210T>C (p.Phe404Leu),EGFR,Uncertain significance,"criteria provided, single submitter",,,c.1210T>C,,,
3702584,NM_005228.5(EGFR):c.2002A>G (p.Met668Val),EGFR,Uncertain significance,"criteria provided, single submitter",,,c.2002A>G,,,
3709128,NM_005228.5(EGFR):c.3012AGA[1] (p.Glu1005del),EGFR,Uncertain significance,"criteria provided, multiple submitters, no conflicts",,,c.3012AGA[1],,,
3709473,NM_005228.5(EGFR):c.1613A>G (p.Lys538Arg),EGFR,Uncertain significance,"criteria provided, single submitter",,,c.1613A>G,,,
3709492,NM_005228.5(EGFR):c.671G>T (p.Arg224Leu),EGFR,Uncertain significance,"criteria provided, single submitter",,,c.671G>T,,,
3710004,NM_005228.5(EGFR):c.2114G>A (p.Arg705Lys),EGFR,Uncertain significance,"criteria provided, multiple submitters, no conflicts",,,c.2114G>A,,,
3710484,NM_005228.5(EGFR):c.640A>T (p.Ile214Phe),EGFR,Uncertain significance,"criteria provided, single submitter",,,c.640A>T,,,
3711126,NM_005228.5(EGFR):c.503T>G (p.Val168Gly),EGFR,Uncertain significance,"criteria provided, single submitter",,,c.503T>G,,,
3711137,NM_005228.5(EGFR):c.2782G>C (p.Glu928Gln),EGFR,Uncertain significance,"criteria provided, multiple submitters, no conflicts",,,c.2782G>C,,,
3712373,NM_005228.5(EGFR):c.1276A>G (p.Ile426Val),EGFR,Uncertain significance,"criteria provided, multiple submitters, no conflicts",,,c.1276A>G,,,
3712786,NM_005228.5(EGFR):c.2924C>T (p.Pro975Leu),EGFR,Uncertain significance,"criteria provided, multiple submitters, no conflicts",,,c.2924C>T,,,
3713314,NM_005228.5(EGFR):c.352G>A (p.Ala118Thr),EGFR,Uncertain significance,"criteria provided, single submitter",,,c.352G>A,,,
3714093,NM_005228.5(EGFR):c.1931C>G (p.Pro644Arg),EGFR,Uncertain significance,"criteria provided, multiple submitters, no conflicts",,,c.1931C>G,,,
3714589,NM_005228.5(EGFR):c.2257C>T (p.Pro753Ser),EGFR,Uncertain significance,"criteria provided, single submitter",,,c.2257C>T,,rs121913231,
3714837,NM_005228.5(EGFR):c.2356G>T (p.Val786Leu),EGFR-AS1,Uncertain significance,"criteria provided, multiple submitters, no conflicts",,,c.2356G>T,,,
1017797,NM_005228.5(EGFR):c.3114G>A (p.Leu1038=),EGFR,Uncertain significance,"criteria provided, single submitter",,,c.3114G>A,,rs1787841604,
1018033,NM_005228.5(EGFR):c.3566G>A (p.Gly1189Asp),EGFR,Uncertain significance,"criteria provided, multiple submitters, no conflicts",,,c.3566G>A,,rs747600559,
1018297,NM_005228.5(EGFR):c.2682G>C (p.Gln894His),EGFR,Uncertain significance,"criteria provided, multiple submitters, no conflicts",,,c.2682G>C,,rs749270913,
1018424,NM_005228.5(EGFR):c.946T>A (p.Tyr316Asn),EGFR,Uncertain significance,"criteria provided, single submitter",,,c.946T>A,,rs1785387064,
1018440,NM_005228.5(EGFR):c.388A>G (p.Thr130Ala),EGFR,Uncertain significance,"criteria provided, multiple submitters, no conflicts",,,c.388A>G,,rs1794582450,
1018590,NM_005228.5(EGFR):c.2836A>G (p.Ile946Val),EGFR,Uncertain significance,"criteria provided, multiple submitters, no conflicts",,,c.2836A>G,,rs1169803481,
1018687,NM_005228.5(EGFR):c.1351C>T (p.Arg451Cys),EGFR,Uncertain significance,"criteria provided, multiple submitters, no conflicts",,,c.1351C>T,,rs377567759,
1018719,NM_005228.5(EGFR):c.615G>C (p.Glu205Asp),EGFR,Uncertain significance,"criteria provided, single submitter",,,c.615G>C,,rs1785140485,
1018921,NM_005228.5(EGFR):c.2267A>G (p.Asn756Ser),EGFR,Uncertain significance,"criteria provided, single submitter",,,c.2267A>G,,rs1786526259,
1019294,NM_005228.5(EGFR):c.3215A>G (p.Asp1072Gly),EGFR,Uncertain significance,"criteria provided, multiple submitters, no conflicts",,,c.3215A>G,,rs887824842,
3694225,NM_005228.5(EGFR):c.1513G>A (p.Val505Ile),EGFR,Uncertain significance,"criteria provided, single submitter",,,c.1513G>A,,,
3695080,NM_005228.5(EGFR):c.3245T>C (p.Ile1082Thr),EGFR,Uncertain significance,"criteria provided, multiple submitters, no conflicts",,,c.3245T>C,,,
3696516,NM_005228.5(EGFR):c.1605C>G (p.Cys535Trp),EGFR,Uncertain significance,"criteria provided, single submitter",,,c.1605C>G,,,
3696652,NM_005228.5(EGFR):c.423G>T (p.Gln141His),EGFR,Uncertain significance,"criteria provided, single submitter",,,c.423G>T,,,
3696962,NM_005228.5(EGFR):c.2938G>A (p.Val980Ile),EGFR,Uncertain significance,"criteria provided, multiple submitters, no conflicts",,,c.2938G>A,,,
3696974,NM_005228.5(EGFR):c.3151G>A (p.Asp1051Asn),EGFR,Uncertain significance,"criteria provided, single submitter",,,c.3151G>A,,,
1020225,NM_005228.5(EGFR):c.1960C>T (p.Leu654Phe),EGFR,Uncertain significance,"criteria provided, multiple submitters, no conflicts",,,c.1960C>T,,rs1584222281,
1020266,NC_000007.13:g.(?_55209969)_(55223649_?)del,EGFR,Uncertain significance,"criteria provided, single submitter",,,NC_000007.13:g.(?_55209969)_(55223649_?)del,,,
1020327,NM_005228.5(EGFR):c.514T>C (p.Phe172Leu),EGFR,Uncertain significance,"criteria provided, multiple submitters, no conflicts",,,c.514T>C,,rs1794781796,
1020474,NM_005228.5(EGFR):c.1937T>G (p.Ile646Ser),EGFR,Uncertain significance,"criteria provided, multiple submitters, no conflicts",,,c.1937T>G,,rs1300062728,
1020888,NM_005228.5(EGFR):c.1579C>G (p.Arg527Gly),EGFR,Uncertain significance,"criteria provided, multiple submitters, no conflicts",,,c.1579C>G,,rs768627073,
1021163,NM_005228.5(EGFR):c.431T>C (p.Leu144Pro),EGFR,Uncertain significance,"criteria provided, multiple submitters, no conflicts",,,c.431T>C,,rs1794773701,
1021254,NM_005228.5(EGFR):c.2006G>A (p.Arg669Gln),EGFR,Uncertain significance,"criteria provided, multiple submitters, no conflicts",,,c.2006G>A,,rs768336804,
3689938,NM_005228.5(EGFR):c.358G>A (p.Ala120Thr),EGFR,Uncertain significance,"criteria provided, multiple submitters, no conflicts",,,c.358G>A,,,
3690071,NM_005228.5(EGFR):c.2872C>T (p.Arg958Cys),EGFR,Uncertain significance,"criteria provided, multiple submitters, no conflicts",,,c.2872C>T,,,
3690202,NM_005228.5(EGFR):c.88+4A>C,EGFR,Uncertain significance,"criteria provided, single submitter",,,NM_005228.5(EGFR):c.88+4A>C,,,
3692811,NM_005228.5(EGFR):c.205T>G (p.Tyr69Asp),EGFR,Uncertain significance,"criteria provided, single submitter",,,c.205T>G,,,
3692898,NM_005228.5(EGFR):c.2473A>G (p.Met825Val),EGFR,Uncertain significance,"criteria provided, multiple submitters, no conflicts",,,c.2473A>G,,,
3693250,NM_005228.5(EGFR):c.2129C>T (p.Thr710Ile),EGFR,Uncertain significance,"criteria provided, single submitter",,,c.2129C>T,,,
1017030,NM_005228.5(EGFR):c.2909A>G (p.Lys970Arg),EGFR,Uncertain significance,"criteria provided, multiple submitters, no conflicts",,,c.2909A>G,,rs755504552,
1017073,NM_005228.5(EGFR):c.3506A>G (p.Asn1169Ser),EGFR,Uncertain significance,"criteria provided, multiple submitters, no conflicts",,,c.3506A>G,,rs751701731,
1017568,NM_005228.5(EGFR):c.1061C>T (p.Thr354Met),LOC126860048,Uncertain significance,"criteria provided, single submitter",,,c.1061C>T,,rs753466844,
1023460,NM_005228.5(EGFR):c.3049C>T (p.Leu1017Phe),EGFR,Uncertain significance,"criteria provided, multiple submitters, no conflicts",,,c.3049C>T,,rs1345851089,
1024007,NM_005228.5(EGFR):c.2044C>G (p.Leu682Val),EGFR,Uncertain significance,"criteria provided, single submitter",,,c.2044C>G,,rs1338409357,
1024328,NM_005228.5(EGFR):c.7C>G (p.Pro3Ala),EGFR,Uncertain significance,"criteria provided, single submitter",,,c.7C>G,,rs773069229,
1024364,NM_005228.5(EGFR):c.830T>C (p.Met277Thr),EGFR,Uncertain significance,"criteria provided, multiple submitters, no conflicts",,,c.830T>C,,rs1215369904,
1024407,NM_005228.5(EGFR):c.1147C>A (p.His383Asn),LOC126860048,Uncertain significance,"criteria provided, multiple submitters, no conflicts",,,c.1147C>A,,rs755972013,
1024539,NM_005228.5(EGFR):c.2115G>C (p.Arg705Ser),EGFR,Uncertain significance,"criteria provided, multiple submitters, no conflicts",,,c.2115G>C,,rs1786475897,
3683696,NM_005228.5(EGFR):c.2708_2709delinsTC (p.Thr903Ile),EGFR,Uncertain significance,"criteria provided, single submitter",,,c.2708_2709delinsTC,,,
3685165,NM_005228.5(EGFR):c.1087A>C (p.Thr363Pro),LOC126860048,Uncertain significance,"criteria provided, multiple submitters, no conflicts",,,c.1087A>C,,,
3685727,NM_005228.5(EGFR):c.842C>G (p.Pro281Arg),EGFR,Uncertain significance,"criteria provided, multiple submitters, no conflicts",,,c.842C>G,,,
3686127,NM_005228.5(EGFR):c.3591C>A (p.Tyr1197Ter),EGFR,Uncertain significance,"criteria provided, single submitter",,,c.3591C>A,,,
3688233,NM_005228.5(EGFR):c.246C>G (p.Ile82Met),EGFR,Uncertain significance,"criteria provided, multiple submitters, no conflicts",,,c.246C>G,,,
3688363,NM_005228.5(EGFR):c.975G>T (p.Lys325Asn),EGFR,Uncertain significance,"criteria provided, multiple submitters, no conflicts",,,c.975G>T,,,
1019301,NM_005228.5(EGFR):c.2336G>A (p.Gly779Asp),EGFR-AS1,Uncertain significance,"criteria provided, multiple submitters, no conflicts",,,c.2336G>A,,rs397517120,
1019405,NM_005228.5(EGFR):c.715G>A (p.Gly239Ser),EGFR,Uncertain significance,"criteria provided, single submitter",,,c.715G>A,,rs1584168566,
1019807,NM_005228.5(EGFR):c.628+6T>A,EGFR,Uncertain significance,"criteria provided, single submitter",,,NM_005228.5(EGFR):c.628+6T>A,,rs1785141015,
1019826,NM_005228.5(EGFR):c.1499-4G>T,EGFR,Uncertain significance,"criteria provided, multiple submitters, no conflicts",,,NM_005228.5(EGFR):c.1499-4G>T,,rs577648478,
1026894,NM_005228.5(EGFR):c.3125G>A (p.Ser1042Asn),EGFR,Uncertain significance,"criteria provided, multiple submitters, no conflicts",,,c.3125G>A,,rs1161802556,
1027022,NM_005228.5(EGFR):c.2230A>G (p.Ile744Val),EGFR,Uncertain significance,"criteria provided, multiple submitters, no conflicts",,,c.2230A>G,,rs1554348865,
1027244,NM_005228.5(EGFR):c.1320C>A (p.Val440=),EGFR,Uncertain significance,"criteria provided, single submitter",,,c.1320C>A,,rs761495014,
1027297,NM_005228.5(EGFR):c.1441T>C (p.Phe481Leu),EGFR,Uncertain significance,"criteria provided, single submitter",,,c.1441T>C,,rs1785630756,
1034577,NM_005228.5(EGFR):c.2848+3G>A,EGFR,Uncertain significance,"criteria provided, single submitter",,,NM_005228.5(EGFR):c.2848+3G>A,,rs1787731661,
1034779,NM_005228.5(EGFR):c.2281G>C (p.Asp761His),EGFR,Uncertain significance,"criteria provided, multiple submitters, no conflicts",,,c.2281G>C,,rs121913418,
1035281,NM_005228.5(EGFR):c.88+6G>C,EGFR,Uncertain significance,"criteria provided, single submitter",,,NM_005228.5(EGFR):c.88+6G>C,,rs1786376401,
3675754,NM_005228.5(EGFR):c.409A>G (p.Met137Val),EGFR,Uncertain significance,"criteria provided, multiple submitters, no conflicts",,,c.409A>G,,,
3680261,NM_005228.5(EGFR):c.741C>A (p.Asp247Glu),EGFR,Uncertain significance,"criteria provided, single submitter",,,c.741C>A,,,
3682254,NM_005228.5(EGFR):c.2184+5G>A,EGFR,Uncertain significance,"criteria provided, single submitter",,,NM_005228.5(EGFR):c.2184+5G>A,,,
3682698,NM_005228.5(EGFR):c.2186G>T (p.Gly729Val),EGFR,Uncertain significance,"criteria provided, single submitter",,,c.2186G>T,,,
1022110,NM_005228.5(EGFR):c.241A>G (p.Thr81Ala),EGFR,Uncertain significance,"criteria provided, multiple submitters, no conflicts",,,c.241A>G,,rs374986786,
1022124,NM_005228.5(EGFR):c.1836C>A (p.Asp612Glu),EGFR,Uncertain significance,"criteria provided, single submitter",,,c.1836C>A,,rs150803480,
1022337,NM_005228.5(EGFR):c.3237G>C (p.Glu1079Asp),EGFR,Uncertain significance,"criteria provided, multiple submitters, no conflicts",,,c.3237G>C,,rs184614596,
1022811,NM_005228.5(EGFR):c.1789G>T (p.Ala597Ser),EGFR,Uncertain significance,"criteria provided, multiple submitters, no conflicts",,,c.1789G>T,,rs757419349,
1023343,NM_005228.5(EGFR):c.373T>G (p.Tyr125Asp),EGFR,Uncertain significance,"criteria provided, single submitter",,,c.373T>G,,rs1794580640,
1039068,NM_005228.5(EGFR):c.2915C>A (p.Ala972Asp),EGFR,Uncertain significance,"criteria provided, multiple submitters, no conflicts",,,c.2915C>A,,rs1787794029,
1039091,NM_005228.5(EGFR):c.797C>G (p.Pro266Arg),EGFR,Uncertain significance,"criteria provided, multiple submitters, no conflicts",,,c.797C>G,,rs17336639,
1039275,NM_005228.5(EGFR):c.2999C>A (p.Ala1000Asp),EGFR,Uncertain significance,"criteria provided, single submitter",,,c.2999C>A,,rs1787833607,
3669028,NM_005228.5(EGFR):c.3526T>C (p.Phe1176Leu),EGFR,Uncertain significance,"criteria provided, multiple submitters, no conflicts",,,c.3526T>C,,,
3670242,NM_005228.5(EGFR):c.1417A>C (p.Asn473His),EGFR,Uncertain significance,"criteria provided, single submitter",,,c.1417A>C,,,
3670708,NM_005228.5(EGFR):c.1374T>A (p.Asp458Glu),EGFR,Uncertain significance,"criteria provided, single submitter",,,c.1374T>A,,,
3671319,NM_005228.5(EGFR):c.2515G>A (p.Ala839Thr),EGFR,Uncertain significance,"criteria provided, single submitter",,,c.2515G>A,,,
3673441,NM_005228.5(EGFR):c.2228C>T (p.Ala743Val),EGFR,Uncertain significance,"criteria provided, single submitter",,,c.2228C>T,,,
3674039,NM_005228.5(EGFR):c.1066A>G (p.Ile356Val),EGFR,Uncertain significance,"criteria provided, single submitter",,,c.1066A>G,,,
3675629,NM_005228.5(EGFR):c.2689G>A (p.Val897Ile),EGFR,Uncertain significance,"criteria provided, single submitter",,,c.2689G>A,,,
1025303,NM_005228.5(EGFR):c.563A>G (p.Gln188Arg),EGFR,Uncertain significance,"criteria provided, multiple submitters, no conflicts",,,c.563A>G,,rs1785138281,
1025984,NM_005228.5(EGFR):c.3364G>A (p.Asp1122Asn),EGFR,Uncertain significance,"criteria provided, multiple submitters, no conflicts",,,c.3364G>A,,rs1788066477,
1026264,NM_005228.5(EGFR):c.3119C>T (p.Ala1040Val),EGFR,Uncertain significance,"criteria provided, multiple submitters, no conflicts",,,c.3119C>T,,rs1787857611,
1026372,NM_005228.5(EGFR):c.1352G>A (p.Arg451His),EGFR,Uncertain significance,"criteria provided, multiple submitters, no conflicts",,,c.1352G>A,,rs751667594,
1026402,NM_005228.5(EGFR):c.641T>C (p.Ile214Thr),EGFR,Uncertain significance,"criteria provided, multiple submitters, no conflicts",,,c.641T>C,,rs1785211053,
1026663,NM_005228.5(EGFR):c.1182T>G (p.Ile394Met),EGFR,Uncertain significance,"criteria provided, multiple submitters, no conflicts",,,c.1182T>G,,rs1178642122,
3666340,NM_005228.5(EGFR):c.1085G>A (p.Cys362Tyr),LOC126860048,Uncertain significance,"criteria provided, single submitter",,,c.1085G>A,,,
3666355,NM_005228.5(EGFR):c.905C>A (p.Thr302Lys),EGFR,Uncertain significance,"criteria provided, single submitter",,,c.905C>A,,,
3667319,NM_005228.5(EGFR):c.1370G>A (p.Ser457Asn),EGFR,Uncertain significance,"criteria provided, multiple submitters, no conflicts",,,c.1370G>A,,,
3667648,NM_005228.5(EGFR):c.2003T>C (p.Met668Thr),EGFR,Uncertain significance,"criteria provided, single submitter",,,c.2003T>C,,,
3668028,NM_005228.5(EGFR):c.2810C>G (p.Pro937Arg),EGFR,Uncertain significance,"criteria provided, single submitter",,,c.2810C>G,,,
3668629,NM_005228.5(EGFR):c.2042G>A (p.Arg681Lys),EGFR,Uncertain significance,"criteria provided, single submitter",,,c.2042G>A,,,
1035613,NM_005228.5(EGFR):c.2849-3C>T,EGFR,Uncertain significance,"criteria provided, multiple submitters, no conflicts",,,NM_005228.5(EGFR):c.2849-3C>T,,rs1787789638,
1036068,NM_005228.5(EGFR):c.3034G>C (p.Asp1012His),EGFR,Uncertain significance,"criteria provided, multiple submitters, no conflicts",,,c.3034G>C,,rs1420841957,
1036205,NM_005228.5(EGFR):c.2206G>A (p.Glu736Lys),EGFR,Uncertain significance,"criteria provided, single submitter",,,c.2206G>A,,rs1786515266,
1036295,NM_005228.5(EGFR):c.943A>G (p.Ser315Gly),EGFR,Uncertain significance,"criteria provided, single submitter",,,c.943A>G,,rs1785386608,
1036634,NM_005228.5(EGFR):c.3596G>C (p.Arg1199Thr),EGFR,Uncertain significance,"criteria provided, single submitter",,,c.3596G>C,,rs768074018,
1037049,NM_005228.5(EGFR):c.1527G>C (p.Leu509Phe),EGFR,Uncertain significance,"criteria provided, single submitter",,,c.1527G>C,,rs1785702432,
1037590,NM_005228.5(EGFR):c.3014A>T (p.Glu1005Val),EGFR,Uncertain significance,"criteria provided, single submitter",,,c.3014A>T,,rs1787834506,
1037721,NM_005228.5(EGFR):c.3409G>C (p.Glu1137Gln),EGFR,Uncertain significance,"criteria provided, multiple submitters, no conflicts",,,c.3409G>C,,rs780967013,
1038155,NM_005228.5(EGFR):c.2469+5T>C,EGFR,Uncertain significance,"criteria provided, multiple submitters, no conflicts",,,NM_005228.5(EGFR):c.2469+5T>C,,rs767718324,
1038548,NM_005228.5(EGFR):c.3437G>A (p.Cys1146Tyr),EGFR,Uncertain significance,"criteria provided, multiple submitters, no conflicts",,,c.3437G>A,,rs1337590341,
3660848,NM_005228.5(EGFR):c.3115-6T>C,EGFR,Uncertain significance,"criteria provided, single submitter",,,NM_005228.5(EGFR):c.3115-6T>C,,,
3660918,NM_005228.5(EGFR):c.778T>C (p.Cys260Arg),EGFR,Uncertain significance,"criteria provided, single submitter",,,c.778T>C,,,
3660921,NM_005228.5(EGFR):c.2057G>T (p.Arg686Met),EGFR,Uncertain significance,"criteria provided, single submitter",,,c.2057G>T,,,
3661424,NM_005228.5(EGFR):c.103A>T (p.Ser35Cys),EGFR,Uncertain significance,"criteria provided, multiple submitters, no conflicts",,,c.103A>T,,,
3661914,NM_005228.5(EGFR):c.1006+3A>G,EGFR,Uncertain significance,"criteria provided, single submitter",,,NM_005228.5(EGFR):c.1006+3A>G,,,
3661957,NM_005228.5(EGFR):c.3497G>T (p.Ser1166Ile),EGFR,Uncertain significance,"criteria provided, multiple submitters, no conflicts",,,c.3497G>T,,,
3662321,NM_005228.5(EGFR):c.1558C>T (p.Pro520Ser),EGFR,Uncertain significance,"criteria provided, single submitter",,,c.1558C>T,,,
3662987,NM_005228.5(EGFR):c.2675C>G (p.Thr892Ser),EGFR,Uncertain significance,"criteria provided, single submitter",,,c.2675C>G,,,
3662993,NM_005228.5(EGFR):c.2093C>T (p.Ala698Val),EGFR,Uncertain significance,"criteria provided, single submitter",,,c.2093C>T,,,
3663003,NM_005228.5(EGFR):c.764G>T (p.Arg255Leu),EGFR,Uncertain significance,"criteria provided, single submitter",,,c.764G>T,,,
3663265,NM_005228.5(EGFR):c.3520C>G (p.Gln1174Glu),EGFR,Uncertain significance,"criteria provided, single submitter",,,c.3520C>G,,,
3663332,NM_005228.5(EGFR):c.121T>G (p.Leu41Val),EGFR,Uncertain significance,"criteria provided, single submitter",,,c.121T>G,,,
3664993,NM_005228.5(EGFR):c.1465A>C (p.Lys489Gln),EGFR,Uncertain significance,"criteria provided, single submitter",,,c.1465A>C,,,
3666304,NM_005228.5(EGFR):c.1540G>C (p.Gly514Arg),EGFR,Uncertain significance,"criteria provided, single submitter",,,c.1540G>C,,,
3666318,NM_005228.5(EGFR):c.1163A>G (p.Asp388Gly),LOC126860048,Uncertain significance,"criteria provided, single submitter",,,c.1163A>G,,,
3666321,NM_005228.5(EGFR):c.2053G>A (p.Glu685Lys),EGFR,Uncertain significance,"criteria provided, single submitter",,,c.2053G>A,,,
1041182,NM_005228.5(EGFR):c.680C>T (p.Ser227Phe),EGFR,Uncertain significance,"criteria provided, single submitter",,,c.680C>T,,rs1046438724,
1041814,NM_005228.5(EGFR):c.1909C>A (p.Pro637Thr),EGFR,Uncertain significance,"criteria provided, single submitter",,,c.1909C>A,,rs1786333546,
1041815,NM_005228.5(EGFR):c.3486C>G (p.Ser1162Arg),EGFR,Uncertain significance,"criteria provided, single submitter",,,c.3486C>G,,rs766347941,
1042059,NC_000007.13:g.(?_55209969)_(55274084_?)dup,EGFR,Uncertain significance,"criteria provided, single submitter",,,NC_000007.13:g.(?_55209969)_(55274084_?)dup,,,
3657711,NM_005228.5(EGFR):c.3406C>T (p.Pro1136Ser),EGFR,Uncertain significance,"criteria provided, single submitter",,,c.3406C>T,,,
3657962,NM_005228.5(EGFR):c.2754C>G (p.Ile918Met),EGFR,Uncertain significance,"criteria provided, single submitter",,,c.2754C>G,,,
3658088,NM_005228.5(EGFR):c.1660G>A (p.Glu554Lys),EGFR,Uncertain significance,"criteria provided, single submitter",,,c.1660G>A,,,
3658369,NM_005228.5(EGFR):c.706T>C (p.Cys236Arg),EGFR,Uncertain significance,"criteria provided, multiple submitters, no conflicts",,,c.706T>C,,,
3658578,NM_005228.5(EGFR):c.2042G>T (p.Arg681Met),EGFR,Uncertain significance,"criteria provided, single submitter",,,c.2042G>T,,,
3659592,NM_005228.5(EGFR):c.1666A>C (p.Ile556Leu),EGFR,Uncertain significance,"criteria provided, single submitter",,,c.1666A>C,,,
3659621,NM_005228.5(EGFR):c.1722G>C (p.Arg574=),EGFR,Uncertain significance,"criteria provided, single submitter",,,c.1722G>C,,,
3660062,NM_005228.5(EGFR):c.2011C>A (p.Arg671Ser),EGFR,Uncertain significance,"criteria provided, single submitter",,,c.2011C>A,,,
3660073,NM_005228.5(EGFR):c.2102A>C (p.Gln701Pro),EGFR,Uncertain significance,"criteria provided, single submitter",,,c.2102A>C,,,
3660390,NM_005228.5(EGFR):c.3569C>T (p.Ser1190Phe),EGFR,Uncertain significance,"criteria provided, multiple submitters, no conflicts",,,c.3569C>T,,,
3660435,NM_005228.5(EGFR):c.1930C>T (p.Pro644Ser),EGFR,Uncertain significance,"criteria provided, single submitter",,,c.1930C>T,,,
3655513,NM_005228.5(EGFR):c.240G>T (p.Lys80Asn),EGFR,Uncertain significance,"criteria provided, single submitter",,,c.240G>T,,,
3655669,NM_005228.5(EGFR):c.1215G>T (p.Leu405Phe),EGFR,Uncertain significance,"criteria provided, single submitter",,,c.1215G>T,,,
3655756,NM_005228.5(EGFR):c.2662C>A (p.His888Asn),EGFR,Uncertain significance,"criteria provided, multiple submitters, no conflicts",,,c.2662C>A,,,
3655854,NM_005228.5(EGFR):c.675C>T (p.Gly225=),EGFR,Uncertain significance,"criteria provided, multiple submitters, no conflicts",,,c.675C>T,,,
3656812,NM_005228.5(EGFR):c.583C>T (p.Pro195Ser),EGFR,Uncertain significance,"criteria provided, single submitter",,,c.583C>T,,,
3657510,NM_005228.5(EGFR):c.1632-13T>C,EGFR,Uncertain significance,"criteria provided, single submitter",,,NM_005228.5(EGFR):c.1632-13T>C,,,
1039560,NM_005228.5(EGFR):c.2317C>T (p.His773Tyr),EGFR-AS1,Uncertain significance,"criteria provided, multiple submitters, no conflicts",,,c.2317C>T,,rs767075090,
1039667,NM_005228.5(EGFR):c.3310T>C (p.Ser1104Pro),EGFR,Uncertain significance,"criteria provided, multiple submitters, no conflicts",,,c.3310T>C,,rs376598259,
1039684,NM_005228.5(EGFR):c.86A>C (p.Lys29Thr),EGFR,Uncertain significance,"criteria provided, multiple submitters, no conflicts",,,c.86A>C,,rs774551548,
1039737,NM_005228.5(EGFR):c.2423A>G (p.Asn808Ser),EGFR-AS1,Uncertain significance,"criteria provided, multiple submitters, no conflicts",,,c.2423A>G,,rs1786870894,
1040317,NM_005228.5(EGFR):c.1153C>A (p.Pro385Thr),EGFR,Uncertain significance,"criteria provided, single submitter",,,c.1153C>A,,rs1785439744,
1040498,NM_005228.5(EGFR):c.874G>A (p.Val292Met),EGFR,Uncertain significance,"criteria provided, multiple submitters, no conflicts",,,c.874G>A,,rs150549265,
1040724,NM_005228.5(EGFR):c.2946+3A>G,EGFR,Uncertain significance,"criteria provided, multiple submitters, no conflicts",,,NM_005228.5(EGFR):c.2946+3A>G,,rs1185688669,
1040750,NM_005228.5(EGFR):c.2801C>T (p.Pro934Leu),EGFR,Uncertain significance,"criteria provided, multiple submitters, no conflicts",,,c.2801C>T,,rs1562803717,
1040770,NM_005228.5(EGFR):c.3532C>T (p.Pro1178Ser),EGFR,Uncertain significance,"criteria provided, multiple submitters, no conflicts",,,c.3532C>T,,rs1788075239,
1040852,NM_005228.5(EGFR):c.2596G>A (p.Glu866Lys),EGFR,Uncertain significance,"criteria provided, multiple submitters, no conflicts",,,c.2596G>A,,rs756703787,
4842902,NM_005228.5(EGFR):c.2354C>T (p.Thr785Ile),EGFR,Uncertain significance,"criteria provided, single submitter",,,c.2354C>T,,,
4842903,NM_005228.5(EGFR):c.2279T>C (p.Leu760Pro),EGFR,Uncertain significance,"criteria provided, single submitter",,,c.2279T>C,,,
4842904,NM_005228.5(EGFR):c.3163-15_3183del,EGFR,Uncertain significance,"criteria provided, single submitter",,,NM_005228.5(EGFR):c.3163-15_3183del,,,
4842905,NM_005228.5(EGFR):c.3075C>G (p.Ser1025Arg),EGFR,Uncertain significance,"criteria provided, single submitter",,,c.3075C>G,,,
4842907,NM_005228.5(EGFR):c.1172A>C (p.Glu391Ala),EGFR,Uncertain significance,"criteria provided, single submitter",,,c.1172A>C,,,
4842908,NM_005228.5(EGFR):c.2173A>T (p.Thr725Ser),EGFR,Uncertain significance,"criteria provided, single submitter",,,c.2173A>T,,,
4842909,NM_005228.5(EGFR):c.3365A>T (p.Asp1122Val),EGFR,Uncertain significance,"criteria provided, single submitter",,,c.3365A>T,,,
4842911,NM_005228.5(EGFR):c.3046T>C (p.Tyr1016His),EGFR,Uncertain significance,"criteria provided, single submitter",,,c.3046T>C,,,
4842913,NM_005228.5(EGFR):c.3053T>C (p.Ile1018Thr),EGFR,Uncertain significance,"criteria provided, single submitter",,,c.3053T>C,,,
4842914,NM_005228.5(EGFR):c.2101C>T (p.Gln701Ter),EGFR,Uncertain significance,"criteria provided, single submitter",,,c.2101C>T,,,
4842915,NM_005228.5(EGFR):c.2725A>T (p.Thr909Ser),EGFR,Uncertain significance,"criteria provided, single submitter",,,c.2725A>T,,,
4842917,NM_005228.5(EGFR):c.2149G>A (p.Val717Met),EGFR,Uncertain significance,"criteria provided, single submitter",,,c.2149G>A,,,
45261,NM_005228.5(EGFR):c.2317_2319dup (p.His773dup),EGFR,Uncertain significance,no assertion criteria provided,,,c.2317_2319dup,,rs1554350381,
1044247,NM_005228.5(EGFR):c.2987A>G (p.Asn996Ser),EGFR,Uncertain significance,"criteria provided, multiple submitters, no conflicts",,,c.2987A>G,,rs762795214,
1044670,NM_005228.5(EGFR):c.1111A>G (p.Ile371Val),LOC126860048,Uncertain significance,"criteria provided, single submitter",,,c.1111A>G,,rs1405999227,
1045062,NM_005228.5(EGFR):c.500T>C (p.Ile167Thr),EGFR,Uncertain significance,"criteria provided, multiple submitters, no conflicts",,,c.500T>C,,rs765416003,
1045122,NM_005228.5(EGFR):c.1292A>G (p.Lys431Arg),EGFR,Uncertain significance,"criteria provided, multiple submitters, no conflicts",,,c.1292A>G,,rs1785502513,
3647928,NM_005228.5(EGFR):c.1300G>T (p.Gly434Cys),EGFR,Uncertain significance,"criteria provided, multiple submitters, no conflicts",,,c.1300G>T,,,
3647986,NM_005228.5(EGFR):c.2653T>A (p.Ser885Thr),EGFR,Uncertain significance,"criteria provided, single submitter",,,c.2653T>A,,,
3649660,NM_005228.5(EGFR):c.5G>T (p.Arg2Leu),EGFR,Uncertain significance,"criteria provided, single submitter",,,c.5G>T,,,
3649874,NM_005228.5(EGFR):c.289G>A (p.Glu97Lys),EGFR,Uncertain significance,"criteria provided, single submitter",,,c.289G>A,,,
3651739,NM_005228.5(EGFR):c.2247A>C (p.Glu749Asp),EGFR,Uncertain significance,"criteria provided, single submitter",,,c.2247A>C,,,
3652468,NM_005228.5(EGFR):c.1783T>G (p.Cys595Gly),EGFR,Uncertain significance,"criteria provided, single submitter",,,c.1783T>G,,,
3653824,NM_005228.5(EGFR):c.3439G>A (p.Val1147Ile),EGFR,Uncertain significance,"criteria provided, single submitter",,,c.3439G>A,,,
3654603,NM_005228.5(EGFR):c.3484dup (p.Ser1162fs),EGFR,Uncertain significance,"criteria provided, single submitter",,,c.3484dup,,,
3654756,NM_005228.5(EGFR):c.3271+13_3271+15delinsATG,EGFR,Uncertain significance,"criteria provided, single submitter",,,NM_005228.5(EGFR):c.3271+13_3271+15delinsATG,,,
3655011,NM_005228.5(EGFR):c.91T>G (p.Cys31Gly),EGFR,Uncertain significance,"criteria provided, single submitter",,,c.91T>G,,,
3643881,NM_005228.5(EGFR):c.1475G>C (p.Ser492Thr),EGFR,Uncertain significance,"criteria provided, single submitter",,,c.1475G>C,,,
3644158,NM_005228.5(EGFR):c.224A>C (p.Asp75Ala),EGFR,Uncertain significance,"criteria provided, multiple submitters, no conflicts",,,c.224A>C,,,
3644738,NM_005228.5(EGFR):c.1750C>T (p.His584Tyr),EGFR,Uncertain significance,"criteria provided, single submitter",,,c.1750C>T,,,
3646539,NM_005228.5(EGFR):c.3142G>A (p.Ala1048Thr),EGFR,Uncertain significance,"criteria provided, single submitter",,,c.3142G>A,,,
3646680,NM_005228.5(EGFR):c.620G>A (p.Cys207Tyr),EGFR,Uncertain significance,"criteria provided, single submitter",,,c.620G>A,,,
3646915,NM_005228.5(EGFR):c.1288A>C (p.Thr430Pro),EGFR,Uncertain significance,"criteria provided, single submitter",,,c.1288A>C,,,
3647314,NM_005228.5(EGFR):c.3622A>G (p.Ile1208Val),EGFR,Uncertain significance,"criteria provided, single submitter",,,c.3622A>G,,,
1042359,NM_005228.5(EGFR):c.3479A>G (p.Lys1160Arg),EGFR,Uncertain significance,"criteria provided, multiple submitters, no conflicts",,,c.3479A>G,,rs1788072885,
1042440,NM_005228.5(EGFR):c.2293G>C (p.Val765Leu),EGFR,Uncertain significance,"criteria provided, multiple submitters, no conflicts",,,c.2293G>C,,rs374873413,
1042857,NM_005228.5(EGFR):c.3302C>T (p.Pro1101Leu),EGFR,Uncertain significance,"criteria provided, multiple submitters, no conflicts",,,c.3302C>T,,rs764332519,
1043178,NM_005228.5(EGFR):c.2609A>G (p.His870Arg),EGFR,Uncertain significance,"criteria provided, multiple submitters, no conflicts",,,c.2609A>G,,rs1787411940,
1043394,NM_005228.5(EGFR):c.1481G>C (p.Arg494Thr),EGFR,Uncertain significance,"criteria provided, single submitter",,,c.1481G>C,,rs1785633400,
1044009,NM_005228.5(EGFR):c.1279C>T (p.Arg427Cys),EGFR,Uncertain significance,"criteria provided, multiple submitters, no conflicts",,,c.1279C>T,,rs1785501303,
1046685,NM_005228.5(EGFR):c.1131G>T (p.Arg377Ser),LOC126860048,Uncertain significance,"criteria provided, multiple submitters, no conflicts",,,c.1131G>T,,rs1785432794,
1046802,NM_005228.5(EGFR):c.1498+6T>C,EGFR,Uncertain significance,"criteria provided, single submitter",,,NM_005228.5(EGFR):c.1498+6T>C,,rs1785634636,
1046987,NM_005228.5(EGFR):c.917C>T (p.Ser306Leu),EGFR,Uncertain significance,"criteria provided, multiple submitters, no conflicts",,,c.917C>T,,rs1785384107,
3632362,NM_005228.5(EGFR):c.3035A>T (p.Asp1012Val),EGFR,Uncertain significance,"criteria provided, single submitter",,,c.3035A>T,,,
3632488,NM_005228.5(EGFR):c.1207+4T>C,LOC126860048,Uncertain significance,"criteria provided, single submitter",,,NM_005228.5(EGFR):c.1207+4T>C,,,
3637512,NM_005228.5(EGFR):c.3161G>A (p.Gly1054Glu),EGFR,Uncertain significance,"criteria provided, single submitter",,,c.3161G>A,,,
3638046,NM_005228.5(EGFR):c.2188C>A (p.Leu730Ile),EGFR,Uncertain significance,"criteria provided, single submitter",,,c.2188C>A,,,
3638308,NM_005228.5(EGFR):c.781A>G (p.Lys261Glu),EGFR,Uncertain significance,"criteria provided, multiple submitters, no conflicts",,,c.781A>G,,,
3639820,NM_005228.5(EGFR):c.677A>G (p.Lys226Arg),EGFR,Uncertain significance,"criteria provided, single submitter",,,c.677A>G,,,
3640106,NM_005228.5(EGFR):c.971G>T (p.Arg324Leu),EGFR,Uncertain significance,"criteria provided, single submitter",,,c.971G>T,,,
3640681,NM_005228.5(EGFR):c.1202T>C (p.Ile401Thr),EGFR,Uncertain significance,"criteria provided, single submitter",,,c.1202T>C,,,
3641027,NM_005228.5(EGFR):c.3068T>G (p.Phe1023Cys),EGFR,Uncertain significance,"criteria provided, single submitter",,,c.3068T>G,,,
3641949,NM_005228.5(EGFR):c.49G>A (p.Ala17Thr),EGFR,Uncertain significance,"criteria provided, single submitter",,,c.49G>A,,,
3642697,NM_005228.5(EGFR):c.3461C>T (p.Pro1154Leu),EGFR,Uncertain significance,"criteria provided, single submitter",,,c.3461C>T,,,
3626470,NM_005228.5(EGFR):c.533T>C (p.Met178Thr),EGFR,Uncertain significance,"criteria provided, single submitter",,,c.533T>C,,,
3627587,NM_005228.5(EGFR):c.3397G>T (p.Val1133Leu),EGFR,Uncertain significance,"criteria provided, multiple submitters, no conflicts",,,c.3397G>T,,,
3628319,NM_005228.5(EGFR):c.2701G>A (p.Gly901Arg),EGFR,Uncertain significance,"criteria provided, multiple submitters, no conflicts",,,c.2701G>A,,,
3630396,NM_005228.5(EGFR):c.206A>G (p.Tyr69Cys),EGFR,Uncertain significance,"criteria provided, multiple submitters, no conflicts",,,c.206A>G,,,
3631198,NM_005228.5(EGFR):c.2251A>G (p.Thr751Ala),EGFR,Uncertain significance,"criteria provided, single submitter",,,c.2251A>G,,,
1045314,NM_005228.5(EGFR):c.2777T>C (p.Ile926Thr),EGFR,Uncertain significance,"criteria provided, multiple submitters, no conflicts",,,c.2777T>C,,rs767507216,
1045486,NM_005228.5(EGFR):c.1522G>A (p.Ala508Thr),EGFR,Uncertain significance,"criteria provided, single submitter",,,c.1522G>A,,rs1407608935,
1045488,NM_005228.5(EGFR):c.2373G>T (p.Gln791His),EGFR,Uncertain significance,"criteria provided, multiple submitters, no conflicts",,,c.2373G>T,,rs1413493019,
1045657,NM_005228.5(EGFR):c.1242G>T (p.Arg414Ser),EGFR,Uncertain significance,"criteria provided, single submitter",,,c.1242G>T,,rs1785498288,
1045698,NM_005228.5(EGFR):c.3409G>A (p.Glu1137Lys),EGFR,Uncertain significance,"criteria provided, multiple submitters, no conflicts",,,c.3409G>A,,rs780967013,
1045931,NM_005228.5(EGFR):c.1996C>T (p.Leu666Phe),EGFR,Uncertain significance,"criteria provided, multiple submitters, no conflicts",,,c.1996C>T,,rs771988878,
1045949,NM_005228.5(EGFR):c.2993A>G (p.Tyr998Cys),EGFR,Uncertain significance,"criteria provided, multiple submitters, no conflicts",,,c.2993A>G,,rs1289194907,
1046086,NM_005228.5(EGFR):c.2542C>T (p.Pro848Ser),EGFR,Uncertain significance,"criteria provided, multiple submitters, no conflicts",,,c.2542C>T,,rs1787407443,
1046364,NM_005228.5(EGFR):c.2011C>T (p.Arg671Cys),EGFR,Uncertain significance,"criteria provided, multiple submitters, no conflicts",,,c.2011C>T,,rs770193776,
1046621,NM_005228.5(EGFR):c.926G>A (p.Arg309Gln),EGFR,Uncertain significance,"criteria provided, multiple submitters, no conflicts",,,c.926G>A,,rs1785385514,
1051231,NM_005228.5(EGFR):c.1633G>A (p.Glu545Lys),EGFR,Uncertain significance,"criteria provided, multiple submitters, no conflicts",,,c.1633G>A,,rs778985185,
1051369,NM_005228.5(EGFR):c.2755C>A (p.Pro919Thr),EGFR,Uncertain significance,"criteria provided, multiple submitters, no conflicts",,,c.2755C>A,,rs1390478413,
1051663,NM_005228.5(EGFR):c.3253A>G (p.Thr1085Ala),EGFR,Uncertain significance,"criteria provided, single submitter",,,c.3253A>G,,rs1007460137,
1051664,NM_005228.5(EGFR):c.1448C>G (p.Thr483Ser),EGFR,Uncertain significance,"criteria provided, single submitter",,,c.1448C>G,,rs2128941646,
1051731,NM_005228.5(EGFR):c.3271G>A (p.Glu1091Lys),EGFR,Uncertain significance,"criteria provided, multiple submitters, no conflicts",,,c.3271G>A,,rs1328333567,
1051819,NM_005228.5(EGFR):c.3420C>A (p.Asn1140Lys),EGFR,Uncertain significance,"criteria provided, single submitter",,,c.3420C>A,,rs1156795946,
1052028,NM_005228.5(EGFR):c.2357T>A (p.Val786Glu),EGFR-AS1,Uncertain significance,"criteria provided, multiple submitters, no conflicts",,,c.2357T>A,,rs2128958611,
1052140,NM_005228.5(EGFR):c.3152A>G (p.Asp1051Gly),EGFR,Uncertain significance,"criteria provided, multiple submitters, no conflicts",,,c.3152A>G,,rs755574890,
1052543,NM_005228.5(EGFR):c.3226_3227delinsCT (p.Ala1076Leu),EGFR,Uncertain significance,"criteria provided, multiple submitters, no conflicts",,,c.3226_3227delinsCT,,rs2128973112,
3617406,NM_005228.5(EGFR):c.1757T>C (p.Ile586Thr),EGFR,Uncertain significance,"criteria provided, multiple submitters, no conflicts",,,c.1757T>C,,,
3622048,NM_005228.5(EGFR):c.3079C>T (p.Pro1027Ser),EGFR,Uncertain significance,"criteria provided, single submitter",,,c.3079C>T,,,
3622377,NM_005228.5(EGFR):c.1415C>A (p.Ala472Glu),EGFR,Uncertain significance,"criteria provided, multiple submitters, no conflicts",,,c.1415C>A,,,
3622699,NM_005228.5(EGFR):c.2735C>A (p.Ser912Tyr),EGFR,Uncertain significance,"criteria provided, multiple submitters, no conflicts",,,c.2735C>A,,,
3623244,NM_005228.5(EGFR):c.2184+6G>A,EGFR,Uncertain significance,"criteria provided, single submitter",,,NM_005228.5(EGFR):c.2184+6G>A,,,
3625426,NM_005228.5(EGFR):c.5G>C (p.Arg2Pro),EGFR,Uncertain significance,"criteria provided, single submitter",,,c.5G>C,,,
3625442,NM_005228.5(EGFR):c.3163-3C>T,EGFR,Uncertain significance,"criteria provided, single submitter",,,NM_005228.5(EGFR):c.3163-3C>T,,,
1054884,NM_005228.5(EGFR):c.3387C>G (p.His1129Gln),EGFR,Uncertain significance,"criteria provided, single submitter",,,c.3387C>G,,rs1788067537,
1055055,NM_005228.5(EGFR):c.158G>A (p.Arg53Lys),EGFR,Uncertain significance,"criteria provided, multiple submitters, no conflicts",,,c.158G>A,,rs759219499,
1055255,NM_005228.5(EGFR):c.3101T>C (p.Leu1034Pro),EGFR,Uncertain significance,"criteria provided, multiple submitters, no conflicts",,,c.3101T>C,,rs34352568,
3594734,NM_005228.5(EGFR):c.3381C>G (p.Asp1127Glu),EGFR,Uncertain significance,"criteria provided, single submitter",,,c.3381C>G,,,
3605485,NM_005228.5(EGFR):c.1382T>C (p.Val461Ala),EGFR,Uncertain significance,"criteria provided, single submitter",,,c.1382T>C,,,
3607255,NM_005228.5(EGFR):c.2105C>G (p.Ala702Gly),EGFR,Uncertain significance,"criteria provided, multiple submitters, no conflicts",,,c.2105C>G,,,
3609359,NM_005228.5(EGFR):c.1835A>G (p.Asp612Gly),EGFR,Uncertain significance,"criteria provided, multiple submitters, no conflicts",,,c.1835A>G,,,
3609542,NM_005228.5(EGFR):c.1217T>A (p.Leu406Gln),EGFR,Uncertain significance,"criteria provided, single submitter",,,c.1217T>A,,,
3610434,NM_005228.5(EGFR):c.1160T>C (p.Leu387Pro),LOC126860048,Uncertain significance,"criteria provided, single submitter",,,c.1160T>C,,,
3610789,NM_005228.5(EGFR):c.3218C>A (p.Pro1073His),EGFR,Uncertain significance,"criteria provided, single submitter",,,c.3218C>A,,,
3611992,NM_005228.5(EGFR):c.2972G>T (p.Ser991Ile),EGFR,Uncertain significance,"criteria provided, single submitter",,,c.2972G>T,,,
1047076,NM_005228.5(EGFR):c.1688T>A (p.Leu563Gln),EGFR,Uncertain significance,"criteria provided, single submitter",,,c.1688T>A,,rs1785822698,
1047470,NM_005228.5(EGFR):c.3313G>A (p.Val1105Met),EGFR,Uncertain significance,"criteria provided, multiple submitters, no conflicts",,,c.3313G>A,,rs1583665277,
1050891,NM_005228.5(EGFR):c.2648T>C (p.Leu883Ser),EGFR,Uncertain significance,"criteria provided, multiple submitters, no conflicts",,,c.2648T>C,,rs1787457693,
1051038,NM_005228.5(EGFR):c.2254T>C (p.Ser752Pro),EGFR,Uncertain significance,"criteria provided, single submitter",,,c.2254T>C,,rs1373423544,
1051224,NM_005228.5(EGFR):c.286G>A (p.Val96Met),EGFR,Uncertain significance,"criteria provided, multiple submitters, no conflicts",,,c.286G>A,,rs1260357262,
3594728,NM_005228.5(EGFR):c.424+5G>A,EGFR,Uncertain significance,"criteria provided, single submitter",,,NM_005228.5(EGFR):c.424+5G>A,,,
3594729,NM_005228.5(EGFR):c.474C>A (p.Asn158Lys),EGFR,Uncertain significance,"criteria provided, multiple submitters, no conflicts",,,c.474C>A,,,
3594730,NM_005228.5(EGFR):c.1270G>A (p.Glu424Lys),EGFR,Uncertain significance,"criteria provided, multiple submitters, no conflicts",,,c.1270G>A,,,
3594731,NM_005228.5(EGFR):c.1881-778G>C,EGFR,Uncertain significance,"criteria provided, single submitter",,,NM_005228.5(EGFR):c.1881-778G>C,,,
3594732,NM_005228.5(EGFR):c.1881-774G>A,EGFR,Uncertain significance,"criteria provided, single submitter",,,NM_005228.5(EGFR):c.1881-774G>A,,,
3594733,NM_005228.5(EGFR):c.1925A>G (p.Lys642Arg),EGFR,Uncertain significance,"criteria provided, single submitter",,,c.1925A>G,,,
1052743,NM_005228.5(EGFR):c.1606G>A (p.Val536Met),EGFR,Uncertain significance,"criteria provided, multiple submitters, no conflicts",,,c.1606G>A,,rs767193132,
1052957,NM_005228.5(EGFR):c.3250G>A (p.Asp1084Asn),EGFR,Uncertain significance,"criteria provided, multiple submitters, no conflicts",,,c.3250G>A,,rs535060253,
1053190,NM_005228.5(EGFR):c.534G>A (p.Met178Ile),EGFR,Uncertain significance,"criteria provided, multiple submitters, no conflicts",,,c.534G>A,,rs745755245,
1053286,NM_005228.5(EGFR):c.1699A>G (p.Met567Val),EGFR,Uncertain significance,"criteria provided, multiple submitters, no conflicts",,,c.1699A>G,,rs771278492,
1053333,NM_005228.5(EGFR):c.46G>T (p.Ala16Ser),EGFR,Uncertain significance,"criteria provided, single submitter",,,c.46G>T,,rs2128853424,
1053376,NM_005228.5(EGFR):c.2810C>A (p.Pro937His),EGFR,Uncertain significance,"criteria provided, single submitter",,,c.2810C>A,,rs2128968848,
1053886,NM_005228.5(EGFR):c.3471G>C (p.Trp1157Cys),EGFR,Uncertain significance,"criteria provided, multiple submitters, no conflicts",,,c.3471G>C,,rs761608448,
1054187,NM_005228.5(EGFR):c.448T>C (p.Phe150Leu),EGFR,Uncertain significance,"criteria provided, multiple submitters, no conflicts",,,c.448T>C,,rs1398462122,
1054284,NM_005228.5(EGFR):c.629-3C>T,EGFR,Uncertain significance,"criteria provided, multiple submitters, no conflicts",,,NM_005228.5(EGFR):c.629-3C>T,,rs2128933632,
1054503,NM_005228.5(EGFR):c.1423A>G (p.Ile475Val),EGFR,Uncertain significance,"criteria provided, multiple submitters, no conflicts",,,c.1423A>G,,rs1221992080,
1056193,NC_000007.13:g.(?_55086971)_(55273310_?)dup,EGFR,Uncertain significance,"criteria provided, single submitter",,,NC_000007.13:g.(?_55086971)_(55273310_?)dup,,,
1056194,NC_000007.13:g.(?_55259402)_(55274084_?)dup,EGFR,Uncertain significance,"criteria provided, single submitter",,,NC_000007.13:g.(?_55259402)_(55274084_?)dup,,,
1056807,NM_005228.5(EGFR):c.2758G>A (p.Ala920Thr),EGFR,Uncertain significance,"criteria provided, single submitter",,,c.2758G>A,,rs2128968736,
1056896,NM_005228.5(EGFR):c.3296A>G (p.Lys1099Arg),EGFR,Uncertain significance,"criteria provided, single submitter",,,c.3296A>G,,rs760404029,
1057570,NM_005228.5(EGFR):c.2664C>G (p.His888Gln),EGFR,Uncertain significance,"criteria provided, multiple submitters, no conflicts",,,c.2664C>G,,rs756403828,
3507154,NM_005228.5(EGFR):c.3366C>A (p.Asp1122Glu),EGFR,Uncertain significance,"criteria provided, multiple submitters, no conflicts",,,c.3366C>A,,,
3507161,NM_005228.5(EGFR):c.890G>A (p.Arg297His),EGFR,Uncertain significance,"criteria provided, single submitter",,,c.890G>A,,,
3507164,NM_005228.5(EGFR):c.214A>G (p.Arg72Gly),EGFR,Uncertain significance,"criteria provided, single submitter",,,c.214A>G,,,
3507170,NM_005228.5(EGFR):c.3472G>A (p.Ala1158Thr),EGFR,Uncertain significance,"criteria provided, single submitter",,,c.3472G>A,,,
3507179,NM_005228.5(EGFR):c.1091C>A (p.Ser364Tyr),LOC126860048,Uncertain significance,"criteria provided, single submitter",,,c.1091C>A,,,
3507183,NM_005228.5(EGFR):c.499A>G (p.Ile167Val),EGFR,Uncertain significance,"criteria provided, single submitter",,,c.499A>G,,,
3507185,NM_005228.5(EGFR):c.875T>C (p.Val292Ala),EGFR,Uncertain significance,"criteria provided, single submitter",,,c.875T>C,,,
3572244,NM_005228.5(EGFR):c.2314C>G (p.Pro772Ala),EGFR,Uncertain significance,"criteria provided, single submitter",,,c.2314C>G,,,
3572245,NM_005228.5(EGFR):c.2372A>G (p.Gln791Arg),EGFR,Uncertain significance,"criteria provided, single submitter",,,c.2372A>G,,,
3594727,NM_005228.5(EGFR):c.74T>C (p.Leu25Pro),EGFR,Uncertain significance,"criteria provided, multiple submitters, no conflicts",,,c.74T>C,,,
3245836,NC_000007.13:g.(?_55086971)_(55219075_?)dup,EGFR,Uncertain significance,"criteria provided, single submitter",,,NC_000007.13:g.(?_55086971)_(55219075_?)dup,,,
3245837,NC_000007.13:g.(?_55223503)_(55228051_?)dup,EGFR,Uncertain significance,"criteria provided, single submitter",,,NC_000007.13:g.(?_55223503)_(55228051_?)dup,,,
3346517,NM_005228.5(EGFR):c.1932_1935dup (p.Ile646fs),EGFR,Uncertain significance,no assertion criteria provided,,,c.1932_1935dup,,,
3357580,NM_005228.5(EGFR):c.1881-803G>T,EGFR,Uncertain significance,no assertion criteria provided,,,NM_005228.5(EGFR):c.1881-803G>T,,,
3358183,NM_005228.5(EGFR):c.1881-846G>T,EGFR,Uncertain significance,no assertion criteria provided,,,NM_005228.5(EGFR):c.1881-846G>T,,,
3374884,NM_005228.5(EGFR):c.800T>C (p.Leu267Pro),EGFR,Uncertain significance,"criteria provided, single submitter",,,c.800T>C,,,
1055293,NM_005228.5(EGFR):c.2278C>T (p.Leu760Phe),EGFR,Uncertain significance,"criteria provided, single submitter",,,c.2278C>T,,rs2128954901,
1055397,NM_005228.5(EGFR):c.1355C>T (p.Ser452Phe),EGFR,Uncertain significance,"criteria provided, single submitter",,,c.1355C>T,,rs1226827460,
1055568,NM_005228.5(EGFR):c.1630G>A (p.Gly544Ser),EGFR,Uncertain significance,"criteria provided, multiple submitters, no conflicts",,,c.1630G>A,,rs755584255,
1055668,NM_005228.5(EGFR):c.716G>C (p.Gly239Ala),EGFR,Uncertain significance,"criteria provided, multiple submitters, no conflicts",,,c.716G>C,,rs1447176163,
1055818,NM_005228.5(EGFR):c.2914G>A (p.Ala972Thr),EGFR,Uncertain significance,"criteria provided, multiple submitters, no conflicts",,,c.2914G>A,,rs2128969940,
1055886,NM_005228.5(EGFR):c.3217C>G (p.Pro1073Ala),EGFR,Uncertain significance,"criteria provided, single submitter",,,c.3217C>G,,rs768226783,
1056134,NM_005228.5(EGFR):c.2004_2005delinsTG (p.Met668_Arg669delinsIleGly),EGFR,Uncertain significance,"criteria provided, multiple submitters, no conflicts",,,c.2004_2005delinsTG,,rs2128952569,
1056142,NM_005228.5(EGFR):c.1798A>T (p.Met600Leu),EGFR,Uncertain significance,"criteria provided, multiple submitters, no conflicts",,,c.1798A>T,,rs746395542,
1056156,NM_005228.5(EGFR):c.3368C>T (p.Pro1123Leu),EGFR,Uncertain significance,"criteria provided, multiple submitters, no conflicts",,,c.3368C>T,,rs775317295,
1058483,NM_005228.5(EGFR):c.1192G>A (p.Val398Ile),LOC126860048,Uncertain significance,"criteria provided, single submitter",,,c.1192G>A,,rs757265130,
1058753,NM_005228.5(EGFR):c.739G>C (p.Asp247His),EGFR,Uncertain significance,"criteria provided, single submitter",,,c.739G>C,,rs780001754,
1058870,NM_005228.5(EGFR):c.1787C>T (p.Pro596Leu),EGFR,Uncertain significance,"criteria provided, multiple submitters, no conflicts",,,c.1787C>T,,rs1477025000,
1059299,NM_005228.5(EGFR):c.3203G>A (p.Arg1068Gln),EGFR,Uncertain significance,"criteria provided, multiple submitters, no conflicts",,,c.3203G>A,,rs374501041,
1059300,NM_005228.5(EGFR):c.2218A>G (p.Ile740Val),EGFR,Uncertain significance,"criteria provided, multiple submitters, no conflicts",,,c.2218A>G,,rs747133806,
1059462,NM_005228.5(EGFR):c.1996C>G (p.Leu666Val),EGFR,Uncertain significance,"criteria provided, multiple submitters, no conflicts",,,c.1996C>G,,rs771988878,
1059494,NM_005228.5(EGFR):c.2868T>G (p.Asp956Glu),EGFR,Uncertain significance,"criteria provided, single submitter",,,c.2868T>G,,rs2128969817,
1059673,NM_005228.5(EGFR):c.340G>A (p.Glu114Lys),EGFR,Uncertain significance,"criteria provided, multiple submitters, no conflicts",,,c.340G>A,,rs1219568637,
3068197,NM_005228.5(EGFR):c.2639G>C (p.Trp880Ser),EGFR,Uncertain significance,"criteria provided, single submitter",,,c.2639G>C,,rs2534824129,
3224656,NM_005228.5(EGFR):c.2365A>G (p.Ile789Val),EGFR-AS1,Uncertain significance,"criteria provided, single submitter",,,c.2365A>G,,rs767674013,
3235697,NM_005228.5(EGFR):c.2612C>A (p.Ala871Glu),EGFR,Uncertain significance,no assertion criteria provided,,,c.2612C>A,,rs397517134,
3236362,NM_005228.5(EGFR):c.976T>A (p.Cys326Ser),EGFR,Uncertain significance,"criteria provided, single submitter",,,c.976T>A,,rs2128937542,
3245832,NC_000007.13:g.(?_55266390)_(55266576_?)del,EGFR,Uncertain significance,"criteria provided, single submitter",,,NC_000007.13:g.(?_55266390)_(55266576_?)del,,,
3245834,NC_000007.13:g.(?_55218977)_(55219065_?)del,EGFR,Uncertain significance,"criteria provided, single submitter",,,NC_000007.13:g.(?_55218977)_(55219065_?)del,,,
3245835,NC_000007.13:g.(?_55086971)_(55087078_?)dup,EGFR,Uncertain significance,"criteria provided, single submitter",,,NC_000007.13:g.(?_55086971)_(55087078_?)dup,,,
1060800,NM_005228.5(EGFR):c.2084G>T (p.Ser695Ile),EGFR,Uncertain significance,"criteria provided, single submitter",,,c.2084G>T,,rs2128953537,
1060866,NM_005228.5(EGFR):c.1668A>G (p.Ile556Met),EGFR,Uncertain significance,"criteria provided, multiple submitters, no conflicts",,,c.1668A>G,,rs747203424,
1061271,NM_005228.5(EGFR):c.1390T>G (p.Ser464Ala),EGFR,Uncertain significance,"criteria provided, multiple submitters, no conflicts",,,c.1390T>G,,rs746763556,
1061278,NM_005228.5(EGFR):c.907G>C (p.Asp303His),EGFR,Uncertain significance,"criteria provided, single submitter",,,c.907G>C,,rs2128937365,
1061306,NM_005228.5(EGFR):c.2353A>G (p.Thr785Ala),EGFR,Uncertain significance,"criteria provided, multiple submitters, no conflicts",,,c.2353A>G,,rs2128958596,
1061326,NM_005228.5(EGFR):c.2824G>A (p.Asp942Asn),EGFR,Uncertain significance,"criteria provided, multiple submitters, no conflicts",,,c.2824G>A,,rs967910623,
1061820,NM_005228.5(EGFR):c.3524A>G (p.Asp1175Gly),EGFR,Uncertain significance,"criteria provided, multiple submitters, no conflicts",,,c.3524A>G,,rs2128975521,
3022056,NM_005228.5(EGFR):c.3005T>C (p.Met1002Thr),EGFR,Uncertain significance,"criteria provided, multiple submitters, no conflicts",,,c.3005T>C,,rs1319486482,
3022603,NM_005228.5(EGFR):c.23G>A (p.Gly8Glu),EGFR,Uncertain significance,"criteria provided, multiple submitters, no conflicts",,,c.23G>A,,rs1786368377,
3023649,NM_005228.5(EGFR):c.610GAG[1] (p.Glu205del),EGFR,Uncertain significance,"criteria provided, single submitter",,,c.610GAG[1],,rs1785140336,
3023650,NM_005228.5(EGFR):c.2821A>G (p.Ile941Val),EGFR,Uncertain significance,"criteria provided, multiple submitters, no conflicts",,,c.2821A>G,,rs2128968878,
3036197,NM_005228.5(EGFR):c.1881-689G>T,EGFR,Uncertain significance,no assertion criteria provided,,,NM_005228.5(EGFR):c.1881-689G>T,,rs751185812,
3068138,NM_005228.5(EGFR):c.2701+1G>A,EGFR,Uncertain significance,"criteria provided, single submitter",,,NM_005228.5(EGFR):c.2701+1G>A,,rs1787460755,
1057977,NM_005228.5(EGFR):c.848G>T (p.Gly283Val),EGFR,Uncertain significance,"criteria provided, single submitter",,,c.848G>T,,rs2128935084,
1058025,NM_005228.5(EGFR):c.592A>G (p.Ser198Gly),EGFR,Uncertain significance,"criteria provided, single submitter",,,c.592A>G,,rs2128932547,
1058317,NM_005228.5(EGFR):c.281A>G (p.Asn94Ser),EGFR,Uncertain significance,"criteria provided, single submitter",,,c.281A>G,,rs2128927256,
3013787,NM_005228.5(EGFR):c.898G>A (p.Val300Met),EGFR,Uncertain significance,"criteria provided, single submitter",,,c.898G>A,,rs2128937344,
3013911,NM_005228.5(EGFR):c.2036T>C (p.Leu679Pro),EGFR,Uncertain significance,"criteria provided, single submitter",,,c.2036T>C,,rs2128952660,
3015016,NM_005228.5(EGFR):c.68G>C (p.Arg23Pro),EGFR,Uncertain significance,"criteria provided, multiple submitters, no conflicts",,,c.68G>C,,rs1786374080,
3018243,NM_005228.5(EGFR):c.3466C>T (p.His1156Tyr),EGFR,Uncertain significance,"criteria provided, single submitter",,,c.3466C>T,,rs1320747370,
3019805,NM_005228.5(EGFR):c.628+3A>G,EGFR,Uncertain significance,"criteria provided, single submitter",,,NM_005228.5(EGFR):c.628+3A>G,,rs2128932654,
3020166,NM_005228.5(EGFR):c.863G>A (p.Gly288Asp),EGFR,Uncertain significance,"criteria provided, multiple submitters, no conflicts",,,c.863G>A,,rs2128935127,
3020443,NM_005228.5(EGFR):c.3004A>G (p.Met1002Val),EGFR,Uncertain significance,"criteria provided, single submitter",,,c.3004A>G,,rs1225496600,
3020526,NM_005228.5(EGFR):c.1298+3A>G,EGFR,Uncertain significance,"criteria provided, multiple submitters, no conflicts",,,NM_005228.5(EGFR):c.1298+3A>G,,rs1785502922,
3020999,NM_005228.5(EGFR):c.3181A>C (p.Lys1061Gln),EGFR,Uncertain significance,"criteria provided, multiple submitters, no conflicts",,,c.3181A>C,,rs748111724,
3021040,NM_005228.5(EGFR):c.1958C>A (p.Ala653Asp),EGFR,Uncertain significance,"criteria provided, single submitter",,,c.1958C>A,,rs2128952465,
1060013,NM_005228.5(EGFR):c.2184G>A (p.Lys728=),EGFR,Uncertain significance,"criteria provided, single submitter",,,c.2184G>A,,rs1786480922,
1060466,NM_005228.5(EGFR):c.1556A>G (p.Glu519Gly),EGFR,Uncertain significance,"criteria provided, multiple submitters, no conflicts",,,c.1556A>G,,rs749186957,
1060508,NM_005228.5(EGFR):c.1694A>G (p.Gln565Arg),EGFR,Uncertain significance,"criteria provided, single submitter",,,c.1694A>G,,rs1258211270,
1060651,NM_005228.5(EGFR):c.702C>G (p.Asn234Lys),EGFR,Uncertain significance,"criteria provided, multiple submitters, no conflicts",,,c.702C>G,,rs940465245,
1060680,NM_005228.5(EGFR):c.2814A>G (p.Ile938Met),EGFR,Uncertain significance,"criteria provided, single submitter",,,c.2814A>G,,rs763924711,
1060740,NM_005228.5(EGFR):c.2174C>T (p.Thr725Met),EGFR,Uncertain significance,"criteria provided, multiple submitters, no conflicts",,,c.2174C>T,,rs767505234,
1062930,NM_005228.5(EGFR):c.3162+3A>G,EGFR,Uncertain significance,"criteria provided, single submitter",,,NM_005228.5(EGFR):c.3162+3A>G,,rs2128972561,
1062980,NM_005228.5(EGFR):c.3094A>G (p.Thr1032Ala),EGFR,Uncertain significance,"criteria provided, multiple submitters, no conflicts",,,c.3094A>G,,rs775415330,
1063097,NM_005228.5(EGFR):c.33_41del (p.11LLA[1]),EGFR,Uncertain significance,"criteria provided, single submitter",,,c.33_41del,,rs2128853378,
1063111,NM_005228.5(EGFR):c.14G>C (p.Gly5Ala),EGFR,Uncertain significance,"criteria provided, multiple submitters, no conflicts",,,c.14G>C,,rs759582787,
1063123,NM_005228.5(EGFR):c.2495G>A (p.Arg832His),EGFR,Uncertain significance,"criteria provided, multiple submitters, no conflicts",,,c.2495G>A,,rs772091823,
1063175,NM_005228.5(EGFR):c.1751A>G (p.His584Arg),EGFR,Uncertain significance,"criteria provided, multiple submitters, no conflicts",,,c.1751A>G,,rs1562775356,
1063910,NM_005228.5(EGFR):c.2588G>A (p.Gly863Asp),EGFR,Uncertain significance,"criteria provided, single submitter",,,c.2588G>A,,rs909797662,
1064235,NM_005228.5(EGFR):c.250G>C (p.Glu84Gln),EGFR,Uncertain significance,"criteria provided, multiple submitters, no conflicts",,,c.250G>C,,rs753319070,
3007628,NM_005228.5(EGFR):c.1874C>T (p.Thr625Ile),EGFR,Uncertain significance,"criteria provided, multiple submitters, no conflicts",,,c.1874C>T,,rs2128946534,
3008329,NM_005228.5(EGFR):c.2062-3C>T,EGFR,Uncertain significance,"criteria provided, single submitter",,,NM_005228.5(EGFR):c.2062-3C>T,,rs778075962,
3011099,NM_005228.5(EGFR):c.3486C>A (p.Ser1162Arg),EGFR,Uncertain significance,"criteria provided, multiple submitters, no conflicts",,,c.3486C>A,,rs766347941,
3011604,NM_005228.5(EGFR):c.707G>A (p.Cys236Tyr),EGFR,Uncertain significance,"criteria provided, single submitter",,,c.707G>A,,rs2128933817,
3011781,NM_005228.5(EGFR):c.1134-15T>A,EGFR,Uncertain significance,"criteria provided, single submitter",,,NM_005228.5(EGFR):c.1134-15T>A,,rs2128938635,
3012404,NM_005228.5(EGFR):c.1080A>C (p.Lys360Asn),EGFR,Uncertain significance,"criteria provided, single submitter",,,c.1080A>C,,rs2128938321,
3013427,NM_005228.5(EGFR):c.3415C>T (p.Leu1139Phe),EGFR,Uncertain significance,"criteria provided, single submitter",,,c.3415C>T,,rs1473630143,
3002541,NM_005228.5(EGFR):c.632C>G (p.Thr211Ser),EGFR,Uncertain significance,"criteria provided, multiple submitters, no conflicts",,,c.632C>G,,rs779156097,
3003608,NM_005228.5(EGFR):c.219T>G (p.Asn73Lys),EGFR,Uncertain significance,"criteria provided, multiple submitters, no conflicts",,,c.219T>G,,rs1269583681,
3004757,NM_005228.5(EGFR):c.3116G>A (p.Ser1039Asn),EGFR,Uncertain significance,"criteria provided, multiple submitters, no conflicts",,,c.3116G>A,,rs2128972470,
3005334,NM_005228.5(EGFR):c.683C>G (p.Pro228Arg),EGFR,Uncertain significance,"criteria provided, multiple submitters, no conflicts",,,c.683C>G,,rs752616839,
1062284,NM_005228.5(EGFR):c.3521A>G (p.Gln1174Arg),EGFR,Uncertain significance,"criteria provided, single submitter",,,c.3521A>G,,rs2128975518,
2988764,NM_005228.5(EGFR):c.658T>G (p.Ser220Ala),EGFR,Uncertain significance,"criteria provided, multiple submitters, no conflicts",,,c.658T>G,,rs761098433,
2995777,NM_005228.5(EGFR):c.1709C>G (p.Thr570Ser),EGFR,Uncertain significance,"criteria provided, single submitter",,,c.1709C>G,,rs774558548,
2995912,NM_005228.5(EGFR):c.1594G>A (p.Gly532Ser),EGFR,Uncertain significance,"criteria provided, single submitter",,,c.1594G>A,,rs2128942974,
2998576,NM_005228.5(EGFR):c.793C>A (p.Pro265Thr),EGFR,Uncertain significance,"criteria provided, single submitter",,,c.793C>A,,rs2128934927,
2999534,NM_005228.5(EGFR):c.2413C>T (p.His805Tyr),EGFR-AS1,Uncertain significance,"criteria provided, single submitter",,,c.2413C>T,,rs2128958749,
2970970,NM_005228.5(EGFR):c.413G>T (p.Arg138Ile),EGFR,Uncertain significance,"criteria provided, multiple submitters, no conflicts",,,c.413G>T,,rs1437762652,
2973266,NM_005228.5(EGFR):c.2556G>C (p.Lys852Asn),EGFR,Uncertain significance,"criteria provided, single submitter",,,c.2556G>C,,rs1368081699,
2975667,NM_005228.5(EGFR):c.2131G>C (p.Glu711Gln),EGFR,Uncertain significance,"criteria provided, single submitter",,,c.2131G>C,,rs2128953662,
2978805,NM_005228.5(EGFR):c.3371A>C (p.His1124Pro),EGFR,Uncertain significance,"criteria provided, multiple submitters, no conflicts",,,c.3371A>C,,rs1788066890,
2979100,NM_005228.5(EGFR):c.395T>C (p.Leu132Pro),EGFR,Uncertain significance,"criteria provided, single submitter",,,c.395T>C,,rs2128927520,
2984279,NM_005228.5(EGFR):c.2818A>G (p.Thr940Ala),EGFR,Uncertain significance,"criteria provided, single submitter",,,c.2818A>G,,rs753612121,
2985759,NM_005228.5(EGFR):c.3518A>C (p.Gln1173Pro),EGFR,Uncertain significance,"criteria provided, single submitter",,,c.3518A>C,,rs147896627,
2956685,NM_005228.5(EGFR):c.499A>T (p.Ile167Leu),EGFR,Uncertain significance,"criteria provided, multiple submitters, no conflicts",,,c.499A>T,,rs2128929534,
2960460,NM_005228.5(EGFR):c.2023C>T (p.Arg675Trp),EGFR,Uncertain significance,"criteria provided, multiple submitters, no conflicts",,,c.2023C>T,,rs1786429872,
2961764,NM_005228.5(EGFR):c.38C>A (p.Ala13Glu),EGFR,Uncertain significance,"criteria provided, multiple submitters, no conflicts",,,c.38C>A,,rs567894670,
2963890,NM_005228.5(EGFR):c.3254C>T (p.Thr1085Ile),EGFR,Uncertain significance,"criteria provided, multiple submitters, no conflicts",,,c.3254C>T,,rs2128973158,
2965392,NM_005228.5(EGFR):c.1223A>G (p.Gln408Arg),EGFR,Uncertain significance,"criteria provided, multiple submitters, no conflicts",,,c.1223A>G,,rs2128939619,
2966860,NM_005228.5(EGFR):c.3122C>T (p.Thr1041Ile),EGFR,Uncertain significance,"criteria provided, multiple submitters, no conflicts",,,c.3122C>T,,rs2128972482,
2966904,NM_005228.5(EGFR):c.411G>T (p.Met137Ile),EGFR,Uncertain significance,"criteria provided, multiple submitters, no conflicts",,,c.411G>T,,rs1794583894,
2900695,NM_005228.5(EGFR):c.1904G>A (p.Gly635Asp),EGFR,Uncertain significance,"criteria provided, single submitter",,,c.1904G>A,,rs2128951391,
2901332,NM_005228.5(EGFR):c.3382C>A (p.Pro1128Thr),EGFR,Uncertain significance,"criteria provided, multiple submitters, no conflicts",,,c.3382C>A,,rs2534895214,
2904529,NM_005228.5(EGFR):c.1454G>C (p.Gly485Ala),EGFR,Uncertain significance,"criteria provided, multiple submitters, no conflicts",,,c.1454G>C,,rs982033612,
2906832,NM_005228.5(EGFR):c.2368A>T (p.Thr790Ser),EGFR-AS1,Uncertain significance,"criteria provided, multiple submitters, no conflicts",,,c.2368A>T,,rs2128958643,
2907177,NM_005228.5(EGFR):c.2669T>C (p.Ile890Thr),EGFR,Uncertain significance,"criteria provided, single submitter",,,c.2669T>C,,rs2128965546,
2894760,NM_005228.5(EGFR):c.3421A>G (p.Thr1141Ala),EGFR,Uncertain significance,"criteria provided, single submitter",,,c.3421A>G,,rs2128975329,
2895676,NM_005228.5(EGFR):c.1804G>A (p.Glu602Lys),EGFR,Uncertain significance,"criteria provided, single submitter",,,c.1804G>A,,rs2535573310,
2895879,NM_005228.5(EGFR):c.143T>C (p.Phe48Ser),EGFR,Uncertain significance,"criteria provided, multiple submitters, no conflicts",,,c.143T>C,,rs1263793183,
1299070,NM_005228.5(EGFR):c.3613A>C (p.Ser1205Arg),EGFR,Uncertain significance,"criteria provided, multiple submitters, no conflicts",,,c.3613A>C,,rs2128975677,
1316618,NM_005228.5(EGFR):c.1367T>C (p.Ile456Thr),EGFR,Uncertain significance,"criteria provided, multiple submitters, no conflicts",,,c.1367T>C,,rs1177337471,
2878475,NM_005228.5(EGFR):c.1471A>T (p.Ile491Leu),EGFR,Uncertain significance,"criteria provided, single submitter",,,c.1471A>T,,rs768500612,
2884626,NM_005228.5(EGFR):c.796C>T (p.Pro266Ser),EGFR,Uncertain significance,"criteria provided, multiple submitters, no conflicts",,,c.796C>T,,rs1785287815,
2884939,NM_005228.5(EGFR):c.2749G>C (p.Gly917Arg),EGFR,Uncertain significance,"criteria provided, multiple submitters, no conflicts",,,c.2749G>C,,rs775695605,
2885189,NM_005228.5(EGFR):c.1778A>G (p.Lys593Arg),EGFR,Uncertain significance,"criteria provided, single submitter",,,c.1778A>G,,rs2128946240,
2885936,NM_005228.5(EGFR):c.2033C>A (p.Thr678Lys),EGFR,Uncertain significance,"criteria provided, single submitter",,,c.2033C>A,,rs138193597,
2886805,NM_005228.5(EGFR):c.3006G>A (p.Met1002Ile),EGFR,Uncertain significance,"criteria provided, multiple submitters, no conflicts",,,c.3006G>A,,rs2128971582,
2888268,NM_005228.5(EGFR):c.1915A>G (p.Asn639Asp),EGFR,Uncertain significance,"criteria provided, multiple submitters, no conflicts",,,c.1915A>G,,rs1786334130,
2890005,NM_005228.5(EGFR):c.1954G>A (p.Gly652Arg),EGFR,Uncertain significance,"criteria provided, multiple submitters, no conflicts",,,c.1954G>A,,rs1786423974,
2890908,NM_005228.5(EGFR):c.1299-6A>G,EGFR,Uncertain significance,"criteria provided, single submitter",,,NM_005228.5(EGFR):c.1299-6A>G,,rs377160250,
2892265,NM_005228.5(EGFR):c.3019A>G (p.Met1007Val),EGFR,Uncertain significance,"criteria provided, multiple submitters, no conflicts",,,c.3019A>G,,rs1787834992,
1319894,NM_005228.5(EGFR):c.2050C>G (p.Gln684Glu),EGFR,Uncertain significance,"criteria provided, multiple submitters, no conflicts",,,c.2050C>G,,rs2128952697,
1345466,NM_005228.5(EGFR):c.2212G>T (p.Val738Phe),EGFR,Uncertain significance,"criteria provided, single submitter",,,c.2212G>T,,rs2128954625,
1345484,NM_005228.5(EGFR):c.3250G>T (p.Asp1084Tyr),EGFR,Uncertain significance,"criteria provided, multiple submitters, no conflicts",,,c.3250G>T,,rs535060253,
1345657,NM_005228.5(EGFR):c.704A>T (p.Gln235Leu),EGFR,Uncertain significance,"criteria provided, single submitter",,,c.704A>T,,rs1040130291,
1345662,NM_005228.5(EGFR):c.887C>T (p.Pro296Leu),EGFR,Uncertain significance,"criteria provided, single submitter",,,c.887C>T,,rs2128935189,
1346216,NM_005228.5(EGFR):c.2194A>C (p.Ile732Leu),EGFR,Uncertain significance,"criteria provided, single submitter",,,c.2194A>C,,rs2128954582,
1347031,NM_005228.5(EGFR):c.1451C>T (p.Ser484Phe),EGFR,Uncertain significance,"criteria provided, single submitter",,,c.1451C>T,,rs2128941662,
1347297,NM_005228.5(EGFR):c.1658C>G (p.Ser553Cys),EGFR,Uncertain significance,"criteria provided, single submitter",,,c.1658C>G,,rs2128944657,
1347314,NM_005228.5(EGFR):c.1162G>T (p.Asp388Tyr),LOC126860048,Uncertain significance,"criteria provided, multiple submitters, no conflicts",,,c.1162G>T,,rs2128938720,
2871380,NM_005228.5(EGFR):c.3475C>T (p.Gln1159Ter),EGFR,Uncertain significance,"criteria provided, single submitter",,,c.3475C>T,,rs1433524783,
2874263,NM_005228.5(EGFR):c.571G>A (p.Asp191Asn),EGFR,Uncertain significance,"criteria provided, single submitter",,,c.571G>A,,rs1785138534,
1350988,NM_005228.5(EGFR):c.1202T>A (p.Ile401Asn),EGFR,Uncertain significance,"criteria provided, single submitter",,,c.1202T>A,,rs2128938784,
1351241,NM_005228.5(EGFR):c.3162G>A (p.Gly1054=),EGFR,Uncertain significance,"criteria provided, multiple submitters, no conflicts",,,c.3162G>A,,rs987532315,
1351244,NM_005228.5(EGFR):c.421C>A (p.Gln141Lys),EGFR,Uncertain significance,"criteria provided, single submitter",,,c.421C>A,,rs2128927591,
1352012,NM_005228.5(EGFR):c.3361A>G (p.Arg1121Gly),EGFR,Uncertain significance,"criteria provided, multiple submitters, no conflicts",,,c.3361A>G,,rs1788066370,
1352477,NM_005228.5(EGFR):c.1270G>C (p.Glu424Gln),EGFR,Uncertain significance,"criteria provided, single submitter",,,c.1270G>C,,rs1785500503,
1352520,NM_005228.5(EGFR):c.2888A>G (p.Glu963Gly),EGFR,Uncertain significance,"criteria provided, multiple submitters, no conflicts",,,c.2888A>G,,rs751632602,
1352687,NM_005228.5(EGFR):c.3013G>C (p.Glu1005Gln),EGFR,Uncertain significance,"criteria provided, single submitter",,,c.3013G>C,,rs2128971601,
2857138,NM_005228.5(EGFR):c.2704G>T (p.Val902Leu),EGFR,Uncertain significance,"criteria provided, single submitter",,,c.2704G>T,,rs779015469,
2857846,NM_005228.5(EGFR):c.629-5T>C,EGFR,Uncertain significance,"criteria provided, single submitter",,,NM_005228.5(EGFR):c.629-5T>C,,rs2535497838,
2858082,NM_005228.5(EGFR):c.240G>A (p.Lys80=),EGFR,Uncertain significance,"criteria provided, multiple submitters, no conflicts",,,c.240G>A,,rs2128926458,
2859360,NM_005228.5(EGFR):c.434A>T (p.His145Leu),EGFR,Uncertain significance,"criteria provided, single submitter",,,c.434A>T,,rs780476417,
2860742,NM_005228.5(EGFR):c.1934C>T (p.Ser645Phe),EGFR,Uncertain significance,"criteria provided, single submitter",,,c.1934C>T,,rs772046081,
2861032,NM_005228.5(EGFR):c.1479C>T (p.Asn493=),EGFR,Uncertain significance,"criteria provided, single submitter",,,c.1479C>T,,rs2128941728,
2861371,NM_005228.5(EGFR):c.560-17T>G,EGFR,Uncertain significance,"criteria provided, single submitter",,,NM_005228.5(EGFR):c.560-17T>G,,rs2128932402,
1319892,NM_005228.5(EGFR):c.3114+14_3114+15insC,EGFR,Uncertain significance,"criteria provided, single submitter",,,NM_005228.5(EGFR):c.3114+14_3114+15insC,,rs2128971846,
1319893,NM_005228.5(EGFR):c.3110C>G (p.Ser1037Cys),EGFR,Uncertain significance,"criteria provided, single submitter",,,c.3110C>G,,rs765496858,
2848010,NM_005228.5(EGFR):c.1703A>G (p.Asn568Ser),EGFR,Uncertain significance,"criteria provided, single submitter",,,c.1703A>G,,rs2128944780,
2848730,NM_005228.5(EGFR):c.1997T>C (p.Leu666Pro),EGFR,Uncertain significance,"criteria provided, single submitter",,,c.1997T>C,,rs2128952548,
2849081,NM_005228.5(EGFR):c.1249C>A (p.Leu417Ile),EGFR,Uncertain significance,"criteria provided, single submitter",,,c.1249C>A,,rs2128939676,
2850851,NM_005228.5(EGFR):c.2062C>T (p.Leu688Phe),EGFR,Uncertain significance,"criteria provided, multiple submitters, no conflicts",,,c.2062C>T,,rs749554270,
2850852,NM_005228.5(EGFR):c.256G>T (p.Ala86Ser),EGFR,Uncertain significance,"criteria provided, single submitter",,,c.256G>T,,rs2128927193,
2851944,NM_005228.5(EGFR):c.1238A>G (p.Asn413Ser),EGFR,Uncertain significance,"criteria provided, single submitter",,,c.1238A>G,,rs770466526,
2852169,NM_005228.5(EGFR):c.484A>C (p.Ile162Leu),EGFR,Uncertain significance,"criteria provided, single submitter",,,c.484A>C,,rs2128929502,
2853592,NM_005228.5(EGFR):c.3131A>T (p.Asn1044Ile),EGFR,Uncertain significance,"criteria provided, single submitter",,,c.3131A>T,,rs2128972505,
2855229,NM_005228.5(EGFR):c.1505C>T (p.Thr502Ile),EGFR,Uncertain significance,"criteria provided, single submitter",,,c.1505C>T,,rs2128942686,
2855431,NM_005228.5(EGFR):c.366A>C (p.Leu122Phe),EGFR,Uncertain significance,"criteria provided, single submitter",,,c.366A>C,,rs2128927458,
2855438,NM_005228.5(EGFR):c.976T>C (p.Cys326Arg),EGFR,Uncertain significance,"criteria provided, single submitter",,,c.976T>C,,rs2128937542,
1348364,NM_005228.5(EGFR):c.334T>C (p.Tyr112His),EGFR,Uncertain significance,"criteria provided, multiple submitters, no conflicts",,,c.334T>C,,rs2128927369,
1348863,NM_005228.5(EGFR):c.1178A>C (p.Asp393Ala),EGFR,Uncertain significance,"criteria provided, single submitter",,,c.1178A>C,,rs2128938739,
1349155,NM_005228.5(EGFR):c.2547G>C (p.Gln849His),EGFR,Uncertain significance,"criteria provided, single submitter",,,c.2547G>C,,rs1433831615,
1350072,NM_005228.5(EGFR):c.3498C>A (p.Ser1166Arg),EGFR,Uncertain significance,"criteria provided, multiple submitters, no conflicts",,,c.3498C>A,,rs2128975475,
1350944,NM_005228.5(EGFR):c.3341C>T (p.Pro1114Leu),EGFR,Uncertain significance,"criteria provided, single submitter",,,c.3341C>T,,rs2128975193,
1355252,NM_005228.5(EGFR):c.3302C>G (p.Pro1101Arg),EGFR,Uncertain significance,"criteria provided, single submitter",,,c.3302C>G,,rs764332519,
1357282,NM_005228.5(EGFR):c.3058C>G (p.Gln1020Glu),EGFR,Uncertain significance,"criteria provided, single submitter",,,c.3058C>G,,rs1787838140,
1357341,NM_005228.5(EGFR):c.1758T>G (p.Ile586Met),EGFR,Uncertain significance,"criteria provided, multiple submitters, no conflicts",,,c.1758T>G,,rs1281578598,
1357631,NM_005228.5(EGFR):c.2020G>T (p.Val674Phe),EGFR,Uncertain significance,"criteria provided, multiple submitters, no conflicts",,,c.2020G>T,,rs17337079,
1358272,NM_005228.5(EGFR):c.2302A>G (p.Ser768Gly),EGFR-AS1,Uncertain significance,"criteria provided, multiple submitters, no conflicts",,,c.2302A>G,,rs756614898,
1361381,NM_005228.5(EGFR):c.3271+3G>A,EGFR,Uncertain significance,"criteria provided, multiple submitters, no conflicts",,,NM_005228.5(EGFR):c.3271+3G>A,,rs2128973199,
1361667,NM_005228.5(EGFR):c.2222C>T (p.Pro741Leu),EGFR,Uncertain significance,"criteria provided, single submitter",,,c.2222C>T,,rs2128954665,
1361733,NM_005228.5(EGFR):c.3258C>G (p.Phe1086Leu),EGFR,Uncertain significance,"criteria provided, single submitter",,,c.3258C>G,,rs2128973167,
1361784,NM_005228.5(EGFR):c.1425A>G (p.Ile475Met),EGFR,Uncertain significance,"criteria provided, multiple submitters, no conflicts",,,c.1425A>G,,rs1021252393,
1362114,NM_005228.5(EGFR):c.1438C>A (p.Leu480Met),EGFR,Uncertain significance,"criteria provided, multiple submitters, no conflicts",,,c.1438C>A,,rs147732025,
1362414,NM_005228.5(EGFR):c.1553C>G (p.Pro518Arg),EGFR,Uncertain significance,"criteria provided, single submitter",,,c.1553C>G,,rs564398642,
2841664,NM_005228.5(EGFR):c.1134-7_1134-4del,LOC126860048,Uncertain significance,"criteria provided, single submitter",,,NM_005228.5(EGFR):c.1134-7_1134-4del,,rs1325544866,
2844319,NM_005228.5(EGFR):c.3012AGA[3] (p.Glu1005_Asp1006insGlu),EGFR,Uncertain significance,"criteria provided, single submitter",,,c.3012AGA[3],,rs760292181,
2844411,NM_005228.5(EGFR):c.3611G>A (p.Ser1204Asn),EGFR,Uncertain significance,"criteria provided, single submitter",,,c.3611G>A,,rs2128975671,
2846811,NM_005228.5(EGFR):c.724G>C (p.Gly242Arg),EGFR,Uncertain significance,"criteria provided, single submitter",,,c.724G>C,,rs2128933862,
1367404,NM_005228.5(EGFR):c.2183A>G (p.Lys728Arg),EGFR,Uncertain significance,"criteria provided, single submitter",,,c.2183A>G,,rs2128953784,
1367512,NM_005228.5(EGFR):c.2863G>C (p.Ala955Pro),EGFR,Uncertain significance,"criteria provided, single submitter",,,c.2863G>C,,rs201830126,
1367575,NM_005228.5(EGFR):c.242C>A (p.Thr81Asn),EGFR,Uncertain significance,"criteria provided, single submitter",,,c.242C>A,,rs2128927153,
1367587,NM_005228.5(EGFR):c.817A>C (p.Thr273Pro),EGFR,Uncertain significance,"criteria provided, multiple submitters, no conflicts",,,c.817A>C,,rs1584172616,
1367757,NM_005228.5(EGFR):c.2857A>C (p.Ile953Leu),EGFR,Uncertain significance,"criteria provided, multiple submitters, no conflicts",,,c.2857A>C,,rs2128969787,
1368570,NM_005228.5(EGFR):c.2061G>A (p.Glu687=),EGFR,Uncertain significance,"criteria provided, multiple submitters, no conflicts",,,c.2061G>A,,rs2128952725,
1368660,NM_005228.5(EGFR):c.1414G>A (p.Ala472Thr),EGFR,Uncertain significance,"criteria provided, single submitter",,,c.1414G>A,,rs2128941571,
2835111,NM_005228.5(EGFR):c.3455A>G (p.Asp1152Gly),EGFR,Uncertain significance,"criteria provided, multiple submitters, no conflicts",,,c.3455A>G,,rs2128975402,
2835235,NM_005228.5(EGFR):c.1082A>G (p.Asn361Ser),LOC126860048,Uncertain significance,"criteria provided, single submitter",,,c.1082A>G,,rs2128938327,
2836191,NM_005228.5(EGFR):c.266T>C (p.Val89Ala),EGFR,Uncertain significance,"criteria provided, multiple submitters, no conflicts",,,c.266T>C,,rs2535447330,
2837245,NM_005228.5(EGFR):c.2944C>A (p.Gln982Lys),EGFR,Uncertain significance,"criteria provided, multiple submitters, no conflicts",,,c.2944C>A,,rs1787796115,
2838966,NM_005228.5(EGFR):c.3107G>C (p.Ser1036Thr),EGFR,Uncertain significance,"criteria provided, single submitter",,,c.3107G>C,,rs2128971793,
1354339,NM_005228.5(EGFR):c.3509C>G (p.Pro1170Arg),EGFR,Uncertain significance,"criteria provided, multiple submitters, no conflicts",,,c.3509C>G,,rs2128975490,
1354340,NM_005228.5(EGFR):c.3524A>T (p.Asp1175Val),EGFR,Uncertain significance,"criteria provided, single submitter",,,c.3524A>T,,rs2128975521,
1354487,NM_005228.5(EGFR):c.3119C>A (p.Ala1040Glu),EGFR,Uncertain significance,"criteria provided, single submitter",,,c.3119C>A,,rs1787857611,
1355043,NM_005228.5(EGFR):c.89T>A (p.Val30Asp),EGFR,Uncertain significance,"criteria provided, multiple submitters, no conflicts",,,c.89T>A,,rs1794501851,
2826084,NM_005228.5(EGFR):c.308A>C (p.Asn103Thr),EGFR,Uncertain significance,"criteria provided, single submitter",,,c.308A>C,,rs2128927308,
2827168,NM_005228.5(EGFR):c.665G>C (p.Arg222Pro),EGFR,Uncertain significance,"criteria provided, single submitter",,,c.665G>C,,rs751295137,
2827776,NM_005228.5(EGFR):c.1306T>G (p.Phe436Val),EGFR,Uncertain significance,"criteria provided, single submitter",,,c.1306T>G,,rs1345387967,
2829761,NM_005228.5(EGFR):c.2824G>T (p.Asp942Tyr),EGFR,Uncertain significance,"criteria provided, single submitter",,,c.2824G>T,,rs967910623,
2831997,NM_005228.5(EGFR):c.2972G>A (p.Ser991Asn),EGFR,Uncertain significance,"criteria provided, multiple submitters, no conflicts",,,c.2972G>A,,rs1787831699,
2832383,NM_005228.5(EGFR):c.2249C>T (p.Ala750Val),EGFR,Uncertain significance,"criteria provided, single submitter",,,c.2249C>T,,rs1468115455,
2833876,NM_005228.5(EGFR):c.544A>T (p.Asn182Tyr),EGFR,Uncertain significance,"criteria provided, single submitter",,,c.544A>T,,rs2128929626,
2834029,NM_005228.5(EGFR):c.1619A>G (p.Asn540Ser),EGFR,Uncertain significance,"criteria provided, multiple submitters, no conflicts",,,c.1619A>G,,rs1562772187,
1362507,NM_005228.5(EGFR):c.3191G>C (p.Ser1064Thr),EGFR,Uncertain significance,"criteria provided, single submitter",,,c.3191G>C,,rs1339648899,
1364569,NM_005228.5(EGFR):c.2855T>C (p.Met952Thr),EGFR,Uncertain significance,"criteria provided, single submitter",,,c.2855T>C,,rs1787789927,
1364706,NM_005228.5(EGFR):c.3325G>A (p.Val1109Ile),EGFR,Uncertain significance,"criteria provided, single submitter",,,c.3325G>A,,rs1055315772,
1364868,NM_005228.5(EGFR):c.1226C>A (p.Ala409Asp),EGFR,Uncertain significance,"criteria provided, single submitter",,,c.1226C>A,,rs2128939623,
1365035,NM_005228.5(EGFR):c.5G>A (p.Arg2Gln),EGFR,Uncertain significance,"criteria provided, single submitter",,,c.5G>A,,rs2128853278,
1365069,NM_005228.5(EGFR):c.31C>T (p.Leu11Phe),EGFR,Uncertain significance,"criteria provided, multiple submitters, no conflicts",,,c.31C>T,,rs1786369664,
1366745,NM_005228.5(EGFR):c.256G>A (p.Ala86Thr),EGFR,Uncertain significance,"criteria provided, single submitter",,,c.256G>A,,rs2128927193,
1367065,NM_005228.5(EGFR):c.1666A>G (p.Ile556Val),EGFR,Uncertain significance,"criteria provided, multiple submitters, no conflicts",,,c.1666A>G,,rs1785820815,
45265,NM_005228.5(EGFR):c.2334G>T (p.Leu778=),EGFR-AS1,Uncertain significance,no assertion criteria provided,,,c.2334G>T,,rs397517118,
45266,NM_005228.5(EGFR):c.2335G>T (p.Gly779Cys),EGFR-AS1,Uncertain significance,"criteria provided, single submitter",,,c.2335G>T,,rs397517119,
45267,NM_005228.5(EGFR):c.2336G>T (p.Gly779Val),EGFR-AS1,Uncertain significance,"criteria provided, single submitter",,,c.2336G>T,,rs397517120,
45275,NM_005228.5(EGFR):c.2464G>A (p.Ala822Thr),EGFR-AS1,Uncertain significance,"criteria provided, multiple submitters, no conflicts",,,c.2464G>A,,rs397517125,
4842919,NM_005228.5(EGFR):c.3130A>G (p.Asn1044Asp),EGFR,Uncertain significance,"criteria provided, single submitter",,,c.3130A>G,,,
4842920,NM_005228.5(EGFR):c.244A>G (p.Ile82Val),EGFR,Uncertain significance,"criteria provided, single submitter",,,c.244A>G,,,
4842921,NM_005228.5(EGFR):c.609A>T (p.Gly203=),EGFR,Uncertain significance,"criteria provided, single submitter",,,c.609A>T,,,
4842923,NM_005228.5(EGFR):c.481A>G (p.Ser161Gly),EGFR,Uncertain significance,"criteria provided, single submitter",,,c.481A>G,,,
4842925,NM_005228.5(EGFR):c.2666G>C (p.Arg889Thr),EGFR,Uncertain significance,"criteria provided, single submitter",,,c.2666G>C,,,
4842927,NM_005228.5(EGFR):c.2735C>G (p.Ser912Cys),EGFR,Uncertain significance,"criteria provided, single submitter",,,c.2735C>G,,,
4842929,NM_005228.5(EGFR):c.1204A>C (p.Thr402Pro),EGFR,Uncertain significance,"criteria provided, single submitter",,,c.1204A>C,,,
4852088,GRCh38/hg38 7p11.2(chr7:54579095-55148693)x3,EGFR,Uncertain significance,"criteria provided, single submitter",,,GRCh38/hg38 7p11.2(chr7:54579095-55148693)x3,,,
4870208,NM_005228.5(EGFR):c.2419G>C (p.Asp807His),EGFR,Uncertain significance,"criteria provided, single submitter",,,c.2419G>C,,,
4870209,NM_005228.5(EGFR):c.1902A>G (p.Glu634=),EGFR,Uncertain significance,"criteria provided, single submitter",,,c.1902A>G,,,
4870211,NM_005228.5(EGFR):c.373T>C (p.Tyr125His),EGFR,Uncertain significance,"criteria provided, single submitter",,,c.373T>C,,,
1372947,NM_005228.5(EGFR):c.1810A>G (p.Asn604Asp),EGFR,Uncertain significance,"criteria provided, single submitter",,,c.1810A>G,,rs2128946337,
1374100,NM_005228.5(EGFR):c.1720C>T (p.Arg574Trp),EGFR,Uncertain significance,"criteria provided, multiple submitters, no conflicts",,,c.1720C>T,,rs760471492,
1374131,NM_005228.5(EGFR):c.1424T>C (p.Ile475Thr),EGFR,Uncertain significance,"criteria provided, multiple submitters, no conflicts",,,c.1424T>C,,rs2128941593,
1374631,NM_005228.5(EGFR):c.1904_1905delinsTA (p.Gly635Val),EGFR,Uncertain significance,"criteria provided, single submitter",,,c.1904_1905delinsTA,,rs2128951392,
1375281,NM_005228.5(EGFR):c.1336A>T (p.Thr446Ser),EGFR,Uncertain significance,"criteria provided, multiple submitters, no conflicts",,,c.1336A>T,,rs2128941370,
1376817,NM_005228.5(EGFR):c.3487C>T (p.His1163Tyr),EGFR,Uncertain significance,"criteria provided, multiple submitters, no conflicts",,,c.3487C>T,,rs1399981803,
2820197,NM_005228.5(EGFR):c.1256C>T (p.Ala419Val),EGFR,Uncertain significance,"criteria provided, single submitter",,,c.1256C>T,,rs2128939689,
2820356,NM_005228.5(EGFR):c.2464G>C (p.Ala822Pro),EGFR,Uncertain significance,"criteria provided, single submitter",,,c.2464G>C,,rs397517125,
2820641,NM_005228.5(EGFR):c.3398T>C (p.Val1133Ala),EGFR,Uncertain significance,"criteria provided, single submitter",,,c.3398T>C,,rs776448547,
2820923,NM_005228.5(EGFR):c.3422C>T (p.Thr1141Ile),EGFR,Uncertain significance,"criteria provided, single submitter",,,c.3422C>T,,rs2128975332,
2820928,NM_005228.5(EGFR):c.382A>G (p.Asn128Asp),EGFR,Uncertain significance,"criteria provided, single submitter",,,c.382A>G,,rs2128927493,
2821063,NM_005228.5(EGFR):c.122T>C (p.Leu41Ser),EGFR,Uncertain significance,"criteria provided, single submitter",,,c.122T>C,,rs2535439441,
2821356,NM_005228.5(EGFR):c.3101T>G (p.Leu1034Arg),EGFR,Uncertain significance,"criteria provided, single submitter",,,c.3101T>G,,rs34352568,
2823742,NM_005228.5(EGFR):c.3458G>A (p.Ser1153Asn),EGFR,Uncertain significance,"criteria provided, single submitter",,,c.3458G>A,,rs2128975406,
2824700,NM_005228.5(EGFR):c.651G>C (p.Gln217His),EGFR,Uncertain significance,"criteria provided, single submitter",,,c.651G>C,,rs2128933689,
1383851,NM_005228.5(EGFR):c.3150T>G (p.Ile1050Met),EGFR,Uncertain significance,"criteria provided, multiple submitters, no conflicts",,,c.3150T>G,,rs2128972543,
1384551,NM_005228.5(EGFR):c.3530T>C (p.Phe1177Ser),EGFR,Uncertain significance,"criteria provided, single submitter",,,c.3530T>C,,rs556324078,
1385212,NM_005228.5(EGFR):c.2980G>A (p.Asp994Asn),EGFR,Uncertain significance,"criteria provided, multiple submitters, no conflicts",,,c.2980G>A,,rs1787831942,
1385349,NM_005228.5(EGFR):c.3010G>A (p.Glu1004Lys),EGFR,Uncertain significance,"criteria provided, multiple submitters, no conflicts",,,c.3010G>A,,rs2128971592,
2814430,NM_005228.5(EGFR):c.2884C>A (p.Arg962Ser),EGFR,Uncertain significance,"criteria provided, single submitter",,,c.2884C>A,,rs17337451,
2815866,NM_005228.5(EGFR):c.2014C>T (p.His672Tyr),EGFR,Uncertain significance,"criteria provided, single submitter",,,c.2014C>T,,rs2128952592,
2817218,NM_005228.5(EGFR):c.747+6A>T,EGFR,Uncertain significance,"criteria provided, single submitter",,,NM_005228.5(EGFR):c.747+6A>T,,rs376868785,
2819679,NM_005228.5(EGFR):c.832G>A (p.Asp278Asn),EGFR,Uncertain significance,"criteria provided, single submitter",,,c.832G>A,,rs2128935042,
1369071,NM_005228.5(EGFR):c.1384A>C (p.Ile462Leu),EGFR,Uncertain significance,"criteria provided, single submitter",,,c.1384A>C,,rs2128941497,
1370066,NM_005228.5(EGFR):c.3052A>C (p.Ile1018Leu),EGFR,Uncertain significance,"criteria provided, multiple submitters, no conflicts",,,c.3052A>C,,rs1362774341,
1370840,NM_005228.5(EGFR):c.2054A>C (p.Glu685Ala),EGFR,Uncertain significance,"criteria provided, multiple submitters, no conflicts",,,c.2054A>C,,rs2128952702,
1370849,NM_005228.5(EGFR):c.353C>A (p.Ala118Asp),EGFR,Uncertain significance,"criteria provided, multiple submitters, no conflicts",,,c.353C>A,,rs1247204001,
1370857,NM_005228.5(EGFR):c.439G>C (p.Ala147Pro),EGFR,Uncertain significance,"criteria provided, multiple submitters, no conflicts",,,c.439G>C,,rs532655845,
1371112,NM_005228.5(EGFR):c.3349C>T (p.Pro1117Ser),EGFR,Uncertain significance,"criteria provided, single submitter",,,c.3349C>T,,rs777435609,
1371744,NM_005228.5(EGFR):c.2683A>T (p.Ser895Cys),EGFR,Uncertain significance,"criteria provided, single submitter",,,c.2683A>T,,rs2128965585,
2812485,NM_005228.5(EGFR):c.3055C>T (p.Pro1019Ser),EGFR,Uncertain significance,"criteria provided, single submitter",,,c.3055C>T,,rs1562805765,
2812499,NM_005228.5(EGFR):c.2894T>C (p.Ile965Thr),EGFR,Uncertain significance,"criteria provided, single submitter",,,c.2894T>C,,rs2128969887,
2813038,NM_005228.5(EGFR):c.2848+12G>T,EGFR,Uncertain significance,"criteria provided, single submitter",,,NM_005228.5(EGFR):c.2848+12G>T,,rs1787732139,
2813413,NM_005228.5(EGFR):c.335A>T (p.Tyr112Phe),EGFR,Uncertain significance,"criteria provided, multiple submitters, no conflicts",,,c.335A>T,,rs2128927373,
1377128,NM_005228.5(EGFR):c.3481G>A (p.Gly1161Ser),EGFR,Uncertain significance,"criteria provided, multiple submitters, no conflicts",,,c.3481G>A,,rs2128975447,
1377958,NM_005228.5(EGFR):c.11C>G (p.Ser4Cys),EGFR,Uncertain significance,"criteria provided, single submitter",,,c.11C>G,,rs771210838,
1378361,NM_005228.5(EGFR):c.2785A>G (p.Lys929Glu),EGFR,Uncertain significance,"criteria provided, single submitter",,,c.2785A>G,,rs2128968796,
1378715,NM_005228.5(EGFR):c.794C>T (p.Pro265Leu),EGFR,Uncertain significance,"criteria provided, single submitter",,,c.794C>T,,rs748627278,
1379449,NM_005228.5(EGFR):c.2277C>G (p.Ile759Met),EGFR,Uncertain significance,"criteria provided, multiple submitters, no conflicts",,,c.2277C>G,,rs1786527291,
1379515,NM_005228.5(EGFR):c.853T>C (p.Tyr285His),EGFR,Uncertain significance,"criteria provided, multiple submitters, no conflicts",,,c.853T>C,,rs776146284,
1379769,NM_005228.5(EGFR):c.3334A>C (p.Asn1112His),EGFR,Uncertain significance,"criteria provided, multiple submitters, no conflicts",,,c.3334A>C,,rs369498625,
1380650,NM_005228.5(EGFR):c.2365A>C (p.Ile789Leu),EGFR-AS1,Uncertain significance,"criteria provided, multiple submitters, no conflicts",,,c.2365A>C,,rs767674013,
1380999,NM_005228.5(EGFR):c.746T>C (p.Leu249Pro),EGFR,Uncertain significance,"criteria provided, multiple submitters, no conflicts",,,c.746T>C,,rs765893589,
1381079,NM_005228.5(EGFR):c.1006G>A (p.Val336Met),EGFR,Uncertain significance,"criteria provided, single submitter",,,c.1006G>A,,rs1437418906,
1383115,NM_005228.5(EGFR):c.1574C>T (p.Ser525Phe),EGFR,Uncertain significance,"criteria provided, single submitter",,,c.1574C>T,,rs2128942914,
2800686,NM_005228.5(EGFR):c.2230A>C (p.Ile744Leu),EGFR,Uncertain significance,"criteria provided, single submitter",,,c.2230A>C,,rs1554348865,
2802797,NM_005228.5(EGFR):c.2159C>T (p.Ser720Phe),EGFR,Uncertain significance,"criteria provided, single submitter",,,c.2159C>T,,rs772799315,
2803471,NM_005228.5(EGFR):c.799C>T (p.Leu267Phe),EGFR,Uncertain significance,"criteria provided, single submitter",,,c.799C>T,,rs2128934950,
2803638,NM_005228.5(EGFR):c.1235A>G (p.Glu412Gly),EGFR,Uncertain significance,"criteria provided, multiple submitters, no conflicts",,,c.1235A>G,,rs2128939649,
2804071,NM_005228.5(EGFR):c.1149_1169dup (p.Pro389_Gln390insHisThrProProLeuAspPro),LOC126860048,Uncertain significance,"criteria provided, single submitter",,,c.1149_1169dup,,rs2535530818,
2804110,NM_005228.5(EGFR):c.452G>T (p.Ser151Ile),EGFR,Uncertain significance,"criteria provided, single submitter",,,c.452G>T,,rs1023675360,
2805253,NM_005228.5(EGFR):c.802A>C (p.Met268Leu),EGFR,Uncertain significance,"criteria provided, single submitter",,,c.802A>C,,rs2128934965,
2807954,NM_005228.5(EGFR):c.28G>A (p.Ala10Thr),EGFR,Uncertain significance,"criteria provided, single submitter",,,c.28G>A,,rs2128853375,
2807956,NM_005228.5(EGFR):c.3088T>C (p.Ser1030Pro),EGFR,Uncertain significance,"criteria provided, single submitter",,,c.3088T>C,,rs2128971739,
2808248,NM_005228.5(EGFR):c.688G>A (p.Asp230Asn),EGFR,Uncertain significance,"criteria provided, single submitter",,,c.688G>A,,rs2128933787,
2808616,NM_005228.5(EGFR):c.2614G>C (p.Glu872Gln),EGFR,Uncertain significance,"criteria provided, single submitter",,,c.2614G>C,,rs2128964707,
2808653,NM_005228.5(EGFR):c.3232A>G (p.Thr1078Ala),EGFR,Uncertain significance,"criteria provided, single submitter",,,c.3232A>G,,rs751342391,
2810489,NM_005228.5(EGFR):c.3047A>G (p.Tyr1016Cys),EGFR,Uncertain significance,"criteria provided, single submitter",,,c.3047A>G,,rs2128971667,
2810677,NM_005228.5(EGFR):c.2878A>C (p.Lys960Gln),EGFR,Uncertain significance,"criteria provided, multiple submitters, no conflicts",,,c.2878A>C,,rs1359029869,
2811763,NM_005228.5(EGFR):c.3598G>A (p.Val1200Ile),EGFR,Uncertain significance,"criteria provided, single submitter",,,c.3598G>A,,rs2128975645,
2811938,NM_005228.5(EGFR):c.3272-1G>A,EGFR,Uncertain significance,"criteria provided, single submitter",,,NM_005228.5(EGFR):c.3272-1G>A,,rs2128975071,
1389062,NM_005228.5(EGFR):c.3227C>A (p.Ala1076Asp),EGFR,Uncertain significance,"criteria provided, single submitter",,,c.3227C>A,,rs755868272,
1389521,NM_005228.5(EGFR):c.2847G>A (p.Lys949=),EGFR,Uncertain significance,"criteria provided, single submitter",,,c.2847G>A,,rs1787731529,
1389750,NM_005228.5(EGFR):c.1870T>C (p.Cys624Arg),EGFR,Uncertain significance,"criteria provided, single submitter",,,c.1870T>C,,rs2128946516,
1390414,NM_005228.5(EGFR):c.1064A>G (p.Asn355Ser),LOC126860048,Uncertain significance,"criteria provided, single submitter",,,c.1064A>G,,rs2128938287,
1390619,NM_005228.5(EGFR):c.2672A>G (p.Tyr891Cys),EGFR,Uncertain significance,"criteria provided, multiple submitters, no conflicts",,,c.2672A>G,,rs987884612,
1390906,NM_005228.5(EGFR):c.3430C>A (p.Pro1144Thr),EGFR,Uncertain significance,"criteria provided, multiple submitters, no conflicts",,,c.3430C>A,,rs1788070401,
1391489,NM_005228.5(EGFR):c.1631+5G>A,EGFR,Uncertain significance,"criteria provided, single submitter",,,NM_005228.5(EGFR):c.1631+5G>A,,rs777179174,
1392237,NM_005228.5(EGFR):c.2380C>A (p.Pro794Thr),EGFR,Uncertain significance,"criteria provided, single submitter",,,c.2380C>A,,rs370289230,
1392403,NM_005228.5(EGFR):c.593G>A (p.Ser198Asn),EGFR,Uncertain significance,"criteria provided, multiple submitters, no conflicts",,,c.593G>A,,rs1335854310,
1392512,NM_005228.5(EGFR):c.712G>A (p.Ala238Thr),EGFR,Uncertain significance,"criteria provided, multiple submitters, no conflicts",,,c.712G>A,,rs2128933831,
1393019,NM_005228.5(EGFR):c.2127A>C (p.Glu709Asp),EGFR,Uncertain significance,"criteria provided, multiple submitters, no conflicts",,,c.2127A>C,,rs1786476933,
2795097,NM_005228.5(EGFR):c.2051A>G (p.Gln684Arg),EGFR,Uncertain significance,"criteria provided, multiple submitters, no conflicts",,,c.2051A>G,,rs1427460008,
2796736,NM_005228.5(EGFR):c.2756C>T (p.Pro919Leu),EGFR,Uncertain significance,"criteria provided, single submitter",,,c.2756C>T,,rs2128968730,
2797169,NM_005228.5(EGFR):c.2867A>T (p.Asp956Val),EGFR,Uncertain significance,"criteria provided, single submitter",,,c.2867A>T,,rs1185470008,
2799717,NM_005228.5(EGFR):c.583C>A (p.Pro195Thr),EGFR,Uncertain significance,"criteria provided, multiple submitters, no conflicts",,,c.583C>A,,rs2128932512,
2799850,NM_005228.5(EGFR):c.2306T>C (p.Val769Ala),EGFR-AS1,Uncertain significance,"criteria provided, single submitter",,,c.2306T>C,,rs2534768826,
1396810,NM_005228.5(EGFR):c.268C>A (p.Leu90Ile),EGFR,Uncertain significance,"criteria provided, single submitter",,,c.268C>A,,rs750399097,
1396969,NM_005228.5(EGFR):c.2288C>T (p.Ala763Val),EGFR-AS1,Uncertain significance,"criteria provided, multiple submitters, no conflicts",,,c.2288C>T,,rs1476693500,
1397916,NM_005228.5(EGFR):c.1532C>T (p.Ser511Phe),EGFR,Uncertain significance,"criteria provided, single submitter",,,c.1532C>T,,rs371114444,
1398302,NM_005228.5(EGFR):c.3476A>G (p.Gln1159Arg),EGFR,Uncertain significance,"criteria provided, multiple submitters, no conflicts",,,c.3476A>G,,rs1179392671,
1398513,NM_005228.5(EGFR):c.1928T>A (p.Ile643Asn),EGFR,Uncertain significance,"criteria provided, single submitter",,,c.1928T>A,,rs1584222116,
1399127,NM_005228.5(EGFR):c.124G>A (p.Gly42Ser),EGFR,Uncertain significance,"criteria provided, multiple submitters, no conflicts",,,c.124G>A,,rs1442908038,
2782647,NM_005228.5(EGFR):c.3007G>T (p.Asp1003Tyr),EGFR,Uncertain significance,"criteria provided, single submitter",,,c.3007G>T,,rs1256257325,
2783235,NM_005228.5(EGFR):c.1234G>A (p.Glu412Lys),EGFR,Uncertain significance,"criteria provided, single submitter",,,c.1234G>A,,rs2535536598,
2788834,NM_005228.5(EGFR):c.3077G>A (p.Ser1026Asn),EGFR,Uncertain significance,"criteria provided, single submitter",,,c.3077G>A,,rs2128971718,
2789713,NM_005228.5(EGFR):c.316A>G (p.Ile106Val),EGFR,Uncertain significance,"criteria provided, multiple submitters, no conflicts",,,c.316A>G,,rs771366736,
2789784,NM_005228.5(EGFR):c.1832C>T (p.Ala611Val),EGFR,Uncertain significance,"criteria provided, multiple submitters, no conflicts",,,c.1832C>T,,rs2128946417,
2794176,NM_005228.5(EGFR):c.1484G>T (p.Gly495Val),EGFR,Uncertain significance,"criteria provided, multiple submitters, no conflicts",,,c.1484G>T,,rs766676440,
1386286,NM_005228.5(EGFR):c.1498A>G (p.Lys500Glu),EGFR,Uncertain significance,"criteria provided, multiple submitters, no conflicts",,,c.1498A>G,,rs1206537132,
1386349,NM_005228.5(EGFR):c.1243A>G (p.Thr415Ala),EGFR,Uncertain significance,"criteria provided, single submitter",,,c.1243A>G,,rs2128939666,
1386901,NM_005228.5(EGFR):c.2932T>C (p.Tyr978His),EGFR,Uncertain significance,"criteria provided, single submitter",,,c.2932T>C,,rs2128969978,
1387362,NM_005228.5(EGFR):c.1483G>A (p.Gly495Ser),EGFR,Uncertain significance,"criteria provided, single submitter",,,c.1483G>A,,rs2128941742,
2776343,NM_005228.5(EGFR):c.1030G>A (p.Glu344Lys),EGFR,Uncertain significance,"criteria provided, multiple submitters, no conflicts",,,c.1030G>A,,rs1785427944,
2777401,NM_005228.5(EGFR):c.1118C>T (p.Pro373Leu),EGFR,Uncertain significance,"criteria provided, multiple submitters, no conflicts",,,c.1118C>T,,rs2128938429,
2779201,NM_005228.5(EGFR):c.493C>G (p.Arg165Gly),EGFR,Uncertain significance,"criteria provided, single submitter",,,c.493C>G,,rs587778252,
2779892,NM_005228.5(EGFR):c.136G>A (p.Asp46Asn),EGFR,Uncertain significance,"criteria provided, multiple submitters, no conflicts",,,c.136G>A,,rs2128926207,
2780036,NM_005228.5(EGFR):c.1700T>G (p.Met567Arg),EGFR,Uncertain significance,"criteria provided, multiple submitters, no conflicts",,,c.1700T>G,,rs2128944771,
2780200,NM_005228.5(EGFR):c.2869A>G (p.Ser957Gly),EGFR,Uncertain significance,"criteria provided, single submitter",,,c.2869A>G,,rs2128969819,
2781065,NM_005228.5(EGFR):c.1043C>T (p.Ser348Leu),EGFR,Uncertain significance,"criteria provided, multiple submitters, no conflicts",,,c.1043C>T,,rs371234907,
1393712,NM_005228.5(EGFR):c.1237A>T (p.Asn413Tyr),EGFR,Uncertain significance,"criteria provided, multiple submitters, no conflicts",,,c.1237A>T,,rs895496054,
1393720,NM_005228.5(EGFR):c.1133+3G>A,LOC126860048,Uncertain significance,"criteria provided, single submitter",,,NM_005228.5(EGFR):c.1133+3G>A,,rs2128938468,
1394212,NM_005228.5(EGFR):c.731G>C (p.Arg244Pro),EGFR,Uncertain significance,"criteria provided, single submitter",,,c.731G>C,,rs200664836,
1394227,NM_005228.5(EGFR):c.2741C>A (p.Pro914Gln),EGFR,Uncertain significance,"criteria provided, single submitter",,,c.2741C>A,,rs1787724844,
1394709,NM_005228.5(EGFR):c.2560A>G (p.Thr854Ala),EGFR,Uncertain significance,"criteria provided, multiple submitters, no conflicts",,,c.2560A>G,,rs1787408609,
1394776,NM_005228.5(EGFR):c.3356C>G (p.Pro1119Arg),EGFR,Uncertain significance,"criteria provided, multiple submitters, no conflicts",,,c.3356C>G,,rs902672760,
1395595,NM_005228.5(EGFR):c.2978C>T (p.Thr993Ile),EGFR,Uncertain significance,"criteria provided, single submitter",,,c.2978C>T,,rs2128971524,
1395683,NM_005228.5(EGFR):c.2470-3C>T,EGFR,Uncertain significance,"criteria provided, single submitter",,,NM_005228.5(EGFR):c.2470-3C>T,,rs2128964344,
1395785,NM_005228.5(EGFR):c.2017A>T (p.Ile673Phe),EGFR,Uncertain significance,"criteria provided, single submitter",,,c.2017A>T,,rs1199980775,
1404070,NM_005228.5(EGFR):c.2587G>A (p.Gly863Ser),EGFR,Uncertain significance,"criteria provided, multiple submitters, no conflicts",,,c.2587G>A,,rs2128964656,
1404199,NM_005228.5(EGFR):c.2374C>T (p.Leu792Phe),EGFR-AS1,Uncertain significance,"criteria provided, multiple submitters, no conflicts",,,c.2374C>T,,rs2128958658,
1404563,NM_005228.5(EGFR):c.2947-9_2947-8del,EGFR,Uncertain significance,"criteria provided, single submitter",,,NM_005228.5(EGFR):c.2947-9_2947-8del,,rs2128971423,
1404733,NM_005228.5(EGFR):c.1473A>G (p.Ile491Met),EGFR,Uncertain significance,"criteria provided, single submitter",,,c.1473A>G,,rs2128941714,
1405169,NM_005228.5(EGFR):c.3043G>A (p.Glu1015Lys),EGFR,Uncertain significance,"criteria provided, multiple submitters, no conflicts",,,c.3043G>A,,rs1302295057,
2765911,NM_005228.5(EGFR):c.1307T>G (p.Phe436Cys),EGFR,Uncertain significance,"criteria provided, single submitter",,,c.1307T>G,,rs2128941294,
2766240,NM_005228.5(EGFR):c.388A>C (p.Thr130Pro),EGFR,Uncertain significance,"criteria provided, single submitter",,,c.388A>C,,rs1794582450,
2766773,NM_005228.5(EGFR):c.2876C>T (p.Pro959Leu),EGFR,Uncertain significance,"criteria provided, multiple submitters, no conflicts",,,c.2876C>T,,rs2534855998,
2768180,NM_005228.5(EGFR):c.2144T>A (p.Ile715Asn),EGFR,Uncertain significance,"criteria provided, multiple submitters, no conflicts",,,c.2144T>A,,rs2128953695,
2769298,NM_005228.5(EGFR):c.1919+4A>G,EGFR,Uncertain significance,"criteria provided, single submitter",,,NM_005228.5(EGFR):c.1919+4A>G,,rs1786334890,
2770102,NM_005228.5(EGFR):c.1147C>T (p.His383Tyr),EGFR,Uncertain significance,"criteria provided, single submitter",,,c.1147C>T,,rs755972013,
2770545,NM_005228.5(EGFR):c.3271+1G>A,EGFR,Uncertain significance,"criteria provided, single submitter",,,NM_005228.5(EGFR):c.3271+1G>A,,rs2128973196,
2771877,NM_005228.5(EGFR):c.2164G>T (p.Ala722Ser),EGFR,Uncertain significance,"criteria provided, single submitter",,,c.2164G>T,,rs2128953747,
2771963,NM_005228.5(EGFR):c.1928T>C (p.Ile643Thr),EGFR,Uncertain significance,"criteria provided, single submitter",,,c.1928T>C,,rs1584222116,
2772864,NM_005228.5(EGFR):c.2981A>C (p.Asp994Ala),EGFR,Uncertain significance,"criteria provided, single submitter",,,c.2981A>C,,rs2128971535,
2773058,NM_005228.5(EGFR):c.2695A>G (p.Ser899Gly),EGFR,Uncertain significance,"criteria provided, multiple submitters, no conflicts",,,c.2695A>G,,rs2128965609,
2758630,NM_005228.5(EGFR):c.1026T>G (p.Ile342Met),LOC126860048,Uncertain significance,"criteria provided, multiple submitters, no conflicts",,,c.1026T>G,,rs2535528006,
2758977,NM_005228.5(EGFR):c.1484G>A (p.Gly495Asp),EGFR,Uncertain significance,"criteria provided, single submitter",,,c.1484G>A,,rs766676440,
2759684,NM_005228.5(EGFR):c.1662G>C (p.Glu554Asp),EGFR,Uncertain significance,"criteria provided, single submitter",,,c.1662G>C,,rs2128944669,
2761266,NM_005228.5(EGFR):c.1207+4_1207+5insAA,EGFR,Uncertain significance,"criteria provided, single submitter",,,NM_005228.5(EGFR):c.1207+4_1207+5insAA,,rs747216672,
2761670,NM_005228.5(EGFR):c.2447A>G (p.Asn816Ser),EGFR,Uncertain significance,"criteria provided, single submitter",,,c.2447A>G,,rs2128958843,
2762054,NM_005228.5(EGFR):c.809A>G (p.Tyr270Cys),EGFR,Uncertain significance,"criteria provided, single submitter",,,c.809A>G,,rs2128934980,
2765074,NM_005228.5(EGFR):c.2431T>G (p.Ser811Ala),EGFR,Uncertain significance,"criteria provided, single submitter",,,c.2431T>G,,rs2128958798,
2765123,NM_005228.5(EGFR):c.641T>A (p.Ile214Asn),EGFR,Uncertain significance,"criteria provided, single submitter",,,c.641T>A,,rs1785211053,
1399977,NM_005228.5(EGFR):c.1943C>G (p.Thr648Ser),EGFR,Uncertain significance,"criteria provided, single submitter",,,c.1943C>G,,rs776728879,
1400048,NM_005228.5(EGFR):c.1246G>A (p.Asp416Asn),EGFR,Uncertain significance,"criteria provided, single submitter",,,c.1246G>A,,rs1785498858,
1400101,NM_005228.5(EGFR):c.502G>C (p.Val168Leu),EGFR,Uncertain significance,"criteria provided, multiple submitters, no conflicts",,,c.502G>C,,rs530692924,
1400404,NM_005228.5(EGFR):c.3407C>T (p.Pro1136Leu),EGFR,Uncertain significance,"criteria provided, multiple submitters, no conflicts",,,c.3407C>T,,rs1445729019,
1401083,NM_005228.5(EGFR):c.1330A>C (p.Asn444His),EGFR,Uncertain significance,"criteria provided, multiple submitters, no conflicts",,,c.1330A>C,,rs2128941355,
1401831,NM_005228.5(EGFR):c.3163C>T (p.Leu1055=),EGFR,Uncertain significance,"criteria provided, single submitter",,,c.3163C>T,,rs2128972991,
1402245,NM_005228.5(EGFR):c.1618A>G (p.Asn540Asp),EGFR,Uncertain significance,"criteria provided, single submitter",,,c.1618A>G,,rs2128943060,
1403598,NM_005228.5(EGFR):c.3433A>C (p.Thr1145Pro),EGFR,Uncertain significance,"criteria provided, single submitter",,,c.3433A>C,,rs1452191951,
1411342,NC_000007.13:g.(?_55086755)_(55274084_?)dup,EGFR,Uncertain significance,"criteria provided, single submitter",,,NC_000007.13:g.(?_55086755)_(55274084_?)dup,,,
1412523,NM_005228.5(EGFR):c.922G>A (p.Val308Ile),EGFR,Uncertain significance,"criteria provided, multiple submitters, no conflicts",,,c.922G>A,,rs749132706,
1414830,NM_005228.5(EGFR):c.1622T>G (p.Leu541Arg),EGFR,Uncertain significance,"criteria provided, multiple submitters, no conflicts",,,c.1622T>G,,rs2128943087,
1415011,NM_005228.5(EGFR):c.747+3A>G,EGFR,Uncertain significance,"criteria provided, single submitter",,,NM_005228.5(EGFR):c.747+3A>G,,rs2128933919,
1415271,NM_005228.5(EGFR):c.1546T>G (p.Trp516Gly),EGFR,Uncertain significance,"criteria provided, multiple submitters, no conflicts",,,c.1546T>G,,rs2128942818,
1415641,NM_005228.5(EGFR):c.1612A>G (p.Lys538Glu),EGFR,Uncertain significance,"criteria provided, single submitter",,,c.1612A>G,,rs2128943022,
1415940,NM_005228.5(EGFR):c.1505C>A (p.Thr502Lys),EGFR,Uncertain significance,"criteria provided, single submitter",,,c.1505C>A,,rs2128942686,
1416238,NM_005228.5(EGFR):c.2899G>A (p.Glu967Lys),EGFR,Uncertain significance,"criteria provided, multiple submitters, no conflicts",,,c.2899G>A,,rs2128969901,
2755029,NM_005228.5(EGFR):c.2313C>A (p.Asn771Lys),EGFR-AS1,Uncertain significance,"criteria provided, single submitter",,,c.2313C>A,,rs2128958406,
2755724,NM_005228.5(EGFR):c.3191G>T (p.Ser1064Ile),EGFR,Uncertain significance,"criteria provided, single submitter",,,c.3191G>T,,rs1339648899,
2757156,NM_005228.5(EGFR):c.2002A>T (p.Met668Leu),EGFR,Uncertain significance,"criteria provided, single submitter",,,c.2002A>T,,rs746757722,
2757411,NM_005228.5(EGFR):c.3016G>C (p.Asp1006His),EGFR,Uncertain significance,"criteria provided, multiple submitters, no conflicts",,,c.3016G>C,,rs1787834617,
2757412,NM_005228.5(EGFR):c.3019A>T (p.Met1007Leu),EGFR,Uncertain significance,"criteria provided, single submitter",,,c.3019A>T,,rs1787834992,
2758013,NM_005228.5(EGFR):c.734A>C (p.Glu245Ala),EGFR,Uncertain significance,"criteria provided, single submitter",,,c.734A>C,,rs1785217403,
2758431,NM_005228.5(EGFR):c.1450T>G (p.Ser484Ala),EGFR,Uncertain significance,"criteria provided, single submitter",,,c.1450T>G,,rs2128941655,
2747756,NM_005228.5(EGFR):c.3268C>G (p.Pro1090Ala),EGFR,Uncertain significance,"criteria provided, single submitter",,,c.3268C>G,,rs367870311,
2748788,NM_005228.5(EGFR):c.2983T>C (p.Ser995Pro),EGFR,Uncertain significance,"criteria provided, single submitter",,,c.2983T>C,,rs2128971542,
2748938,NM_005228.5(EGFR):c.2144T>G (p.Ile715Ser),EGFR,Uncertain significance,"criteria provided, single submitter",,,c.2144T>G,,rs2128953695,
2749187,NM_005228.5(EGFR):c.3528C>G (p.Phe1176Leu),EGFR,Uncertain significance,"criteria provided, single submitter",,,c.3528C>G,,rs2128975532,
2749411,NM_005228.5(EGFR):c.1549G>A (p.Gly517Ser),EGFR,Uncertain significance,"criteria provided, multiple submitters, no conflicts",,,c.1549G>A,,rs2128942830,
2750604,NM_005228.5(EGFR):c.2709_2710delinsCC (p.Val904Leu),EGFR,Uncertain significance,"criteria provided, single submitter",,,c.2709_2710delinsCC,,rs2534847438,
2750606,NM_005228.5(EGFR):c.1074C>A (p.His358Gln),LOC126860048,Uncertain significance,"criteria provided, single submitter",,,c.1074C>A,,rs2128938308,
2752626,NM_005228.5(EGFR):c.240G>C (p.Lys80Asn),EGFR,Uncertain significance,"criteria provided, multiple submitters, no conflicts",,,c.240G>C,,rs2128926458,
2753398,NM_005228.5(EGFR):c.883T>C (p.Cys295Arg),EGFR,Uncertain significance,"criteria provided, multiple submitters, no conflicts",,,c.883T>C,,rs2535507351,
2754313,NM_005228.5(EGFR):c.1336A>G (p.Thr446Ala),EGFR,Uncertain significance,"criteria provided, single submitter",,,c.1336A>G,,rs2128941370,
1405556,NM_005228.5(EGFR):c.3065G>A (p.Gly1022Asp),EGFR,Uncertain significance,"criteria provided, multiple submitters, no conflicts",,,c.3065G>A,,rs747726185,
1405620,NM_005228.5(EGFR):c.3249C>A (p.Asp1083Glu),EGFR,Uncertain significance,"criteria provided, multiple submitters, no conflicts",,,c.3249C>A,,rs373990043,
1405876,NM_005228.5(EGFR):c.2954A>G (p.Glu985Gly),EGFR,Uncertain significance,"criteria provided, single submitter",,,c.2954A>G,,rs2128971471,
1405952,NM_005228.5(EGFR):c.1621C>T (p.Leu541Phe),EGFR,Uncertain significance,"criteria provided, multiple submitters, no conflicts",,,c.1621C>T,,rs1208487495,
1406776,NM_005228.5(EGFR):c.686G>A (p.Ser229Asn),EGFR,Uncertain significance,"criteria provided, multiple submitters, no conflicts",,,c.686G>A,,rs1291943679,
1409835,NM_005228.5(EGFR):c.203C>T (p.Thr68Ile),EGFR,Uncertain significance,"criteria provided, single submitter",,,c.203C>T,,rs2128926385,
1423386,NM_005228.5(EGFR):c.1467A>T (p.Lys489Asn),EGFR,Uncertain significance,"criteria provided, single submitter",,,c.1467A>T,,rs2128941701,
1426108,NM_005228.5(EGFR):c.1289C>G (p.Thr430Ser),EGFR,Uncertain significance,"criteria provided, multiple submitters, no conflicts",,,c.1289C>G,,rs765369188,
1426128,NM_005228.5(EGFR):c.3429G>T (p.Gln1143His),EGFR,Uncertain significance,"criteria provided, multiple submitters, no conflicts",,,c.3429G>T,,rs1403923057,
1426453,NM_005228.5(EGFR):c.2615_2617del (p.Glu872del),EGFR,Uncertain significance,"criteria provided, single submitter",,,c.2615_2617del,,rs2128964704,
2725015,NM_005228.5(EGFR):c.841C>T (p.Pro281Ser),EGFR,Uncertain significance,"criteria provided, single submitter",,,c.841C>T,,rs2128935066,
2726732,NM_005228.5(EGFR):c.2367_2378dup (p.Leu792_Met793insIleThrGlnLeu),EGFR,Uncertain significance,"criteria provided, multiple submitters, no conflicts",,,c.2367_2378dup,,rs2534770247,
2726953,NM_005228.5(EGFR):c.34_54dup (p.Leu18_Cys19insLeuAlaLeuLeuAlaAlaLeu),EGFR,Uncertain significance,"criteria provided, single submitter",,,c.34_54dup,,rs2128853380,
2729946,NM_005228.5(EGFR):c.2083A>C (p.Ser695Arg),EGFR,Uncertain significance,"criteria provided, single submitter",,,c.2083A>C,,rs2128953534,
2731648,NM_005228.5(EGFR):c.2414A>T (p.His805Leu),EGFR,Uncertain significance,"criteria provided, multiple submitters, no conflicts",,,c.2414A>T,,rs2128958752,
2731659,NM_005228.5(EGFR):c.2479T>C (p.Tyr827His),EGFR,Uncertain significance,"criteria provided, single submitter",,,c.2479T>C,,rs1256743514,
2736092,NM_005228.5(EGFR):c.2182A>G (p.Lys728Glu),EGFR,Uncertain significance,"criteria provided, multiple submitters, no conflicts",,,c.2182A>G,,rs2128953782,
2737171,NM_005228.5(EGFR):c.1520A>C (p.His507Pro),EGFR,Uncertain significance,"criteria provided, single submitter",,,c.1520A>C,,rs2128942738,
2737542,NM_005228.5(EGFR):c.324A>T (p.Arg108Ser),EGFR,Uncertain significance,"criteria provided, single submitter",,,c.324A>T,,rs2128927351,
2738858,NM_005228.5(EGFR):c.981G>C (p.Lys327Asn),EGFR,Uncertain significance,"criteria provided, single submitter",,,c.981G>C,,rs2128937555,
2740470,NM_005228.5(EGFR):c.1379A>T (p.Asp460Val),EGFR,Uncertain significance,"criteria provided, single submitter",,,c.1379A>T,,rs2535547972,
1431566,NM_005228.5(EGFR):c.3040G>A (p.Asp1014Asn),EGFR,Uncertain significance,"criteria provided, multiple submitters, no conflicts",,,c.3040G>A,,rs751192280,
1432070,NM_005228.5(EGFR):c.427A>G (p.Ile143Val),EGFR,Uncertain significance,"criteria provided, single submitter",,,c.427A>G,,rs2128929398,
1432503,NM_005228.5(EGFR):c.2455G>A (p.Val819Met),EGFR-AS1,Uncertain significance,"criteria provided, single submitter",,,c.2455G>A,,rs2128958867,
1432694,NM_005228.5(EGFR):c.2625+6G>C,EGFR,Uncertain significance,"criteria provided, single submitter",,,NM_005228.5(EGFR):c.2625+6G>C,,rs397517135,
2708948,NM_005228.5(EGFR):c.1099G>T (p.Gly367Cys),EGFR,Uncertain significance,"criteria provided, single submitter",,,c.1099G>T,,rs2128938375,
2709093,NM_005228.5(EGFR):c.173G>C (p.Cys58Ser),EGFR,Uncertain significance,"criteria provided, single submitter",,,c.173G>C,,rs2128926301,
2709543,NM_005228.5(EGFR):c.2208G>C (p.Glu736Asp),EGFR,Uncertain significance,"criteria provided, single submitter",,,c.2208G>C,,rs2128954616,
2719629,NM_005228.5(EGFR):c.2726C>A (p.Thr909Asn),EGFR,Uncertain significance,"criteria provided, single submitter",,,c.2726C>A,,rs2128968664,
2720219,NM_005228.5(EGFR):c.2533G>A (p.Val845Met),EGFR,Uncertain significance,"criteria provided, single submitter",,,c.2533G>A,,rs1787407031,
1417402,NM_005228.5(EGFR):c.3350C>G (p.Pro1117Arg),EGFR,Uncertain significance,"criteria provided, multiple submitters, no conflicts",,,c.3350C>G,,rs1442620290,
1419971,NM_005228.5(EGFR):c.2890T>A (p.Leu964Met),EGFR,Uncertain significance,"criteria provided, multiple submitters, no conflicts",,,c.2890T>A,,rs2128969871,
1420932,NM_005228.5(EGFR):c.1677C>G (p.His559Gln),EGFR,Uncertain significance,"criteria provided, multiple submitters, no conflicts",,,c.1677C>G,,rs2128944706,
1421130,NM_005228.5(EGFR):c.3133T>C (p.Ser1045Pro),EGFR,Uncertain significance,"criteria provided, multiple submitters, no conflicts",,,c.3133T>C,,rs1364225726,
1421319,NM_005228.5(EGFR):c.2704G>C (p.Val902Leu),EGFR,Uncertain significance,"criteria provided, single submitter",,,c.2704G>C,,rs779015469,
1422579,NM_005228.5(EGFR):c.2497_2498delinsCC (p.Leu833Pro),EGFR,Uncertain significance,"criteria provided, single submitter",,,c.2497_2498delinsCC,,rs2128964422,
1423333,NM_005228.5(EGFR):c.309C>G (p.Asn103Lys),EGFR,Uncertain significance,"criteria provided, single submitter",,,c.309C>G,,rs2128927311,
2703531,NM_005228.5(EGFR):c.182T>C (p.Val61Ala),EGFR,Uncertain significance,"criteria provided, single submitter",,,c.182T>C,,rs2128926332,
2705147,NM_005228.5(EGFR):c.3147_3151dup (p.Asp1051fs),EGFR,Uncertain significance,"criteria provided, single submitter",,,c.3147_3151dup,,rs2534872587,
2705246,NM_005228.5(EGFR):c.1304A>C (p.Gln435Pro),EGFR,Uncertain significance,"criteria provided, single submitter",,,c.1304A>C,,rs2128941287,
2705388,NM_005228.5(EGFR):c.1235A>C (p.Glu412Ala),EGFR,Uncertain significance,"criteria provided, single submitter",,,c.1235A>C,,rs2128939649,
2706572,NM_005228.5(EGFR):c.650A>T (p.Gln217Leu),EGFR,Uncertain significance,"criteria provided, single submitter",,,c.650A>T,,rs2128933687,
2707111,NM_005228.5(EGFR):c.963C>G (p.Asp321Glu),EGFR,Uncertain significance,"criteria provided, multiple submitters, no conflicts",,,c.963C>G,,rs764038041,
1426720,NM_005228.5(EGFR):c.760T>G (p.Phe254Val),EGFR,Uncertain significance,"criteria provided, multiple submitters, no conflicts",,,c.760T>G,,rs2128934853,
1426722,NM_005228.5(EGFR):c.2593G>A (p.Glu865Lys),EGFR,Uncertain significance,"criteria provided, multiple submitters, no conflicts",,,c.2593G>A,,rs2128964670,
1426844,NM_005228.5(EGFR):c.2591C>T (p.Ala864Val),EGFR,Uncertain significance,"criteria provided, multiple submitters, no conflicts",,,c.2591C>T,,rs2128964666,
1427476,NM_005228.5(EGFR):c.1879G>A (p.Gly627Arg),EGFR,Uncertain significance,"criteria provided, multiple submitters, no conflicts",,,c.1879G>A,,rs753315940,
1427794,NM_005228.5(EGFR):c.1104T>G (p.Asp368Glu),EGFR,Uncertain significance,"criteria provided, single submitter",,,c.1104T>G,,rs2128938390,
1427876,NM_005228.5(EGFR):c.2587G>T (p.Gly863Cys),EGFR,Uncertain significance,"criteria provided, single submitter",,,c.2587G>T,,rs2128964656,
1429194,NM_005228.5(EGFR):c.1370G>C (p.Ser457Thr),EGFR,Uncertain significance,"criteria provided, multiple submitters, no conflicts",,,c.1370G>C,,rs1340811850,
1429669,NM_005228.5(EGFR):c.3203G>C (p.Arg1068Pro),EGFR,Uncertain significance,"criteria provided, multiple submitters, no conflicts",,,c.3203G>C,,rs374501041,
1431290,NM_005228.5(EGFR):c.2764G>C (p.Glu922Gln),EGFR,Uncertain significance,"criteria provided, multiple submitters, no conflicts",,,c.2764G>C,,rs961150162,
2681886,NM_005228.5(EGFR):c.2646A>T (p.Ala882=),EGFR,Uncertain significance,"criteria provided, single submitter",,,c.2646A>T,,rs2534824227,
2695334,NM_005228.5(EGFR):c.119A>G (p.Gln40Arg),EGFR,Uncertain significance,"criteria provided, multiple submitters, no conflicts",,,c.119A>G,,rs2128926176,
2696038,NM_005228.5(EGFR):c.2946+4C>A,EGFR,Uncertain significance,"criteria provided, single submitter",,,NM_005228.5(EGFR):c.2946+4C>A,,rs2128970028,
2697232,NM_005228.5(EGFR):c.1964T>C (p.Leu655Pro),EGFR,Uncertain significance,"criteria provided, multiple submitters, no conflicts",,,c.1964T>C,,rs2128952479,
2698296,NM_005228.5(EGFR):c.2959A>G (p.Met987Val),EGFR,Uncertain significance,"criteria provided, single submitter",,,c.2959A>G,,rs2128971479,
2698469,NM_005228.5(EGFR):c.130T>A (p.Phe44Ile),EGFR,Uncertain significance,"criteria provided, single submitter",,,c.130T>A,,rs2128926193,
2698590,NM_005228.5(EGFR):c.983A>G (p.Lys328Arg),EGFR,Uncertain significance,"criteria provided, single submitter",,,c.983A>G,,rs2128937561,
2699142,NM_005228.5(EGFR):c.2890T>G (p.Leu964Val),EGFR,Uncertain significance,"criteria provided, single submitter",,,c.2890T>G,,rs2128969871,
2699384,NM_005228.5(EGFR):c.2852G>C (p.Trp951Ser),EGFR,Uncertain significance,"criteria provided, single submitter",,,c.2852G>C,,rs2128969775,
2701271,NM_005228.5(EGFR):c.1207+8C>G,LOC126860048,Uncertain significance,"criteria provided, single submitter",,,NM_005228.5(EGFR):c.1207+8C>G,,rs2128938816,
2701410,NM_005228.5(EGFR):c.2686G>A (p.Asp896Asn),EGFR,Uncertain significance,"criteria provided, single submitter",,,c.2686G>A,,rs2128965590,
2702749,NM_005228.5(EGFR):c.187G>A (p.Gly63Arg),EGFR,Uncertain significance,"criteria provided, single submitter",,,c.187G>A,,rs2128926343,
4870213,NM_005228.5(EGFR):c.3601G>T (p.Ala1201Ser),EGFR,Uncertain significance,"criteria provided, single submitter",,,c.3601G>T,,,
4870216,NM_005228.5(EGFR):c.335A>G (p.Tyr112Cys),EGFR,Uncertain significance,"criteria provided, single submitter",,,c.335A>G,,,
4870217,NM_005228.5(EGFR):c.2156G>T (p.Gly719Val),EGFR,Uncertain significance,"criteria provided, single submitter",,,c.2156G>T,,,
4870218,NM_005228.5(EGFR):c.3594_3596del (p.Arg1199del),EGFR,Uncertain significance,"criteria provided, single submitter",,,c.3594_3596del,,,
4870219,NM_005228.5(EGFR):c.1801G>A (p.Gly601Arg),EGFR,Uncertain significance,"criteria provided, single submitter",,,c.1801G>A,,,
4870220,NM_005228.5(EGFR):c.755G>T (p.Arg252Leu),EGFR,Uncertain significance,"criteria provided, single submitter",,,c.755G>T,,,
4870221,NM_005228.5(EGFR):c.241-1G>C,EGFR,Uncertain significance,"criteria provided, single submitter",,,NM_005228.5(EGFR):c.241-1G>C,,,
4870224,NM_005228.5(EGFR):c.3388dup (p.Ser1130fs),EGFR,Uncertain significance,"criteria provided, single submitter",,,c.3388dup,,,
4870225,NM_005228.5(EGFR):c.1555G>C (p.Glu519Gln),EGFR,Uncertain significance,"criteria provided, single submitter",,,c.1555G>C,,,
4870227,NM_005228.5(EGFR):c.940G>T (p.Asp314Tyr),EGFR,Uncertain significance,"criteria provided, single submitter",,,c.940G>T,,,
45244,NM_005228.5(EGFR):c.2281G>T (p.Asp761Tyr),EGFR,Uncertain significance,no assertion criteria provided,,,c.2281G>T,,rs121913418,
45245,NM_005228.5(EGFR):c.2283+12_2283+147del,EGFR,Uncertain significance,"criteria provided, single submitter",,,NM_005228.5(EGFR):c.2283+12_2283+147del,,rs1554348955,
45246,NM_005228.5(EGFR):c.2283+1G>A,EGFR,Uncertain significance,"criteria provided, multiple submitters, no conflicts",,,NM_005228.5(EGFR):c.2283+1G>A,,rs397517104,
45247,NM_005228.5(EGFR):c.2284-5_2290del,EGFR,Uncertain significance,no assertion criteria provided,,,NM_005228.5(EGFR):c.2284-5_2290del,,rs397517105,
45250,NM_005228.5(EGFR):c.2300C>T (p.Ala767Val),EGFR-AS1,Uncertain significance,"criteria provided, multiple submitters, no conflicts",,,c.2300C>T,,rs397517107,
1436135,NM_005228.5(EGFR):c.1646T>C (p.Phe549Ser),EGFR,Uncertain significance,"criteria provided, multiple submitters, no conflicts",,,c.1646T>C,,rs1419611893,
1436897,NM_005228.5(EGFR):c.2946+5A>G,EGFR,Uncertain significance,"criteria provided, multiple submitters, no conflicts",,,NM_005228.5(EGFR):c.2946+5A>G,,rs2128970030,
1437088,NM_005228.5(EGFR):c.908A>T (p.Asp303Val),EGFR,Uncertain significance,"criteria provided, single submitter",,,c.908A>T,,rs1785383001,
1437321,NM_005228.5(EGFR):c.3082T>A (p.Ser1028Thr),EGFR,Uncertain significance,"criteria provided, multiple submitters, no conflicts",,,c.3082T>A,,rs2128971728,
1437670,NM_005228.5(EGFR):c.3017A>C (p.Asp1006Ala),EGFR,Uncertain significance,"criteria provided, multiple submitters, no conflicts",,,c.3017A>C,,rs752859687,
1438013,NM_005228.5(EGFR):c.811A>G (p.Asn271Asp),EGFR,Uncertain significance,"criteria provided, single submitter",,,c.811A>G,,rs2128934988,
1438179,NM_005228.5(EGFR):c.226C>A (p.Leu76Ile),EGFR,Uncertain significance,"criteria provided, multiple submitters, no conflicts",,,c.226C>A,,rs778638117,
2681884,NM_005228.5(EGFR):c.2146A>G (p.Lys716Glu),EGFR,Uncertain significance,"criteria provided, multiple submitters, no conflicts",,,c.2146A>G,,rs1300698331,
2681885,NM_005228.5(EGFR):c.2453G>A (p.Cys818Tyr),EGFR,Uncertain significance,"criteria provided, single submitter",,,c.2453G>A,,rs2128958859,
2441190,NM_005228.5(EGFR):c.1337C>T (p.Thr446Ile),EGFR,Uncertain significance,"criteria provided, multiple submitters, no conflicts",,,c.1337C>T,,rs1310061365,
2572374,NM_005228.5(EGFR):c.3247G>C (p.Asp1083His),EGFR,Uncertain significance,"criteria provided, single submitter",,,c.3247G>C,,rs2128973145,
1433721,NM_005228.5(EGFR):c.62C>T (p.Ala21Val),EGFR,Uncertain significance,"criteria provided, multiple submitters, no conflicts",,,c.62C>T,,rs1194702075,
1434110,NM_005228.5(EGFR):c.2071C>A (p.Pro691Thr),EGFR,Uncertain significance,"criteria provided, multiple submitters, no conflicts",,,c.2071C>A,,rs1168763004,
1434678,NM_005228.5(EGFR):c.2475G>T (p.Met825Ile),EGFR,Uncertain significance,"criteria provided, multiple submitters, no conflicts",,,c.2475G>T,,rs1474170437,
1435525,NM_005228.5(EGFR):c.3224G>T (p.Gly1075Val),EGFR,Uncertain significance,"criteria provided, multiple submitters, no conflicts",,,c.3224G>T,,rs1161834426,
1435563,NM_005228.5(EGFR):c.947A>G (p.Tyr316Cys),EGFR,Uncertain significance,"criteria provided, multiple submitters, no conflicts",,,c.947A>G,,rs1484032303,
1435585,NM_005228.5(EGFR):c.2839A>G (p.Met947Val),EGFR,Uncertain significance,"criteria provided, multiple submitters, no conflicts",,,c.2839A>G,,rs368698152,
1436121,NM_005228.5(EGFR):c.425-3C>T,EGFR,Uncertain significance,"criteria provided, single submitter",,,NM_005228.5(EGFR):c.425-3C>T,,rs2128929391,
2187072,NM_005228.5(EGFR):c.101C>G (p.Thr34Arg),EGFR,Uncertain significance,"criteria provided, multiple submitters, no conflicts",,,c.101C>G,,rs144158123,
2189625,NM_005228.5(EGFR):c.664C>A (p.Arg222Ser),EGFR,Uncertain significance,"criteria provided, multiple submitters, no conflicts",,,c.664C>A,,rs1785212573,
2413829,NM_005228.5(EGFR):c.1903G>A (p.Gly635Ser),EGFR,Uncertain significance,"criteria provided, multiple submitters, no conflicts",,,c.1903G>A,,rs957617087,
2413830,NM_005228.5(EGFR):c.95A>G (p.Gln32Arg),EGFR,Uncertain significance,"criteria provided, single submitter",,,c.95A>G,,rs746023542,
2415179,NM_005228.5(EGFR):c.2824G>C (p.Asp942His),EGFR,Uncertain significance,"criteria provided, multiple submitters, no conflicts",,,c.2824G>C,,rs967910623,
2418796,NM_005228.5(EGFR):c.2435A>G (p.Gln812Arg),EGFR-AS1,Uncertain significance,"criteria provided, single submitter",,,c.2435A>G,,rs1584238849,
2419541,NM_005228.5(EGFR):c.1926G>T (p.Lys642Asn),EGFR,Uncertain significance,"criteria provided, multiple submitters, no conflicts",,,c.1926G>T,,rs1786421197,
2420439,NM_005228.5(EGFR):c.2246A>G (p.Glu749Gly),EGFR,Uncertain significance,"criteria provided, single submitter",,,c.2246A>G,,rs2128954820,
2425323,NC_000007.13:g.(?_55214289)_(55214443_?)del,EGFR,Uncertain significance,"criteria provided, single submitter",,,NC_000007.13:g.(?_55214289)_(55214443_?)del,,,
2425324,NC_000007.13:g.(?_55214289)_(55273310_?)dup,EGFR,Uncertain significance,"criteria provided, single submitter",,,NC_000007.13:g.(?_55214289)_(55273310_?)dup,,,
2425325,NC_000007.13:g.(?_55218977)_(55274084_?)dup,EGFR,Uncertain significance,"criteria provided, single submitter",,,NC_000007.13:g.(?_55218977)_(55274084_?)dup,,,
2431083,NM_005228.5(EGFR):c.3114+101A>G,EGFR,Uncertain significance,"criteria provided, single submitter",,,NM_005228.5(EGFR):c.3114+101A>G,,rs1443442951,
2431104,NM_005228.5(EGFR):c.2701+77T>G,EGFR,Uncertain significance,"criteria provided, single submitter",,,NM_005228.5(EGFR):c.2701+77T>G,,rs2534825523,
2431117,NM_005228.5(EGFR):c.88+24313G>C,EGFR,Uncertain significance,"criteria provided, single submitter",,,NM_005228.5(EGFR):c.88+24313G>C,,rs2534985896,
2431156,NM_005228.5(EGFR):c.*2368G>T,EGFR,Uncertain significance,"criteria provided, single submitter",,,NM_005228.5(EGFR):c.*2368G>T,,rs528919345,
1438220,NM_005228.5(EGFR):c.2038C>T (p.Arg680Trp),EGFR,Uncertain significance,"criteria provided, multiple submitters, no conflicts",,,c.2038C>T,,rs369399038,
1438395,NM_005228.5(EGFR):c.1682A>G (p.Glu561Gly),EGFR,Uncertain significance,"criteria provided, single submitter",,,c.1682A>G,,rs2128944720,
1438549,NM_005228.5(EGFR):c.3060G>C (p.Gln1020His),EGFR,Uncertain significance,"criteria provided, multiple submitters, no conflicts",,,c.3060G>C,,rs2128971686,
1438557,NM_005228.5(EGFR):c.1028G>A (p.Gly343Asp),EGFR,Uncertain significance,"criteria provided, single submitter",,,c.1028G>A,,rs771398183,
1440052,NM_005228.5(EGFR):c.1700T>A (p.Met567Lys),EGFR,Uncertain significance,"criteria provided, multiple submitters, no conflicts",,,c.1700T>A,,rs2128944771,
1440091,NM_005228.5(EGFR):c.1526T>C (p.Leu509Ser),EGFR,Uncertain significance,"criteria provided, multiple submitters, no conflicts",,,c.1526T>C,,rs1240855741,
1440221,NM_005228.5(EGFR):c.940G>A (p.Asp314Asn),EGFR,Uncertain significance,"criteria provided, multiple submitters, no conflicts",,,c.940G>A,,rs552062864,
1440325,NM_005228.5(EGFR):c.3091C>T (p.Arg1031Trp),EGFR,Uncertain significance,"criteria provided, single submitter",,,c.3091C>T,,rs1490923813,
1440478,NM_005228.5(EGFR):c.2361_2362delinsAA (p.Leu788Ile),EGFR,Uncertain significance,"criteria provided, single submitter",,,c.2361_2362delinsAA,,rs2128958623,
1441042,NM_005228.5(EGFR):c.29C>A (p.Ala10Glu),EGFR,Uncertain significance,"criteria provided, multiple submitters, no conflicts",,,c.29C>A,,rs1217714114,
1441404,NM_005228.5(EGFR):c.1631+4G>A,EGFR,Uncertain significance,"criteria provided, single submitter",,,NM_005228.5(EGFR):c.1631+4G>A,,rs1584193139,
1442427,NM_005228.5(EGFR):c.2143A>T (p.Ile715Phe),EGFR,Uncertain significance,"criteria provided, single submitter",,,c.2143A>T,,rs2128953692,
1443486,NM_005228.5(EGFR):c.3586G>C (p.Glu1196Gln),EGFR,Uncertain significance,"criteria provided, single submitter",,,c.3586G>C,,rs1379387764,
2186398,NM_005228.5(EGFR):c.3449C>T (p.Thr1150Ile),EGFR,Uncertain significance,"criteria provided, multiple submitters, no conflicts",,,c.3449C>T,,rs745321541,
2186750,NM_005228.5(EGFR):c.1652A>T (p.Glu551Val),EGFR,Uncertain significance,"criteria provided, multiple submitters, no conflicts",,,c.1652A>T,,rs940873450,
1444992,NM_005228.5(EGFR):c.2189T>C (p.Leu730Pro),EGFR,Uncertain significance,"criteria provided, multiple submitters, no conflicts",,,c.2189T>C,,rs771995749,
1445095,NM_005228.5(EGFR):c.3199C>A (p.Gln1067Lys),EGFR,Uncertain significance,"criteria provided, multiple submitters, no conflicts",,,c.3199C>A,,rs778095401,
1445866,NM_005228.5(EGFR):c.1732A>G (p.Asn578Asp),EGFR,Uncertain significance,"criteria provided, single submitter",,,c.1732A>G,,rs2128946075,
1445875,NM_005228.5(EGFR):c.60_65dup (p.Ala21_Ser22insArgAla),EGFR,Uncertain significance,"criteria provided, multiple submitters, no conflicts",,,c.60_65dup,,rs2128853474,
1446347,NM_005228.5(EGFR):c.2473A>C (p.Met825Leu),EGFR,Uncertain significance,"criteria provided, single submitter",,,c.2473A>C,,rs2128964354,
1446916,NM_005228.5(EGFR):c.1583A>G (p.Asn528Ser),EGFR,Uncertain significance,"criteria provided, single submitter",,,c.1583A>G,,rs2128942940,
1447164,NM_005228.5(EGFR):c.494G>T (p.Arg165Leu),EGFR,Uncertain significance,"criteria provided, multiple submitters, no conflicts",,,c.494G>T,,rs761795138,
1447906,NM_005228.5(EGFR):c.573T>A (p.Asp191Glu),EGFR,Uncertain significance,"criteria provided, multiple submitters, no conflicts",,,c.573T>A,,rs2128932481,
2173246,NM_005228.5(EGFR):c.131T>C (p.Phe44Ser),EGFR,Uncertain significance,"criteria provided, multiple submitters, no conflicts",,,c.131T>C,,rs1001476056,
2174368,NM_005228.5(EGFR):c.3444C>G (p.Asn1148Lys),EGFR,Uncertain significance,"criteria provided, multiple submitters, no conflicts",,,c.3444C>G,,rs778725594,
2175643,NM_005228.5(EGFR):c.776C>A (p.Thr259Lys),EGFR,Uncertain significance,"criteria provided, single submitter",,,c.776C>A,,rs766478921,
2175817,NM_005228.5(EGFR):c.455A>G (p.Asn152Ser),EGFR,Uncertain significance,"criteria provided, multiple submitters, no conflicts",,,c.455A>G,,rs551591429,
2177561,NM_005228.5(EGFR):c.509G>T (p.Ser170Ile),EGFR,Uncertain significance,"criteria provided, multiple submitters, no conflicts",,,c.509G>T,,rs758945260,
2179611,NM_005228.5(EGFR):c.1963C>T (p.Leu655Phe),EGFR,Uncertain significance,"criteria provided, multiple submitters, no conflicts",,,c.1963C>T,,rs767037049,
2179834,NM_005228.5(EGFR):c.2119T>G (p.Leu707Val),EGFR,Uncertain significance,"criteria provided, single submitter",,,c.2119T>G,,rs2128953628,
1438198,NM_005228.5(EGFR):c.1025T>C (p.Ile342Thr),EGFR,Uncertain significance,"criteria provided, multiple submitters, no conflicts",,,c.1025T>C,,rs1381010963,
2129173,NM_005228.5(EGFR):c.2946+15C>A,EGFR,Uncertain significance,"criteria provided, single submitter",,,NM_005228.5(EGFR):c.2946+15C>A,,rs2128970052,
2130154,NM_005228.5(EGFR):c.1057G>T (p.Ala353Ser),EGFR,Uncertain significance,"criteria provided, single submitter",,,c.1057G>T,,rs2128938273,
2130957,NM_005228.5(EGFR):c.761T>A (p.Phe254Tyr),EGFR,Uncertain significance,"criteria provided, single submitter",,,c.761T>A,,rs2535505614,
2132847,NM_005228.5(EGFR):c.3121A>G (p.Thr1041Ala),EGFR,Uncertain significance,"criteria provided, single submitter",,,c.3121A>G,,rs1420042114,
2133799,NM_005228.5(EGFR):c.101C>A (p.Thr34Lys),EGFR,Uncertain significance,"criteria provided, single submitter",,,c.101C>A,,rs144158123,
2133820,NM_005228.5(EGFR):c.2401T>C (p.Tyr801His),EGFR,Uncertain significance,"criteria provided, single submitter",,,c.2401T>C,,rs757642107,
2134716,NM_005228.5(EGFR):c.1972C>G (p.Leu658Val),EGFR,Uncertain significance,"criteria provided, single submitter",,,c.1972C>G,,rs2128952490,
2136540,NM_005228.5(EGFR):c.2929C>T (p.Arg977Cys),EGFR,Uncertain significance,"criteria provided, multiple submitters, no conflicts",,,c.2929C>T,,rs1140476,
2156420,NM_005228.5(EGFR):c.1762G>A (p.Gly588Ser),EGFR,Uncertain significance,"criteria provided, multiple submitters, no conflicts",,,c.1762G>A,,rs989939484,
2170052,NM_005228.5(EGFR):c.3575C>A (p.Ala1192Asp),EGFR,Uncertain significance,"criteria provided, multiple submitters, no conflicts",,,c.3575C>A,,rs1480173156,
2170104,NM_005228.5(EGFR):c.1976T>C (p.Val659Ala),EGFR,Uncertain significance,"criteria provided, single submitter",,,c.1976T>C,,rs755356995,
1443656,NM_005228.5(EGFR):c.2794C>T (p.Arg932Cys),EGFR,Uncertain significance,"criteria provided, multiple submitters, no conflicts",,,c.2794C>T,,rs1223694747,
1444506,NM_005228.5(EGFR):c.1865C>T (p.Pro622Leu),EGFR,Uncertain significance,"criteria provided, multiple submitters, no conflicts",,,c.1865C>T,,rs1785924412,
1444662,NM_005228.5(EGFR):c.1681G>C (p.Glu561Gln),EGFR,Uncertain significance,"criteria provided, multiple submitters, no conflicts",,,c.1681G>C,,rs769918274,
1444668,NM_005228.5(EGFR):c.1134-6T>C,LOC126860048,Uncertain significance,"criteria provided, single submitter",,,NM_005228.5(EGFR):c.1134-6T>C,,rs373332145,
45254,NM_005228.5(EGFR):c.2305G>C (p.Val769Leu),EGFR,Uncertain significance,no assertion criteria provided,,,c.2305G>C,,rs147149347,
45255,NM_005228.5(EGFR):c.2305G>T (p.Val769Leu),EGFR-AS1,Uncertain significance,"criteria provided, single submitter",,,c.2305G>T,,rs147149347,
45259,NM_005228.5(EGFR):c.2313_2321dup (p.Pro772_Val774dup),EGFR,Uncertain significance,no assertion criteria provided,,,c.2313_2321dup,,rs397517113,
4870228,NM_005228.5(EGFR):c.2956A>G (p.Arg986Gly),EGFR,Uncertain significance,"criteria provided, single submitter",,,c.2956A>G,,,
4870230,NM_005228.5(EGFR):c.2747A>G (p.Asp916Gly),EGFR,Uncertain significance,"criteria provided, single submitter",,,c.2747A>G,,,
4870232,NM_005228.5(EGFR):c.913G>C (p.Gly305Arg),EGFR,Uncertain significance,"criteria provided, single submitter",,,c.913G>C,,,
4870233,NM_005228.5(EGFR):c.2102A>G (p.Gln701Arg),EGFR,Uncertain significance,"criteria provided, single submitter",,,c.2102A>G,,,
4870236,NM_005228.5(EGFR):c.1937T>C (p.Ile646Thr),EGFR,Uncertain significance,"criteria provided, single submitter",,,c.1937T>C,,,
4870238,NM_005228.5(EGFR):c.3205T>C (p.Tyr1069His),EGFR,Uncertain significance,"criteria provided, single submitter",,,c.3205T>C,,,
4870241,NM_005228.5(EGFR):c.313C>A (p.Gln105Lys),EGFR,Uncertain significance,"criteria provided, single submitter",,,c.313C>A,,,
4870242,NM_005228.5(EGFR):c.3300G>C (p.Arg1100Ser),EGFR,Uncertain significance,"criteria provided, single submitter",,,c.3300G>C,,,
4870244,NM_005228.5(EGFR):c.928G>A (p.Ala310Thr),EGFR,Uncertain significance,"criteria provided, single submitter",,,c.928G>A,,,
1449787,NM_005228.5(EGFR):c.2410G>A (p.Glu804Lys),EGFR-AS1,Uncertain significance,"criteria provided, multiple submitters, no conflicts",,,c.2410G>A,,rs552733360,
1450891,NM_005228.5(EGFR):c.368C>T (p.Ser123Phe),EGFR,Uncertain significance,"criteria provided, multiple submitters, no conflicts",,,c.368C>T,,rs1229095978,
1460666,NM_005228.5(EGFR):c.662G>C (p.Gly221Ala),EGFR,Uncertain significance,"criteria provided, single submitter",,,c.662G>C,,rs2128933719,
1461127,NM_005228.5(EGFR):c.2776A>C (p.Ile926Leu),EGFR,Uncertain significance,"criteria provided, multiple submitters, no conflicts",,,c.2776A>C,,rs759179459,
1461274,NM_005228.5(EGFR):c.239A>G (p.Lys80Arg),EGFR,Uncertain significance,"criteria provided, single submitter",,,c.239A>G,,rs2128926455,
2122817,NM_005228.5(EGFR):c.1700T>C (p.Met567Thr),EGFR,Uncertain significance,"criteria provided, single submitter",,,c.1700T>C,,rs2128944771,
2123058,NM_005228.5(EGFR):c.3397G>A (p.Val1133Met),EGFR,Uncertain significance,"criteria provided, single submitter",,,c.3397G>A,,rs2128975290,
2123100,NM_005228.5(EGFR):c.1418A>G (p.Asn473Ser),EGFR,Uncertain significance,"criteria provided, single submitter",,,c.1418A>G,,rs2128941580,
2123115,NM_005228.5(EGFR):c.2061+5G>T,EGFR,Uncertain significance,"criteria provided, multiple submitters, no conflicts",,,NM_005228.5(EGFR):c.2061+5G>T,,rs1237627217,
2124550,NM_005228.5(EGFR):c.664C>G (p.Arg222Gly),EGFR,Uncertain significance,"criteria provided, single submitter",,,c.664C>G,,rs1785212573,
2125354,NM_005228.5(EGFR):c.3293C>T (p.Pro1098Leu),EGFR,Uncertain significance,"criteria provided, multiple submitters, no conflicts",,,c.3293C>T,,rs2128975101,
2125890,NM_005228.5(EGFR):c.2005C>G (p.Arg669Gly),EGFR,Uncertain significance,"criteria provided, single submitter",,,c.2005C>G,,rs1231769201,
2127103,NM_005228.5(EGFR):c.1093A>G (p.Ile365Val),LOC126860048,Uncertain significance,"criteria provided, single submitter",,,c.1093A>G,,rs2128938354,
1466576,NM_005228.5(EGFR):c.1884C>G (p.Cys628Trp),EGFR,Uncertain significance,"criteria provided, single submitter",,,c.1884C>G,,rs2128951357,
1466971,NM_005228.5(EGFR):c.3392C>T (p.Thr1131Ile),EGFR,Uncertain significance,"criteria provided, single submitter",,,c.3392C>T,,rs1788067890,
1467286,NM_005228.5(EGFR):c.1508G>A (p.Gly503Asp),EGFR,Uncertain significance,"criteria provided, multiple submitters, no conflicts",,,c.1508G>A,,rs2128942699,
1467292,NM_005228.5(EGFR):c.1552C>T (p.Pro518Ser),EGFR,Uncertain significance,"criteria provided, single submitter",,,c.1552C>T,,rs368484180,
2109921,NM_005228.5(EGFR):c.913G>A (p.Gly305Ser),EGFR,Uncertain significance,"criteria provided, multiple submitters, no conflicts",,,c.913G>A,,rs1278838499,
2114097,NM_005228.5(EGFR):c.1007-8_1007-5del,EGFR,Uncertain significance,"criteria provided, single submitter",,,NM_005228.5(EGFR):c.1007-8_1007-5del,,rs748662290,
2115782,NM_005228.5(EGFR):c.3154A>G (p.Arg1052Gly),EGFR,Uncertain significance,"criteria provided, single submitter",,,c.3154A>G,,rs1787860375,
2120065,NM_005228.5(EGFR):c.1831G>T (p.Ala611Ser),EGFR,Uncertain significance,"criteria provided, single submitter",,,c.1831G>T,,rs201061916,
2121007,NM_005228.5(EGFR):c.2605T>C (p.Tyr869His),EGFR,Uncertain significance,"criteria provided, single submitter",,,c.2605T>C,,rs2128964692,
1448541,NM_005228.5(EGFR):c.944G>A (p.Ser315Asn),EGFR,Uncertain significance,"criteria provided, multiple submitters, no conflicts",,,c.944G>A,,rs745658347,
1448800,NM_005228.5(EGFR):c.2380C>T (p.Pro794Ser),EGFR-AS1,Uncertain significance,"criteria provided, single submitter",,,c.2380C>T,,rs370289230,
1448998,NM_005228.5(EGFR):c.2041A>T (p.Arg681Trp),EGFR,Uncertain significance,"criteria provided, single submitter",,,c.2041A>T,,rs2128952672,
1449019,NM_005228.5(EGFR):c.964G>A (p.Gly322Ser),EGFR,Uncertain significance,"criteria provided, multiple submitters, no conflicts",,,c.964G>A,,rs776791214,
1449309,NM_005228.5(EGFR):c.3428A>C (p.Gln1143Pro),EGFR,Uncertain significance,"criteria provided, multiple submitters, no conflicts",,,c.3428A>C,,rs2128975344,
2107060,NM_005228.5(EGFR):c.2941A>G (p.Ile981Val),EGFR,Uncertain significance,"criteria provided, single submitter",,,c.2941A>G,,rs2128969995,
2107714,NM_005228.5(EGFR):c.3343C>G (p.Leu1115Val),EGFR,Uncertain significance,"criteria provided, single submitter",,,c.3343C>G,,rs1239866206,
2108096,NM_005228.5(EGFR):c.738C>G (p.Ser246Arg),EGFR,Uncertain significance,"criteria provided, single submitter",,,c.738C>G,,rs772130986,
2108960,NM_005228.5(EGFR):c.661G>T (p.Gly221Trp),EGFR,Uncertain significance,"criteria provided, single submitter",,,c.661G>T,,rs776886714,
2108997,NM_005228.5(EGFR):c.2002A>C (p.Met668Leu),EGFR,Uncertain significance,"criteria provided, single submitter",,,c.2002A>C,,rs746757722,
2109008,NM_005228.5(EGFR):c.889+6T>C,EGFR,Uncertain significance,"criteria provided, single submitter",,,NM_005228.5(EGFR):c.889+6T>C,,rs2128935213,
1461785,NM_005228.5(EGFR):c.88G>A (p.Val30Ile),EGFR,Uncertain significance,"criteria provided, single submitter",,,c.88G>A,,rs1786376117,
1462227,NM_005228.5(EGFR):c.213G>C (p.Gln71His),EGFR,Uncertain significance,"criteria provided, single submitter",,,c.213G>C,,rs2128926407,
1462745,NM_005228.5(EGFR):c.3623T>C (p.Ile1208Thr),EGFR,Uncertain significance,"criteria provided, multiple submitters, no conflicts",,,c.3623T>C,,rs2128975695,
1463043,NM_005228.5(EGFR):c.1562_1563delinsAC (p.Arg521Asn),EGFR,Uncertain significance,"criteria provided, multiple submitters, no conflicts",,,c.1562_1563delinsAC,,rs2128942880,
1464070,NM_005228.5(EGFR):c.857G>T (p.Ser286Ile),EGFR,Uncertain significance,"criteria provided, multiple submitters, no conflicts",,,c.857G>T,,rs2128935109,
1464964,NM_005228.5(EGFR):c.2930G>C (p.Arg977Pro),EGFR,Uncertain significance,"criteria provided, multiple submitters, no conflicts",,,c.2930G>C,,rs745490627,
1465092,NM_005228.5(EGFR):c.108C>A (p.Asn36Lys),EGFR,Uncertain significance,"criteria provided, single submitter",,,c.108C>A,,rs1794504721,
1465823,NM_005228.5(EGFR):c.2419G>A (p.Asp807Asn),EGFR-AS1,Uncertain significance,"criteria provided, multiple submitters, no conflicts",,,c.2419G>A,,rs1786870739,
1466178,NM_005228.5(EGFR):c.730C>G (p.Arg244Gly),EGFR,Uncertain significance,"criteria provided, multiple submitters, no conflicts",,,c.730C>G,,rs554981236,
1471503,NM_005228.5(EGFR):c.34_54del (p.Leu12_Leu18del),EGFR,Uncertain significance,"criteria provided, multiple submitters, no conflicts",,,c.34_54del,,rs2128853380,
1471878,NM_005228.5(EGFR):c.538T>A (p.Phe180Ile),EGFR,Uncertain significance,"criteria provided, single submitter",,,c.538T>A,,rs2128929619,
1472042,NM_005228.5(EGFR):c.507C>G (p.Ser169Arg),EGFR,Uncertain significance,"criteria provided, single submitter",,,c.507C>G,,rs1303069659,
1472101,NM_005228.5(EGFR):c.797C>T (p.Pro266Leu),EGFR,Uncertain significance,"criteria provided, single submitter",,,c.797C>T,,rs17336639,
1472478,NM_005228.5(EGFR):c.3554G>A (p.Gly1185Asp),EGFR,Uncertain significance,"criteria provided, single submitter",,,c.3554G>A,,rs746585833,
1472634,NM_005228.5(EGFR):c.424+3G>T,EGFR,Uncertain significance,"criteria provided, single submitter",,,NM_005228.5(EGFR):c.424+3G>T,,rs753033730,
1472866,NM_005228.5(EGFR):c.3299G>C (p.Arg1100Thr),EGFR,Uncertain significance,"criteria provided, single submitter",,,c.3299G>C,,rs1788062582,
1473616,NM_005228.5(EGFR):c.2324G>A (p.Cys775Tyr),EGFR,Uncertain significance,"criteria provided, multiple submitters, no conflicts",,,c.2324G>A,,rs2128958527,
2096034,NM_005228.5(EGFR):c.768C>G (p.Asp256Glu),EGFR,Uncertain significance,"criteria provided, multiple submitters, no conflicts",,,c.768C>G,,rs146098757,
2099236,NM_005228.5(EGFR):c.1910C>T (p.Pro637Leu),EGFR,Uncertain significance,"criteria provided, multiple submitters, no conflicts",,,c.1910C>T,,rs2128951406,
2099315,NM_005228.5(EGFR):c.1313T>C (p.Leu438Pro),EGFR,Uncertain significance,"criteria provided, single submitter",,,c.1313T>C,,rs2128941306,
2101186,NM_005228.5(EGFR):c.1733A>G (p.Asn578Ser),EGFR,Uncertain significance,"criteria provided, single submitter",,,c.1733A>G,,rs556794990,
2102762,NM_005228.5(EGFR):c.567G>T (p.Lys189Asn),EGFR,Uncertain significance,"criteria provided, single submitter",,,c.567G>T,,rs748275089,
2105110,NM_005228.5(EGFR):c.1151C>T (p.Thr384Ile),EGFR,Uncertain significance,"criteria provided, multiple submitters, no conflicts",,,c.1151C>T,,rs2128938691,
2105917,NM_005228.5(EGFR):c.2942T>C (p.Ile981Thr),EGFR,Uncertain significance,"criteria provided, multiple submitters, no conflicts",,,c.2942T>C,,rs771888227,
2088422,NM_005228.5(EGFR):c.3218C>G (p.Pro1073Arg),EGFR,Uncertain significance,"criteria provided, single submitter",,,c.3218C>G,,rs2128973093,
2088522,NM_005228.5(EGFR):c.3325_3328del (p.Val1109fs),EGFR,Uncertain significance,"criteria provided, single submitter",,,c.3325_3328del,,rs1788063937,
2089182,NM_005228.5(EGFR):c.2099A>G (p.Asn700Ser),EGFR,Uncertain significance,"criteria provided, multiple submitters, no conflicts",,,c.2099A>G,,rs2534724712,
2089396,NM_005228.5(EGFR):c.3162G>T (p.Gly1054=),EGFR,Uncertain significance,"criteria provided, multiple submitters, no conflicts",,,c.3162G>T,,rs987532315,
2089957,NM_005228.5(EGFR):c.2849-3C>G,EGFR,Uncertain significance,"criteria provided, single submitter",,,NM_005228.5(EGFR):c.2849-3C>G,,rs1787789638,
2091997,NM_005228.5(EGFR):c.389C>A (p.Thr130Asn),EGFR,Uncertain significance,"criteria provided, single submitter",,,c.389C>A,,rs2128927503,
2092455,NM_005228.5(EGFR):c.83A>C (p.Lys28Thr),EGFR,Uncertain significance,"criteria provided, single submitter",,,c.83A>C,,rs2128853543,
2092468,NM_005228.5(EGFR):c.1412A>G (p.Tyr471Cys),EGFR,Uncertain significance,"criteria provided, multiple submitters, no conflicts",,,c.1412A>G,,rs2535548254,
2093012,NM_005228.5(EGFR):c.802A>G (p.Met268Val),EGFR,Uncertain significance,"criteria provided, single submitter",,,c.802A>G,,rs2128934965,
2094444,NM_005228.5(EGFR):c.1976T>G (p.Val659Gly),EGFR,Uncertain significance,"criteria provided, single submitter",,,c.1976T>G,,rs755356995,
2095529,NM_005228.5(EGFR):c.2809C>G (p.Pro937Ala),EGFR,Uncertain significance,"criteria provided, single submitter",,,c.2809C>G,,rs2128968847,
1467313,NM_005228.5(EGFR):c.3277A>G (p.Ile1093Val),EGFR,Uncertain significance,"criteria provided, multiple submitters, no conflicts",,,c.3277A>G,,rs1788062018,
1469184,NM_005228.5(EGFR):c.635A>G (p.Lys212Arg),EGFR,Uncertain significance,"criteria provided, multiple submitters, no conflicts",,,c.635A>G,,rs2128933654,
1469242,NM_005228.5(EGFR):c.574C>A (p.Pro192Thr),EGFR,Uncertain significance,"criteria provided, multiple submitters, no conflicts",,,c.574C>A,,rs770074413,
1469267,NM_005228.5(EGFR):c.1780A>G (p.Thr594Ala),EGFR,Uncertain significance,"criteria provided, single submitter",,,c.1780A>G,,rs1785915848,
1470415,NM_005228.5(EGFR):c.1564G>A (p.Asp522Asn),EGFR,Uncertain significance,"criteria provided, multiple submitters, no conflicts",,,c.1564G>A,,rs2128942888,
1476831,NM_005228.5(EGFR):c.475G>C (p.Val159Leu),EGFR,Uncertain significance,"criteria provided, single submitter",,,c.475G>C,,rs2128929494,
1476946,NM_005228.5(EGFR):c.424G>A (p.Glu142Lys),EGFR,Uncertain significance,"criteria provided, single submitter",,,c.424G>A,,rs2128927602,
1477158,NM_005228.5(EGFR):c.13G>C (p.Gly5Arg),EGFR,Uncertain significance,"criteria provided, multiple submitters, no conflicts",,,c.13G>C,,rs774487133,
1477466,NM_005228.5(EGFR):c.3545A>G (p.Lys1182Arg),EGFR,Uncertain significance,"criteria provided, single submitter",,,c.3545A>G,,rs2128975553,
1477540,NM_005228.5(EGFR):c.955G>C (p.Glu319Gln),EGFR,Uncertain significance,"criteria provided, multiple submitters, no conflicts",,,c.955G>C,,rs1175454134,
1478111,NM_005228.5(EGFR):c.3456C>G (p.Asp1152Glu),EGFR,Uncertain significance,"criteria provided, multiple submitters, no conflicts",,,c.3456C>G,,rs996715780,
1479382,NM_005228.5(EGFR):c.1920G>A (p.Gly640=),EGFR,Uncertain significance,"criteria provided, single submitter",,,c.1920G>A,,rs2128952376,
2076157,NM_005228.5(EGFR):c.2758G>T (p.Ala920Ser),EGFR,Uncertain significance,"criteria provided, single submitter",,,c.2758G>T,,rs2128968736,
2078194,NM_005228.5(EGFR):c.68G>A (p.Arg23Gln),EGFR,Uncertain significance,"criteria provided, single submitter",,,c.68G>A,,rs1786374080,
2083449,NM_005228.5(EGFR):c.2805G>T (p.Gln935His),EGFR,Uncertain significance,"criteria provided, single submitter",,,c.2805G>T,,rs2128968842,
2084306,NM_005228.5(EGFR):c.1939G>C (p.Ala647Pro),EGFR,Uncertain significance,"criteria provided, multiple submitters, no conflicts",,,c.1939G>C,,rs764359156,
2085061,NM_005228.5(EGFR):c.2550T>G (p.His850Gln),EGFR,Uncertain significance,"criteria provided, multiple submitters, no conflicts",,,c.2550T>G,,rs1787408230,
2085191,NM_005228.5(EGFR):c.452G>C (p.Ser151Thr),EGFR,Uncertain significance,"criteria provided, single submitter",,,c.452G>C,,rs1023675360,
2086655,NM_005228.5(EGFR):c.2284-3C>A,EGFR-AS1,Uncertain significance,"criteria provided, single submitter",,,NM_005228.5(EGFR):c.2284-3C>A,,rs1379173725,
2087912,NM_005228.5(EGFR):c.1918G>A (p.Gly640Arg),EGFR,Uncertain significance,"criteria provided, single submitter",,,c.1918G>A,,rs200989322,
1483495,NM_005228.5(EGFR):c.1808A>T (p.Asn603Ile),EGFR,Uncertain significance,"criteria provided, single submitter",,,c.1808A>T,,rs2128946331,
1485337,NM_005228.5(EGFR):c.1540G>A (p.Gly514Ser),EGFR,Uncertain significance,"criteria provided, single submitter",,,c.1540G>A,,rs2128942803,
1485669,NM_005228.5(EGFR):c.1723G>A (p.Gly575Arg),EGFR,Uncertain significance,"criteria provided, single submitter",,,c.1723G>A,,rs2128946046,
1485810,NM_005228.5(EGFR):c.3331C>T (p.His1111Tyr),EGFR,Uncertain significance,"criteria provided, single submitter",,,c.3331C>T,,rs2128975175,
1486743,NM_005228.5(EGFR):c.359C>A (p.Ala120Glu),EGFR,Uncertain significance,"criteria provided, single submitter",,,c.359C>A,,rs2128927437,
2052732,NM_005228.5(EGFR):c.806T>C (p.Leu269Pro),EGFR,Uncertain significance,"criteria provided, single submitter",,,c.806T>C,,rs2128934975,
2053108,NM_005228.5(EGFR):c.527T>C (p.Met176Thr),EGFR,Uncertain significance,"criteria provided, single submitter",,,c.527T>C,,rs2535467833,
2055612,NM_005228.5(EGFR):c.1025T>G (p.Ile342Ser),EGFR,Uncertain significance,"criteria provided, single submitter",,,c.1025T>G,,rs1381010963,
2061976,NM_005228.5(EGFR):c.521G>A (p.Ser174Asn),EGFR,Uncertain significance,"criteria provided, single submitter",,,c.521G>A,,rs2128929577,
2071270,NM_005228.5(EGFR):c.1919+5G>A,EGFR,Uncertain significance,"criteria provided, single submitter",,,NM_005228.5(EGFR):c.1919+5G>A,,rs2128951428,
1475728,NM_005228.5(EGFR):c.1913C>A (p.Thr638Lys),EGFR,Uncertain significance,"criteria provided, single submitter",,,c.1913C>A,,rs571064657,
1476335,NM_005228.5(EGFR):c.1609G>A (p.Asp537Asn),EGFR,Uncertain significance,"criteria provided, single submitter",,,c.1609G>A,,rs1038997598,
1476347,NM_005228.5(EGFR):c.3022G>A (p.Asp1008Asn),EGFR,Uncertain significance,"criteria provided, single submitter",,,c.3022G>A,,rs1162232225,
1476498,NM_005228.5(EGFR):c.239A>C (p.Lys80Thr),EGFR,Uncertain significance,"criteria provided, single submitter",,,c.239A>C,,rs2128926455,
2040180,NM_005228.5(EGFR):c.333G>A (p.Met111Ile),EGFR,Uncertain significance,"criteria provided, single submitter",,,c.333G>A,,rs1488843432,
2042745,NM_005228.5(EGFR):c.2017A>G (p.Ile673Val),EGFR,Uncertain significance,"criteria provided, multiple submitters, no conflicts",,,c.2017A>G,,rs1199980775,
2045039,NM_005228.5(EGFR):c.3220A>C (p.Thr1074Pro),EGFR,Uncertain significance,"criteria provided, single submitter",,,c.3220A>C,,rs1275982156,
2045254,NM_005228.5(EGFR):c.1239C>G (p.Asn413Lys),EGFR,Uncertain significance,"criteria provided, single submitter",,,c.1239C>G,,rs2128939657,
2045491,NM_005228.5(EGFR):c.725G>A (p.Gly242Asp),EGFR,Uncertain significance,"criteria provided, single submitter",,,c.725G>A,,rs2128933863,
2046040,NM_005228.5(EGFR):c.3283C>T (p.Gln1095Ter),EGFR,Uncertain significance,"criteria provided, single submitter",,,c.3283C>T,,rs2128975088,
2046904,NM_005228.5(EGFR):c.1477A>G (p.Asn493Asp),EGFR,Uncertain significance,"criteria provided, single submitter",,,c.1477A>G,,rs1785633233,
1480078,NM_005228.5(EGFR):c.2418_2423del (p.Lys806_Asp807del),EGFR-AS1,Uncertain significance,"criteria provided, single submitter",,,c.2418_2423del,,rs2128958755,
1480096,NM_005228.5(EGFR):c.2159C>G (p.Ser720Cys),EGFR,Uncertain significance,"criteria provided, single submitter",,,c.2159C>G,,rs772799315,
1480530,NM_005228.5(EGFR):c.409A>C (p.Met137Leu),EGFR,Uncertain significance,"criteria provided, single submitter",,,c.409A>C,,rs754854319,
1480622,NM_005228.5(EGFR):c.1207+5G>A,EGFR,Uncertain significance,"criteria provided, multiple submitters, no conflicts",,,NM_005228.5(EGFR):c.1207+5G>A,,rs746340466,
1481031,NM_005228.5(EGFR):c.676A>C (p.Lys226Gln),EGFR,Uncertain significance,"criteria provided, multiple submitters, no conflicts",,,c.676A>C,,rs2128933753,
1481067,NM_005228.5(EGFR):c.2107C>T (p.Leu703Phe),EGFR,Uncertain significance,"criteria provided, multiple submitters, no conflicts",,,c.2107C>T,,rs1273890779,
1482550,NM_005228.5(EGFR):c.3568T>G (p.Ser1190Ala),EGFR,Uncertain significance,"criteria provided, single submitter",,,c.3568T>G,,rs1788076781,
1482916,NM_005228.5(EGFR):c.737G>A (p.Ser246Asn),EGFR,Uncertain significance,"criteria provided, single submitter",,,c.737G>A,,rs2128933894,
1490946,NM_005228.5(EGFR):c.1631+5G>C,EGFR,Uncertain significance,"criteria provided, single submitter",,,NM_005228.5(EGFR):c.1631+5G>C,,rs777179174,
1491200,NM_005228.5(EGFR):c.854A>G (p.Tyr285Cys),EGFR,Uncertain significance,"criteria provided, single submitter",,,c.854A>G,,rs2128935101,
1491234,NM_005228.5(EGFR):c.1752C>G (p.His584Gln),EGFR,Uncertain significance,"criteria provided, multiple submitters, no conflicts",,,c.1752C>G,,rs956386356,
1492684,NM_005228.5(EGFR):c.3176C>G (p.Pro1059Arg),EGFR,Uncertain significance,"criteria provided, single submitter",,,c.3176C>G,,rs1406092971,
1493359,NM_005228.5(EGFR):c.1920-3C>T,EGFR,Uncertain significance,"criteria provided, multiple submitters, no conflicts",,,NM_005228.5(EGFR):c.1920-3C>T,,rs966644136,
1493394,NM_005228.5(EGFR):c.1854C>A (p.His618Gln),EGFR,Uncertain significance,"criteria provided, multiple submitters, no conflicts",,,c.1854C>A,,rs2128946470,
1493476,NM_005228.5(EGFR):c.577A>G (p.Ser193Gly),EGFR,Uncertain significance,"criteria provided, single submitter",,,c.577A>G,,rs2128932492,
1493928,NM_005228.5(EGFR):c.2254T>A (p.Ser752Thr),EGFR,Uncertain significance,"criteria provided, single submitter",,,c.2254T>A,,rs1373423544,
1494591,NM_005228.5(EGFR):c.3226G>A (p.Ala1076Thr),EGFR,Uncertain significance,"criteria provided, multiple submitters, no conflicts",,,c.3226G>A,,rs764780987,
1494816,NM_005228.5(EGFR):c.2404G>A (p.Val802Ile),EGFR-AS1,Uncertain significance,"criteria provided, multiple submitters, no conflicts",,,c.2404G>A,,rs1351046105,
2024382,NM_005228.5(EGFR):c.1208-3C>T,EGFR,Uncertain significance,"criteria provided, single submitter",,,NM_005228.5(EGFR):c.1208-3C>T,,rs2128939586,
2033085,NM_005228.5(EGFR):c.2284G>A (p.Glu762Lys),EGFR,Uncertain significance,"criteria provided, single submitter",,,c.2284G>A,,rs2128958217,
2033715,NM_005228.5(EGFR):c.3461dup (p.Ala1155fs),EGFR,Uncertain significance,"criteria provided, single submitter",,,c.3461dup,,rs2534896078,
2035612,NM_005228.5(EGFR):c.890-16A>T,EGFR,Uncertain significance,"criteria provided, single submitter",,,NM_005228.5(EGFR):c.890-16A>T,,rs767820212,
1502254,NM_005228.5(EGFR):c.1901A>C (p.Glu634Ala),EGFR,Uncertain significance,"criteria provided, multiple submitters, no conflicts",,,c.1901A>C,,rs2128951381,
1503339,NM_005228.5(EGFR):c.1950G>A (p.Met650Ile),EGFR,Uncertain significance,"criteria provided, single submitter",,,c.1950G>A,,rs2128952445,
1503733,NM_005228.5(EGFR):c.889C>T (p.Arg297Cys),EGFR,Uncertain significance,"criteria provided, single submitter",,,c.889C>T,,rs751667358,
2009071,NM_005228.5(EGFR):c.1648G>C (p.Val550Leu),EGFR,Uncertain significance,"criteria provided, single submitter",,,c.1648G>C,,rs1785819776,
2009335,NM_005228.5(EGFR):c.2688T>A (p.Asp896Glu),EGFR,Uncertain significance,"criteria provided, single submitter",,,c.2688T>A,,rs1385329263,
2009677,NM_005228.5(EGFR):c.1371T>A (p.Ser457Arg),EGFR,Uncertain significance,"criteria provided, multiple submitters, no conflicts",,,c.1371T>A,,rs755147377,
2011745,NM_005228.5(EGFR):c.1393G>A (p.Gly465Arg),EGFR,Uncertain significance,"criteria provided, single submitter",,,c.1393G>A,,rs2128941520,
2012919,NM_005228.5(EGFR):c.3548C>G (p.Pro1183Arg),EGFR,Uncertain significance,"criteria provided, multiple submitters, no conflicts",,,c.3548C>G,,rs2534897028,
2013164,NM_005228.5(EGFR):c.1132G>A (p.Gly378Ser),EGFR,Uncertain significance,"criteria provided, single submitter",,,c.1132G>A,,rs2128938460,
2014942,NM_005228.5(EGFR):c.1132G>T (p.Gly378Cys),EGFR,Uncertain significance,"criteria provided, single submitter",,,c.1132G>T,,rs2128938460,
2015504,NM_005228.5(EGFR):c.1718G>A (p.Gly573Glu),EGFR,Uncertain significance,"criteria provided, single submitter",,,c.1718G>A,,rs2128944824,
2017744,NM_005228.5(EGFR):c.1631+8G>A,EGFR,Uncertain significance,"criteria provided, single submitter",,,NM_005228.5(EGFR):c.1631+8G>A,,rs1562772255,
1487110,NM_005228.5(EGFR):c.2101C>A (p.Gln701Lys),EGFR,Uncertain significance,"criteria provided, multiple submitters, no conflicts",,,c.2101C>A,,rs774261340,
1487342,NM_005228.5(EGFR):c.827A>G (p.Gln276Arg),EGFR,Uncertain significance,"criteria provided, multiple submitters, no conflicts",,,c.827A>G,,rs771396903,
1490005,NM_005228.5(EGFR):c.970C>T (p.Arg324Cys),EGFR,Uncertain significance,"criteria provided, single submitter",,,c.970C>T,,rs1343888047,
2006855,NM_005228.5(EGFR):c.461C>G (p.Pro154Arg),EGFR,Uncertain significance,"criteria provided, single submitter",,,c.461C>G,,rs2128929467,
2006889,NM_005228.5(EGFR):c.3422C>G (p.Thr1141Ser),EGFR,Uncertain significance,"criteria provided, multiple submitters, no conflicts",,,c.3422C>G,,rs2128975332,
2006896,NM_005228.5(EGFR):c.460C>G (p.Pro154Ala),EGFR,Uncertain significance,"criteria provided, single submitter",,,c.460C>G,,rs2128929465,
1495199,NM_005228.5(EGFR):c.130T>G (p.Phe44Val),EGFR,Uncertain significance,"criteria provided, single submitter",,,c.130T>G,,rs2128926193,
1496803,NM_005228.5(EGFR):c.3304G>T (p.Ala1102Ser),EGFR,Uncertain significance,"criteria provided, single submitter",,,c.3304G>T,,rs1268506326,
1497132,NM_005228.5(EGFR):c.2702G>C (p.Gly901Ala),EGFR,Uncertain significance,"criteria provided, multiple submitters, no conflicts",,,c.2702G>C,,rs1009023863,
1497521,NM_005228.5(EGFR):c.3517C>A (p.Gln1173Lys),EGFR,Uncertain significance,"criteria provided, multiple submitters, no conflicts",,,c.3517C>A,,rs2128975510,
1497888,NM_005228.5(EGFR):c.3179T>C (p.Ile1060Thr),EGFR,Uncertain significance,"criteria provided, multiple submitters, no conflicts",,,c.3179T>C,,rs2128973018,
1499078,NM_005228.5(EGFR):c.3512A>T (p.Asp1171Val),EGFR,Uncertain significance,"criteria provided, single submitter",,,c.3512A>T,,rs2128975498,
1499948,NM_005228.5(EGFR):c.1277T>C (p.Ile426Thr),EGFR,Uncertain significance,"criteria provided, multiple submitters, no conflicts",,,c.1277T>C,,rs2128939735,
1500045,NM_005228.5(EGFR):c.2090A>T (p.Glu697Val),EGFR,Uncertain significance,"criteria provided, single submitter",,,c.2090A>T,,rs2128953554,
1500085,NM_005228.5(EGFR):c.14G>A (p.Gly5Glu),EGFR,Uncertain significance,"criteria provided, single submitter",,,c.14G>A,,rs759582787,
1500576,NM_005228.5(EGFR):c.1766C>A (p.Pro589His),EGFR,Uncertain significance,"criteria provided, multiple submitters, no conflicts",,,c.1766C>A,,rs751570775,
1500719,NM_005228.5(EGFR):c.3577G>A (p.Glu1193Lys),EGFR,Uncertain significance,"criteria provided, multiple submitters, no conflicts",,,c.3577G>A,,rs749441331,
1501957,NM_005228.5(EGFR):c.1880+4A>T,EGFR,Uncertain significance,"criteria provided, single submitter",,,NM_005228.5(EGFR):c.1880+4A>T,,rs2128946553,
1502154,NM_005228.5(EGFR):c.2387G>A (p.Gly796Asp),EGFR,Uncertain significance,"criteria provided, single submitter",,,c.2387G>A,,rs2128958694,
1990931,NM_005228.5(EGFR):c.701A>G (p.Asn234Ser),EGFR,Uncertain significance,"criteria provided, single submitter",,,c.701A>G,,rs2128933803,
1993523,NM_005228.5(EGFR):c.754C>G (p.Arg252Gly),EGFR,Uncertain significance,"criteria provided, single submitter",,,c.754C>G,,rs775252718,
1994228,NM_005228.5(EGFR):c.575C>T (p.Pro192Leu),EGFR,Uncertain significance,"criteria provided, single submitter",,,c.575C>T,,rs2535490223,
1995029,NM_005228.5(EGFR):c.503T>C (p.Val168Ala),EGFR,Uncertain significance,"criteria provided, single submitter",,,c.503T>C,,rs2128929538,
1995049,NM_005228.5(EGFR):c.137A>T (p.Asp46Val),EGFR,Uncertain significance,"criteria provided, single submitter",,,c.137A>T,,rs1343024399,
1997603,NM_005228.5(EGFR):c.2335G>A (p.Gly779Ser),EGFR,Uncertain significance,"criteria provided, single submitter",,,c.2335G>A,,rs397517119,
1999622,NM_005228.5(EGFR):c.2629C>A (p.Pro877Thr),EGFR,Uncertain significance,"criteria provided, single submitter",,,c.2629C>A,,rs1038116801,
2000128,NM_005228.5(EGFR):c.1844A>T (p.His615Leu),EGFR,Uncertain significance,"criteria provided, single submitter",,,c.1844A>T,,rs1785923084,
2002168,NM_005228.5(EGFR):c.2107C>A (p.Leu703Ile),EGFR,Uncertain significance,"criteria provided, multiple submitters, no conflicts",,,c.2107C>A,,rs1273890779,
2002620,NM_005228.5(EGFR):c.349_350delinsAT (p.Tyr117Ile),EGFR,Uncertain significance,"criteria provided, single submitter",,,c.349_350delinsAT,,rs2535448410,
2003163,NM_005228.5(EGFR):c.766G>A (p.Asp256Asn),EGFR,Uncertain significance,"criteria provided, single submitter",,,c.766G>A,,rs2128934871,
2003462,NM_005228.5(EGFR):c.628+2dup,EGFR,Uncertain significance,"criteria provided, multiple submitters, no conflicts",,,NM_005228.5(EGFR):c.628+2dup,,rs2535491162,
2004955,NM_005228.5(EGFR):c.1139C>T (p.Ser380Phe),EGFR,Uncertain significance,"criteria provided, single submitter",,,c.1139C>T,,rs2128938670,
2005222,NM_005228.5(EGFR):c.3313G>T (p.Val1105Leu),EGFR,Uncertain significance,"criteria provided, single submitter",,,c.3313G>T,,rs1583665277,
2006486,NM_005228.5(EGFR):c.722C>G (p.Thr241Arg),EGFR,Uncertain significance,"criteria provided, single submitter",,,c.722C>G,,rs370744986,
1506901,NM_005228.5(EGFR):c.2184+4A>G,EGFR,Uncertain significance,"criteria provided, multiple submitters, no conflicts",,,NM_005228.5(EGFR):c.2184+4A>G,,rs2128953792,
1507038,NM_005228.5(EGFR):c.2930G>T (p.Arg977Leu),EGFR,Uncertain significance,"criteria provided, single submitter",,,c.2930G>T,,rs745490627,
1509945,NM_005228.5(EGFR):c.1028G>T (p.Gly343Val),EGFR,Uncertain significance,"criteria provided, multiple submitters, no conflicts",,,c.1028G>T,,rs771398183,
1981707,NM_005228.5(EGFR):c.319A>G (p.Ile107Val),EGFR,Uncertain significance,"criteria provided, multiple submitters, no conflicts",,,c.319A>G,,rs1794577015,
1982175,NM_005228.5(EGFR):c.869C>G (p.Thr290Ser),EGFR,Uncertain significance,"criteria provided, single submitter",,,c.869C>G,,rs1020654485,
1982421,NM_005228.5(EGFR):c.2826T>A (p.Asp942Glu),EGFR,Uncertain significance,"criteria provided, single submitter",,,c.2826T>A,,rs1787730139,
1983552,NM_005228.5(EGFR):c.3371A>G (p.His1124Arg),EGFR,Uncertain significance,"criteria provided, multiple submitters, no conflicts",,,c.3371A>G,,rs1788066890,
1985690,NM_005228.5(EGFR):c.2549A>G (p.His850Arg),EGFR,Uncertain significance,"criteria provided, multiple submitters, no conflicts",,,c.2549A>G,,rs2128964558,
1987003,NM_005228.5(EGFR):c.2575G>T (p.Ala859Ser),EGFR,Uncertain significance,"criteria provided, single submitter",,,c.2575G>T,,rs2128964620,
1987309,NM_005228.5(EGFR):c.415A>T (p.Asn139Tyr),EGFR,Uncertain significance,"criteria provided, multiple submitters, no conflicts",,,c.415A>T,,rs2128927576,
1987778,NM_005228.5(EGFR):c.2948G>T (p.Gly983Val),EGFR,Uncertain significance,"criteria provided, multiple submitters, no conflicts",,,c.2948G>T,,rs2128971453,
1987853,NM_005228.5(EGFR):c.394C>A (p.Leu132Met),EGFR,Uncertain significance,"criteria provided, multiple submitters, no conflicts",,,c.394C>A,,rs2128927517,
1988348,NM_005228.5(EGFR):c.3599T>C (p.Val1200Ala),EGFR,Uncertain significance,"criteria provided, multiple submitters, no conflicts",,,c.3599T>C,,rs2534897536,
1988946,NM_005228.5(EGFR):c.929C>T (p.Ala310Val),EGFR,Uncertain significance,"criteria provided, multiple submitters, no conflicts",,,c.929C>T,,rs1785385813,
1989295,NM_005228.5(EGFR):c.3020T>C (p.Met1007Thr),EGFR,Uncertain significance,"criteria provided, multiple submitters, no conflicts",,,c.3020T>C,,rs1787835111,
1977075,NM_005228.5(EGFR):c.2927A>T (p.Gln976Leu),EGFR,Uncertain significance,"criteria provided, single submitter",,,c.2927A>T,,rs773034947,
1978211,NM_005228.5(EGFR):c.2274A>T (p.Glu758Asp),EGFR,Uncertain significance,"criteria provided, multiple submitters, no conflicts",,,c.2274A>T,,rs2128954889,
1978483,NM_005228.5(EGFR):c.3307G>A (p.Gly1103Ser),EGFR,Uncertain significance,"criteria provided, multiple submitters, no conflicts",,,c.3307G>A,,rs139388758,
1979027,NM_005228.5(EGFR):c.662G>A (p.Gly221Glu),EGFR,Uncertain significance,"criteria provided, multiple submitters, no conflicts",,,c.662G>A,,rs2128933719,
1980302,NM_005228.5(EGFR):c.775A>G (p.Thr259Ala),EGFR,Uncertain significance,"criteria provided, single submitter",,,c.775A>G,,rs1396651256,
1980363,NM_005228.5(EGFR):c.2010G>T (p.Arg670Ser),EGFR,Uncertain significance,"criteria provided, multiple submitters, no conflicts",,,c.2010G>T,,rs776875545,
1980657,NM_005228.5(EGFR):c.963C>A (p.Asp321Glu),EGFR,Uncertain significance,"criteria provided, multiple submitters, no conflicts",,,c.963C>A,,rs764038041,
1981681,NM_005228.5(EGFR):c.2010G>C (p.Arg670Ser),EGFR,Uncertain significance,"criteria provided, multiple submitters, no conflicts",,,c.2010G>C,,rs776875545,
1504501,NM_005228.5(EGFR):c.1513G>T (p.Val505Phe),EGFR,Uncertain significance,"criteria provided, multiple submitters, no conflicts",,,c.1513G>T,,rs2128942714,
1504590,NM_005228.5(EGFR):c.1773C>G (p.Cys591Trp),EGFR,Uncertain significance,"criteria provided, multiple submitters, no conflicts",,,c.1773C>G,,rs767304301,
1505805,NM_005228.5(EGFR):c.2983T>A (p.Ser995Thr),EGFR,Uncertain significance,"criteria provided, single submitter",,,c.2983T>A,,rs2128971542,
1505947,NM_005228.5(EGFR):c.2853G>T (p.Trp951Cys),EGFR,Uncertain significance,"criteria provided, multiple submitters, no conflicts",,,c.2853G>T,,rs2128969779,
1506246,NM_005228.5(EGFR):c.670C>G (p.Arg224Gly),EGFR,Uncertain significance,"criteria provided, single submitter",,,c.670C>G,,rs1785212707,
1506320,NM_005228.5(EGFR):c.2361G>T (p.Gln787His),EGFR,Uncertain significance,"criteria provided, single submitter",,,c.2361G>T,,rs1050171,
1506383,NM_005228.5(EGFR):c.3531T>A (p.Phe1177Leu),EGFR,Uncertain significance,"criteria provided, multiple submitters, no conflicts",,,c.3531T>A,,rs756556775,
1506587,NM_005228.5(EGFR):c.283A>T (p.Thr95Ser),EGFR,Uncertain significance,"criteria provided, single submitter",,,c.283A>T,,rs35515689,
1513312,NM_005228.5(EGFR):c.1597A>G (p.Arg533Gly),EGFR,Uncertain significance,"criteria provided, single submitter",,,c.1597A>G,,rs2128942979,
1513735,NM_005228.5(EGFR):c.880A>C (p.Lys294Gln),EGFR,Uncertain significance,"criteria provided, single submitter",,,c.880A>C,,rs2128935166,
1513850,NM_005228.5(EGFR):c.3614G>T (p.Ser1205Ile),EGFR,Uncertain significance,"criteria provided, single submitter",,,c.3614G>T,,rs2128975680,
1514602,NM_005228.5(EGFR):c.476T>G (p.Val159Gly),EGFR,Uncertain significance,"criteria provided, multiple submitters, no conflicts",,,c.476T>G,,rs1794779031,
1514742,NM_005228.5(EGFR):c.2977A>C (p.Thr993Pro),EGFR,Uncertain significance,"criteria provided, single submitter",,,c.2977A>C,,rs2128971521,
1516921,NM_005228.5(EGFR):c.731G>T (p.Arg244Leu),EGFR,Uncertain significance,"criteria provided, single submitter",,,c.731G>T,,rs200664836,
1516952,NM_005228.5(EGFR):c.3334A>G (p.Asn1112Asp),EGFR,Uncertain significance,"criteria provided, single submitter",,,c.3334A>G,,rs369498625,
1517031,NM_005228.5(EGFR):c.2194A>G (p.Ile732Val),EGFR,Uncertain significance,"criteria provided, single submitter",,,c.2194A>G,,rs2128954582,
1966405,NM_005228.5(EGFR):c.1877A>C (p.Tyr626Ser),EGFR,Uncertain significance,"criteria provided, single submitter",,,c.1877A>C,,rs2128946541,
1968243,NM_005228.5(EGFR):c.1595G>A (p.Gly532Asp),EGFR,Uncertain significance,"criteria provided, single submitter",,,c.1595G>A,,rs2128942976,
1968557,NM_005228.5(EGFR):c.2317C>G (p.His773Asp),EGFR-AS1,Uncertain significance,"criteria provided, multiple submitters, no conflicts",,,c.2317C>G,,rs767075090,
1968725,NM_005228.5(EGFR):c.2702-3C>T,EGFR,Uncertain significance,"criteria provided, single submitter",,,NM_005228.5(EGFR):c.2702-3C>T,,rs757467886,
1971088,NM_005228.5(EGFR):c.526A>G (p.Met176Val),EGFR,Uncertain significance,"criteria provided, multiple submitters, no conflicts",,,c.526A>G,,rs1794782490,
1972401,NM_005228.5(EGFR):c.3227C>T (p.Ala1076Val),EGFR,Uncertain significance,"criteria provided, multiple submitters, no conflicts",,,c.3227C>T,,rs755868272,
1972402,NM_005228.5(EGFR):c.209T>C (p.Val70Ala),EGFR,Uncertain significance,"criteria provided, multiple submitters, no conflicts",,,c.209T>C,,rs1794510106,
1973618,NM_005228.5(EGFR):c.1975G>A (p.Val659Met),EGFR,Uncertain significance,"criteria provided, multiple submitters, no conflicts",,,c.1975G>A,,rs201580890,
1520747,NM_005228.5(EGFR):c.2719T>A (p.Leu907Met),EGFR,Uncertain significance,"criteria provided, multiple submitters, no conflicts",,,c.2719T>A,,rs1218871031,
1523057,NM_005228.5(EGFR):c.2326C>T (p.Arg776Cys),EGFR,Uncertain significance,"criteria provided, multiple submitters, no conflicts",,,c.2326C>T,,rs1275022697,
1525452,NM_005228.5(EGFR):c.172T>C (p.Cys58Arg),EGFR,Uncertain significance,"criteria provided, single submitter",,,c.172T>C,,rs2128926299,
1949613,NM_005228.5(EGFR):c.2320G>C (p.Val774Leu),EGFR,Uncertain significance,"criteria provided, multiple submitters, no conflicts",,,c.2320G>C,,rs567477136,
1955064,NM_005228.5(EGFR):c.3242G>T (p.Ser1081Ile),EGFR,Uncertain significance,"criteria provided, multiple submitters, no conflicts",,,c.3242G>T,,rs2128973140,
1960002,NM_005228.5(EGFR):c.2719T>G (p.Leu907Val),EGFR,Uncertain significance,"criteria provided, multiple submitters, no conflicts",,,c.2719T>G,,rs1218871031,
1962001,NM_005228.5(EGFR):c.2996G>T (p.Arg999Leu),EGFR,Uncertain significance,"criteria provided, multiple submitters, no conflicts",,,c.2996G>T,,rs149248025,
1965668,NM_005228.5(EGFR):c.3256T>A (p.Phe1086Ile),EGFR,Uncertain significance,"criteria provided, multiple submitters, no conflicts",,,c.3256T>A,,rs1032201502,
1510109,NM_005228.5(EGFR):c.2774C>T (p.Ser925Phe),EGFR,Uncertain significance,"criteria provided, single submitter",,,c.2774C>T,,rs2128968770,
1510771,NM_005228.5(EGFR):c.2420A>G (p.Asp807Gly),EGFR,Uncertain significance,"criteria provided, single submitter",,,c.2420A>G,,rs2128958772,
1510818,NM_005228.5(EGFR):c.71C>A (p.Ala24Asp),EGFR,Uncertain significance,"criteria provided, multiple submitters, no conflicts",,,c.71C>A,,rs1786374464,
1511899,NM_005228.5(EGFR):c.411G>A (p.Met137Ile),EGFR,Uncertain significance,"criteria provided, multiple submitters, no conflicts",,,c.411G>A,,rs1794583894,
1512166,NM_005228.5(EGFR):c.2873G>A (p.Arg958His),EGFR,Uncertain significance,"criteria provided, multiple submitters, no conflicts",,,c.2873G>A,,rs1368179445,
1512313,NM_005228.5(EGFR):c.2524A>G (p.Asn842Asp),EGFR,Uncertain significance,"criteria provided, single submitter",,,c.2524A>G,,rs1003269794,
1513196,NM_005228.5(EGFR):c.1919+6T>G,EGFR,Uncertain significance,"criteria provided, single submitter",,,NM_005228.5(EGFR):c.1919+6T>G,,rs2128951431,
1939227,NM_005228.5(EGFR):c.1829A>T (p.Tyr610Phe),EGFR,Uncertain significance,"criteria provided, single submitter",,,c.1829A>T,,rs2128946410,
1939884,NM_005228.5(EGFR):c.127A>G (p.Thr43Ala),EGFR,Uncertain significance,"criteria provided, single submitter",,,c.127A>G,,rs147740818,
1940755,NM_005228.5(EGFR):c.1000C>T (p.Arg334Cys),EGFR,Uncertain significance,"criteria provided, multiple submitters, no conflicts",,,c.1000C>T,,rs2128937602,
1943287,NM_005228.5(EGFR):c.77A>G (p.Glu26Gly),EGFR,Uncertain significance,"criteria provided, single submitter",,,c.77A>G,,rs2128853534,
1943918,NM_005228.5(EGFR):c.3626G>C (p.Gly1209Ala),EGFR,Uncertain significance,"criteria provided, multiple submitters, no conflicts",,,c.3626G>C,,rs1788079057,
1946950,NM_005228.5(EGFR):c.2626-17T>C,EGFR,Uncertain significance,"criteria provided, single submitter",,,NM_005228.5(EGFR):c.2626-17T>C,,rs1787455048,
1947975,NM_005228.5(EGFR):c.2464G>T (p.Ala822Ser),EGFR,Uncertain significance,"criteria provided, multiple submitters, no conflicts",,,c.2464G>T,,rs397517125,
1948951,NM_005228.5(EGFR):c.2626-14C>G,EGFR,Uncertain significance,"criteria provided, single submitter",,,NM_005228.5(EGFR):c.2626-14C>G,,rs1262899620,
1517474,NM_005228.5(EGFR):c.1072C>T (p.His358Tyr),EGFR,Uncertain significance,"criteria provided, single submitter",,,c.1072C>T,,rs2128938304,
1517513,NM_005228.5(EGFR):c.2015A>G (p.His672Arg),EGFR,Uncertain significance,"criteria provided, single submitter",,,c.2015A>G,,rs1786429035,
1518337,NM_005228.5(EGFR):c.2447A>C (p.Asn816Thr),EGFR,Uncertain significance,"criteria provided, single submitter",,,c.2447A>C,,rs2128958843,
1518987,NM_005228.5(EGFR):c.1208G>A (p.Gly403Glu),EGFR,Uncertain significance,"criteria provided, single submitter",,,c.1208G>A,,rs2128939594,
1519666,NM_005228.5(EGFR):c.2410G>C (p.Glu804Gln),EGFR,Uncertain significance,"criteria provided, multiple submitters, no conflicts",,,c.2410G>C,,rs552733360,
1519841,NM_005228.5(EGFR):c.2105C>T (p.Ala702Val),EGFR,Uncertain significance,"criteria provided, single submitter",,,c.2105C>T,,rs549015965,
1519960,NM_005228.5(EGFR):c.2184G>C (p.Lys728Asn),EGFR,Uncertain significance,"criteria provided, multiple submitters, no conflicts",,,c.2184G>C,,rs1786480922,
1520696,NM_005228.5(EGFR):c.2972G>C (p.Ser991Thr),EGFR,Uncertain significance,"criteria provided, single submitter",,,c.2972G>C,,rs1787831699,
1692865,NM_005228.5(EGFR):c.1547G>A (p.Trp516Ter),EGFR,Uncertain significance,"criteria provided, single submitter",,,c.1547G>A,,rs2128942821,
1692866,NM_005228.5(EGFR):c.1868A>T (p.Asn623Ile),EGFR,Uncertain significance,"criteria provided, multiple submitters, no conflicts",,,c.1868A>T,,rs1785924769,
1692867,NM_005228.5(EGFR):c.1943C>A (p.Thr648Asn),EGFR,Uncertain significance,"criteria provided, multiple submitters, no conflicts",,,c.1943C>A,,rs776728879,
1692871,NM_005228.5(EGFR):c.2632A>G (p.Ile878Val),EGFR,Uncertain significance,"criteria provided, multiple submitters, no conflicts",,,c.2632A>G,,rs1787456557,
1525802,NM_005228.5(EGFR):c.2773T>A (p.Ser925Thr),EGFR,Uncertain significance,"criteria provided, single submitter",,,c.2773T>A,,rs2128968768,
1933979,NM_005228.5(EGFR):c.1952T>G (p.Val651Gly),EGFR,Uncertain significance,"criteria provided, multiple submitters, no conflicts",,,c.1952T>G,,rs758954817,
1934680,NM_005228.5(EGFR):c.754C>T (p.Arg252Cys),EGFR,Uncertain significance,"criteria provided, multiple submitters, no conflicts",,,c.754C>T,,rs775252718,
1934846,NM_005228.5(EGFR):c.2977A>G (p.Thr993Ala),EGFR,Uncertain significance,"criteria provided, multiple submitters, no conflicts",,,c.2977A>G,,rs2128971521,
1937321,NM_005228.5(EGFR):c.3232A>T (p.Thr1078Ser),EGFR,Uncertain significance,"criteria provided, multiple submitters, no conflicts",,,c.3232A>T,,rs751342391,
1938127,NM_005228.5(EGFR):c.56G>C (p.Cys19Ser),EGFR,Uncertain significance,"criteria provided, single submitter",,,c.56G>C,,rs780865931,
1716472,NM_005228.5(EGFR):c.2841G>A (p.Met947Ile),EGFR,Uncertain significance,"criteria provided, multiple submitters, no conflicts",,,c.2841G>A,,rs1562803802,
1716492,NM_005228.5(EGFR):c.1949T>C (p.Met650Thr),EGFR,Uncertain significance,"criteria provided, single submitter",,,c.1949T>C,,rs2535628956,
1717846,NM_005228.5(EGFR):c.474C>G (p.Asn158Lys),EGFR,Uncertain significance,"criteria provided, multiple submitters, no conflicts",,,c.474C>G,,rs2072454,
1717853,NM_005228.5(EGFR):c.2998G>A (p.Ala1000Thr),EGFR,Uncertain significance,"criteria provided, multiple submitters, no conflicts",,,c.2998G>A,,rs2128971574,
1926947,NM_005228.5(EGFR):c.857G>C (p.Ser286Thr),EGFR,Uncertain significance,"criteria provided, multiple submitters, no conflicts",,,c.857G>C,,rs2128935109,
1928085,NM_005228.5(EGFR):c.3175C>T (p.Pro1059Ser),EGFR,Uncertain significance,"criteria provided, single submitter",,,c.3175C>T,,rs755238987,
1929646,NM_005228.5(EGFR):c.2806C>T (p.Pro936Ser),EGFR,Uncertain significance,"criteria provided, multiple submitters, no conflicts",,,c.2806C>T,,rs1787729003,
1929874,NM_005228.5(EGFR):c.184C>T (p.Leu62Phe),EGFR,Uncertain significance,"criteria provided, multiple submitters, no conflicts",,,c.184C>T,,rs2128926338,
1932090,NM_005228.5(EGFR):c.1423A>T (p.Ile475Leu),EGFR,Uncertain significance,"criteria provided, single submitter",,,c.1423A>T,,rs1221992080,
1933643,NM_005228.5(EGFR):c.440C>T (p.Ala147Val),EGFR,Uncertain significance,"criteria provided, single submitter",,,c.440C>T,,rs2128929424,
1684708,NM_005228.5(EGFR):c.1230del (p.Trp410fs),EGFR,Uncertain significance,"criteria provided, single submitter",,,c.1230del,,rs2128939635,
1684709,NM_005228.5(EGFR):c.3403A>T (p.Asn1135Tyr),EGFR,Uncertain significance,"criteria provided, multiple submitters, no conflicts",,,c.3403A>T,,rs2128975298,
1684710,NM_005228.5(EGFR):c.3538_3541del (p.Glu1180fs),EGFR,Uncertain significance,"criteria provided, single submitter",,,c.3538_3541del,,rs781064539,
1690771,NM_005228.5(EGFR):c.3271+29C>A,EGFR,Uncertain significance,"criteria provided, single submitter",,,NM_005228.5(EGFR):c.3271+29C>A,,rs571613855,
1690975,NM_005228.5(EGFR):c.1443T>A (p.Phe481Leu),EGFR,Uncertain significance,"criteria provided, single submitter",,,c.1443T>A,,rs587778247,
1692864,NM_005228.5(EGFR):c.1118C>G (p.Pro373Arg),LOC126860048,Uncertain significance,"criteria provided, multiple submitters, no conflicts",,,c.1118C>G,,rs2128938429,
1908907,NM_005228.5(EGFR):c.2138A>G (p.Lys713Arg),EGFR,Uncertain significance,"criteria provided, multiple submitters, no conflicts",,,c.2138A>G,,rs373578289,
1919177,NM_005228.5(EGFR):c.424+6A>G,EGFR,Uncertain significance,"criteria provided, single submitter",,,NM_005228.5(EGFR):c.424+6A>G,,rs2128927614,
1921774,NM_005228.5(EGFR):c.1523C>G (p.Ala508Gly),EGFR,Uncertain significance,"criteria provided, multiple submitters, no conflicts",,,c.1523C>G,,rs1287531915,
1922083,NM_005228.5(EGFR):c.326G>T (p.Gly109Val),EGFR,Uncertain significance,"criteria provided, single submitter",,,c.326G>T,,rs145113601,
1923090,NM_005228.5(EGFR):c.2618G>A (p.Gly873Glu),EGFR,Uncertain significance,"criteria provided, multiple submitters, no conflicts",,,c.2618G>A,,rs2128964711,
1923506,NM_005228.5(EGFR):c.607G>A (p.Gly203Arg),EGFR,Uncertain significance,"criteria provided, single submitter",,,c.607G>A,,rs1785140030,
1926415,NM_005228.5(EGFR):c.584C>T (p.Pro195Leu),EGFR,Uncertain significance,"criteria provided, multiple submitters, no conflicts",,,c.584C>T,,rs2128932514,
1708459,GRCh37/hg19 7p22.3-q36.3(chr7:56604613-96692931)x1,DYNC2I1,Uncertain significance,no assertion criteria provided,,,GRCh37/hg19 7p22.3-q36.3(chr7:56604613-96692931)x1,,,
1713288,NM_005228.5(EGFR):c.463G>A (p.Ala155Thr),EGFR,Uncertain significance,"criteria provided, single submitter",,,c.463G>A,,rs919891568,
1713303,NM_005228.5(EGFR):c.3596G>T (p.Arg1199Met),EGFR,Uncertain significance,"criteria provided, single submitter",,,c.3596G>T,,rs768074018,
1714161,NM_005228.5(EGFR):c.524A>T (p.Asn175Ile),EGFR,Uncertain significance,"criteria provided, single submitter",,,c.524A>T,,rs2128929583,
1715282,NM_005228.5(EGFR):c.2019C>G (p.Ile673Met),EGFR,Uncertain significance,"criteria provided, single submitter",,,c.2019C>G,,rs763193362,
1715385,NM_005228.5(EGFR):c.2195T>C (p.Ile732Thr),EGFR,Uncertain significance,"criteria provided, single submitter",,,c.2195T>C,,rs2534732432,
1716153,NM_005228.5(EGFR):c.309C>A (p.Asn103Lys),EGFR,Uncertain significance,"criteria provided, multiple submitters, no conflicts",,,c.309C>A,,rs2128927311,
1716453,NM_005228.5(EGFR):c.1110C>A (p.His370Gln),LOC126860048,Uncertain significance,"criteria provided, single submitter",,,c.1110C>A,,rs539077864,
1720166,NM_005228.5(EGFR):c.178G>A (p.Val60Met),EGFR,Uncertain significance,"criteria provided, single submitter",,,c.178G>A,,rs1794508976,
1720250,NM_005228.5(EGFR):c.3626G>A (p.Gly1209Glu),EGFR,Uncertain significance,"criteria provided, single submitter",,,c.3626G>A,,rs1788079057,
1720384,NM_005228.5(EGFR):c.3256T>C (p.Phe1086Leu),EGFR,Uncertain significance,"criteria provided, single submitter",,,c.3256T>C,,rs1032201502,
1720652,NM_005228.5(EGFR):c.3216C>A (p.Asp1072Glu),EGFR,Uncertain significance,"criteria provided, multiple submitters, no conflicts",,,c.3216C>A,,rs2128973088,
1721000,NM_005228.5(EGFR):c.2147A>C (p.Lys716Thr),EGFR,Uncertain significance,"criteria provided, single submitter",,,c.2147A>C,,rs2128953700,
1721273,NM_005228.5(EGFR):c.813C>A (p.Asn271Lys),EGFR,Uncertain significance,"criteria provided, single submitter",,,c.813C>A,,rs2128934996,
1721275,NM_005228.5(EGFR):c.3448A>T (p.Thr1150Ser),EGFR,Uncertain significance,"criteria provided, single submitter",,,c.3448A>T,,rs2128975384,
1721476,NM_005228.5(EGFR):c.3348C>A (p.Asn1116Lys),EGFR,Uncertain significance,"criteria provided, single submitter",,,c.3348C>A,,rs1186762640,
1721482,NM_005228.5(EGFR):c.581G>C (p.Cys194Ser),EGFR,Uncertain significance,"criteria provided, single submitter",,,c.581G>C,,rs2128932504,
1721489,NM_005228.5(EGFR):c.156G>C (p.Gln52His),EGFR,Uncertain significance,"criteria provided, single submitter",,,c.156G>C,,rs2128926259,
1809442,GRCh37/hg19 7p12.1-11.2(chr7:53991820-56148011)x3,CCT6A,Uncertain significance,"criteria provided, single submitter",,,GRCh37/hg19 7p12.1-11.2(chr7:53991820-56148011)x3,,,
1895718,NM_005228.5(EGFR):c.2920G>A (p.Asp974Asn),EGFR,Uncertain significance,"criteria provided, multiple submitters, no conflicts",,,c.2920G>A,,rs1486130926,
1896958,NM_005228.5(EGFR):c.2304C>A (p.Ser768Arg),EGFR-AS1,Uncertain significance,"criteria provided, single submitter",,,c.2304C>A,,rs778199483,
45223,NM_005228.5(EGFR):c.2154G>T (p.Leu718=),EGFR,Uncertain significance,no assertion criteria provided,,,c.2154G>T,,rs397517088,
45235,NM_005228.5(EGFR):c.2239_2240delinsCC (p.Leu747Pro),EGFR,Uncertain significance,no assertion criteria provided,,,c.2239_2240delinsCC,,rs397517096,
45236,NM_005228.5(EGFR):c.2240T>C (p.Leu747Ser),EGFR,Uncertain significance,no assertion criteria provided,,,c.2240T>C,,rs397517097,
45238,NM_005228.5(EGFR):c.2247_2264del (p.Glu749_Ala755delinsAsp),EGFR,Uncertain significance,no assertion criteria provided,,,c.2247_2264del,,rs397517099,
45239,NM_005228.5(EGFR):c.2248G>C (p.Ala750Pro),EGFR,Uncertain significance,no assertion criteria provided,,,c.2248G>C,,rs121913229,
134021,NM_005228.5(EGFR):c.1562G>A (p.Arg521Lys),EGFR,Benign,"criteria provided, multiple submitters, no conflicts",,,c.1562G>A,,rs2227983,
45295,NM_005228.5(EGFR):c.2709= (p.Thr903=),EGFR,Benign,"criteria provided, single submitter",,,c.2709=,,rs1140475,
134034,NM_005228.5(EGFR):c.1881-641C>T,EGFR,Benign,"criteria provided, multiple submitters, no conflicts",,,NM_005228.5(EGFR):c.1881-641C>T,,rs10258568,
360461,NM_005228.5(EGFR):c.1839C>T (p.Ala613=),EGFR,Benign,"criteria provided, multiple submitters, no conflicts",,,c.1839C>T,,rs17290169,
259677,NM_005228.5(EGFR):c.1887T>A (p.Thr629=),EGFR,Benign,"criteria provided, multiple submitters, no conflicts",,,c.1887T>A,,rs2227984,
259679,NM_005228.5(EGFR):c.2982C>T (p.Asp994=),EGFR,Benign,"criteria provided, multiple submitters, no conflicts",,,c.2982C>T,,rs2293347,
259680,NM_005228.5(EGFR):c.474C>T (p.Asn158=),EGFR,Benign,"criteria provided, multiple submitters, no conflicts",,,c.474C>T,,rs2072454,
259681,NM_005228.5(EGFR):c.559+10G>A,EGFR,Benign,"criteria provided, multiple submitters, no conflicts",,,NM_005228.5(EGFR):c.559+10G>A,,rs7801956,
3773432,NM_005228.5(EGFR):c.2109C>T (p.Leu703=),EGFR,Benign,"criteria provided, single submitter",,,c.2109C>T,,,
3773447,NM_005228.5(EGFR):c.2586G>A (p.Leu862=),EGFR,Benign,"criteria provided, single submitter",,,c.2586G>A,,,
3773460,NM_005228.5(EGFR):c.2581C>T (p.Leu861=),EGFR,Benign,"criteria provided, single submitter",,,c.2581C>T,,,
3773467,NM_005228.5(EGFR):c.2394C>G (p.Leu798=),EGFR,Benign,"criteria provided, single submitter",,,c.2394C>G,,,
3773476,NM_005228.5(EGFR):c.2514G>A (p.Leu838=),EGFR,Benign,"criteria provided, single submitter",,,c.2514G>A,,,
3773259,NM_005228.5(EGFR):c.2160C>A (p.Ser720=),EGFR,Benign,"criteria provided, single submitter",,,c.2160C>A,,,
3773328,NM_005228.5(EGFR):c.2070G>A (p.Glu690=),EGFR,Benign,"criteria provided, single submitter",,,c.2070G>A,,,
3773358,NM_005228.5(EGFR):c.2397G>C (p.Leu799=),EGFR,Benign,"criteria provided, single submitter",,,c.2397G>C,,,
3773376,NM_005228.5(EGFR):c.2157C>T (p.Gly719=),EGFR,Benign,"criteria provided, single submitter",,,c.2157C>T,,,
3773389,NM_005228.5(EGFR):c.2466A>C (p.Ala822=),EGFR,Benign,"criteria provided, single submitter",,,c.2466A>C,,,
3773413,NM_005228.5(EGFR):c.2565T>C (p.Asp855=),EGFR,Benign,"criteria provided, single submitter",,,c.2565T>C,,,
3773212,NM_005228.5(EGFR):c.2403T>C (p.Tyr801=),EGFR,Benign,"criteria provided, single submitter",,,c.2403T>C,,,
3773226,NM_005228.5(EGFR):c.2361_2364delinsACTT (p.Gln787_Leu788=),EGFR,Benign,"criteria provided, single submitter",,,c.2361_2364delinsACTT,,,
3773238,NM_005228.5(EGFR):c.2331G>A (p.Leu777=),EGFR,Benign,"criteria provided, single submitter",,,c.2331G>A,,,
1548433,NM_005228.5(EGFR):c.3114+15TC[7],EGFR,Benign,"criteria provided, single submitter",,,NM_005228.5(EGFR):c.3114+15TC[7],,rs753534663,
1542892,NM_005228.5(EGFR):c.2469+19T>C,EGFR,Benign,"criteria provided, multiple submitters, no conflicts",,,NM_005228.5(EGFR):c.2469+19T>C,,rs199585163,
1544278,NM_005228.5(EGFR):c.2061+17G>A,EGFR,Benign,"criteria provided, single submitter",,,NM_005228.5(EGFR):c.2061+17G>A,,rs376276646,
1290215,NM_005228.5(EGFR):c.2625+196A>G,EGFR,Benign,"criteria provided, single submitter",,,NM_005228.5(EGFR):c.2625+196A>G,,rs6970262,
1296938,NM_005228.5(EGFR):c.2702-183C>T,EGFR,Benign,"criteria provided, multiple submitters, no conflicts",,,NM_005228.5(EGFR):c.2702-183C>T,,rs10250225,
1225850,NM_005228.5(EGFR):c.1631+219T>C,EGFR,Benign,"criteria provided, single submitter",,,NM_005228.5(EGFR):c.1631+219T>C,,rs3752651,
1227710,NM_005228.5(EGFR):c.2848+201C>T,EGFR,Benign,"criteria provided, single submitter",,,NM_005228.5(EGFR):c.2848+201C>T,,rs2293348,
1228150,NM_005228.5(EGFR):c.748-235C>T,EGFR,Benign,"criteria provided, single submitter",,,NM_005228.5(EGFR):c.748-235C>T,,rs11770689,
1228216,NM_005228.5(EGFR):c.2184+100C>T,EGFR,Benign,"criteria provided, multiple submitters, no conflicts",,,NM_005228.5(EGFR):c.2184+100C>T,,rs17290336,
1243730,NM_005228.5(EGFR):c.2185-252G>A,EGFR,Benign,"criteria provided, single submitter",,,NM_005228.5(EGFR):c.2185-252G>A,,rs17337121,
1244455,NM_005228.5(EGFR):c.89-267T>C,EGFR,Benign,"criteria provided, single submitter",,,NM_005228.5(EGFR):c.89-267T>C,,rs17336324,
1233640,NM_005228.5(EGFR):c.748-257C>G,EGFR,Benign,"criteria provided, single submitter",,,NM_005228.5(EGFR):c.748-257C>G,,rs12718946,
1233950,NM_005228.5(EGFR):c.628+104C>T,EGFR,Benign,"criteria provided, multiple submitters, no conflicts",,,NM_005228.5(EGFR):c.628+104C>T,,rs2075110,
1236892,NM_005228.5(EGFR):c.240+58G>A,EGFR,Benign,"criteria provided, multiple submitters, no conflicts",,,NM_005228.5(EGFR):c.240+58G>A,,rs17336331,
1237876,NM_005228.5(EGFR):c.2946+191C>T,EGFR,Benign,"criteria provided, multiple submitters, no conflicts",,,NM_005228.5(EGFR):c.2946+191C>T,,rs17337465,
1238213,NM_005228.5(EGFR):c.2283+96A>G,EGFR,Benign,"criteria provided, multiple submitters, no conflicts",,,NM_005228.5(EGFR):c.2283+96A>G,,rs2017000,
1241373,NM_005228.5(EGFR):c.1881-781C>T,EGFR,Benign,"criteria provided, multiple submitters, no conflicts",,,NM_005228.5(EGFR):c.1881-781C>T,,rs10258429,
1241714,NM_005228.5(EGFR):c.2283+125T>C,EGFR,Benign,"criteria provided, single submitter",,,NM_005228.5(EGFR):c.2283+125T>C,,rs17290378,
1241837,NM_005228.5(EGFR):c.*294dup,EGFR,Benign,"criteria provided, single submitter",,,NM_005228.5(EGFR):c.*294dup,,rs5884404,
1242870,NM_005228.5(EGFR):c.2061+291G>C,EGFR,Benign,"criteria provided, single submitter",,,NM_005228.5(EGFR):c.2061+291G>C,,rs17290329,
1255377,NM_005228.5(EGFR):c.1498+22A>T,EGFR,Benign,"criteria provided, multiple submitters, no conflicts",,,NM_005228.5(EGFR):c.1498+22A>T,,rs1558544,
1258463,NM_005228.5(EGFR):c.560-238G>A,EGFR,Benign,"criteria provided, multiple submitters, no conflicts",,,NM_005228.5(EGFR):c.560-238G>A,,rs10251695,
1260654,NM_005228.5(EGFR):c.3162+36C>T,EGFR,Benign,"criteria provided, multiple submitters, no conflicts",,,NM_005228.5(EGFR):c.3162+36C>T,,rs17290706,
1262981,NM_005228.5(EGFR):c.3163-90A>G,EGFR,Benign,"criteria provided, multiple submitters, no conflicts",,,NM_005228.5(EGFR):c.3163-90A>G,,rs17172455,
1263180,NM_005228.5(EGFR):c.88+81G>T,EGFR,Benign,"criteria provided, multiple submitters, no conflicts",,,NM_005228.5(EGFR):c.88+81G>T,,rs17335738,
1264706,NM_005228.5(EGFR):c.1723-247G>T,EGFR,Benign,"criteria provided, single submitter",,,NM_005228.5(EGFR):c.1723-247G>T,,rs17336919,
1265640,NM_005228.5(EGFR):c.560-84T>C,EGFR,Benign,"criteria provided, multiple submitters, no conflicts",,,NM_005228.5(EGFR):c.560-84T>C,,rs2075109,
1266316,NM_005228.5(EGFR):c.3272-123G>A,EGFR,Benign,"criteria provided, multiple submitters, no conflicts",,,NM_005228.5(EGFR):c.3272-123G>A,,rs2692456,
2445283,NM_005228.5(EGFR):c.1873A>C (p.Thr625Pro),EGFR,Benign,"criteria provided, single submitter",,,c.1873A>C,,rs2128946528,
2445312,NM_005228.5(EGFR):c.3360C>A (p.Ser1120Arg),EGFR,Benign,"criteria provided, single submitter",,,c.3360C>A,,rs2128975224,
1286588,NM_005228.5(EGFR):c.1920-215G>C,EGFR,Benign,"criteria provided, multiple submitters, no conflicts",,,NM_005228.5(EGFR):c.1920-215G>C,,rs2241055,
1287799,NM_005228.5(EGFR):c.1881-2848T>C,EGFR,Benign,"criteria provided, single submitter",,,NM_005228.5(EGFR):c.1881-2848T>C,,rs12538371,
1288618,NM_005228.5(EGFR):c.3162+200_3162+201insAG,EGFR,Benign,"criteria provided, single submitter",,,NM_005228.5(EGFR):c.3162+200_3162+201insAG,,rs34723095,
1288886,NM_005228.5(EGFR):c.628+252C>G,EGFR,Benign,"criteria provided, single submitter",,,NM_005228.5(EGFR):c.628+252C>G,,rs2075111,
1268274,NM_005228.5(EGFR):c.1006+151T>C,EGFR,Benign,"criteria provided, single submitter",,,NM_005228.5(EGFR):c.1006+151T>C,,rs3735059,
1244625,NM_005228.5(EGFR):c.2061+96G>A,EGFR,Benign,"criteria provided, multiple submitters, no conflicts",,,NM_005228.5(EGFR):c.2061+96G>A,,rs17290308,
1244984,NM_005228.5(EGFR):c.2470-115A>G,EGFR,Benign,"criteria provided, multiple submitters, no conflicts",,,NM_005228.5(EGFR):c.2470-115A>G,,rs17290552,
1246809,NM_005228.5(EGFR):c.1208-216G>C,EGFR,Benign,"criteria provided, single submitter",,,NM_005228.5(EGFR):c.1208-216G>C,,rs13222549,
1248590,NM_005228.5(EGFR):c.748-49G>A,EGFR,Benign,"criteria provided, multiple submitters, no conflicts",,,NM_005228.5(EGFR):c.748-49G>A,,rs4947986,
1229994,NM_005228.5(EGFR):c.1880+55C>T,EGFR,Benign,"criteria provided, multiple submitters, no conflicts",,,NM_005228.5(EGFR):c.1880+55C>T,,rs17290183,
1175586,NM_005228.5(EGFR):c.3271+293T>G,EGFR,Benign,"criteria provided, multiple submitters, no conflicts",,,NM_005228.5(EGFR):c.3271+293T>G,,rs17337521,
1182745,NM_005228.5(EGFR):c.3272-295T>C,EGFR,Benign,"criteria provided, multiple submitters, no conflicts",,,NM_005228.5(EGFR):c.3272-295T>C,,rs41514345,
1280610,NM_005228.5(EGFR):c.1499-177A>G,EGFR,Benign,"criteria provided, single submitter",,,NM_005228.5(EGFR):c.1499-177A>G,,rs11536635,
1282454,NM_005228.5(EGFR):c.628+235T>C,EGFR,Benign,"criteria provided, single submitter",,,NM_005228.5(EGFR):c.628+235T>C,,rs6944695,
1282744,NM_005228.5(EGFR):c.2626-101G>C,EGFR,Benign,"criteria provided, multiple submitters, no conflicts",,,NM_005228.5(EGFR):c.2626-101G>C,,rs17337353,
2075997,NM_005228.5(EGFR):c.89-8del,EGFR,Benign,"criteria provided, single submitter",,,NM_005228.5(EGFR):c.89-8del,,rs1794500852,
1183478,NM_005228.5(EGFR):c.1920-248A>G,EGFR,Benign,"criteria provided, single submitter",,,NM_005228.5(EGFR):c.1920-248A>G,,rs41407249,
45271,NM_005228.5(EGFR):c.2361G>A (p.Gln787=),EGFR,Benign,"criteria provided, multiple submitters, no conflicts",,,c.2361G>A,,rs1050171,
1166017,NM_005228.5(EGFR):c.2709T>C (p.Thr903=),EGFR,Benign,"criteria provided, multiple submitters, no conflicts",,,c.2709T>C,,rs1140475,
1221934,NM_005228.5(EGFR):c.3115-164T>G,EGFR,Benign,"criteria provided, multiple submitters, no conflicts",,,NM_005228.5(EGFR):c.3115-164T>G,,rs17337493,
1222175,NM_005228.5(EGFR):c.241-265G>C,EGFR,Benign,"criteria provided, single submitter",,,NM_005228.5(EGFR):c.241-265G>C,,rs17289575,
1222778,NM_005228.5(EGFR):c.3163-334G>A,EGFR,Benign,"criteria provided, single submitter",,,NM_005228.5(EGFR):c.3163-334G>A,,rs17290734,
1250154,NM_005228.5(EGFR):c.2626-173G>A,EGFR,Benign,"criteria provided, single submitter",,,NM_005228.5(EGFR):c.2626-173G>A,,rs17290580,
1250544,NM_005228.5(EGFR):c.1919+258G>A,EGFR,Benign,"criteria provided, single submitter",,,NM_005228.5(EGFR):c.1919+258G>A,,rs17337030,
1251320,NM_005228.5(EGFR):c.2184+19G>A,EGFR,Benign,"criteria provided, multiple submitters, no conflicts",,,NM_005228.5(EGFR):c.2184+19G>A,,rs17337107,
1252877,NM_005228.5(EGFR):c.2062-104C>A,EGFR,Benign,"criteria provided, multiple submitters, no conflicts",,,NM_005228.5(EGFR):c.2062-104C>A,,rs17337100,
1253346,NM_005228.5(EGFR):c.2849-261A>T,EGFR,Benign,"criteria provided, single submitter",,,NM_005228.5(EGFR):c.2849-261A>T,,rs17290671,
1253347,NM_005228.5(EGFR):c.*774T>C,EGFR,Benign,"criteria provided, multiple submitters, no conflicts",,,NM_005228.5(EGFR):c.*774T>C,,rs884225,
1253722,NM_005228.5(EGFR):c.559+214G>T,EGFR,Benign,"criteria provided, multiple submitters, no conflicts",,,NM_005228.5(EGFR):c.559+214G>T,,rs2270247,
1222966,NM_005228.5(EGFR):c.2626-118C>G,EGFR,Benign,"criteria provided, multiple submitters, no conflicts",,,NM_005228.5(EGFR):c.2626-118C>G,,rs17290587,
1223678,NM_005228.5(EGFR):c.89-17723A>C,EGFR,Benign,"criteria provided, multiple submitters, no conflicts",,,NM_005228.5(EGFR):c.89-17723A>C,,rs13244925,
1225477,NM_005228.5(EGFR):c.2061+190A>G,EGFR,Benign,"criteria provided, single submitter",,,NM_005228.5(EGFR):c.2061+190A>G,,rs17290315,
1270805,NM_005228.5(EGFR):c.424+135G>A,EGFR,Benign,"criteria provided, single submitter",,,NM_005228.5(EGFR):c.424+135G>A,,rs4947984,
1272643,NM_005228.5(EGFR):c.559+102A>T,EGFR,Benign,"criteria provided, multiple submitters, no conflicts",,,NM_005228.5(EGFR):c.559+102A>T,,rs17336451,
1273426,NM_005228.5(EGFR):c.2283+269T>C,EGFR,Benign,"criteria provided, single submitter",,,NM_005228.5(EGFR):c.2283+269T>C,,rs712831,
1274013,NM_005228.5(EGFR):c.1881-404T>G,EGFR,Benign,"criteria provided, multiple submitters, no conflicts",,,NM_005228.5(EGFR):c.1881-404T>G,,rs10277413,
1274081,NM_005228.5(EGFR):c.2184+297G>A,EGFR,Benign,"criteria provided, single submitter",,,NM_005228.5(EGFR):c.2184+297G>A,,rs17290357,
1274112,NM_005228.5(EGFR):c.1498+142C>T,EGFR,Benign,"criteria provided, multiple submitters, no conflicts",,,NM_005228.5(EGFR):c.1498+142C>T,,rs759162,
1275206,NM_005228.5(EGFR):c.2946+194A>C,EGFR,Benign,"criteria provided, multiple submitters, no conflicts",,,NM_005228.5(EGFR):c.2946+194A>C,,rs17290678,
1276071,NM_005228.5(EGFR):c.1208-186G>C,EGFR,Benign,"criteria provided, single submitter",,,NM_005228.5(EGFR):c.1208-186G>C,,rs4947987,
1276464,NM_005228.5(EGFR):c.2284-199T>C,EGFR,Benign,"criteria provided, multiple submitters, no conflicts",,,NM_005228.5(EGFR):c.2284-199T>C,,rs10241326,
1276760,NM_005228.5(EGFR):c.1881-488A>G,EGFR,Benign,"criteria provided, single submitter",,,NM_005228.5(EGFR):c.1881-488A>G,,rs17336995,
1277141,NM_005228.5(EGFR):c.2626-19C>T,EGFR,Benign,"criteria provided, multiple submitters, no conflicts",,,NM_005228.5(EGFR):c.2626-19C>T,,rs17337360,
1277571,NM_005228.5(EGFR):c.629-62A>G,EGFR,Benign,"criteria provided, multiple submitters, no conflicts",,,NM_005228.5(EGFR):c.629-62A>G,,rs11506105,
1278013,NM_005228.5(EGFR):c.1208-244del,EGFR,Benign,"criteria provided, single submitter",,,NM_005228.5(EGFR):c.1208-244del,,rs17336688,
1289672,NM_005228.5(EGFR):c.1881-600G>A,EGFR,Benign,"criteria provided, multiple submitters, no conflicts",,,NM_005228.5(EGFR):c.1881-600G>A,,rs10228436,
1289881,NM_005228.5(EGFR):c.2284-60T>C,EGFR,Benign,"criteria provided, multiple submitters, no conflicts",,,NM_005228.5(EGFR):c.2284-60T>C,,rs10241451,
1600154,NM_005228.5(EGFR):c.3114+12C>T,EGFR,Benign,"criteria provided, single submitter",,,NM_005228.5(EGFR):c.3114+12C>T,,rs199997298,
1601046,NM_005228.5(EGFR):c.3114+15TC[9],EGFR,Benign,"criteria provided, single submitter",,,NM_005228.5(EGFR):c.3114+15TC[9],,rs753534663,
1605727,NM_005228.5(EGFR):c.1499-15A>G,EGFR,Benign,"criteria provided, single submitter",,,NM_005228.5(EGFR):c.1499-15A>G,,rs17336793,
4870267,NM_005228.5(EGFR):c.1350A>G (p.Leu450=),EGFR,Likely benign,"criteria provided, single submitter",,,c.1350A>G,,,
802315,NM_005228.5(EGFR):c.559+46G>A,EGFR,Likely benign,"criteria provided, single submitter",,,NM_005228.5(EGFR):c.559+46G>A,,rs752130552,
1918464,NM_005228.5(EGFR):c.2838C>T (p.Ile946=),EGFR,Likely benign,"criteria provided, multiple submitters, no conflicts",,,c.2838C>T,,rs1255803487,
1915150,NM_005228.5(EGFR):c.1208-16T>G,EGFR,Likely benign,"criteria provided, single submitter",,,NM_005228.5(EGFR):c.1208-16T>G,,rs758567448,
1915018,NM_005228.5(EGFR):c.1499-17C>T,EGFR,Likely benign,"criteria provided, single submitter",,,NM_005228.5(EGFR):c.1499-17C>T,,rs1785698948,
1913816,NM_005228.5(EGFR):c.355T>C (p.Leu119=),EGFR,Likely benign,"criteria provided, single submitter",,,c.355T>C,,rs2128927424,
802311,NM_005228.5(EGFR):c.-106G>A,EGFR,Likely benign,"criteria provided, single submitter",,,NM_005228.5(EGFR):c.-106G>A,,rs895139219,
1912155,NM_005228.5(EGFR):c.560-15A>G,EGFR,Likely benign,"criteria provided, single submitter",,,NM_005228.5(EGFR):c.560-15A>G,,rs377044664,
1908431,NM_005228.5(EGFR):c.3474C>G (p.Ala1158=),EGFR,Likely benign,"criteria provided, multiple submitters, no conflicts",,,c.3474C>G,,rs2128975437,
1907160,NM_005228.5(EGFR):c.732G>C (p.Arg244=),EGFR,Likely benign,"criteria provided, multiple submitters, no conflicts",,,c.732G>C,,rs1785217119,
1904929,NM_005228.5(EGFR):c.890-16A>G,EGFR,Likely benign,"criteria provided, single submitter",,,NM_005228.5(EGFR):c.890-16A>G,,rs767820212,
1903885,NM_005228.5(EGFR):c.430C>T (p.Leu144=),EGFR,Likely benign,"criteria provided, multiple submitters, no conflicts",,,c.430C>T,,rs2128929407,
795053,NM_005228.5(EGFR):c.1914G>A (p.Thr638=),EGFR,Likely benign,"criteria provided, multiple submitters, no conflicts",,,c.1914G>A,,rs146783627,
1899698,NM_005228.5(EGFR):c.2124G>A (p.Lys708=),EGFR,Likely benign,"criteria provided, multiple submitters, no conflicts",,,c.2124G>A,,rs1786476438,
1899170,NM_005228.5(EGFR):c.1327C>T (p.Leu443=),EGFR,Likely benign,"criteria provided, multiple submitters, no conflicts",,,c.1327C>T,,rs2128941345,
4870231,NM_005228.5(EGFR):c.2742A>G (p.Pro914=),EGFR,Likely benign,"criteria provided, single submitter",,,c.2742A>G,,,
791270,NM_005228.5(EGFR):c.783G>A (p.Lys261=),EGFR,Likely benign,"criteria provided, multiple submitters, no conflicts",,,c.783G>A,,rs1584172465,
4870266,NM_005228.5(EGFR):c.1290C>T (p.Thr430=),EGFR,Likely benign,"criteria provided, single submitter",,,c.1290C>T,,,
763877,NM_005228.5(EGFR):c.3480A>G (p.Lys1160=),EGFR,Likely benign,"criteria provided, multiple submitters, no conflicts",,,c.3480A>G,,rs201196771,
757146,NM_005228.5(EGFR):c.441C>T (p.Ala147=),EGFR,Likely benign,"criteria provided, multiple submitters, no conflicts",,,c.441C>T,,rs138946543,
45227,NM_005228.5(EGFR):c.2166G>C (p.Ala722=),EGFR,Likely benign,no assertion criteria provided,,,c.2166G>C,,rs367694667,
4870264,NM_005228.5(EGFR):c.1585G>A (p.Val529Ile),EGFR,Likely benign,"criteria provided, single submitter",,,c.1585G>A,,,
4870262,NM_005228.5(EGFR):c.1915A>C (p.Asn639His),EGFR,Likely benign,"criteria provided, single submitter",,,c.1915A>C,,,
4870257,NM_005228.5(EGFR):c.1139C>G (p.Ser380Cys),EGFR,Likely benign,"criteria provided, single submitter",,,c.1139C>G,,,
4870249,NM_005228.5(EGFR):c.2589T>C (p.Gly863=),EGFR,Likely benign,"criteria provided, single submitter",,,c.2589T>C,,,
4870245,NM_005228.5(EGFR):c.1591C>A (p.Arg531=),EGFR,Likely benign,"criteria provided, single submitter",,,c.1591C>A,,,
4870243,NM_005228.5(EGFR):c.2781G>T (p.Leu927=),EGFR,Likely benign,"criteria provided, single submitter",,,c.2781G>T,,,
4870240,NM_005228.5(EGFR):c.2142G>A (p.Lys714=),EGFR,Likely benign,"criteria provided, single submitter",,,c.2142G>A,,,
4870237,NM_005228.5(EGFR):c.1503C>G (p.Ala501=),EGFR,Likely benign,"criteria provided, single submitter",,,c.1503C>G,,,
4870235,NM_005228.5(EGFR):c.3537G>A (p.Lys1179=),EGFR,Likely benign,"criteria provided, single submitter",,,c.3537G>A,,,
4870234,NM_005228.5(EGFR):c.2199A>G (p.Pro733=),EGFR,Likely benign,"criteria provided, single submitter",,,c.2199A>G,,,
4870270,NM_005228.5(EGFR):c.1797C>A (p.Val599=),EGFR,Likely benign,"criteria provided, single submitter",,,c.1797C>A,,,
1692868,NM_005228.5(EGFR):c.207T>C (p.Tyr69=),EGFR,Likely benign,"criteria provided, multiple submitters, no conflicts",,,c.207T>C,,rs1248926893,
756279,NM_005228.5(EGFR):c.435T>C (p.His145=),EGFR,Likely benign,"criteria provided, multiple submitters, no conflicts",,,c.435T>C,,rs1562756901,
1674261,NM_005228.5(EGFR):c.2470-14C>T,EGFR,Likely benign,"criteria provided, multiple submitters, no conflicts",,,NM_005228.5(EGFR):c.2470-14C>T,,rs2128964313,
1933782,NM_005228.5(EGFR):c.1723-11C>T,EGFR,Likely benign,"criteria provided, single submitter",,,NM_005228.5(EGFR):c.1723-11C>T,,rs2128946019,
1933716,NM_005228.5(EGFR):c.1919+15C>T,EGFR,Likely benign,"criteria provided, single submitter",,,NM_005228.5(EGFR):c.1919+15C>T,,rs747668962,
1932990,NM_005228.5(EGFR):c.3558C>A (p.Ile1186=),EGFR,Likely benign,"criteria provided, single submitter",,,c.3558C>A,,rs781110782,
1932268,NM_005228.5(EGFR):c.2061+15T>C,EGFR,Likely benign,"criteria provided, single submitter",,,NM_005228.5(EGFR):c.2061+15T>C,,rs1786434477,
1928948,NM_005228.5(EGFR):c.1998C>T (p.Leu666=),EGFR,Likely benign,"criteria provided, multiple submitters, no conflicts",,,c.1998C>T,,rs779909747,
1927944,NM_005228.5(EGFR):c.2283+15del,EGFR,Likely benign,"criteria provided, single submitter",,,NM_005228.5(EGFR):c.2283+15del,,rs1786528918,
1927630,NM_005228.5(EGFR):c.1207+9T>C,EGFR,Likely benign,"criteria provided, single submitter",,,NM_005228.5(EGFR):c.1207+9T>C,,rs2128938820,
1927194,NM_005228.5(EGFR):c.105T>C (p.Ser35=),EGFR,Likely benign,"criteria provided, single submitter",,,c.105T>C,,rs2535439283,
748877,NM_005228.5(EGFR):c.1536C>T (p.Pro512=),EGFR,Likely benign,"criteria provided, multiple submitters, no conflicts",,,c.1536C>T,,rs374670788,
1926494,NM_005228.5(EGFR):c.1159C>T (p.Leu387=),LOC126860048,Likely benign,"criteria provided, single submitter",,,c.1159C>T,,rs1785440031,
1712779,NM_005228.5(EGFR):c.2470-128A>G,EGFR,Likely benign,"criteria provided, single submitter",,,NM_005228.5(EGFR):c.2470-128A>G,,rs17290545,
1707329,NM_005228.5(EGFR):c.748-193G>T,EGFR,Likely benign,"criteria provided, single submitter",,,NM_005228.5(EGFR):c.748-193G>T,,rs17336619,
744004,NM_005228.5(EGFR):c.3099C>T (p.Pro1033=),EGFR,Likely benign,"criteria provided, multiple submitters, no conflicts",,,c.3099C>T,,rs370198879,
1673372,NM_005228.5(EGFR):c.537C>T (p.Asp179=),EGFR,Likely benign,"criteria provided, single submitter",,,c.537C>T,,rs1794784381,
741618,NM_005228.5(EGFR):c.1133+8A>G,EGFR,Likely benign,"criteria provided, single submitter",,,NM_005228.5(EGFR):c.1133+8A>G,,rs769982998,
1671228,NM_005228.5(EGFR):c.1723-10C>T,EGFR,Likely benign,"criteria provided, single submitter",,,NM_005228.5(EGFR):c.1723-10C>T,,rs1785908649,
1671059,NM_005228.5(EGFR):c.2625+8G>T,EGFR,Likely benign,"criteria provided, multiple submitters, no conflicts",,,NM_005228.5(EGFR):c.2625+8G>T,,rs104886014,
1670557,NM_005228.5(EGFR):c.1880+16A>G,EGFR,Likely benign,"criteria provided, single submitter",,,NM_005228.5(EGFR):c.1880+16A>G,,rs1785927013,
1669765,NM_005228.5(EGFR):c.2958A>G (p.Arg986=),EGFR,Likely benign,"criteria provided, multiple submitters, no conflicts",,,c.2958A>G,,rs2128971478,
740406,NM_005228.5(EGFR):c.1932G>A (p.Pro644=),EGFR,Likely benign,"criteria provided, multiple submitters, no conflicts",,,c.1932G>A,,rs367909827,
1668833,NM_005228.5(EGFR):c.2622C>A (p.Gly874=),EGFR,Likely benign,"criteria provided, single submitter",,,c.2622C>A,,rs2128964723,
1668355,NM_005228.5(EGFR):c.1587C>A (p.Val529=),EGFR,Likely benign,"criteria provided, single submitter",,,c.1587C>A,,rs2128942948,
1668093,NM_005228.5(EGFR):c.2440C>T (p.Leu814=),EGFR-AS1,Likely benign,"criteria provided, multiple submitters, no conflicts",,,c.2440C>T,,rs2128958821,
1667734,NM_005228.5(EGFR):c.3115-20C>T,EGFR,Likely benign,"criteria provided, single submitter",,,NM_005228.5(EGFR):c.3115-20C>T,,rs1456741009,
740216,NM_005228.5(EGFR):c.3303C>G (p.Pro1101=),EGFR,Likely benign,"criteria provided, multiple submitters, no conflicts",,,c.3303C>G,,rs55796214,
1667602,NM_005228.5(EGFR):c.2322G>A (p.Val774=),EGFR-AS1,Likely benign,"criteria provided, multiple submitters, no conflicts",,,c.2322G>A,,rs2128958516,
1692873,NM_005228.5(EGFR):c.3174T>C (p.Cys1058=),EGFR,Likely benign,"criteria provided, multiple submitters, no conflicts",,,c.3174T>C,,rs2128973009,
1692872,NM_005228.5(EGFR):c.312G>A (p.Leu104=),EGFR,Likely benign,"criteria provided, single submitter",,,c.312G>A,,rs2128927314,
1692870,NM_005228.5(EGFR):c.2604A>G (p.Glu868=),EGFR,Likely benign,"criteria provided, multiple submitters, no conflicts",,,c.2604A>G,,rs2128964691,
1666193,NM_005228.5(EGFR):c.425-14C>T,EGFR,Likely benign,"criteria provided, single submitter",,,NM_005228.5(EGFR):c.425-14C>T,,rs1794772696,
1665939,NM_005228.5(EGFR):c.2947-4C>A,EGFR,Likely benign,"criteria provided, single submitter",,,NM_005228.5(EGFR):c.2947-4C>A,,rs2128971441,
726194,NM_005228.5(EGFR):c.624G>A (p.Gln208=),EGFR,Likely benign,"criteria provided, multiple submitters, no conflicts",,,c.624G>A,,rs753129657,
1665516,NM_005228.5(EGFR):c.1299-19T>C,EGFR,Likely benign,"criteria provided, single submitter",,,NM_005228.5(EGFR):c.1299-19T>C,,rs1248966220,
1664170,NM_005228.5(EGFR):c.1207+15A>C,LOC126860048,Likely benign,"criteria provided, single submitter",,,NM_005228.5(EGFR):c.1207+15A>C,,rs747326696,
1663579,NM_005228.5(EGFR):c.3114+16C>G,EGFR,Likely benign,"criteria provided, single submitter",,,NM_005228.5(EGFR):c.3114+16C>G,,rs1315947578,
1662637,NM_005228.5(EGFR):c.1006+14C>G,EGFR,Likely benign,"criteria provided, single submitter",,,NM_005228.5(EGFR):c.1006+14C>G,,rs1237706679,
1662421,NM_005228.5(EGFR):c.117G>T (p.Thr39=),EGFR,Likely benign,"criteria provided, multiple submitters, no conflicts",,,c.117G>T,,rs777186292,
1662056,NM_005228.5(EGFR):c.1932G>C (p.Pro644=),EGFR,Likely benign,"criteria provided, single submitter",,,c.1932G>C,,rs367909827,
1662037,NM_005228.5(EGFR):c.3114+20C>T,EGFR,Likely benign,"criteria provided, single submitter",,,NM_005228.5(EGFR):c.3114+20C>T,,rs749248644,
1661268,NM_005228.5(EGFR):c.2185-4A>G,EGFR,Likely benign,"criteria provided, multiple submitters, no conflicts",,,NM_005228.5(EGFR):c.2185-4A>G,,rs919622072,
1661241,NM_005228.5(EGFR):c.425-18A>C,EGFR,Likely benign,"criteria provided, single submitter",,,NM_005228.5(EGFR):c.425-18A>C,,rs375313977,
1661219,NM_005228.5(EGFR):c.1779G>A (p.Lys593=),EGFR,Likely benign,"criteria provided, multiple submitters, no conflicts",,,c.1779G>A,,rs756307243,
1674049,NM_005228.5(EGFR):c.1134-16C>G,EGFR,Likely benign,"criteria provided, single submitter",,,NM_005228.5(EGFR):c.1134-16C>G,,rs1411267459,
1673667,NM_005228.5(EGFR):c.2511C>T (p.Asp837=),EGFR,Likely benign,"criteria provided, multiple submitters, no conflicts",,,c.2511C>T,,rs2128964468,
1673577,NM_005228.5(EGFR):c.2283+11G>A,EGFR,Likely benign,"criteria provided, single submitter",,,NM_005228.5(EGFR):c.2283+11G>A,,rs375086072,
1660124,NM_005228.5(EGFR):c.1935C>T (p.Ser645=),EGFR,Likely benign,"criteria provided, single submitter",,,c.1935C>T,,rs2128952411,
1659848,NM_005228.5(EGFR):c.1723-4G>A,EGFR,Likely benign,"criteria provided, single submitter",,,NM_005228.5(EGFR):c.1723-4G>A,,rs1584200630,
1659132,NM_005228.5(EGFR):c.2947-17C>T,EGFR,Likely benign,"criteria provided, single submitter",,,NM_005228.5(EGFR):c.2947-17C>T,,rs201715758,
1658233,NM_005228.5(EGFR):c.560-10T>C,EGFR,Likely benign,"criteria provided, single submitter",,,NM_005228.5(EGFR):c.560-10T>C,,rs2128932415,
725451,NM_005228.5(EGFR):c.999C>T (p.Cys333=),EGFR,Likely benign,"criteria provided, single submitter",,,c.999C>T,,rs1428229665,
1657767,NM_005228.5(EGFR):c.1632-9T>C,EGFR,Likely benign,"criteria provided, single submitter",,,NM_005228.5(EGFR):c.1632-9T>C,,rs2128944561,
722380,NM_005228.5(EGFR):c.425-4G>A,EGFR,Likely benign,"criteria provided, multiple submitters, no conflicts",,,NM_005228.5(EGFR):c.425-4G>A,,rs181831531,
1657120,NM_005228.5(EGFR):c.1631+11A>G,EGFR,Likely benign,"criteria provided, single submitter",,,NM_005228.5(EGFR):c.1631+11A>G,,rs2128943146,
1656038,NM_005228.5(EGFR):c.1632-16C>G,EGFR,Likely benign,"criteria provided, single submitter",,,NM_005228.5(EGFR):c.1632-16C>G,,rs763859090,
1655898,NM_005228.5(EGFR):c.1631+15C>T,EGFR,Likely benign,"criteria provided, single submitter",,,NM_005228.5(EGFR):c.1631+15C>T,,rs753761347,
1655885,NM_005228.5(EGFR):c.2289C>T (p.Ala763=),EGFR-AS1,Likely benign,"criteria provided, single submitter",,,c.2289C>T,,rs117420095,
1655220,NM_005228.5(EGFR):c.1710C>T (p.Thr570=),EGFR,Likely benign,"criteria provided, single submitter",,,c.1710C>T,,rs2128944803,
1653152,NM_005228.5(EGFR):c.2284-16C>T,EGFR,Likely benign,"criteria provided, multiple submitters, no conflicts",,,NM_005228.5(EGFR):c.2284-16C>T,,rs1199922893,
1667203,NM_005228.5(EGFR):c.88+13C>G,EGFR,Likely benign,"criteria provided, single submitter",,,NM_005228.5(EGFR):c.88+13C>G,,rs1786377099,
1666977,NM_005228.5(EGFR):c.1920-11C>T,EGFR,Likely benign,"criteria provided, single submitter",,,NM_005228.5(EGFR):c.1920-11C>T,,rs2128952361,
1666678,NM_005228.5(EGFR):c.1006+18G>A,EGFR,Likely benign,"criteria provided, single submitter",,,NM_005228.5(EGFR):c.1006+18G>A,,rs1785394289,
1651434,NM_005228.5(EGFR):c.2062-17_2062-16del,EGFR,Likely benign,"criteria provided, multiple submitters, no conflicts",,,NM_005228.5(EGFR):c.2062-17_2062-16del,,rs747148554,
1650923,NM_005228.5(EGFR):c.2849-13A>G,EGFR,Likely benign,"criteria provided, single submitter",,,NM_005228.5(EGFR):c.2849-13A>G,,rs764001096,
1650695,NM_005228.5(EGFR):c.2844C>T (p.Val948=),EGFR,Likely benign,"criteria provided, single submitter",,,c.2844C>T,,rs2128968924,
1650664,NM_005228.5(EGFR):c.890-6C>T,EGFR,Likely benign,"criteria provided, single submitter",,,NM_005228.5(EGFR):c.890-6C>T,,rs2128937302,
717290,NM_005228.5(EGFR):c.174T>C (p.Cys58=),EGFR,Likely benign,"criteria provided, multiple submitters, no conflicts",,,c.174T>C,,rs752438083,
1650479,NM_005228.5(EGFR):c.1006+20_1006+21delinsCT,EGFR,Likely benign,"criteria provided, single submitter",,,NM_005228.5(EGFR):c.1006+20_1006+21delinsCT,,rs2128937655,
1650255,NM_005228.5(EGFR):c.2184+15A>G,EGFR,Likely benign,"criteria provided, single submitter",,,NM_005228.5(EGFR):c.2184+15A>G,,rs1786481574,
1650019,NM_005228.5(EGFR):c.1006+11C>T,EGFR,Likely benign,"criteria provided, single submitter",,,NM_005228.5(EGFR):c.1006+11C>T,,rs1175002791,
1649737,NM_005228.5(EGFR):c.747+12_747+13delinsTC,EGFR,Likely benign,"criteria provided, single submitter",,,NM_005228.5(EGFR):c.747+12_747+13delinsTC,,rs2128933931,
1649651,NM_005228.5(EGFR):c.2946+20C>T,EGFR,Likely benign,"criteria provided, multiple submitters, no conflicts",,,NM_005228.5(EGFR):c.2946+20C>T,,rs746554400,
695645,NM_005228.5(EGFR):c.3225C>T (p.Gly1075=),EGFR,Likely benign,"criteria provided, multiple submitters, no conflicts",,,c.3225C>T,,rs140117937,
1648447,NM_005228.5(EGFR):c.1563G>A (p.Arg521=),EGFR,Likely benign,"criteria provided, multiple submitters, no conflicts",,,c.1563G>A,,rs745709532,
1647601,NM_005228.5(EGFR):c.2769C>T (p.Ile923=),EGFR,Likely benign,"criteria provided, single submitter",,,c.2769C>T,,rs1787727113,
1661103,NM_005228.5(EGFR):c.2184+17A>G,EGFR,Likely benign,"criteria provided, single submitter",,,NM_005228.5(EGFR):c.2184+17A>G,,rs2128953821,
1661004,NM_005228.5(EGFR):c.2626-12C>T,EGFR,Likely benign,"criteria provided, single submitter",,,NM_005228.5(EGFR):c.2626-12C>T,,rs775878427,
1660351,NM_005228.5(EGFR):c.240+20C>T,EGFR,Likely benign,"criteria provided, single submitter",,,NM_005228.5(EGFR):c.240+20C>T,,rs1217105962,
1647273,NM_005228.5(EGFR):c.2062-6C>T,EGFR,Likely benign,"criteria provided, single submitter",,,NM_005228.5(EGFR):c.2062-6C>T,,rs1786472750,
1647270,NM_005228.5(EGFR):c.2946+11C>T,EGFR,Likely benign,"criteria provided, single submitter",,,NM_005228.5(EGFR):c.2946+11C>T,,rs1787796898,
1646814,NM_005228.5(EGFR):c.1007-20C>T,LOC126860048,Likely benign,"criteria provided, single submitter",,,NM_005228.5(EGFR):c.1007-20C>T,,rs1318138504,
1645950,NM_005228.5(EGFR):c.748-20G>A,EGFR,Likely benign,"criteria provided, single submitter",,,NM_005228.5(EGFR):c.748-20G>A,,rs367682893,
695370,NM_005228.5(EGFR):c.354C>T (p.Ala118=),EGFR,Likely benign,"criteria provided, multiple submitters, no conflicts",,,c.354C>T,,rs147726446,
1644732,NM_005228.5(EGFR):c.2185-9C>G,EGFR,Likely benign,"criteria provided, single submitter",,,NM_005228.5(EGFR):c.2185-9C>G,,rs1786513234,
1644728,NM_005228.5(EGFR):c.241-15G>A,EGFR,Likely benign,"criteria provided, single submitter",,,NM_005228.5(EGFR):c.241-15G>A,,rs1317910581,
1644593,NM_005228.5(EGFR):c.1498+11G>A,EGFR,Likely benign,"criteria provided, single submitter",,,NM_005228.5(EGFR):c.1498+11G>A,,rs181191669,
1644389,NM_005228.5(EGFR):c.425-20G>A,EGFR,Likely benign,"criteria provided, single submitter",,,NM_005228.5(EGFR):c.425-20G>A,,rs756411809,
1644222,NM_005228.5(EGFR):c.1006+9C>A,EGFR,Likely benign,"criteria provided, single submitter",,,NM_005228.5(EGFR):c.1006+9C>A,,rs747177924,
1643656,NM_005228.5(EGFR):c.889+13C>T,EGFR,Likely benign,"criteria provided, single submitter",,,NM_005228.5(EGFR):c.889+13C>T,,rs371265930,
1642308,NM_005228.5(EGFR):c.559+9C>A,EGFR,Likely benign,"criteria provided, single submitter",,,NM_005228.5(EGFR):c.559+9C>A,,rs185023939,
1642054,NM_005228.5(EGFR):c.424+15T>C,EGFR,Likely benign,"criteria provided, single submitter",,,NM_005228.5(EGFR):c.424+15T>C,,rs2128927635,
1653063,NM_005228.5(EGFR):c.2988C>T (p.Asn996=),EGFR,Likely benign,"criteria provided, multiple submitters, no conflicts",,,c.2988C>T,,rs771085105,
1653045,NM_005228.5(EGFR):c.1208-11C>T,EGFR,Likely benign,"criteria provided, single submitter",,,NM_005228.5(EGFR):c.1208-11C>T,,rs1052797606,
1652592,NM_005228.5(EGFR):c.1881-16C>A,EGFR,Likely benign,"criteria provided, single submitter",,,NM_005228.5(EGFR):c.1881-16C>A,,rs1416132670,
1640768,NM_005228.5(EGFR):c.89-15G>C,EGFR,Likely benign,"criteria provided, single submitter",,,NM_005228.5(EGFR):c.89-15G>C,,rs777736869,
1640573,NM_005228.5(EGFR):c.1006+12G>A,EGFR,Likely benign,"criteria provided, single submitter",,,NM_005228.5(EGFR):c.1006+12G>A,,rs376042898,
1640379,NM_005228.5(EGFR):c.3114+17T>C,EGFR,Likely benign,"criteria provided, single submitter",,,NM_005228.5(EGFR):c.3114+17T>C,,rs1362066300,
1640195,NM_005228.5(EGFR):c.2184+11T>C,EGFR,Likely benign,"criteria provided, single submitter",,,NM_005228.5(EGFR):c.2184+11T>C,,rs796682001,
4729221,NM_005228.5(EGFR):c.1881-7C>T,EGFR,Likely benign,"criteria provided, single submitter",,,NM_005228.5(EGFR):c.1881-7C>T,,,
1639578,NM_005228.5(EGFR):c.1881-18C>G,EGFR,Likely benign,"criteria provided, single submitter",,,NM_005228.5(EGFR):c.1881-18C>G,,rs749557702,
1639223,NM_005228.5(EGFR):c.88+11G>A,EGFR,Likely benign,"criteria provided, single submitter",,,NM_005228.5(EGFR):c.88+11G>A,,rs1786376759,
4728741,NM_005228.5(EGFR):c.1525T>C (p.Leu509=),EGFR,Likely benign,"criteria provided, single submitter",,,c.1525T>C,,,
1639096,NM_005228.5(EGFR):c.885T>C (p.Cys295=),EGFR,Likely benign,"criteria provided, multiple submitters, no conflicts",,,c.885T>C,,rs2128935175,
1638387,NM_005228.5(EGFR):c.889+20C>T,EGFR,Likely benign,"criteria provided, single submitter",,,NM_005228.5(EGFR):c.889+20C>T,,rs2128935251,
1637748,NM_005228.5(EGFR):c.3342T>A (p.Pro1114=),EGFR,Likely benign,"criteria provided, multiple submitters, no conflicts",,,c.3342T>A,,rs1221232768,
1636094,NM_005228.5(EGFR):c.3115-13G>A,EGFR,Likely benign,"criteria provided, single submitter",,,NM_005228.5(EGFR):c.3115-13G>A,,rs2128972450,
1635805,NM_005228.5(EGFR):c.2061+13C>T,EGFR,Likely benign,"criteria provided, single submitter",,,NM_005228.5(EGFR):c.2061+13C>T,,rs748001645,
1647599,NM_005228.5(EGFR):c.1855C>T (p.Leu619=),EGFR,Likely benign,"criteria provided, single submitter",,,c.1855C>T,,rs2128946476,
1647590,NM_005228.5(EGFR):c.1006+15G>C,EGFR,Likely benign,"criteria provided, single submitter",,,NM_005228.5(EGFR):c.1006+15G>C,,rs369345006,
1647520,NM_005228.5(EGFR):c.429C>T (p.Ile143=),EGFR,Likely benign,"criteria provided, multiple submitters, no conflicts",,,c.429C>T,,rs2128929405,
1634839,NM_005228.5(EGFR):c.2895C>T (p.Ile965=),EGFR,Likely benign,"criteria provided, single submitter",,,c.2895C>T,,rs2128969889,
1633854,NM_005228.5(EGFR):c.1920-15T>C,EGFR,Likely benign,"criteria provided, single submitter",,,NM_005228.5(EGFR):c.1920-15T>C,,rs1786420581,
1631970,NM_005228.5(EGFR):c.2940C>T (p.Val980=),EGFR,Likely benign,"criteria provided, multiple submitters, no conflicts",,,c.2940C>T,,rs2128969993,
1631593,NM_005228.5(EGFR):c.1374T>C (p.Asp458=),EGFR,Likely benign,"criteria provided, multiple submitters, no conflicts",,,c.1374T>C,,rs146711874,
4727663,NM_005228.5(EGFR):c.1007-12T>C,LOC126860048,Likely benign,"criteria provided, single submitter",,,NM_005228.5(EGFR):c.1007-12T>C,,,
1631099,NM_005228.5(EGFR):c.2647T>C (p.Leu883=),EGFR,Likely benign,"criteria provided, multiple submitters, no conflicts",,,c.2647T>C,,rs2128965511,
1629919,NM_005228.5(EGFR):c.2626-14C>A,EGFR,Likely benign,"criteria provided, single submitter",,,NM_005228.5(EGFR):c.2626-14C>A,,rs1262899620,
1628578,NM_005228.5(EGFR):c.114C>A (p.Leu38=),EGFR,Likely benign,"criteria provided, multiple submitters, no conflicts",,,c.114C>A,,rs1367585220,
1627758,NM_005228.5(EGFR):c.3051C>T (p.Leu1017=),EGFR,Likely benign,"criteria provided, multiple submitters, no conflicts",,,c.3051C>T,,rs780539015,
1627475,NM_005228.5(EGFR):c.1299-13C>T,EGFR,Likely benign,"criteria provided, single submitter",,,NM_005228.5(EGFR):c.1299-13C>T,,rs201964939,
1625758,NM_005228.5(EGFR):c.1506A>C (p.Thr502=),EGFR,Likely benign,"criteria provided, multiple submitters, no conflicts",,,c.1506A>C,,rs1185938442,
1625275,NM_005228.5(EGFR):c.816C>T (p.Pro272=),EGFR,Likely benign,"criteria provided, multiple submitters, no conflicts",,,c.816C>T,,rs1490592445,
1624750,NM_005228.5(EGFR):c.405G>T (p.Leu135=),EGFR,Likely benign,"criteria provided, single submitter",,,c.405G>T,,rs1184003507,
1641261,NM_005228.5(EGFR):c.2284-20G>T,EGFR,Likely benign,"criteria provided, multiple submitters, no conflicts",,,NM_005228.5(EGFR):c.2284-20G>T,,rs200438791,
1641253,NM_005228.5(EGFR):c.425-14C>G,EGFR,Likely benign,"criteria provided, single submitter",,,NM_005228.5(EGFR):c.425-14C>G,,rs1794772696,
1641036,NM_005228.5(EGFR):c.462T>C (p.Pro154=),EGFR,Likely benign,"criteria provided, multiple submitters, no conflicts",,,c.462T>C,,rs2128929469,
1621142,NM_005228.5(EGFR):c.3237G>A (p.Glu1079=),EGFR,Likely benign,"criteria provided, multiple submitters, no conflicts",,,c.3237G>A,,rs184614596,
1621103,NM_005228.5(EGFR):c.2283+15_2283+36del,EGFR,Likely benign,"criteria provided, single submitter",,,NM_005228.5(EGFR):c.2283+15_2283+36del,,rs746071596,
1621031,NM_005228.5(EGFR):c.3202C>A (p.Arg1068=),EGFR,Likely benign,"criteria provided, single submitter",,,c.3202C>A,,rs749783044,
1621012,NM_005228.5(EGFR):c.1134-14G>A,EGFR,Likely benign,"criteria provided, single submitter",,,NM_005228.5(EGFR):c.1134-14G>A,,rs369109648,
4727138,NM_005228.5(EGFR):c.1207+10G>T,EGFR,Likely benign,"criteria provided, single submitter",,,NM_005228.5(EGFR):c.1207+10G>T,,,
1620741,NM_005228.5(EGFR):c.27A>C (p.Ala9=),EGFR,Likely benign,"criteria provided, multiple submitters, no conflicts",,,c.27A>C,,rs1786368960,
1620718,NM_005228.5(EGFR):c.1006+13C>G,EGFR,Likely benign,"criteria provided, single submitter",,,NM_005228.5(EGFR):c.1006+13C>G,,rs2128937640,
1620220,NM_005228.5(EGFR):c.1014C>T (p.Asn338=),EGFR,Likely benign,"criteria provided, multiple submitters, no conflicts",,,c.1014C>T,,rs1785427295,
1617495,NM_005228.5(EGFR):c.2025G>C (p.Arg675=),EGFR,Likely benign,"criteria provided, single submitter",,,c.2025G>C,,rs372471129,
1617258,NM_005228.5(EGFR):c.882G>A (p.Lys294=),EGFR,Likely benign,"criteria provided, multiple submitters, no conflicts",,,c.882G>A,,rs1344245726,
1617075,NM_005228.5(EGFR):c.591G>A (p.Gly197=),EGFR,Likely benign,"criteria provided, multiple submitters, no conflicts",,,c.591G>A,,rs2128932539,
1616758,NM_005228.5(EGFR):c.1098T>C (p.Ser366=),LOC126860048,Likely benign,"criteria provided, multiple submitters, no conflicts",,,c.1098T>C,,rs995798913,
1615466,NM_005228.5(EGFR):c.981G>A (p.Lys327=),EGFR,Likely benign,"criteria provided, single submitter",,,c.981G>A,,rs2128937555,
1635567,NM_005228.5(EGFR):c.1131G>A (p.Arg377=),EGFR,Likely benign,"criteria provided, single submitter",,,c.1131G>A,,rs1785432794,
1635389,NM_005228.5(EGFR):c.2848+9C>G,EGFR,Likely benign,"criteria provided, single submitter",,,NM_005228.5(EGFR):c.2848+9C>G,,rs371730441,
1635033,NM_005228.5(EGFR):c.629-16C>T,EGFR,Likely benign,"criteria provided, single submitter",,,NM_005228.5(EGFR):c.629-16C>T,,rs2128933607,
1612955,NM_005228.5(EGFR):c.2946+12A>G,EGFR,Likely benign,"criteria provided, single submitter",,,NM_005228.5(EGFR):c.2946+12A>G,,rs2128970042,
1612320,NM_005228.5(EGFR):c.1723-17T>C,EGFR,Likely benign,"criteria provided, single submitter",,,NM_005228.5(EGFR):c.1723-17T>C,,rs1785908362,
1612293,NM_005228.5(EGFR):c.2284-10C>G,EGFR,Likely benign,"criteria provided, single submitter",,,NM_005228.5(EGFR):c.2284-10C>G,,rs1021347147,
1611867,NM_005228.5(EGFR):c.3054C>A (p.Ile1018=),EGFR,Likely benign,"criteria provided, multiple submitters, no conflicts",,,c.3054C>A,,rs2128971679,
4727133,NM_005228.5(EGFR):c.3039C>A (p.Ala1013=),EGFR,Likely benign,"criteria provided, single submitter",,,c.3039C>A,,,
1611307,NM_005228.5(EGFR):c.657C>T (p.Cys219=),EGFR,Likely benign,"criteria provided, multiple submitters, no conflicts",,,c.657C>T,,rs1785211762,
1610253,NM_005228.5(EGFR):c.2184+9C>T,EGFR,Likely benign,"criteria provided, single submitter",,,NM_005228.5(EGFR):c.2184+9C>T,,rs2128953805,
1609862,NM_005228.5(EGFR):c.1006+14C>T,EGFR,Likely benign,"criteria provided, single submitter",,,NM_005228.5(EGFR):c.1006+14C>T,,rs1237706679,
1609545,NM_005228.5(EGFR):c.1290C>A (p.Thr430=),EGFR,Likely benign,"criteria provided, single submitter",,,c.1290C>A,,rs1460415933,
1608561,NM_005228.5(EGFR):c.2184+8C>G,EGFR,Likely benign,"criteria provided, multiple submitters, no conflicts",,,NM_005228.5(EGFR):c.2184+8C>G,,rs1322299139,
1608310,NM_005228.5(EGFR):c.1971G>T (p.Leu657=),EGFR,Likely benign,"criteria provided, single submitter",,,c.1971G>T,,rs751948988,
1608023,NM_005228.5(EGFR):c.1342T>C (p.Leu448=),EGFR,Likely benign,"criteria provided, multiple submitters, no conflicts",,,c.1342T>C,,rs750541010,
1607058,NM_005228.5(EGFR):c.3624T>C (p.Ile1208=),EGFR,Likely benign,"criteria provided, single submitter",,,c.3624T>C,,rs2128975696,
1624088,NM_005228.5(EGFR):c.960A>G (p.Glu320=),EGFR,Likely benign,"criteria provided, multiple submitters, no conflicts",,,c.960A>G,,rs760984499,
1624050,NM_005228.5(EGFR):c.1723-14C>G,EGFR,Likely benign,"criteria provided, single submitter",,,NM_005228.5(EGFR):c.1723-14C>G,,rs2128946015,
1623783,NM_005228.5(EGFR):c.2595A>G (p.Glu865=),EGFR,Likely benign,"criteria provided, multiple submitters, no conflicts",,,c.2595A>G,,rs2128964676,
1606591,NM_005228.5(EGFR):c.890-13C>T,EGFR,Likely benign,"criteria provided, single submitter",,,NM_005228.5(EGFR):c.890-13C>T,,rs2128937289,
1606269,NM_005228.5(EGFR):c.2754C>T (p.Ile918=),EGFR,Likely benign,"criteria provided, multiple submitters, no conflicts",,,c.2754C>T,,rs1403940527,
1606106,NM_005228.5(EGFR):c.88+17C>G,EGFR,Likely benign,"criteria provided, single submitter",,,NM_005228.5(EGFR):c.88+17C>G,,rs772080717,
1605554,NM_005228.5(EGFR):c.828G>A (p.Gln276=),EGFR,Likely benign,"criteria provided, multiple submitters, no conflicts",,,c.828G>A,,rs2128935031,
4727063,NM_005228.5(EGFR):c.2661A>G (p.Leu887=),EGFR,Likely benign,"criteria provided, single submitter",,,c.2661A>G,,,
4725962,NM_005228.5(EGFR):c.2061+16G>T,EGFR,Likely benign,"criteria provided, single submitter",,,NM_005228.5(EGFR):c.2061+16G>T,,,
1602653,NM_005228.5(EGFR):c.88+16G>A,EGFR,Likely benign,"criteria provided, single submitter",,,NM_005228.5(EGFR):c.88+16G>A,,rs2128853605,
1602431,NM_005228.5(EGFR):c.2823C>T (p.Ile941=),EGFR,Likely benign,"criteria provided, multiple submitters, no conflicts",,,c.2823C>T,,rs757493321,
1601886,NM_005228.5(EGFR):c.889+9T>C,EGFR,Likely benign,"criteria provided, single submitter",,,NM_005228.5(EGFR):c.889+9T>C,,rs2128935227,
4724697,NM_005228.5(EGFR):c.2701+7C>T,EGFR,Likely benign,"criteria provided, single submitter",,,NM_005228.5(EGFR):c.2701+7C>T,,,
1597283,NM_005228.5(EGFR):c.3042C>T (p.Asp1014=),EGFR,Likely benign,"criteria provided, multiple submitters, no conflicts",,,c.3042C>T,,rs754707212,
4724691,NM_005228.5(EGFR):c.3163-13T>C,EGFR,Likely benign,"criteria provided, single submitter",,,NM_005228.5(EGFR):c.3163-13T>C,,,
1596799,NM_005228.5(EGFR):c.1919+20T>G,EGFR,Likely benign,"criteria provided, single submitter",,,NM_005228.5(EGFR):c.1919+20T>G,,rs749830370,
1614811,NM_005228.5(EGFR):c.1638A>G (p.Pro546=),EGFR,Likely benign,"criteria provided, multiple submitters, no conflicts",,,c.1638A>G,,rs1187454807,
1614342,NM_005228.5(EGFR):c.1734C>T (p.Asn578=),EGFR,Likely benign,"criteria provided, single submitter",,,c.1734C>T,,rs2128946082,
1613986,NM_005228.5(EGFR):c.2626-11A>T,EGFR,Likely benign,"criteria provided, single submitter",,,NM_005228.5(EGFR):c.2626-11A>T,,rs761419750,
4724457,NM_005228.5(EGFR):c.1298+16C>A,EGFR,Likely benign,"criteria provided, single submitter",,,NM_005228.5(EGFR):c.1298+16C>A,,,
1596112,NM_005228.5(EGFR):c.519C>T (p.Leu173=),EGFR,Likely benign,"criteria provided, multiple submitters, no conflicts",,,c.519C>T,,rs777401847,
1595568,NM_005228.5(EGFR):c.2826T>C (p.Asp942=),EGFR,Likely benign,"criteria provided, multiple submitters, no conflicts",,,c.2826T>C,,rs1787730139,
1593960,NM_005228.5(EGFR):c.3003G>A (p.Leu1001=),EGFR,Likely benign,"criteria provided, multiple submitters, no conflicts",,,c.3003G>A,,rs1787833846,
4724265,NM_005228.5(EGFR):c.1499-8C>A,EGFR,Likely benign,"criteria provided, single submitter",,,NM_005228.5(EGFR):c.1499-8C>A,,,
4724214,NM_005228.5(EGFR):c.560-15A>T,EGFR,Likely benign,"criteria provided, single submitter",,,NM_005228.5(EGFR):c.560-15A>T,,,
1591699,NM_005228.5(EGFR):c.3163-6C>T,EGFR,Likely benign,"criteria provided, single submitter",,,NM_005228.5(EGFR):c.3163-6C>T,,rs2128972982,
1590362,NM_005228.5(EGFR):c.3163-9C>T,EGFR,Likely benign,"criteria provided, single submitter",,,NM_005228.5(EGFR):c.3163-9C>T,,rs1290706044,
1589786,NM_005228.5(EGFR):c.1208-7C>T,EGFR,Likely benign,"criteria provided, single submitter",,,NM_005228.5(EGFR):c.1208-7C>T,,rs747529461,
1589598,NM_005228.5(EGFR):c.3453C>T (p.Phe1151=),EGFR,Likely benign,"criteria provided, multiple submitters, no conflicts",,,c.3453C>T,,rs1040652650,
1588387,NM_005228.5(EGFR):c.2043G>A (p.Arg681=),EGFR,Likely benign,"criteria provided, multiple submitters, no conflicts",,,c.2043G>A,,rs746948587,
1587151,NM_005228.5(EGFR):c.559+16A>G,EGFR,Likely benign,"criteria provided, single submitter",,,NM_005228.5(EGFR):c.559+16A>G,,rs762104816,
1586712,NM_005228.5(EGFR):c.2718G>A (p.Glu906=),EGFR,Likely benign,"criteria provided, single submitter",,,c.2718G>A,,rs2128968654,
1586004,NM_005228.5(EGFR):c.3163-9C>A,EGFR,Likely benign,"criteria provided, single submitter",,,NM_005228.5(EGFR):c.3163-9C>A,,rs1290706044,
1585346,NM_005228.5(EGFR):c.2712T>A (p.Val904=),EGFR,Likely benign,"criteria provided, multiple submitters, no conflicts",,,c.2712T>A,,rs2128968635,
1585156,NM_005228.5(EGFR):c.2062-17G>A,EGFR,Likely benign,"criteria provided, single submitter",,,NM_005228.5(EGFR):c.2062-17G>A,,rs2128953462,
1584439,NM_005228.5(EGFR):c.889+7C>A,EGFR,Likely benign,"criteria provided, single submitter",,,NM_005228.5(EGFR):c.889+7C>A,,rs767656505,
1581779,NM_005228.5(EGFR):c.93C>T (p.Cys31=),EGFR,Likely benign,"criteria provided, multiple submitters, no conflicts",,,c.93C>T,,rs372917131,
1580043,NM_005228.5(EGFR):c.651G>A (p.Gln217=),EGFR,Likely benign,"criteria provided, single submitter",,,c.651G>A,,rs2128933689,
1579920,NM_005228.5(EGFR):c.1665C>T (p.Cys555=),EGFR,Likely benign,"criteria provided, single submitter",,,c.1665C>T,,rs2128944677,
1578988,NM_005228.5(EGFR):c.1134-7G>A,EGFR,Likely benign,"criteria provided, single submitter",,,NM_005228.5(EGFR):c.1134-7G>A,,rs767293022,
1578762,NM_005228.5(EGFR):c.301T>C (p.Leu101=),EGFR,Likely benign,"criteria provided, multiple submitters, no conflicts",,,c.301T>C,,rs2128927300,
1577720,NM_005228.5(EGFR):c.1919+14G>A,EGFR,Likely benign,"criteria provided, single submitter",,,NM_005228.5(EGFR):c.1919+14G>A,,rs2128951446,
1577553,NM_005228.5(EGFR):c.3115-16T>C,EGFR,Likely benign,"criteria provided, single submitter",,,NM_005228.5(EGFR):c.3115-16T>C,,rs1167256128,
4733416,NM_005228.5(EGFR):c.408C>T (p.Pro136=),EGFR,Likely benign,"criteria provided, single submitter",,,c.408C>T,,,
1576021,NM_005228.5(EGFR):c.2946+9T>C,EGFR,Likely benign,"criteria provided, single submitter",,,NM_005228.5(EGFR):c.2946+9T>C,,rs1439519832,
1575505,NM_005228.5(EGFR):c.747+18C>T,EGFR,Likely benign,"criteria provided, single submitter",,,NM_005228.5(EGFR):c.747+18C>T,,rs1350965971,
1574714,NM_005228.5(EGFR):c.88+20G>C,EGFR,Likely benign,"criteria provided, single submitter",,,NM_005228.5(EGFR):c.88+20G>C,,rs1241599338,
1574052,NM_005228.5(EGFR):c.444G>A (p.Val148=),EGFR,Likely benign,"criteria provided, multiple submitters, no conflicts",,,c.444G>A,,rs895828689,
1573400,NM_005228.5(EGFR):c.2849-8T>C,EGFR,Likely benign,"criteria provided, single submitter",,,NM_005228.5(EGFR):c.2849-8T>C,,rs2128969760,
1572469,NM_005228.5(EGFR):c.2547G>A (p.Gln849=),EGFR,Likely benign,"criteria provided, single submitter",,,c.2547G>A,,rs1433831615,
1571935,NM_005228.5(EGFR):c.2470-11C>T,EGFR,Likely benign,"criteria provided, single submitter",,,NM_005228.5(EGFR):c.2470-11C>T,,rs2128964324,
1571784,NM_005228.5(EGFR):c.1218G>C (p.Leu406=),EGFR,Likely benign,"criteria provided, single submitter",,,c.1218G>C,,rs1785497346,
1571182,NM_005228.5(EGFR):c.2469+13G>A,EGFR,Likely benign,"criteria provided, single submitter",,,NM_005228.5(EGFR):c.2469+13G>A,,rs764099332,
1570311,NM_005228.5(EGFR):c.1208-18C>T,EGFR,Likely benign,"criteria provided, single submitter",,,NM_005228.5(EGFR):c.1208-18C>T,,rs779247439,
1569966,NM_005228.5(EGFR):c.241-16T>C,EGFR,Likely benign,"criteria provided, single submitter",,,NM_005228.5(EGFR):c.241-16T>C,,rs2128927123,
1569775,NM_005228.5(EGFR):c.1631+10T>C,EGFR,Likely benign,"criteria provided, single submitter",,,NM_005228.5(EGFR):c.1631+10T>C,,rs1785711194,
1568105,NM_005228.5(EGFR):c.1557G>A (p.Glu519=),EGFR,Likely benign,"criteria provided, single submitter",,,c.1557G>A,,rs116057045,
1567971,NM_005228.5(EGFR):c.2701+18T>G,EGFR,Likely benign,"criteria provided, single submitter",,,NM_005228.5(EGFR):c.2701+18T>G,,rs910472843,
1567647,NM_005228.5(EGFR):c.748-17T>C,EGFR,Likely benign,"criteria provided, single submitter",,,NM_005228.5(EGFR):c.748-17T>C,,rs1052019033,
1566646,NM_005228.5(EGFR):c.559+17C>T,EGFR,Likely benign,"criteria provided, single submitter",,,NM_005228.5(EGFR):c.559+17C>T,,rs372921874,
1566639,NM_005228.5(EGFR):c.3165G>A (p.Leu1055=),EGFR,Likely benign,"criteria provided, single submitter",,,c.3165G>A,,rs2128972996,
4733190,NM_005228.5(EGFR):c.1914G>T (p.Thr638=),EGFR,Likely benign,"criteria provided, single submitter",,,c.1914G>T,,,
1565038,NM_005228.5(EGFR):c.747+19A>T,EGFR,Likely benign,"criteria provided, single submitter",,,NM_005228.5(EGFR):c.747+19A>T,,rs2128933950,
1564826,NM_005228.5(EGFR):c.1006+12_1006+13delinsAG,EGFR,Likely benign,"criteria provided, single submitter",,,NM_005228.5(EGFR):c.1006+12_1006+13delinsAG,,rs2128937639,
1564339,NM_005228.5(EGFR):c.1880+10A>G,EGFR,Likely benign,"criteria provided, single submitter",,,NM_005228.5(EGFR):c.1880+10A>G,,rs770307035,
1563222,NM_005228.5(EGFR):c.1434A>G (p.Lys478=),EGFR,Likely benign,"criteria provided, multiple submitters, no conflicts",,,c.1434A>G,,rs1785629921,
4731721,NM_005228.5(EGFR):c.1989G>C (p.Gly663=),EGFR,Likely benign,"criteria provided, single submitter",,,c.1989G>C,,,
1563156,NM_005228.5(EGFR):c.2185-20T>C,EGFR,Likely benign,"criteria provided, multiple submitters, no conflicts",,,NM_005228.5(EGFR):c.2185-20T>C,,rs1322918765,
1563106,NM_005228.5(EGFR):c.1689G>C (p.Leu563=),EGFR,Likely benign,"criteria provided, single submitter",,,c.1689G>C,,rs2128944740,
1562677,NM_005228.5(EGFR):c.748-13C>G,EGFR,Likely benign,"criteria provided, single submitter",,,NM_005228.5(EGFR):c.748-13C>G,,rs1360557376,
1561851,NM_005228.5(EGFR):c.3162+12C>T,EGFR,Likely benign,"criteria provided, single submitter",,,NM_005228.5(EGFR):c.3162+12C>T,,rs1787861198,
1561256,NM_005228.5(EGFR):c.3288C>A (p.Ser1096=),EGFR,Likely benign,"criteria provided, single submitter",,,c.3288C>A,,rs143770509,
1560958,NM_005228.5(EGFR):c.2626-14C>T,EGFR,Likely benign,"criteria provided, single submitter",,,NM_005228.5(EGFR):c.2626-14C>T,,rs1262899620,
1560837,NM_005228.5(EGFR):c.1208-18C>G,EGFR,Likely benign,"criteria provided, single submitter",,,NM_005228.5(EGFR):c.1208-18C>G,,rs779247439,
1560521,NM_005228.5(EGFR):c.2061+20G>A,EGFR,Likely benign,"criteria provided, single submitter",,,NM_005228.5(EGFR):c.2061+20G>A,,rs559993068,
1560498,NM_005228.5(EGFR):c.2848+15G>C,EGFR,Likely benign,"criteria provided, single submitter",,,NM_005228.5(EGFR):c.2848+15G>C,,rs376011908,
1560057,NM_005228.5(EGFR):c.1134-14G>T,EGFR,Likely benign,"criteria provided, single submitter",,,NM_005228.5(EGFR):c.1134-14G>T,,rs369109648,
1559301,NM_005228.5(EGFR):c.819C>T (p.Thr273=),EGFR,Likely benign,"criteria provided, multiple submitters, no conflicts",,,c.819C>T,,rs1785289559,
1559128,NM_005228.5(EGFR):c.3114+14G>C,EGFR,Likely benign,"criteria provided, single submitter",,,NM_005228.5(EGFR):c.3114+14G>C,,rs1455720137,
4731441,NM_005228.5(EGFR):c.1377A>T (p.Gly459=),EGFR,Likely benign,"criteria provided, single submitter",,,c.1377A>T,,,
1557984,NM_005228.5(EGFR):c.1008G>T (p.Val336=),EGFR,Likely benign,"criteria provided, single submitter",,,c.1008G>T,,rs2128938140,
1557055,NM_005228.5(EGFR):c.1089C>T (p.Thr363=),EGFR,Likely benign,"criteria provided, single submitter",,,c.1089C>T,,rs1195297126,
1557035,NM_005228.5(EGFR):c.2848+15G>T,EGFR,Likely benign,"criteria provided, single submitter",,,NM_005228.5(EGFR):c.2848+15G>T,,rs376011908,
1556529,NM_005228.5(EGFR):c.1298+7T>C,EGFR,Likely benign,"criteria provided, single submitter",,,NM_005228.5(EGFR):c.1298+7T>C,,rs2128939812,
1556024,NM_005228.5(EGFR):c.3115-15C>A,EGFR,Likely benign,"criteria provided, single submitter",,,NM_005228.5(EGFR):c.3115-15C>A,,rs112998448,
1555911,NM_005228.5(EGFR):c.1498+7C>T,EGFR,Likely benign,"criteria provided, single submitter",,,NM_005228.5(EGFR):c.1498+7C>T,,rs376125895,
1555424,NM_005228.5(EGFR):c.1881-4A>G,EGFR,Likely benign,"criteria provided, single submitter",,,NM_005228.5(EGFR):c.1881-4A>G,,rs1332866599,
1555001,NM_005228.5(EGFR):c.2701+17A>T,EGFR,Likely benign,"criteria provided, single submitter",,,NM_005228.5(EGFR):c.2701+17A>T,,rs1186300611,
1554692,NM_005228.5(EGFR):c.1920-15T>G,EGFR,Likely benign,"criteria provided, single submitter",,,NM_005228.5(EGFR):c.1920-15T>G,,rs1786420581,
1554472,NM_005228.5(EGFR):c.1881-10C>T,EGFR,Likely benign,"criteria provided, single submitter",,,NM_005228.5(EGFR):c.1881-10C>T,,rs1437938719,
1553492,NM_005228.5(EGFR):c.939C>G (p.Ala313=),EGFR,Likely benign,"criteria provided, multiple submitters, no conflicts",,,c.939C>G,,rs1785386249,
1553242,NM_005228.5(EGFR):c.2442G>T (p.Leu814=),EGFR,Likely benign,"criteria provided, multiple submitters, no conflicts",,,c.2442G>T,,rs769195278,
4731266,NM_005228.5(EGFR):c.559+12A>G,EGFR,Likely benign,"criteria provided, single submitter",,,NM_005228.5(EGFR):c.559+12A>G,,,
1552323,NM_005228.5(EGFR):c.1919+14G>T,EGFR,Likely benign,"criteria provided, single submitter",,,NM_005228.5(EGFR):c.1919+14G>T,,rs2128951446,
1551762,NM_005228.5(EGFR):c.1007-19G>A,EGFR,Likely benign,"criteria provided, single submitter",,,NM_005228.5(EGFR):c.1007-19G>A,,rs769843542,
1550884,NM_005228.5(EGFR):c.1631+19A>T,EGFR,Likely benign,"criteria provided, single submitter",,,NM_005228.5(EGFR):c.1631+19A>T,,rs978310888,
1550883,NM_005228.5(EGFR):c.1631+11_1631+16del,EGFR,Likely benign,"criteria provided, single submitter",,,NM_005228.5(EGFR):c.1631+11_1631+16del,,rs2128943141,
1550840,NM_005228.5(EGFR):c.730C>A (p.Arg244=),EGFR,Likely benign,"criteria provided, multiple submitters, no conflicts",,,c.730C>A,,rs554981236,
1550143,NM_005228.5(EGFR):c.1881-16C>T,EGFR,Likely benign,"criteria provided, single submitter",,,NM_005228.5(EGFR):c.1881-16C>T,,rs1416132670,
1541727,NM_005228.5(EGFR):c.2997T>G (p.Arg999=),EGFR,Likely benign,"criteria provided, single submitter",,,c.2997T>G,,rs759622671,
1550090,NM_005228.5(EGFR):c.2062-15T>C,EGFR,Likely benign,"criteria provided, single submitter",,,NM_005228.5(EGFR):c.2062-15T>C,,rs2128953468,
1549940,NM_005228.5(EGFR):c.1499-8C>T,EGFR,Likely benign,"criteria provided, single submitter",,,NM_005228.5(EGFR):c.1499-8C>T,,rs2128942650,
1549420,NM_005228.5(EGFR):c.3591C>T (p.Tyr1197=),EGFR,Likely benign,"criteria provided, multiple submitters, no conflicts",,,c.3591C>T,,rs376541336,
1549404,NM_005228.5(EGFR):c.1440G>A (p.Leu480=),EGFR,Likely benign,"criteria provided, multiple submitters, no conflicts",,,c.1440G>A,,rs969019007,
1549326,NM_005228.5(EGFR):c.1880+17G>A,EGFR,Likely benign,"criteria provided, single submitter",,,NM_005228.5(EGFR):c.1880+17G>A,,rs773889629,
1549179,NM_005228.5(EGFR):c.3115-15_3115-14del,EGFR,Likely benign,"criteria provided, single submitter",,,NM_005228.5(EGFR):c.3115-15_3115-14del,,rs2128972444,
1549175,NM_005228.5(EGFR):c.629-14T>C,EGFR,Likely benign,"criteria provided, single submitter",,,NM_005228.5(EGFR):c.629-14T>C,,rs777438007,
1549064,NM_005228.5(EGFR):c.3372C>T (p.His1124=),EGFR,Likely benign,"criteria provided, single submitter",,,c.3372C>T,,rs2128975247,
1548561,NM_005228.5(EGFR):c.543G>A (p.Gln181=),EGFR,Likely benign,"criteria provided, single submitter",,,c.543G>A,,rs1584152882,
1547541,NM_005228.5(EGFR):c.3522G>A (p.Gln1174=),EGFR,Likely benign,"criteria provided, multiple submitters, no conflicts",,,c.3522G>A,,rs768198843,
1546978,NM_005228.5(EGFR):c.1208-17T>G,EGFR,Likely benign,"criteria provided, single submitter",,,NM_005228.5(EGFR):c.1208-17T>G,,rs1785495534,
1546415,NM_005228.5(EGFR):c.1880+11A>C,EGFR,Likely benign,"criteria provided, single submitter",,,NM_005228.5(EGFR):c.1880+11A>C,,rs886062379,
1545904,NM_005228.5(EGFR):c.1329G>A (p.Leu443=),EGFR,Likely benign,"criteria provided, single submitter",,,c.1329G>A,,rs2128941351,
1545879,NM_005228.5(EGFR):c.88+19G>T,EGFR,Likely benign,"criteria provided, single submitter",,,NM_005228.5(EGFR):c.88+19G>T,,rs1786377810,
1545785,NM_005228.5(EGFR):c.628+19T>C,EGFR,Likely benign,"criteria provided, single submitter",,,NM_005228.5(EGFR):c.628+19T>C,,rs756486534,
1537419,NM_005228.5(EGFR):c.3163-18C>T,EGFR,Likely benign,"criteria provided, single submitter",,,NM_005228.5(EGFR):c.3163-18C>T,,rs200127312,
1537285,NM_005228.5(EGFR):c.1134-19A>T,EGFR,Likely benign,"criteria provided, single submitter",,,NM_005228.5(EGFR):c.1134-19A>T,,rs1306804099,
1537251,NM_005228.5(EGFR):c.2109C>G (p.Leu703=),EGFR,Likely benign,"criteria provided, multiple submitters, no conflicts",,,c.2109C>G,,rs746027140,
1545045,NM_005228.5(EGFR):c.1965C>T (p.Leu655=),EGFR,Likely benign,"criteria provided, single submitter",,,c.1965C>T,,rs1786424707,
1544646,NM_005228.5(EGFR):c.3114+15TC[6],EGFR,Likely benign,"criteria provided, single submitter",,,NM_005228.5(EGFR):c.3114+15TC[6],,rs753534663,
1544581,NM_005228.5(EGFR):c.2185-16TC[2],EGFR,Likely benign,"criteria provided, single submitter",,,NM_005228.5(EGFR):c.2185-16TC[2],,rs1786512776,
1543794,NM_005228.5(EGFR):c.2848+11G>C,EGFR,Likely benign,"criteria provided, single submitter",,,NM_005228.5(EGFR):c.2848+11G>C,,rs916296197,
1543674,NM_005228.5(EGFR):c.1134-19A>C,EGFR,Likely benign,"criteria provided, single submitter",,,NM_005228.5(EGFR):c.1134-19A>C,,rs1306804099,
1543449,NM_005228.5(EGFR):c.89-16T>C,EGFR,Likely benign,"criteria provided, single submitter",,,NM_005228.5(EGFR):c.89-16T>C,,rs1296532871,
1542958,NM_005228.5(EGFR):c.33C>T (p.Leu11=),EGFR,Likely benign,"criteria provided, multiple submitters, no conflicts",,,c.33C>T,,rs766029589,
1542834,NM_005228.5(EGFR):c.2849-13A>T,EGFR,Likely benign,"criteria provided, single submitter",,,NM_005228.5(EGFR):c.2849-13A>T,,rs764001096,
1542553,NM_005228.5(EGFR):c.1006+14C>A,EGFR,Likely benign,"criteria provided, single submitter",,,NM_005228.5(EGFR):c.1006+14C>A,,rs1237706679,
1542532,NM_005228.5(EGFR):c.63G>T (p.Ala21=),EGFR,Likely benign,"criteria provided, multiple submitters, no conflicts",,,c.63G>T,,rs1421885942,
1542360,NM_005228.5(EGFR):c.2283+17C>T,EGFR,Likely benign,"criteria provided, single submitter",,,NM_005228.5(EGFR):c.2283+17C>T,,rs1449196769,
1542288,NM_005228.5(EGFR):c.1233T>C (p.Pro411=),EGFR,Likely benign,"criteria provided, single submitter",,,c.1233T>C,,rs2128939646,
4731255,NM_005228.5(EGFR):c.560-13T>G,EGFR,Likely benign,"criteria provided, single submitter",,,NM_005228.5(EGFR):c.560-13T>G,,,
1534213,NM_005228.5(EGFR):c.2469+10del,EGFR,Likely benign,"criteria provided, single submitter",,,NM_005228.5(EGFR):c.2469+10del,,rs2128958924,
1534109,NM_005228.5(EGFR):c.2849-10C>T,EGFR,Likely benign,"criteria provided, single submitter",,,NM_005228.5(EGFR):c.2849-10C>T,,rs2128969755,
1533906,NM_005228.5(EGFR):c.1006+15G>A,EGFR,Likely benign,"criteria provided, single submitter",,,NM_005228.5(EGFR):c.1006+15G>A,,rs369345006,
1541641,NM_005228.5(EGFR):c.1267C>T (p.Leu423=),EGFR,Likely benign,"criteria provided, single submitter",,,c.1267C>T,,rs1302407953,
1541621,NM_005228.5(EGFR):c.2185-13C>T,EGFR,Likely benign,"criteria provided, multiple submitters, no conflicts",,,NM_005228.5(EGFR):c.2185-13C>T,,rs377247228,
1541511,NM_005228.5(EGFR):c.39G>T (p.Ala13=),EGFR,Likely benign,"criteria provided, multiple submitters, no conflicts",,,c.39G>T,,rs1010599071,
1541267,NM_005228.5(EGFR):c.2946+12A>C,EGFR,Likely benign,"criteria provided, single submitter",,,NM_005228.5(EGFR):c.2946+12A>C,,rs2128970042,
1540051,NM_005228.5(EGFR):c.1133+11_1133+13del,EGFR,Likely benign,"criteria provided, single submitter",,,NM_005228.5(EGFR):c.1133+11_1133+13del,,rs1562767266,
1539353,NM_005228.5(EGFR):c.1298+17C>T,EGFR,Likely benign,"criteria provided, single submitter",,,NM_005228.5(EGFR):c.1298+17C>T,,rs1415751634,
1538913,NM_005228.5(EGFR):c.3114+10C>A,EGFR,Likely benign,"criteria provided, single submitter",,,NM_005228.5(EGFR):c.3114+10C>A,,rs755627760,
1538584,NM_005228.5(EGFR):c.2470-17G>C,EGFR,Likely benign,"criteria provided, multiple submitters, no conflicts",,,NM_005228.5(EGFR):c.2470-17G>C,,rs765782855,
1538547,NM_005228.5(EGFR):c.1133+17G>T,EGFR,Likely benign,"criteria provided, single submitter",,,NM_005228.5(EGFR):c.1133+17G>T,,rs2128938507,
1538236,NM_005228.5(EGFR):c.2283+20T>C,EGFR,Likely benign,"criteria provided, single submitter",,,NM_005228.5(EGFR):c.2283+20T>C,,rs1197399144,
1537787,NM_005228.5(EGFR):c.1007-19G>C,EGFR,Likely benign,"criteria provided, single submitter",,,NM_005228.5(EGFR):c.1007-19G>C,,rs769843542,
1537498,NM_005228.5(EGFR):c.1491C>T (p.Asn497=),EGFR,Likely benign,"criteria provided, multiple submitters, no conflicts",,,c.1491C>T,,rs774773441,
1537440,NM_005228.5(EGFR):c.978T>C (p.Cys326=),EGFR,Likely benign,"criteria provided, single submitter",,,c.978T>C,,rs2128937546,
1529238,NM_005228.5(EGFR):c.1965C>G (p.Leu655=),EGFR,Likely benign,"criteria provided, multiple submitters, no conflicts",,,c.1965C>G,,rs1786424707,
1529017,NM_005228.5(EGFR):c.3231G>A (p.Leu1077=),EGFR,Likely benign,"criteria provided, multiple submitters, no conflicts",,,c.3231G>A,,rs367750834,
1528295,NM_005228.5(EGFR):c.2626-8A>C,EGFR,Likely benign,"criteria provided, single submitter",,,NM_005228.5(EGFR):c.2626-8A>C,,rs765007703,
1536694,NM_005228.5(EGFR):c.2799C>A (p.Leu933=),EGFR,Likely benign,"criteria provided, single submitter",,,c.2799C>A,,rs1449591883,
1536558,NM_005228.5(EGFR):c.1245G>A (p.Thr415=),EGFR,Likely benign,"criteria provided, multiple submitters, no conflicts",,,c.1245G>A,,rs774121381,
1536547,NM_005228.5(EGFR):c.1007-12_1007-11del,EGFR,Likely benign,"criteria provided, single submitter",,,NM_005228.5(EGFR):c.1007-12_1007-11del,,rs779622266,
1536249,NM_005228.5(EGFR):c.560-17T>C,EGFR,Likely benign,"criteria provided, single submitter",,,NM_005228.5(EGFR):c.560-17T>C,,rs2128932402,
1535652,NM_005228.5(EGFR):c.2946+10G>A,EGFR,Likely benign,"criteria provided, single submitter",,,NM_005228.5(EGFR):c.2946+10G>A,,rs2128970036,
1535223,NM_005228.5(EGFR):c.3162+17TA[3],EGFR,Likely benign,"criteria provided, single submitter",,,NM_005228.5(EGFR):c.3162+17TA[3],,rs2128972582,
1535191,NM_005228.5(EGFR):c.1608G>A (p.Val536=),EGFR,Likely benign,"criteria provided, single submitter",,,c.1608G>A,,rs2128943012,
1535081,NM_005228.5(EGFR):c.1919+19G>A,EGFR,Likely benign,"criteria provided, single submitter",,,NM_005228.5(EGFR):c.1919+19G>A,,rs913423334,
1535043,NM_005228.5(EGFR):c.2436G>A (p.Gln812=),EGFR,Likely benign,"criteria provided, multiple submitters, no conflicts",,,c.2436G>A,,rs2128958808,
1535037,NM_005228.5(EGFR):c.1062G>T (p.Thr354=),EGFR,Likely benign,"criteria provided, multiple submitters, no conflicts",,,c.1062G>T,,rs1241234498,
1534280,NM_005228.5(EGFR):c.2701+16G>A,EGFR,Likely benign,"criteria provided, single submitter",,,NM_005228.5(EGFR):c.2701+16G>A,,rs1384007375,
1534261,NM_005228.5(EGFR):c.1572C>T (p.Val524=),EGFR,Likely benign,"criteria provided, multiple submitters, no conflicts",,,c.1572C>T,,rs760800224,
1534214,NM_005228.5(EGFR):c.2469+11A>C,EGFR,Likely benign,"criteria provided, single submitter",,,NM_005228.5(EGFR):c.2469+11A>C,,rs775554894,
1934432,NM_005228.5(EGFR):c.3162+19T>C,EGFR,Likely benign,"criteria provided, single submitter",,,NM_005228.5(EGFR):c.3162+19T>C,,rs369400188,
1934051,NM_005228.5(EGFR):c.63G>A (p.Ala21=),EGFR,Likely benign,"criteria provided, multiple submitters, no conflicts",,,c.63G>A,,rs1421885942,
1933970,NM_005228.5(EGFR):c.2184+8C>T,EGFR,Likely benign,"criteria provided, multiple submitters, no conflicts",,,NM_005228.5(EGFR):c.2184+8C>T,,rs1322299139,
1933960,NM_005228.5(EGFR):c.559+16A>C,EGFR,Likely benign,"criteria provided, single submitter",,,NM_005228.5(EGFR):c.559+16A>C,,rs762104816,
1533689,NM_005228.5(EGFR):c.1006+20G>T,EGFR,Likely benign,"criteria provided, single submitter",,,NM_005228.5(EGFR):c.1006+20G>T,,rs765291470,
1533338,NM_005228.5(EGFR):c.2702-19T>G,EGFR,Likely benign,"criteria provided, single submitter",,,NM_005228.5(EGFR):c.2702-19T>G,,rs755953813,
1533059,NM_005228.5(EGFR):c.425-11T>C,EGFR,Likely benign,"criteria provided, single submitter",,,NM_005228.5(EGFR):c.425-11T>C,,rs757459491,
1533028,NM_005228.5(EGFR):c.560-20C>T,EGFR,Likely benign,"criteria provided, single submitter",,,NM_005228.5(EGFR):c.560-20C>T,,rs2128932391,
1532175,NM_005228.5(EGFR):c.2947-19C>T,EGFR,Likely benign,"criteria provided, single submitter",,,NM_005228.5(EGFR):c.2947-19C>T,,rs753178343,
1531573,NM_005228.5(EGFR):c.735G>A (p.Glu245=),EGFR,Likely benign,"criteria provided, single submitter",,,c.735G>A,,rs1785217553,
1531360,NM_005228.5(EGFR):c.3271+13T>C,EGFR,Likely benign,"criteria provided, single submitter",,,NM_005228.5(EGFR):c.3271+13T>C,,rs1436046921,
1531234,NM_005228.5(EGFR):c.3115-10del,EGFR,Likely benign,"criteria provided, single submitter",,,NM_005228.5(EGFR):c.3115-10del,,rs2128972453,
1530842,NM_005228.5(EGFR):c.1880+18_1880+20del,EGFR,Likely benign,"criteria provided, single submitter",,,NM_005228.5(EGFR):c.1880+18_1880+20del,,rs1167156969,
1530639,NM_005228.5(EGFR):c.1413T>C (p.Tyr471=),EGFR,Likely benign,"criteria provided, multiple submitters, no conflicts",,,c.1413T>C,,rs771736232,
4730790,NM_005228.5(EGFR):c.1704C>T (p.Asn568=),EGFR,Likely benign,"criteria provided, single submitter",,,c.1704C>T,,,
1529959,NM_005228.5(EGFR):c.36G>A (p.Leu12=),EGFR,Likely benign,"criteria provided, multiple submitters, no conflicts",,,c.36G>A,,rs2128853390,
1517571,NM_005228.5(EGFR):c.1919+15C>G,EGFR,Likely benign,"criteria provided, single submitter",,,NM_005228.5(EGFR):c.1919+15C>G,,rs747668962,
1947479,NM_005228.5(EGFR):c.1530C>T (p.Cys510=),EGFR,Likely benign,"criteria provided, multiple submitters, no conflicts",,,c.1530C>T,,rs2128942765,
1946066,NM_005228.5(EGFR):c.1006+16G>T,EGFR,Likely benign,"criteria provided, single submitter",,,NM_005228.5(EGFR):c.1006+16G>T,,rs914167859,
1945827,NM_005228.5(EGFR):c.1006+12G>T,EGFR,Likely benign,"criteria provided, single submitter",,,NM_005228.5(EGFR):c.1006+12G>T,,rs376042898,
1944796,NM_005228.5(EGFR):c.3271+17G>A,EGFR,Likely benign,"criteria provided, single submitter",,,NM_005228.5(EGFR):c.3271+17G>A,,rs1787901475,
1944626,NM_005228.5(EGFR):c.2701+14C>T,EGFR,Likely benign,"criteria provided, single submitter",,,NM_005228.5(EGFR):c.2701+14C>T,,rs772603001,
1942485,NM_005228.5(EGFR):c.629-17C>A,EGFR,Likely benign,"criteria provided, single submitter",,,NM_005228.5(EGFR):c.629-17C>A,,rs1302601303,
1941322,NM_005228.5(EGFR):c.2469+20A>G,EGFR-AS1,Likely benign,"criteria provided, single submitter",,,NM_005228.5(EGFR):c.2469+20A>G,,rs762378199,
1940738,NM_005228.5(EGFR):c.1348T>C (p.Leu450=),EGFR,Likely benign,"criteria provided, single submitter",,,c.1348T>C,,rs2128941393,
4730211,NM_005228.5(EGFR):c.900G>A (p.Val300=),EGFR,Likely benign,"criteria provided, single submitter",,,c.900G>A,,,
1939044,NM_005228.5(EGFR):c.1919+16T>G,EGFR,Likely benign,"criteria provided, single submitter",,,NM_005228.5(EGFR):c.1919+16T>G,,rs756275667,
1936540,NM_005228.5(EGFR):c.1499-19A>G,EGFR,Likely benign,"criteria provided, single submitter",,,NM_005228.5(EGFR):c.1499-19A>G,,rs774649018,
1936418,NM_005228.5(EGFR):c.292C>A (p.Arg98=),EGFR,Likely benign,"criteria provided, single submitter",,,c.292C>A,,rs1794575659,
1936026,NM_005228.5(EGFR):c.2283+11G>C,EGFR,Likely benign,"criteria provided, single submitter",,,NM_005228.5(EGFR):c.2283+11G>C,,rs375086072,
1935488,NM_005228.5(EGFR):c.1499-18C>T,EGFR,Likely benign,"criteria provided, single submitter",,,NM_005228.5(EGFR):c.1499-18C>T,,rs1785698784,
1934907,NM_005228.5(EGFR):c.2702-8C>T,EGFR,Likely benign,"criteria provided, single submitter",,,NM_005228.5(EGFR):c.2702-8C>T,,rs1290560278,
1967830,NM_005228.5(EGFR):c.552G>A (p.Leu184=),EGFR,Likely benign,"criteria provided, single submitter",,,c.552G>A,,rs2128929650,
1516397,NM_005228.5(EGFR):c.2470-16G>T,EGFR,Likely benign,"criteria provided, multiple submitters, no conflicts",,,NM_005228.5(EGFR):c.2470-16G>T,,rs78746362,
4766640,NM_005228.5(EGFR):c.2849-11T>G,EGFR,Likely benign,"criteria provided, single submitter",,,NM_005228.5(EGFR):c.2849-11T>G,,,
1957261,NM_005228.5(EGFR):c.2284-20G>C,EGFR,Likely benign,"criteria provided, multiple submitters, no conflicts",,,NM_005228.5(EGFR):c.2284-20G>C,,rs200438791,
1957230,NM_005228.5(EGFR):c.2061+18G>T,EGFR,Likely benign,"criteria provided, single submitter",,,NM_005228.5(EGFR):c.2061+18G>T,,rs2128952761,
1957157,NM_005228.5(EGFR):c.507C>T (p.Ser169=),EGFR,Likely benign,"criteria provided, single submitter",,,c.507C>T,,rs1303069659,
1953442,NM_005228.5(EGFR):c.945C>T (p.Ser315=),EGFR,Likely benign,"criteria provided, single submitter",,,c.945C>T,,rs772053702,
4765379,NM_005228.5(EGFR):c.1809C>T (p.Asn603=),EGFR,Likely benign,"criteria provided, single submitter",,,c.1809C>T,,,
1952853,NM_005228.5(EGFR):c.560-8C>T,EGFR,Likely benign,"criteria provided, single submitter",,,NM_005228.5(EGFR):c.560-8C>T,,rs2128932420,
1951245,NM_005228.5(EGFR):c.1498+17T>G,EGFR,Likely benign,"criteria provided, single submitter",,,NM_005228.5(EGFR):c.1498+17T>G,,rs756670210,
1950017,NM_005228.5(EGFR):c.1007-18TC[2],LOC126860048,Likely benign,"criteria provided, single submitter",,,NM_005228.5(EGFR):c.1007-18TC[2],,rs755277305,
1949343,NM_005228.5(EGFR):c.748-15C>T,EGFR,Likely benign,"criteria provided, single submitter",,,NM_005228.5(EGFR):c.748-15C>T,,rs1257467836,
4759775,NM_005228.5(EGFR):c.88+11G>T,EGFR,Likely benign,"criteria provided, single submitter",,,NM_005228.5(EGFR):c.88+11G>T,,,
4751158,NM_005228.5(EGFR):c.1191C>A (p.Thr397=),EGFR,Likely benign,"criteria provided, single submitter",,,c.1191C>A,,,
1518984,NM_005228.5(EGFR):c.1723-5T>G,EGFR,Likely benign,"criteria provided, single submitter",,,NM_005228.5(EGFR):c.1723-5T>G,,rs1476003950,
1518098,NM_005228.5(EGFR):c.3141G>A (p.Val1047=),EGFR,Likely benign,"criteria provided, single submitter",,,c.3141G>A,,rs2128972520,
4751025,NM_005228.5(EGFR):c.1881-6C>T,EGFR,Likely benign,"criteria provided, single submitter",,,NM_005228.5(EGFR):c.1881-6C>T,,,
1975188,NM_005228.5(EGFR):c.1006+11C>A,EGFR,Likely benign,"criteria provided, single submitter",,,NM_005228.5(EGFR):c.1006+11C>A,,rs1175002791,
1975113,NM_005228.5(EGFR):c.1007-15C>G,EGFR,Likely benign,"criteria provided, single submitter",,,NM_005228.5(EGFR):c.1007-15C>G,,rs2128938105,
1974605,NM_005228.5(EGFR):c.468G>A (p.Leu156=),EGFR,Likely benign,"criteria provided, multiple submitters, no conflicts",,,c.468G>A,,rs149006234,
1974251,NM_005228.5(EGFR):c.2470-17G>A,EGFR,Likely benign,"criteria provided, single submitter",,,NM_005228.5(EGFR):c.2470-17G>A,,rs765782855,
1973622,NM_005228.5(EGFR):c.3162+14C>A,EGFR,Likely benign,"criteria provided, single submitter",,,NM_005228.5(EGFR):c.3162+14C>A,,rs2128972576,
1973605,NM_005228.5(EGFR):c.748-4A>G,EGFR,Likely benign,"criteria provided, multiple submitters, no conflicts",,,NM_005228.5(EGFR):c.748-4A>G,,rs1479624899,
4734679,NM_005228.5(EGFR):c.3163-16T>A,EGFR,Likely benign,"criteria provided, single submitter",,,NM_005228.5(EGFR):c.3163-16T>A,,,
1973044,NM_005228.5(EGFR):c.3426C>T (p.Val1142=),EGFR,Likely benign,"criteria provided, multiple submitters, no conflicts",,,c.3426C>T,,rs753181929,
1972656,NM_005228.5(EGFR):c.2409G>T (p.Arg803=),EGFR-AS1,Likely benign,"criteria provided, single submitter",,,c.2409G>T,,rs397517123,
1971660,NM_005228.5(EGFR):c.2626-17TC[2],EGFR,Likely benign,"criteria provided, single submitter",,,NM_005228.5(EGFR):c.2626-17TC[2],,rs1787455165,
1970611,NM_005228.5(EGFR):c.1006+10C>A,EGFR,Likely benign,"criteria provided, single submitter",,,NM_005228.5(EGFR):c.1006+10C>A,,rs371464959,
4734076,NM_005228.5(EGFR):c.1208-15dup,EGFR,Likely benign,"criteria provided, single submitter",,,NM_005228.5(EGFR):c.1208-15dup,,,
1970197,NM_005228.5(EGFR):c.3102C>T (p.Leu1034=),EGFR,Likely benign,"criteria provided, multiple submitters, no conflicts",,,c.3102C>T,,rs2128971782,
1968970,NM_005228.5(EGFR):c.102G>T (p.Thr34=),EGFR,Likely benign,"criteria provided, multiple submitters, no conflicts",,,c.102G>T,,rs148679319,
4733698,NM_005228.5(EGFR):c.2751A>T (p.Gly917=),EGFR,Likely benign,"criteria provided, single submitter",,,c.2751A>T,,,
2006897,NM_005228.5(EGFR):c.1133+10A>C,EGFR,Likely benign,"criteria provided, single submitter",,,NM_005228.5(EGFR):c.1133+10A>C,,rs778011521,
4733676,NM_005228.5(EGFR):c.3402C>A (p.Gly1134=),EGFR,Likely benign,"criteria provided, single submitter",,,c.3402C>A,,,
2006175,NM_005228.5(EGFR):c.1499-14C>T,EGFR,Likely benign,"criteria provided, single submitter",,,NM_005228.5(EGFR):c.1499-14C>T,,rs1158971010,
2000698,NM_005228.5(EGFR):c.3396A>T (p.Ala1132=),EGFR,Likely benign,"criteria provided, multiple submitters, no conflicts",,,c.3396A>T,,rs2128975288,
1999614,NM_005228.5(EGFR):c.1989G>T (p.Gly663=),EGFR,Likely benign,"criteria provided, single submitter",,,c.1989G>T,,rs748898746,
1999259,NM_005228.5(EGFR):c.690C>T (p.Asp230=),EGFR,Likely benign,"criteria provided, single submitter",,,c.690C>T,,rs1785214376,
1997807,NM_005228.5(EGFR):c.1992C>A (p.Ile664=),EGFR,Likely benign,"criteria provided, multiple submitters, no conflicts",,,c.1992C>A,,rs200855539,
360465,NM_005228.5(EGFR):c.2062-7C>G,EGFR,Likely benign,"criteria provided, multiple submitters, no conflicts",,,NM_005228.5(EGFR):c.2062-7C>G,,rs184220351,
1996518,NM_005228.5(EGFR):c.2427T>A (p.Ile809=),EGFR,Likely benign,"criteria provided, single submitter",,,c.2427T>A,,rs571225968,
1994345,NM_005228.5(EGFR):c.424+17C>T,EGFR,Likely benign,"criteria provided, single submitter",,,NM_005228.5(EGFR):c.424+17C>T,,rs2535449872,
1994214,NM_005228.5(EGFR):c.2445C>T (p.Leu815=),EGFR-AS1,Likely benign,"criteria provided, single submitter",,,c.2445C>T,,rs2128958835,
1990197,NM_005228.5(EGFR):c.3159T>C (p.Asn1053=),EGFR,Likely benign,"criteria provided, single submitter",,,c.3159T>C,,rs2534872744,
360457,NM_005228.5(EGFR):c.1281C>T (p.Arg427=),EGFR,Likely benign,"criteria provided, multiple submitters, no conflicts",,,c.1281C>T,,rs367896493,
360456,NM_005228.5(EGFR):c.843C>T (p.Pro281=),EGFR,Likely benign,"criteria provided, multiple submitters, no conflicts",,,c.843C>T,,rs746685847,
1505742,NM_005228.5(EGFR):c.2061+14C>G,EGFR,Likely benign,"criteria provided, single submitter",,,NM_005228.5(EGFR):c.2061+14C>G,,rs890597672,
360454,NM_005228.5(EGFR):c.525C>T (p.Asn175=),EGFR,Likely benign,"criteria provided, multiple submitters, no conflicts",,,c.525C>T,,rs749002473,
2024735,NM_005228.5(EGFR):c.390C>G (p.Thr130=),EGFR,Likely benign,"criteria provided, multiple submitters, no conflicts",,,c.390C>G,,rs766093262,
2021322,NM_005228.5(EGFR):c.1545C>T (p.Cys515=),EGFR,Likely benign,"criteria provided, single submitter",,,c.1545C>T,,rs2128942815,
2020801,NM_005228.5(EGFR):c.1919+11A>C,EGFR,Likely benign,"criteria provided, single submitter",,,NM_005228.5(EGFR):c.1919+11A>C,,rs781435040,
4775360,NM_005228.5(EGFR):c.466C>T (p.Leu156=),EGFR,Likely benign,"criteria provided, single submitter",,,c.466C>T,,,
1488500,NM_005228.5(EGFR):c.2626-7T>C,EGFR,Likely benign,"criteria provided, single submitter",,,NM_005228.5(EGFR):c.2626-7T>C,,rs2128965463,
1487473,NM_005228.5(EGFR):c.2626-10C>A,EGFR,Likely benign,"criteria provided, single submitter",,,NM_005228.5(EGFR):c.2626-10C>A,,rs2128965454,
2020350,NM_005228.5(EGFR):c.2946+14T>C,EGFR,Likely benign,"criteria provided, single submitter",,,NM_005228.5(EGFR):c.2946+14T>C,,rs2128970048,
2020165,NM_005228.5(EGFR):c.2701+11A>T,EGFR,Likely benign,"criteria provided, single submitter",,,NM_005228.5(EGFR):c.2701+11A>T,,rs1787461182,
2020103,NM_005228.5(EGFR):c.3096T>G (p.Thr1032=),EGFR,Likely benign,"criteria provided, single submitter",,,c.3096T>G,,rs1173174389,
2019529,NM_005228.5(EGFR):c.1134-12T>C,EGFR,Likely benign,"criteria provided, single submitter",,,NM_005228.5(EGFR):c.1134-12T>C,,rs1311356603,
2018876,NM_005228.5(EGFR):c.89-10T>C,EGFR,Likely benign,"criteria provided, single submitter",,,NM_005228.5(EGFR):c.89-10T>C,,rs757061959,
2014272,NM_005228.5(EGFR):c.1989G>A (p.Gly663=),EGFR,Likely benign,"criteria provided, multiple submitters, no conflicts",,,c.1989G>A,,rs748898746,
2008574,NM_005228.5(EGFR):c.1498+9C>G,EGFR,Likely benign,"criteria provided, single submitter",,,NM_005228.5(EGFR):c.1498+9C>G,,rs2535549290,
4773414,NM_005228.5(EGFR):c.2849-18T>C,EGFR,Likely benign,"criteria provided, single submitter",,,NM_005228.5(EGFR):c.2849-18T>C,,,
2008459,NM_005228.5(EGFR):c.678G>A (p.Lys226=),EGFR,Likely benign,"criteria provided, single submitter",,,c.678G>A,,rs2128933758,
2006971,NM_005228.5(EGFR):c.2580A>G (p.Lys860=),EGFR,Likely benign,"criteria provided, multiple submitters, no conflicts",,,c.2580A>G,,rs397517130,
1480517,NM_005228.5(EGFR):c.2947-4C>T,EGFR,Likely benign,"criteria provided, multiple submitters, no conflicts",,,NM_005228.5(EGFR):c.2947-4C>T,,rs2128971441,
2050071,NM_005228.5(EGFR):c.1722+11C>T,EGFR,Likely benign,"criteria provided, single submitter",,,NM_005228.5(EGFR):c.1722+11C>T,,rs1785830144,
4772883,NM_005228.5(EGFR):c.420A>G (p.Leu140=),EGFR,Likely benign,"criteria provided, single submitter",,,c.420A>G,,,
2039667,NM_005228.5(EGFR):c.1207+13T>C,EGFR,Likely benign,"criteria provided, single submitter",,,NM_005228.5(EGFR):c.1207+13T>C,,rs2128938828,
2036914,NM_005228.5(EGFR):c.3163-7C>A,EGFR,Likely benign,"criteria provided, single submitter",,,NM_005228.5(EGFR):c.3163-7C>A,,rs2128972980,
2035214,NM_005228.5(EGFR):c.2062-20T>G,EGFR,Likely benign,"criteria provided, single submitter",,,NM_005228.5(EGFR):c.2062-20T>G,,rs1584224262,
2034775,NM_005228.5(EGFR):c.1134-7G>T,EGFR,Likely benign,"criteria provided, single submitter",,,NM_005228.5(EGFR):c.1134-7G>T,,rs767293022,
2034359,NM_005228.5(EGFR):c.225T>C (p.Asp75=),EGFR,Likely benign,"criteria provided, single submitter",,,c.225T>C,,rs2535440896,
2033550,NM_005228.5(EGFR):c.3114+15TC[11],EGFR,Likely benign,"criteria provided, single submitter",,,NM_005228.5(EGFR):c.3114+15TC[11],,rs753534663,
2033038,NM_005228.5(EGFR):c.1881-11A>G,EGFR,Likely benign,"criteria provided, single submitter",,,NM_005228.5(EGFR):c.1881-11A>G,,rs1786331927,
2031858,NM_005228.5(EGFR):c.1919+16T>C,EGFR,Likely benign,"criteria provided, single submitter",,,NM_005228.5(EGFR):c.1919+16T>C,,rs756275667,
2030342,NM_005228.5(EGFR):c.2883C>T (p.Phe961=),EGFR,Likely benign,"criteria provided, multiple submitters, no conflicts",,,c.2883C>T,,rs1787791925,
2029299,NM_005228.5(EGFR):c.2848+7G>T,EGFR,Likely benign,"criteria provided, single submitter",,,NM_005228.5(EGFR):c.2848+7G>T,,rs2128968946,
2028954,NM_005228.5(EGFR):c.516T>C (p.Phe172=),EGFR,Likely benign,"criteria provided, single submitter",,,c.516T>C,,rs2128929567,
2026328,NM_005228.5(EGFR):c.3115-12T>C,EGFR,Likely benign,"criteria provided, single submitter",,,NM_005228.5(EGFR):c.3115-12T>C,,rs2128972452,
2026000,NM_005228.5(EGFR):c.654G>A (p.Gln218=),EGFR,Likely benign,"criteria provided, single submitter",,,c.654G>A,,rs776050604,
4771920,NM_005228.5(EGFR):c.1821C>G (p.Val607=),EGFR,Likely benign,"criteria provided, single submitter",,,c.1821C>G,,,
4771757,NM_005228.5(EGFR):c.2185-6T>A,EGFR,Likely benign,"criteria provided, single submitter",,,NM_005228.5(EGFR):c.2185-6T>A,,,
1479102,NM_005228.5(EGFR):c.2469+14G>T,EGFR-AS1,Likely benign,"criteria provided, single submitter",,,NM_005228.5(EGFR):c.2469+14G>T,,rs1786875002,
4771557,NM_005228.5(EGFR):c.3115-16T>G,EGFR,Likely benign,"criteria provided, single submitter",,,NM_005228.5(EGFR):c.3115-16T>G,,,
2073259,NM_005228.5(EGFR):c.2284-17C>A,EGFR-AS1,Likely benign,"criteria provided, single submitter",,,NM_005228.5(EGFR):c.2284-17C>A,,rs750230492,
2073079,NM_005228.5(EGFR):c.24G>C (p.Gly8=),EGFR,Likely benign,"criteria provided, single submitter",,,c.24G>C,,rs2128853364,
2073013,NM_005228.5(EGFR):c.1917T>C (p.Asn639=),EGFR,Likely benign,"criteria provided, multiple submitters, no conflicts",,,c.1917T>C,,rs2535619991,
2071949,NM_005228.5(EGFR):c.1631+17T>G,EGFR,Likely benign,"criteria provided, single submitter",,,NM_005228.5(EGFR):c.1631+17T>G,,rs2128943155,
2068250,NM_005228.5(EGFR):c.1722+18C>G,EGFR,Likely benign,"criteria provided, single submitter",,,NM_005228.5(EGFR):c.1722+18C>G,,rs1179570604,
2062802,NM_005228.5(EGFR):c.2848+18C>G,EGFR,Likely benign,"criteria provided, single submitter",,,NM_005228.5(EGFR):c.2848+18C>G,,rs2128968969,
2062738,NM_005228.5(EGFR):c.1919+7del,EGFR,Likely benign,"criteria provided, single submitter",,,NM_005228.5(EGFR):c.1919+7del,,rs1786335026,
2058439,NM_005228.5(EGFR):c.153C>T (p.Leu51=),EGFR,Likely benign,"criteria provided, multiple submitters, no conflicts",,,c.153C>T,,rs773745636,
2058161,NM_005228.5(EGFR):c.889+16T>C,EGFR,Likely benign,"criteria provided, single submitter",,,NM_005228.5(EGFR):c.889+16T>C,,rs1785295364,
2055128,NM_005228.5(EGFR):c.3300G>A (p.Arg1100=),EGFR,Likely benign,"criteria provided, multiple submitters, no conflicts",,,c.3300G>A,,rs2128975115,
2052909,NM_005228.5(EGFR):c.1208-15T>C,EGFR,Likely benign,"criteria provided, single submitter",,,NM_005228.5(EGFR):c.1208-15T>C,,rs1312027698,
177743,NM_005228.5(EGFR):c.2775C>T (p.Ser925=),EGFR,Likely benign,no assertion criteria provided,,,c.2775C>T,,rs727504306,
2095673,NM_005228.5(EGFR):c.2469+11A>G,EGFR-AS1,Likely benign,"criteria provided, single submitter",,,NM_005228.5(EGFR):c.2469+11A>G,,rs775554894,
360453,NM_005228.5(EGFR):c.438C>G (p.Gly146=),EGFR,Likely benign,"criteria provided, multiple submitters, no conflicts",,,c.438C>G,,rs199637112,
360470,NM_005228.5(EGFR):c.3162+7A>G,EGFR,Likely benign,"criteria provided, single submitter",,,NM_005228.5(EGFR):c.3162+7A>G,,rs138332470,
1468615,NM_005228.5(EGFR):c.96A>G (p.Gln32=),EGFR,Likely benign,"criteria provided, single submitter",,,c.96A>G,,rs1794503224,
2093475,NM_005228.5(EGFR):c.3163-17C>T,EGFR,Likely benign,"criteria provided, single submitter",,,NM_005228.5(EGFR):c.3163-17C>T,,rs2128972963,
2091954,NM_005228.5(EGFR):c.2205T>C (p.Gly735=),EGFR,Likely benign,"criteria provided, multiple submitters, no conflicts",,,c.2205T>C,,rs2128954605,
2091948,NM_005228.5(EGFR):c.629-12G>A,EGFR,Likely benign,"criteria provided, single submitter",,,NM_005228.5(EGFR):c.629-12G>A,,rs1340489891,
2091940,NM_005228.5(EGFR):c.748-4A>C,EGFR,Likely benign,"criteria provided, single submitter",,,NM_005228.5(EGFR):c.748-4A>C,,rs1479624899,
2091715,NM_005228.5(EGFR):c.3183G>A (p.Lys1061=),EGFR,Likely benign,"criteria provided, single submitter",,,c.3183G>A,,rs2128973025,
2087947,NM_005228.5(EGFR):c.1134-11G>A,EGFR,Likely benign,"criteria provided, single submitter",,,NM_005228.5(EGFR):c.1134-11G>A,,rs1785438268,
2087459,NM_005228.5(EGFR):c.2196C>T (p.Ile732=),EGFR,Likely benign,"criteria provided, single submitter",,,c.2196C>T,,rs2128954588,
2087198,NM_005228.5(EGFR):c.1631+8G>T,EGFR,Likely benign,"criteria provided, single submitter",,,NM_005228.5(EGFR):c.1631+8G>T,,rs1562772255,
2086637,NM_005228.5(EGFR):c.2208G>A (p.Glu736=),EGFR,Likely benign,"criteria provided, single submitter",,,c.2208G>A,,rs2128954616,
2084268,NM_005228.5(EGFR):c.1298+12A>G,EGFR,Likely benign,"criteria provided, single submitter",,,NM_005228.5(EGFR):c.1298+12A>G,,rs1265750741,
2084225,NM_005228.5(EGFR):c.629-14T>G,EGFR,Likely benign,"criteria provided, single submitter",,,NM_005228.5(EGFR):c.629-14T>G,,rs777438007,
2075035,NM_005228.5(EGFR):c.424+9C>T,EGFR,Likely benign,"criteria provided, single submitter",,,NM_005228.5(EGFR):c.424+9C>T,,rs2128927619,
2108699,NM_005228.5(EGFR):c.2284-19T>A,EGFR,Likely benign,"criteria provided, single submitter",,,NM_005228.5(EGFR):c.2284-19T>A,,rs2128958168,
2107200,NM_005228.5(EGFR):c.1006+17T>C,EGFR,Likely benign,"criteria provided, single submitter",,,NM_005228.5(EGFR):c.1006+17T>C,,rs1584178392,
2105732,NM_005228.5(EGFR):c.2702-14C>T,EGFR,Likely benign,"criteria provided, single submitter",,,NM_005228.5(EGFR):c.2702-14C>T,,rs1787722325,
2104757,NM_005228.5(EGFR):c.2115G>A (p.Arg705=),EGFR,Likely benign,"criteria provided, single submitter",,,c.2115G>A,,rs1786475897,
2104462,NM_005228.5(EGFR):c.2702-10A>G,EGFR,Likely benign,"criteria provided, single submitter",,,NM_005228.5(EGFR):c.2702-10A>G,,rs1462284861,
2103284,NM_005228.5(EGFR):c.1161G>A (p.Leu387=),LOC126860048,Likely benign,"criteria provided, single submitter",,,c.1161G>A,,rs2128938715,
2102767,NM_005228.5(EGFR):c.1298+17C>A,EGFR,Likely benign,"criteria provided, single submitter",,,NM_005228.5(EGFR):c.1298+17C>A,,rs1415751634,
2102041,NM_005228.5(EGFR):c.2838C>A (p.Ile946=),EGFR,Likely benign,"criteria provided, single submitter",,,c.2838C>A,,rs1255803487,
2101135,NM_005228.5(EGFR):c.2185-11C>G,EGFR,Likely benign,"criteria provided, single submitter",,,NM_005228.5(EGFR):c.2185-11C>G,,rs1307715565,
2100812,NM_005228.5(EGFR):c.88+17C>T,EGFR,Likely benign,"criteria provided, single submitter",,,NM_005228.5(EGFR):c.88+17C>T,,rs772080717,
2100378,NM_005228.5(EGFR):c.560-19T>C,EGFR,Likely benign,"criteria provided, single submitter",,,NM_005228.5(EGFR):c.560-19T>C,,rs1785137392,
2099631,NM_005228.5(EGFR):c.1134-8T>C,LOC126860048,Likely benign,"criteria provided, single submitter",,,NM_005228.5(EGFR):c.1134-8T>C,,rs2128938647,
2098173,NM_005228.5(EGFR):c.2626-4del,EGFR,Likely benign,"criteria provided, single submitter",,,NM_005228.5(EGFR):c.2626-4del,,rs2534823882,
2097441,NM_005228.5(EGFR):c.2211A>G (p.Lys737=),EGFR,Likely benign,"criteria provided, single submitter",,,c.2211A>G,,rs2128954623,
2097133,NM_005228.5(EGFR):c.21C>A (p.Ala7=),EGFR,Likely benign,"criteria provided, single submitter",,,c.21C>A,,rs369581368,
2096833,NM_005228.5(EGFR):c.3018C>T (p.Asp1006=),EGFR,Likely benign,"criteria provided, single submitter",,,c.3018C>T,,rs1562805650,
4797311,NM_005228.5(EGFR):c.3162+19T>A,EGFR,Likely benign,"criteria provided, single submitter",,,NM_005228.5(EGFR):c.3162+19T>A,,,
1459064,NM_005228.5(EGFR):c.924C>T (p.Val308=),EGFR,Likely benign,"criteria provided, multiple submitters, no conflicts",,,c.924C>T,,rs1204280975,
4796920,NM_005228.5(EGFR):c.15G>A (p.Gly5=),EGFR,Likely benign,"criteria provided, single submitter",,,c.15G>A,,,
1447939,NM_005228.5(EGFR):c.2284-10C>T,EGFR-AS1,Likely benign,"criteria provided, multiple submitters, no conflicts",,,NM_005228.5(EGFR):c.2284-10C>T,,rs1021347147,
2121020,NM_005228.5(EGFR):c.3123C>T (p.Thr1041=),EGFR,Likely benign,"criteria provided, single submitter",,,c.3123C>T,,rs1351771123,
2121012,NM_005228.5(EGFR):c.2947-19C>A,EGFR,Likely benign,"criteria provided, single submitter",,,NM_005228.5(EGFR):c.2947-19C>A,,rs753178343,
2120888,NM_005228.5(EGFR):c.89-17C>A,EGFR,Likely benign,"criteria provided, single submitter",,,NM_005228.5(EGFR):c.89-17C>A,,rs755631314,
2120143,NM_005228.5(EGFR):c.1919+12C>T,EGFR,Likely benign,"criteria provided, single submitter",,,NM_005228.5(EGFR):c.1919+12C>T,,rs2128951443,
2120133,NM_005228.5(EGFR):c.3039C>G (p.Ala1013=),EGFR,Likely benign,"criteria provided, single submitter",,,c.3039C>G,,rs1034097121,
2119213,NM_005228.5(EGFR):c.3114+14G>A,EGFR,Likely benign,"criteria provided, single submitter",,,NM_005228.5(EGFR):c.3114+14G>A,,rs1455720137,
2117794,NM_005228.5(EGFR):c.1133+19T>C,EGFR,Likely benign,"criteria provided, single submitter",,,NM_005228.5(EGFR):c.1133+19T>C,,rs979381676,
2116900,NM_005228.5(EGFR):c.1298+15G>C,EGFR,Likely benign,"criteria provided, single submitter",,,NM_005228.5(EGFR):c.1298+15G>C,,rs2128939837,
2110672,NM_005228.5(EGFR):c.1208-18C>A,EGFR,Likely benign,"criteria provided, single submitter",,,NM_005228.5(EGFR):c.1208-18C>A,,rs779247439,
1465470,NM_005228.5(EGFR):c.915C>T (p.Gly305=),EGFR,Likely benign,"criteria provided, multiple submitters, no conflicts",,,c.915C>T,,rs566001525,
4781545,NM_005228.5(EGFR):c.2520C>T (p.Ala840=),EGFR,Likely benign,"criteria provided, single submitter",,,c.2520C>T,,,
2109021,NM_005228.5(EGFR):c.403C>T (p.Leu135=),EGFR,Likely benign,"criteria provided, single submitter",,,c.403C>T,,rs2128927539,
2171925,NM_005228.5(EGFR):c.628+9G>A,EGFR,Likely benign,"criteria provided, single submitter",,,NM_005228.5(EGFR):c.628+9G>A,,rs1785141148,
4781084,NM_005228.5(EGFR):c.2877A>G (p.Pro959=),EGFR,Likely benign,"criteria provided, single submitter",,,c.2877A>G,,,
1446518,NM_005228.5(EGFR):c.2702-5C>G,EGFR,Likely benign,"criteria provided, single submitter",,,NM_005228.5(EGFR):c.2702-5C>G,,rs754109027,
4778653,NM_005228.5(EGFR):c.3114+10C>T,EGFR,Likely benign,"criteria provided, single submitter",,,NM_005228.5(EGFR):c.3114+10C>T,,,
2135780,NM_005228.5(EGFR):c.2250A>C (p.Ala750=),EGFR,Likely benign,"criteria provided, single submitter",,,c.2250A>C,,rs2128954839,
2135319,NM_005228.5(EGFR):c.890-15T>C,EGFR,Likely benign,"criteria provided, single submitter",,,NM_005228.5(EGFR):c.890-15T>C,,rs753038774,
2135262,NM_005228.5(EGFR):c.1880+20G>T,EGFR,Likely benign,"criteria provided, single submitter",,,NM_005228.5(EGFR):c.1880+20G>T,,rs1449958291,
2135062,NM_005228.5(EGFR):c.300T>G (p.Pro100=),EGFR,Likely benign,"criteria provided, single submitter",,,c.300T>G,,rs2128927297,
2134832,NM_005228.5(EGFR):c.2772C>T (p.Ser924=),EGFR,Likely benign,"criteria provided, multiple submitters, no conflicts",,,c.2772C>T,,rs2128968766,
4803585,NM_005228.5(EGFR):c.2820C>T (p.Thr940=),EGFR,Likely benign,"criteria provided, single submitter",,,c.2820C>T,,,
2128301,NM_005228.5(EGFR):c.183C>A (p.Val61=),EGFR,Likely benign,"criteria provided, single submitter",,,c.183C>A,,rs2128926336,
2128298,NM_005228.5(EGFR):c.2946+16T>C,EGFR,Likely benign,"criteria provided, single submitter",,,NM_005228.5(EGFR):c.2946+16T>C,,rs2128970057,
2124497,NM_005228.5(EGFR):c.1499-16C>T,EGFR,Likely benign,"criteria provided, single submitter",,,NM_005228.5(EGFR):c.1499-16C>T,,rs2535554501,
2123714,NM_005228.5(EGFR):c.890-11C>T,EGFR,Likely benign,"criteria provided, single submitter",,,NM_005228.5(EGFR):c.890-11C>T,,rs760826609,
2123108,NM_005228.5(EGFR):c.1498+17T>C,EGFR,Likely benign,"criteria provided, single submitter",,,NM_005228.5(EGFR):c.1498+17T>C,,rs756670210,
2122490,NM_005228.5(EGFR):c.2283+12C>T,EGFR,Likely benign,"criteria provided, single submitter",,,NM_005228.5(EGFR):c.2283+12C>T,,rs756284463,
4803303,NM_005228.5(EGFR):c.1881-20T>G,EGFR,Likely benign,"criteria provided, single submitter",,,NM_005228.5(EGFR):c.1881-20T>G,,,
2189724,NM_005228.5(EGFR):c.39G>C (p.Ala13=),EGFR,Likely benign,"criteria provided, multiple submitters, no conflicts",,,c.39G>C,,rs1010599071,
2188779,NM_005228.5(EGFR):c.1299-6A>T,EGFR,Likely benign,"criteria provided, single submitter",,,NM_005228.5(EGFR):c.1299-6A>T,,rs377160250,
4802950,NM_005228.5(EGFR):c.1560C>T (p.Pro520=),EGFR,Likely benign,"criteria provided, single submitter",,,c.1560C>T,,,
2186162,NM_005228.5(EGFR):c.2976T>G (p.Pro992=),EGFR,Likely benign,"criteria provided, single submitter",,,c.2976T>G,,rs1787831817,
2184091,NM_005228.5(EGFR):c.405G>A (p.Leu135=),EGFR,Likely benign,"criteria provided, multiple submitters, no conflicts",,,c.405G>A,,rs1184003507,
4799550,NM_005228.5(EGFR):c.2823C>A (p.Ile941=),EGFR,Likely benign,"criteria provided, single submitter",,,c.2823C>A,,,
4799446,NM_005228.5(EGFR):c.2062-14C>G,EGFR,Likely benign,"criteria provided, single submitter",,,NM_005228.5(EGFR):c.2062-14C>G,,,
2183819,NM_005228.5(EGFR):c.121T>C (p.Leu41=),EGFR,Likely benign,"criteria provided, multiple submitters, no conflicts",,,c.121T>C,,rs762281800,
4798703,NM_005228.5(EGFR):c.89-12T>C,EGFR,Likely benign,"criteria provided, single submitter",,,NM_005228.5(EGFR):c.89-12T>C,,,
4797598,NM_005228.5(EGFR):c.1632-10C>G,EGFR,Likely benign,"criteria provided, single submitter",,,NM_005228.5(EGFR):c.1632-10C>G,,,
4807308,NM_005228.5(EGFR):c.748-13C>T,EGFR,Likely benign,"criteria provided, single submitter",,,NM_005228.5(EGFR):c.748-13C>T,,,
4806528,NM_005228.5(EGFR):c.1881-18C>T,EGFR,Likely benign,"criteria provided, single submitter",,,NM_005228.5(EGFR):c.1881-18C>T,,,
2177236,NM_005228.5(EGFR):c.1125A>C (p.Ala375=),EGFR,Likely benign,"criteria provided, multiple submitters, no conflicts",,,c.1125A>C,,rs780851909,
2174454,NM_005228.5(EGFR):c.3309C>A (p.Gly1103=),EGFR,Likely benign,"criteria provided, single submitter",,,c.3309C>A,,rs750567851,
2172058,NM_005228.5(EGFR):c.1932G>T (p.Pro644=),EGFR,Likely benign,"criteria provided, multiple submitters, no conflicts",,,c.1932G>T,,rs367909827,
4806153,NM_005228.5(EGFR):c.846G>A (p.Glu282=),EGFR,Likely benign,"criteria provided, single submitter",,,c.846G>A,,,
4805643,NM_005228.5(EGFR):c.1006+16del,EGFR,Likely benign,"criteria provided, single submitter",,,NM_005228.5(EGFR):c.1006+16del,,,
4824459,NM_005228.5(EGFR):c.3585A>G (p.Ala1195=),EGFR,Likely benign,"criteria provided, single submitter",,,c.3585A>G,,,
4824457,NM_005228.5(EGFR):c.1182T>C (p.Ile394=),EGFR,Likely benign,"criteria provided, single submitter",,,c.1182T>C,,,
2419782,NM_005228.5(EGFR):c.425-7C>A,EGFR,Likely benign,"criteria provided, single submitter",,,NM_005228.5(EGFR):c.425-7C>A,,rs779256696,
2418624,NM_005228.5(EGFR):c.1191C>T (p.Thr397=),EGFR,Likely benign,"criteria provided, multiple submitters, no conflicts",,,c.1191C>T,,rs2128938765,
2418213,NM_005228.5(EGFR):c.1302T>G (p.Gly434=),EGFR,Likely benign,"criteria provided, single submitter",,,c.1302T>G,,rs2128941282,
2416959,NM_005228.5(EGFR):c.72T>C (p.Ala24=),EGFR,Likely benign,"criteria provided, multiple submitters, no conflicts",,,c.72T>C,,rs1309426409,
2416241,NM_005228.5(EGFR):c.699C>T (p.His233=),EGFR,Likely benign,"criteria provided, multiple submitters, no conflicts",,,c.699C>T,,rs763962907,
2414645,NM_005228.5(EGFR):c.1566C>T (p.Asp522=),EGFR,Likely benign,"criteria provided, multiple submitters, no conflicts",,,c.1566C>T,,rs2128942894,
2414201,NM_005228.5(EGFR):c.468G>C (p.Leu156=),EGFR,Likely benign,"criteria provided, single submitter",,,c.468G>C,,rs149006234,
2193162,NM_005228.5(EGFR):c.1062G>A (p.Thr354=),EGFR,Likely benign,"criteria provided, single submitter",,,c.1062G>A,,rs1241234498,
2192156,NM_005228.5(EGFR):c.889+8C>T,EGFR,Likely benign,"criteria provided, single submitter",,,NM_005228.5(EGFR):c.889+8C>T,,rs752803556,
4809780,NM_005228.5(EGFR):c.2283+19G>C,EGFR,Likely benign,"criteria provided, single submitter",,,NM_005228.5(EGFR):c.2283+19G>C,,,
2191616,NM_005228.5(EGFR):c.560-9A>G,EGFR,Likely benign,"criteria provided, single submitter",,,NM_005228.5(EGFR):c.560-9A>G,,rs768512891,
4808718,NM_005228.5(EGFR):c.2469+16A>G,EGFR,Likely benign,"criteria provided, single submitter",,,NM_005228.5(EGFR):c.2469+16A>G,,,
2706907,NM_005228.5(EGFR):c.559+18A>G,EGFR,Likely benign,"criteria provided, single submitter",,,NM_005228.5(EGFR):c.559+18A>G,,rs2535468857,
2706779,NM_005228.5(EGFR):c.810C>T (p.Tyr270=),EGFR,Likely benign,"criteria provided, multiple submitters, no conflicts",,,c.810C>T,,rs1785288688,
2702247,NM_005228.5(EGFR):c.1207+18A>G,LOC126860048,Likely benign,"criteria provided, single submitter",,,NM_005228.5(EGFR):c.1207+18A>G,,rs2128938847,
2698266,NM_005228.5(EGFR):c.1919+21_1919+22del,EGFR,Likely benign,"criteria provided, single submitter",,,NM_005228.5(EGFR):c.1919+21_1919+22del,,rs2535620292,
2697848,NM_005228.5(EGFR):c.1044A>G (p.Ser348=),EGFR,Likely benign,"criteria provided, multiple submitters, no conflicts",,,c.1044A>G,,rs2128938245,
2696041,NM_005228.5(EGFR):c.1962C>A (p.Leu654=),EGFR,Likely benign,"criteria provided, single submitter",,,c.1962C>A,,rs2128952477,
2694644,NM_005228.5(EGFR):c.1920-20G>C,EGFR,Likely benign,"criteria provided, single submitter",,,NM_005228.5(EGFR):c.1920-20G>C,,rs1453213138,
2693939,NM_005228.5(EGFR):c.66T>C (p.Ser22=),EGFR,Likely benign,"criteria provided, single submitter",,,c.66T>C,,rs2128853494,
2657513,NM_005228.5(EGFR):c.3271+26C>T,EGFR,Likely benign,"criteria provided, single submitter",,,NM_005228.5(EGFR):c.3271+26C>T,,rs761494116,
2657512,NM_005228.5(EGFR):c.3057A>C (p.Pro1019=),EGFR,Likely benign,"criteria provided, single submitter",,,c.3057A>C,,rs2128971685,
2657511,NM_005228.5(EGFR):c.2976T>C (p.Pro992=),EGFR,Likely benign,"criteria provided, multiple submitters, no conflicts",,,c.2976T>C,,rs1787831817,
2657510,NM_005228.5(EGFR):c.2946+371G>A,EGFR,Likely benign,"criteria provided, single submitter",,,NM_005228.5(EGFR):c.2946+371G>A,,rs17290685,
2657509,NM_005228.5(EGFR):c.2496C>T (p.Arg832=),EGFR,Likely benign,"criteria provided, multiple submitters, no conflicts",,,c.2496C>T,,rs2128964412,
2657508,NM_005228.5(EGFR):c.1881-658G>A,EGFR,Likely benign,"criteria provided, single submitter",,,NM_005228.5(EGFR):c.1881-658G>A,,rs1584217100,
2657507,NM_005228.5(EGFR):c.1881-670T>G,EGFR,Likely benign,"criteria provided, single submitter",,,NM_005228.5(EGFR):c.1881-670T>G,,rs2535614078,
4808645,NM_005228.5(EGFR):c.2784G>A (p.Glu928=),EGFR,Likely benign,"criteria provided, single submitter",,,c.2784G>A,,,
1419561,NM_005228.5(EGFR):c.2470-20C>T,EGFR,Likely benign,"criteria provided, single submitter",,,NM_005228.5(EGFR):c.2470-20C>T,,rs2128964299,
1418009,NM_005228.5(EGFR):c.966C>T (p.Gly322=),EGFR,Likely benign,"criteria provided, multiple submitters, no conflicts",,,c.966C>T,,rs1785388649,
2724996,NM_005228.5(EGFR):c.2727C>T (p.Thr909=),EGFR,Likely benign,"criteria provided, single submitter",,,c.2727C>T,,rs747305344,
2720471,NM_005228.5(EGFR):c.3132T>C (p.Asn1044=),EGFR,Likely benign,"criteria provided, single submitter",,,c.3132T>C,,rs2128972508,
2717184,NM_005228.5(EGFR):c.3272-11T>C,EGFR,Likely benign,"criteria provided, single submitter",,,NM_005228.5(EGFR):c.3272-11T>C,,rs2534894145,
2716717,NM_005228.5(EGFR):c.45G>T (p.Leu15=),EGFR,Likely benign,"criteria provided, single submitter",,,c.45G>T,,rs1381057260,
2716354,NM_005228.5(EGFR):c.1498+10del,EGFR,Likely benign,"criteria provided, single submitter",,,NM_005228.5(EGFR):c.1498+10del,,rs1562770917,
2715074,NM_005228.5(EGFR):c.2061+11G>C,EGFR,Likely benign,"criteria provided, single submitter",,,NM_005228.5(EGFR):c.2061+11G>C,,rs2128952749,
2713873,NM_005228.5(EGFR):c.3162+12_3162+20del,EGFR,Likely benign,"criteria provided, single submitter",,,NM_005228.5(EGFR):c.3162+12_3162+20del,,rs2534872875,
2711172,NM_005228.5(EGFR):c.2946+10G>T,EGFR,Likely benign,"criteria provided, single submitter",,,NM_005228.5(EGFR):c.2946+10G>T,,rs2128970036,
2710227,NM_005228.5(EGFR):c.1125A>T (p.Ala375=),LOC126860048,Likely benign,"criteria provided, single submitter",,,c.1125A>T,,rs780851909,
2709865,NM_005228.5(EGFR):c.1631+20del,EGFR,Likely benign,"criteria provided, single submitter",,,NM_005228.5(EGFR):c.1631+20del,,rs2535556679,
4808502,NM_005228.5(EGFR):c.1635G>A (p.Glu545=),EGFR,Likely benign,"criteria provided, multiple submitters, no conflicts",,,c.1635G>A,,,
45297,NM_005228.5(EGFR):c.2862C>T (p.Asp954=),EGFR,Likely benign,"criteria provided, multiple submitters, no conflicts",,,c.2862C>T,,rs397517138,
45292,NM_005228.5(EGFR):c.2625+6G>T,EGFR,Likely benign,no assertion criteria provided,,,NM_005228.5(EGFR):c.2625+6G>T,,rs397517135,
2708100,NM_005228.5(EGFR):c.2701+12T>C,EGFR,Likely benign,"criteria provided, single submitter",,,NM_005228.5(EGFR):c.2701+12T>C,,rs1277174219,
2755282,NM_005228.5(EGFR):c.2469+10G>A,EGFR-AS1,Likely benign,"criteria provided, single submitter",,,NM_005228.5(EGFR):c.2469+10G>A,,rs2128958930,
4824475,NM_005228.5(EGFR):c.1146A>C (p.Thr382=),EGFR,Likely benign,"criteria provided, single submitter",,,c.1146A>C,,,
1412541,NM_005228.5(EGFR):c.559+19C>G,EGFR,Likely benign,"criteria provided, single submitter",,,NM_005228.5(EGFR):c.559+19C>G,,rs2128929711,
2751804,NM_005228.5(EGFR):c.1920-16C>G,EGFR,Likely benign,"criteria provided, single submitter",,,NM_005228.5(EGFR):c.1920-16C>G,,rs777356575,
2751203,NM_005228.5(EGFR):c.3030G>C (p.Val1010=),EGFR,Likely benign,"criteria provided, single submitter",,,c.3030G>C,,rs2128971636,
2750648,NM_005228.5(EGFR):c.2529A>G (p.Val843=),EGFR,Likely benign,"criteria provided, single submitter",,,c.2529A>G,,rs2128964509,
4824474,NM_005228.5(EGFR):c.537C>A (p.Asp179Glu),EGFR,Likely benign,"criteria provided, single submitter",,,c.537C>A,,,
2745327,NM_005228.5(EGFR):c.88+20G>T,EGFR,Likely benign,"criteria provided, single submitter",,,NM_005228.5(EGFR):c.88+20G>T,,rs1241599338,
2744505,NM_005228.5(EGFR):c.1240A>C (p.Arg414=),EGFR,Likely benign,"criteria provided, single submitter",,,c.1240A>C,,rs2128939660,
2744404,NM_005228.5(EGFR):c.309C>T (p.Asn103=),EGFR,Likely benign,"criteria provided, single submitter",,,c.309C>T,,rs2128927311,
2734564,NM_005228.5(EGFR):c.2702-17T>C,EGFR,Likely benign,"criteria provided, single submitter",,,NM_005228.5(EGFR):c.2702-17T>C,,rs2534847191,
2732371,NM_005228.5(EGFR):c.1539G>A (p.Glu513=),EGFR,Likely benign,"criteria provided, multiple submitters, no conflicts",,,c.1539G>A,,rs2128942796,
2730737,NM_005228.5(EGFR):c.2625+12G>A,EGFR,Likely benign,"criteria provided, single submitter",,,NM_005228.5(EGFR):c.2625+12G>A,,rs2128964762,
2730200,NM_005228.5(EGFR):c.2793A>G (p.Glu931=),EGFR,Likely benign,"criteria provided, single submitter",,,c.2793A>G,,rs1787728197,
4824472,NM_005228.5(EGFR):c.1506A>T (p.Thr502=),EGFR,Likely benign,"criteria provided, single submitter",,,c.1506A>T,,,
4824470,NM_005228.5(EGFR):c.1923T>A (p.Pro641=),EGFR,Likely benign,"criteria provided, single submitter",,,c.1923T>A,,,
1399728,NM_005228.5(EGFR):c.561C>T (p.Cys187=),EGFR,Likely benign,"criteria provided, multiple submitters, no conflicts",,,c.561C>T,,rs776568205,
2764007,NM_005228.5(EGFR):c.2701+19G>A,EGFR,Likely benign,"criteria provided, single submitter",,,NM_005228.5(EGFR):c.2701+19G>A,,rs2534824990,
2763374,NM_005228.5(EGFR):c.3336T>C (p.Asn1112=),EGFR,Likely benign,"criteria provided, single submitter",,,c.3336T>C,,rs2128975182,
2762904,NM_005228.5(EGFR):c.1498+16C>T,EGFR,Likely benign,"criteria provided, single submitter",,,NM_005228.5(EGFR):c.1498+16C>T,,rs2128941810,
2762225,NM_005228.5(EGFR):c.3357C>T (p.Pro1119=),EGFR,Likely benign,"criteria provided, single submitter",,,c.3357C>T,,rs2128975215,
2761666,NM_005228.5(EGFR):c.425-18A>G,EGFR,Likely benign,"criteria provided, single submitter",,,NM_005228.5(EGFR):c.425-18A>G,,rs375313977,
2759685,NM_005228.5(EGFR):c.1683G>A (p.Glu561=),EGFR,Likely benign,"criteria provided, single submitter",,,c.1683G>A,,rs2128944722,
4824469,NM_005228.5(EGFR):c.193T>C (p.Leu65=),EGFR,Likely benign,"criteria provided, single submitter",,,c.193T>C,,,
2759301,NM_005228.5(EGFR):c.609A>C (p.Gly203=),EGFR,Likely benign,"criteria provided, single submitter",,,c.609A>C,,rs2535490799,
2758812,NM_005228.5(EGFR):c.3272-14_3272-13del,EGFR,Likely benign,"criteria provided, single submitter",,,NM_005228.5(EGFR):c.3272-14_3272-13del,,rs2534894112,
2757975,NM_005228.5(EGFR):c.748-5C>T,EGFR,Likely benign,"criteria provided, single submitter",,,NM_005228.5(EGFR):c.748-5C>T,,rs2128934826,
2757405,NM_005228.5(EGFR):c.1929C>A (p.Ile643=),EGFR,Likely benign,"criteria provided, single submitter",,,c.1929C>A,,rs2128952397,
2757308,NM_005228.5(EGFR):c.240+13G>T,EGFR,Likely benign,"criteria provided, single submitter",,,NM_005228.5(EGFR):c.240+13G>T,,rs2128926495,
2756905,NM_005228.5(EGFR):c.1716A>C (p.Thr572=),EGFR,Likely benign,"criteria provided, single submitter",,,c.1716A>C,,rs1266608146,
2756650,NM_005228.5(EGFR):c.2849-14C>T,EGFR,Likely benign,"criteria provided, single submitter",,,NM_005228.5(EGFR):c.2849-14C>T,,rs2128969749,
2756273,NM_005228.5(EGFR):c.628+10T>G,EGFR,Likely benign,"criteria provided, single submitter",,,NM_005228.5(EGFR):c.628+10T>G,,rs2128932664,
2782075,NM_005228.5(EGFR):c.2062-9C>G,EGFR,Likely benign,"criteria provided, single submitter",,,NM_005228.5(EGFR):c.2062-9C>G,,rs1179381056,
4824465,NM_005228.5(EGFR):c.1839_1841delinsTGA (p.Gly614Asp),EGFR,Likely benign,"criteria provided, single submitter",,,c.1839_1841delinsTGA,,,
2781041,NM_005228.5(EGFR):c.3114+13T>C,EGFR,Likely benign,"criteria provided, single submitter",,,NM_005228.5(EGFR):c.3114+13T>C,,rs2128971843,
2779977,NM_005228.5(EGFR):c.1443T>C (p.Phe481=),EGFR,Likely benign,"criteria provided, multiple submitters, no conflicts",,,c.1443T>C,,rs587778247,
2778289,NM_005228.5(EGFR):c.1723-9T>C,EGFR,Likely benign,"criteria provided, single submitter",,,NM_005228.5(EGFR):c.1723-9T>C,,rs774991454,
2777936,NM_005228.5(EGFR):c.889+12T>A,EGFR,Likely benign,"criteria provided, single submitter",,,NM_005228.5(EGFR):c.889+12T>A,,rs756307457,
4824462,NM_005228.5(EGFR):c.531G>T (p.Ser177=),EGFR,Likely benign,"criteria provided, single submitter",,,c.531G>T,,,
2777403,NM_005228.5(EGFR):c.3163-16T>C,EGFR,Likely benign,"criteria provided, single submitter",,,NM_005228.5(EGFR):c.3163-16T>C,,rs1431585569,
2772203,NM_005228.5(EGFR):c.750C>T (p.Val250=),EGFR,Likely benign,"criteria provided, single submitter",,,c.750C>T,,rs2128934838,
2771878,NM_005228.5(EGFR):c.2469+13G>C,EGFR-AS1,Likely benign,"criteria provided, single submitter",,,NM_005228.5(EGFR):c.2469+13G>C,,rs764099332,
2771498,NM_005228.5(EGFR):c.3243C>T (p.Ser1081=),EGFR,Likely benign,"criteria provided, multiple submitters, no conflicts",,,c.3243C>T,,rs1312402292,
2768603,NM_005228.5(EGFR):c.1449C>A (p.Thr483=),EGFR,Likely benign,"criteria provided, single submitter",,,c.1449C>A,,rs1433584251,
2767547,NM_005228.5(EGFR):c.180G>C (p.Val60=),EGFR,Likely benign,"criteria provided, multiple submitters, no conflicts",,,c.180G>C,,rs1171516758,
2766815,NM_005228.5(EGFR):c.2702-15G>A,EGFR,Likely benign,"criteria provided, single submitter",,,NM_005228.5(EGFR):c.2702-15G>A,,rs2128968585,
4824461,NM_005228.5(EGFR):c.942C>T (p.Asp314=),EGFR,Likely benign,"criteria provided, single submitter",,,c.942C>T,,,
1402945,NM_005228.5(EGFR):c.1977G>A (p.Val659=),EGFR,Likely benign,"criteria provided, multiple submitters, no conflicts",,,c.1977G>A,,rs2128952500,
2797236,NM_005228.5(EGFR):c.84G>A (p.Lys28=),EGFR,Likely benign,"criteria provided, single submitter",,,c.84G>A,,rs770673046,
2796926,NM_005228.5(EGFR):c.3115-8T>C,EGFR,Likely benign,"criteria provided, single submitter",,,NM_005228.5(EGFR):c.3115-8T>C,,rs2128972457,
2796292,NM_005228.5(EGFR):c.2166G>T (p.Ala722=),EGFR,Likely benign,"criteria provided, multiple submitters, no conflicts",,,c.2166G>T,,rs367694667,
2795003,NM_005228.5(EGFR):c.1398C>T (p.Asn466=),EGFR,Likely benign,"criteria provided, single submitter",,,c.1398C>T,,rs1785628110,
1391600,NM_005228.5(EGFR):c.3309C>T (p.Gly1103=),EGFR,Likely benign,"criteria provided, multiple submitters, no conflicts",,,c.3309C>T,,rs750567851,
2794593,NM_005228.5(EGFR):c.2061+14C>T,EGFR,Likely benign,"criteria provided, single submitter",,,NM_005228.5(EGFR):c.2061+14C>T,,rs890597672,
2793715,NM_005228.5(EGFR):c.2626-9C>T,EGFR,Likely benign,"criteria provided, single submitter",,,NM_005228.5(EGFR):c.2626-9C>T,,rs370210300,
2792017,NM_005228.5(EGFR):c.89-15G>A,EGFR,Likely benign,"criteria provided, single submitter",,,NM_005228.5(EGFR):c.89-15G>A,,rs777736869,
2791887,NM_005228.5(EGFR):c.816C>A (p.Pro272=),EGFR,Likely benign,"criteria provided, multiple submitters, no conflicts",,,c.816C>A,,rs1490592445,
2791101,NM_005228.5(EGFR):c.424+13G>C,EGFR,Likely benign,"criteria provided, single submitter",,,NM_005228.5(EGFR):c.424+13G>C,,rs2128927630,
2789424,NM_005228.5(EGFR):c.2937T>G (p.Leu979=),EGFR,Likely benign,"criteria provided, multiple submitters, no conflicts",,,c.2937T>G,,rs1787795611,
2786574,NM_005228.5(EGFR):c.2701+18T>C,EGFR,Likely benign,"criteria provided, single submitter",,,NM_005228.5(EGFR):c.2701+18T>C,,rs910472843,
2785819,NM_005228.5(EGFR):c.1716A>G (p.Thr572=),EGFR,Likely benign,"criteria provided, multiple submitters, no conflicts",,,c.1716A>G,,rs1266608146,
2782947,NM_005228.5(EGFR):c.559+20T>C,EGFR,Likely benign,"criteria provided, single submitter",,,NM_005228.5(EGFR):c.559+20T>C,,rs771969559,
2782521,NM_005228.5(EGFR):c.2184+14C>T,EGFR,Likely benign,"criteria provided, single submitter",,,NM_005228.5(EGFR):c.2184+14C>T,,rs2128953815,
1397939,NM_005228.5(EGFR):c.2947-8T>C,EGFR,Likely benign,"criteria provided, single submitter",,,NM_005228.5(EGFR):c.2947-8T>C,,rs1787830332,
2812765,NM_005228.5(EGFR):c.948T>C (p.Tyr316=),EGFR,Likely benign,"criteria provided, single submitter",,,c.948T>C,,rs2128937471,
2811843,NM_005228.5(EGFR):c.2286A>G (p.Glu762=),EGFR-AS1,Likely benign,"criteria provided, single submitter",,,c.2286A>G,,rs2128958223,
2811250,NM_005228.5(EGFR):c.2947-17C>G,EGFR,Likely benign,"criteria provided, single submitter",,,NM_005228.5(EGFR):c.2947-17C>G,,rs201715758,
2811158,NM_005228.5(EGFR):c.3114+16C>A,EGFR,Likely benign,"criteria provided, single submitter",,,NM_005228.5(EGFR):c.3114+16C>A,,rs1315947578,
2811097,NM_005228.5(EGFR):c.2799C>T (p.Leu933=),EGFR,Likely benign,"criteria provided, single submitter",,,c.2799C>T,,rs1449591883,
2808477,NM_005228.5(EGFR):c.2079A>G (p.Thr693=),EGFR,Likely benign,"criteria provided, single submitter",,,c.2079A>G,,rs1354541861,
2808076,NM_005228.5(EGFR):c.660C>G (p.Ser220=),EGFR,Likely benign,"criteria provided, multiple submitters, no conflicts",,,c.660C>G,,rs45621033,
2804733,NM_005228.5(EGFR):c.67C>A (p.Arg23=),EGFR,Likely benign,"criteria provided, multiple submitters, no conflicts",,,c.67C>A,,rs987102148,
2803879,NM_005228.5(EGFR):c.240+7G>A,EGFR,Likely benign,"criteria provided, single submitter",,,NM_005228.5(EGFR):c.240+7G>A,,rs1435596683,
2803327,NM_005228.5(EGFR):c.2848+12G>A,EGFR,Likely benign,"criteria provided, single submitter",,,NM_005228.5(EGFR):c.2848+12G>A,,rs1787732139,
2802199,NM_005228.5(EGFR):c.441C>A (p.Ala147=),EGFR,Likely benign,"criteria provided, single submitter",,,c.441C>A,,rs138946543,
2800278,NM_005228.5(EGFR):c.2625+14T>C,EGFR,Likely benign,"criteria provided, single submitter",,,NM_005228.5(EGFR):c.2625+14T>C,,rs2128964767,
2799484,NM_005228.5(EGFR):c.1133+12G>T,LOC126860048,Likely benign,"criteria provided, single submitter",,,NM_005228.5(EGFR):c.1133+12G>T,,rs2128938495,
2799327,NM_005228.5(EGFR):c.612G>A (p.Glu204=),EGFR,Likely benign,"criteria provided, single submitter",,,c.612G>A,,rs2128932610,
45290,NM_005228.5(EGFR):c.2598G>A (p.Glu866=),EGFR,Likely benign,no assertion criteria provided,,,c.2598G>A,,rs397517133,
2798350,NM_005228.5(EGFR):c.9C>T (p.Pro3=),EGFR,Likely benign,"criteria provided, multiple submitters, no conflicts",,,c.9C>T,,rs2128853293,
4826835,NM_005228.5(EGFR):c.60G>A (p.Pro20=),EGFR,Likely benign,"criteria provided, single submitter",,,c.60G>A,,,
1369777,NM_005228.5(EGFR):c.1920-10C>A,EGFR,Likely benign,"criteria provided, single submitter",,,NM_005228.5(EGFR):c.1920-10C>A,,rs2128952362,
2819519,NM_005228.5(EGFR):c.1722+20A>G,EGFR,Likely benign,"criteria provided, single submitter",,,NM_005228.5(EGFR):c.1722+20A>G,,rs2128944873,
2818406,NM_005228.5(EGFR):c.2185-16TC[3],EGFR,Likely benign,"criteria provided, single submitter",,,NM_005228.5(EGFR):c.2185-16TC[3],,rs1786512776,
2818050,NM_005228.5(EGFR):c.2848+18C>T,EGFR,Likely benign,"criteria provided, single submitter",,,NM_005228.5(EGFR):c.2848+18C>T,,rs2128968969,
2817131,NM_005228.5(EGFR):c.1007-10A>G,LOC126860048,Likely benign,"criteria provided, single submitter",,,NM_005228.5(EGFR):c.1007-10A>G,,rs2128938117,
2816668,NM_005228.5(EGFR):c.1208-12T>C,EGFR,Likely benign,"criteria provided, single submitter",,,NM_005228.5(EGFR):c.1208-12T>C,,rs553580804,
2816236,NM_005228.5(EGFR):c.2626-18A>G,EGFR,Likely benign,"criteria provided, single submitter",,,NM_005228.5(EGFR):c.2626-18A>G,,rs2128965442,
2816206,NM_005228.5(EGFR):c.3115-4T>C,EGFR,Likely benign,"criteria provided, single submitter",,,NM_005228.5(EGFR):c.3115-4T>C,,rs2128972460,
2815879,NM_005228.5(EGFR):c.1498+9C>A,EGFR,Likely benign,"criteria provided, single submitter",,,NM_005228.5(EGFR):c.1498+9C>A,,rs2535549290,
2815705,NM_005228.5(EGFR):c.177G>A (p.Glu59=),EGFR,Likely benign,"criteria provided, multiple submitters, no conflicts",,,c.177G>A,,rs2128926319,
2814507,NM_005228.5(EGFR):c.559+11C>T,EGFR,Likely benign,"criteria provided, single submitter",,,NM_005228.5(EGFR):c.559+11C>T,,rs2128929692,
2813945,NM_005228.5(EGFR):c.198A>G (p.Glu66=),EGFR,Likely benign,"criteria provided, single submitter",,,c.198A>G,,rs2535440438,
1379037,NM_005228.5(EGFR):c.1602A>G (p.Glu534=),EGFR,Likely benign,"criteria provided, multiple submitters, no conflicts",,,c.1602A>G,,rs529355260,
2813616,NM_005228.5(EGFR):c.2025G>T (p.Arg675=),EGFR,Likely benign,"criteria provided, multiple submitters, no conflicts",,,c.2025G>T,,rs372471129,
2813036,NM_005228.5(EGFR):c.747+8G>T,EGFR,Likely benign,"criteria provided, single submitter",,,NM_005228.5(EGFR):c.747+8G>T,,rs370236572,
4824488,NM_005228.5(EGFR):c.2013C>T (p.Arg671=),EGFR,Likely benign,"criteria provided, single submitter",,,c.2013C>T,,,
2832566,NM_005228.5(EGFR):c.1200A>G (p.Glu400=),EGFR,Likely benign,"criteria provided, multiple submitters, no conflicts",,,c.1200A>G,,rs1785445119,
2831439,NM_005228.5(EGFR):c.425-20G>C,EGFR,Likely benign,"criteria provided, single submitter",,,NM_005228.5(EGFR):c.425-20G>C,,rs756411809,
2830278,NM_005228.5(EGFR):c.2889G>A (p.Glu963=),EGFR,Likely benign,"criteria provided, single submitter",,,c.2889G>A,,rs2128969870,
2829681,NM_005228.5(EGFR):c.2849-6C>T,EGFR,Likely benign,"criteria provided, single submitter",,,NM_005228.5(EGFR):c.2849-6C>T,,rs56276816,
2828580,NM_005228.5(EGFR):c.123G>A (p.Leu41=),EGFR,Likely benign,"criteria provided, single submitter",,,c.123G>A,,rs1794505704,
2828562,NM_005228.5(EGFR):c.3115-9C>T,EGFR,Likely benign,"criteria provided, single submitter",,,NM_005228.5(EGFR):c.3115-9C>T,,rs762195662,
4824486,NM_005228.5(EGFR):c.216G>A (p.Arg72=),EGFR,Likely benign,"criteria provided, single submitter",,,c.216G>A,,,
2826608,NM_005228.5(EGFR):c.2283+10T>C,EGFR,Likely benign,"criteria provided, single submitter",,,NM_005228.5(EGFR):c.2283+10T>C,,rs2128954924,
2826598,NM_005228.5(EGFR):c.3036T>C (p.Asp1012=),EGFR,Likely benign,"criteria provided, single submitter",,,c.3036T>C,,rs995022327,
2824904,NM_005228.5(EGFR):c.2062-18T>A,EGFR,Likely benign,"criteria provided, single submitter",,,NM_005228.5(EGFR):c.2062-18T>A,,rs1490857236,
2823851,NM_005228.5(EGFR):c.2284-9T>G,EGFR,Likely benign,"criteria provided, single submitter",,,NM_005228.5(EGFR):c.2284-9T>G,,rs762797471,
2821555,NM_005228.5(EGFR):c.1723-16C>T,EGFR,Likely benign,"criteria provided, single submitter",,,NM_005228.5(EGFR):c.1723-16C>T,,rs2128946013,
2821554,NM_005228.5(EGFR):c.1298+13C>G,EGFR,Likely benign,"criteria provided, single submitter",,,NM_005228.5(EGFR):c.1298+13C>G,,rs2128939833,
2820693,NM_005228.5(EGFR):c.2185-18C>T,EGFR,Likely benign,"criteria provided, single submitter",,,NM_005228.5(EGFR):c.2185-18C>T,,rs756085076,
4824485,NM_005228.5(EGFR):c.393A>T (p.Gly131=),EGFR,Likely benign,"criteria provided, single submitter",,,c.393A>T,,,
2846119,NM_005228.5(EGFR):c.1209G>T (p.Gly403=),EGFR,Likely benign,"criteria provided, multiple submitters, no conflicts",,,c.1209G>T,,rs1250474061,
2844356,NM_005228.5(EGFR):c.3162+12C>A,EGFR,Likely benign,"criteria provided, single submitter",,,NM_005228.5(EGFR):c.3162+12C>A,,rs1787861198,
2842712,NM_005228.5(EGFR):c.2470-13T>C,EGFR,Likely benign,"criteria provided, single submitter",,,NM_005228.5(EGFR):c.2470-13T>C,,rs2128964315,
2842043,NM_005228.5(EGFR):c.3115-11T>C,EGFR,Likely benign,"criteria provided, single submitter",,,NM_005228.5(EGFR):c.3115-11T>C,,rs2128972454,
4824484,NM_005228.5(EGFR):c.3600C>A (p.Val1200=),EGFR,Likely benign,"criteria provided, single submitter",,,c.3600C>A,,,
2841235,NM_005228.5(EGFR):c.3171C>T (p.Ser1057=),EGFR,Likely benign,"criteria provided, single submitter",,,c.3171C>T,,rs2128973002,
4824482,NM_005228.5(EGFR):c.3426C>A (p.Val1142=),EGFR,Likely benign,"criteria provided, single submitter",,,c.3426C>A,,,
2839943,NM_005228.5(EGFR):c.582T>C (p.Cys194=),EGFR,Likely benign,"criteria provided, single submitter",,,c.582T>C,,rs763086693,
2839771,NM_005228.5(EGFR):c.1920-8C>T,EGFR,Likely benign,"criteria provided, single submitter",,,NM_005228.5(EGFR):c.1920-8C>T,,rs2128952366,
2839335,NM_005228.5(EGFR):c.1880+14G>A,EGFR,Likely benign,"criteria provided, single submitter",,,NM_005228.5(EGFR):c.1880+14G>A,,rs2535574681,
2839091,NM_005228.5(EGFR):c.424+20A>G,EGFR,Likely benign,"criteria provided, single submitter",,,NM_005228.5(EGFR):c.424+20A>G,,rs1388129518,
2836919,NM_005228.5(EGFR):c.456C>T (p.Asn152=),EGFR,Likely benign,"criteria provided, single submitter",,,c.456C>T,,rs2128929455,
2836477,NM_005228.5(EGFR):c.310C>T (p.Leu104=),EGFR,Likely benign,"criteria provided, single submitter",,,c.310C>T,,rs756305742,
2836457,NM_005228.5(EGFR):c.3162+15_3162+17del,EGFR,Likely benign,"criteria provided, single submitter",,,NM_005228.5(EGFR):c.3162+15_3162+17del,,rs1787861403,
2836014,NM_005228.5(EGFR):c.939C>T (p.Ala313=),EGFR,Likely benign,"criteria provided, multiple submitters, no conflicts",,,c.939C>T,,rs1785386249,
2835290,NM_005228.5(EGFR):c.3156A>G (p.Arg1052=),EGFR,Likely benign,"criteria provided, single submitter",,,c.3156A>G,,rs2128972554,
1353318,NM_005228.5(EGFR):c.2184+20C>T,EGFR,Likely benign,"criteria provided, single submitter",,,NM_005228.5(EGFR):c.2184+20C>T,,rs779251693,
4824479,NM_005228.5(EGFR):c.1083C>T (p.Asn361=),EGFR,Likely benign,"criteria provided, single submitter",,,c.1083C>T,,,
4824477,NM_005228.5(EGFR):c.3138C>A (p.Thr1046=),EGFR,Likely benign,"criteria provided, single submitter",,,c.3138C>A,,,
45272,NM_005228.5(EGFR):c.2409G>A (p.Arg803=),EGFR,Likely benign,no assertion criteria provided,,,c.2409G>A,,rs397517123,
2857109,NM_005228.5(EGFR):c.2110T>C (p.Leu704=),EGFR,Likely benign,"criteria provided, single submitter",,,c.2110T>C,,rs2128953606,
45268,NM_005228.5(EGFR):c.2340C>T (p.Ile780=),EGFR-AS1,Likely benign,no assertion criteria provided,,,c.2340C>T,,rs397517121,
2853596,NM_005228.5(EGFR):c.1722+13T>G,EGFR,Likely benign,"criteria provided, single submitter",,,NM_005228.5(EGFR):c.1722+13T>G,,rs2535564742,
2852341,NM_005228.5(EGFR):c.3393T>C (p.Thr1131=),EGFR,Likely benign,"criteria provided, single submitter",,,c.3393T>C,,rs768310160,
2851923,NM_005228.5(EGFR):c.2062-9C>T,EGFR,Likely benign,"criteria provided, single submitter",,,NM_005228.5(EGFR):c.2062-9C>T,,rs1179381056,
2851640,NM_005228.5(EGFR):c.1134-11_1134-9del,EGFR,Likely benign,"criteria provided, single submitter",,,NM_005228.5(EGFR):c.1134-11_1134-9del,,rs2535530517,
2851604,NM_005228.5(EGFR):c.2367C>T (p.Ile789=),EGFR,Likely benign,"criteria provided, single submitter",,,c.2367C>T,,rs1562790728,
2849016,NM_005228.5(EGFR):c.2295G>C (p.Val765=),EGFR,Likely benign,"criteria provided, single submitter",,,c.2295G>C,,rs2128958256,
2848446,NM_005228.5(EGFR):c.3414T>C (p.Tyr1138=),EGFR,Likely benign,"criteria provided, multiple submitters, no conflicts",,,c.3414T>C,,rs755559525,
2847300,NM_005228.5(EGFR):c.2470-9C>T,EGFR,Likely benign,"criteria provided, single submitter",,,NM_005228.5(EGFR):c.2470-9C>T,,rs1046060793,
2846750,NM_005228.5(EGFR):c.424+16G>A,EGFR,Likely benign,"criteria provided, single submitter",,,NM_005228.5(EGFR):c.424+16G>A,,rs2535449861,
2846181,NM_005228.5(EGFR):c.3126C>T (p.Ser1042=),EGFR,Likely benign,"criteria provided, multiple submitters, no conflicts",,,c.3126C>T,,rs2128972495,
2866683,NM_005228.5(EGFR):c.3168A>G (p.Gln1056=),EGFR,Likely benign,"criteria provided, single submitter",,,c.3168A>G,,rs758314765,
2865388,NM_005228.5(EGFR):c.2284-18G>T,EGFR,Likely benign,"criteria provided, single submitter",,,NM_005228.5(EGFR):c.2284-18G>T,,rs765125741,
4842918,NM_005228.5(EGFR):c.3078C>T (p.Ser1026=),EGFR,Likely benign,"criteria provided, single submitter",,,c.3078C>T,,,
1343863,NM_005228.5(EGFR):c.2284-56C>T,EGFR,Likely benign,"criteria provided, single submitter",,,NM_005228.5(EGFR):c.2284-56C>T,,rs41323247,
1343862,NM_005228.5(EGFR):c.1919+136A>G,EGFR,Likely benign,"criteria provided, single submitter",,,NM_005228.5(EGFR):c.1919+136A>G,,rs41491049,
4842912,NM_005228.5(EGFR):c.3075C>T (p.Ser1025=),EGFR,Likely benign,"criteria provided, single submitter",,,c.3075C>T,,,
4842910,NM_005228.5(EGFR):c.34C>T (p.Leu12=),EGFR,Likely benign,"criteria provided, single submitter",,,c.34C>T,,,
2864306,NM_005228.5(EGFR):c.1299-7A>C,EGFR,Likely benign,"criteria provided, single submitter",,,NM_005228.5(EGFR):c.1299-7A>C,,rs75911944,
2862814,NM_005228.5(EGFR):c.597C>T (p.Cys199=),EGFR,Likely benign,"criteria provided, single submitter",,,c.597C>T,,rs2128932564,
2862581,NM_005228.5(EGFR):c.1722+12T>C,EGFR,Likely benign,"criteria provided, single submitter",,,NM_005228.5(EGFR):c.1722+12T>C,,rs2128944861,
2862412,NM_005228.5(EGFR):c.2626-20T>G,EGFR,Likely benign,"criteria provided, single submitter",,,NM_005228.5(EGFR):c.2626-20T>G,,rs759852328,
2861345,NM_005228.5(EGFR):c.3468C>T (p.His1156=),EGFR,Likely benign,"criteria provided, multiple submitters, no conflicts",,,c.3468C>T,,rs1278869302,
2859397,NM_005228.5(EGFR):c.1498+12C>A,EGFR,Likely benign,"criteria provided, single submitter",,,NM_005228.5(EGFR):c.1498+12C>A,,rs201837816,
2858379,NM_005228.5(EGFR):c.890-14del,EGFR,Likely benign,"criteria provided, single submitter",,,NM_005228.5(EGFR):c.890-14del,,rs2535521701,
2858115,NM_005228.5(EGFR):c.1257C>T (p.Ala419=),EGFR,Likely benign,"criteria provided, single submitter",,,c.1257C>T,,rs1785499765,
2857500,NM_005228.5(EGFR):c.1839C>A (p.Ala613=),EGFR,Likely benign,"criteria provided, multiple submitters, no conflicts",,,c.1839C>A,,rs17290169,
1318512,NM_005228.5(EGFR):c.2946+241G>A,EGFR,Likely benign,"criteria provided, single submitter",,,NM_005228.5(EGFR):c.2946+241G>A,,rs41466248,
1317161,NM_005228.5(EGFR):c.425-84C>T,EGFR,Likely benign,"criteria provided, single submitter",,,NM_005228.5(EGFR):c.425-84C>T,,rs115102360,
1316991,NM_005228.5(EGFR):c.747+169C>T,EGFR,Likely benign,"criteria provided, single submitter",,,NM_005228.5(EGFR):c.747+169C>T,,rs78896241,
1316868,NM_005228.5(EGFR):c.3114+90C>T,EGFR,Likely benign,"criteria provided, multiple submitters, no conflicts",,,NM_005228.5(EGFR):c.3114+90C>T,,rs17337479,
1316150,NM_005228.5(EGFR):c.2849-188C>T,EGFR,Likely benign,"criteria provided, single submitter",,,NM_005228.5(EGFR):c.2849-188C>T,,rs41499254,
2876900,NM_005228.5(EGFR):c.2469+15G>C,EGFR-AS1,Likely benign,"criteria provided, single submitter",,,NM_005228.5(EGFR):c.2469+15G>C,,rs1229324334,
2875531,NM_005228.5(EGFR):c.1207+19C>T,EGFR,Likely benign,"criteria provided, single submitter",,,NM_005228.5(EGFR):c.1207+19C>T,,rs769197565,
2874929,NM_005228.5(EGFR):c.240+10T>G,EGFR,Likely benign,"criteria provided, single submitter",,,NM_005228.5(EGFR):c.240+10T>G,,rs2128926485,
2873719,NM_005228.5(EGFR):c.2994C>T (p.Tyr998=),EGFR,Likely benign,"criteria provided, single submitter",,,c.2994C>T,,rs1787832978,
2871388,NM_005228.5(EGFR):c.1911A>C (p.Pro637=),EGFR,Likely benign,"criteria provided, multiple submitters, no conflicts",,,c.1911A>C,,rs1786333684,
2870543,NM_005228.5(EGFR):c.2130T>C (p.Thr710=),EGFR,Likely benign,"criteria provided, single submitter",,,c.2130T>C,,rs775986651,
2870234,NM_005228.5(EGFR):c.889+19G>C,EGFR,Likely benign,"criteria provided, single submitter",,,NM_005228.5(EGFR):c.889+19G>C,,rs757509033,
2870233,NM_005228.5(EGFR):c.889+15G>T,EGFR,Likely benign,"criteria provided, single submitter",,,NM_005228.5(EGFR):c.889+15G>T,,rs1187471462,
2870223,NM_005228.5(EGFR):c.1298+16C>G,EGFR,Likely benign,"criteria provided, single submitter",,,NM_005228.5(EGFR):c.1298+16C>G,,rs1785503540,
4842906,NM_005228.5(EGFR):c.2040G>A (p.Arg680=),EGFR,Likely benign,"criteria provided, single submitter",,,c.2040G>A,,,
2866818,NM_005228.5(EGFR):c.88+18C>T,EGFR,Likely benign,"criteria provided, single submitter",,,NM_005228.5(EGFR):c.88+18C>T,,rs1322086641,
2888575,NM_005228.5(EGFR):c.2062-7C>T,EGFR,Likely benign,"criteria provided, multiple submitters, no conflicts",,,NM_005228.5(EGFR):c.2062-7C>T,,rs184220351,
2886445,NM_005228.5(EGFR):c.3162+9_3162+29del,EGFR,Likely benign,"criteria provided, single submitter",,,NM_005228.5(EGFR):c.3162+9_3162+29del,,rs2534872835,
4826853,NM_005228.5(EGFR):c.1551C>T (p.Gly517=),EGFR,Likely benign,"criteria provided, single submitter",,,c.1551C>T,,,
2885723,NM_005228.5(EGFR):c.3264A>G (p.Pro1088=),EGFR,Likely benign,"criteria provided, single submitter",,,c.3264A>G,,rs779392990,
4826851,NM_005228.5(EGFR):c.3135C>G (p.Ser1045=),EGFR,Likely benign,"criteria provided, single submitter",,,c.3135C>G,,,
2881259,NM_005228.5(EGFR):c.628+17C>A,EGFR,Likely benign,"criteria provided, single submitter",,,NM_005228.5(EGFR):c.628+17C>A,,rs1224425202,
2881236,NM_005228.5(EGFR):c.1632-11C>T,EGFR,Likely benign,"criteria provided, single submitter",,,NM_005228.5(EGFR):c.1632-11C>T,,rs2128944559,
2880394,NM_005228.5(EGFR):c.1498+9C>T,EGFR,Likely benign,"criteria provided, single submitter",,,NM_005228.5(EGFR):c.1498+9C>T,,rs2535549290,
2880262,NM_005228.5(EGFR):c.3066C>G (p.Gly1022=),EGFR,Likely benign,"criteria provided, single submitter",,,c.3066C>G,,rs769706147,
2879904,NM_005228.5(EGFR):c.88+9G>T,EGFR,Likely benign,"criteria provided, single submitter",,,NM_005228.5(EGFR):c.88+9G>T,,rs2534889771,
2878632,NM_005228.5(EGFR):c.629-7T>C,EGFR,Likely benign,"criteria provided, single submitter",,,NM_005228.5(EGFR):c.629-7T>C,,rs749472815,
2878543,NM_005228.5(EGFR):c.88+14T>C,EGFR,Likely benign,"criteria provided, single submitter",,,NM_005228.5(EGFR):c.88+14T>C,,rs2534889815,
2878082,NM_005228.5(EGFR):c.789C>A (p.Thr263=),EGFR,Likely benign,"criteria provided, multiple submitters, no conflicts",,,c.789C>A,,rs2128934918,
2877876,NM_005228.5(EGFR):c.60G>T (p.Pro20=),EGFR,Likely benign,"criteria provided, multiple submitters, no conflicts",,,c.60G>T,,rs1391110463,
2876970,NM_005228.5(EGFR):c.1207+16T>C,EGFR,Likely benign,"criteria provided, single submitter",,,NM_005228.5(EGFR):c.1207+16T>C,,rs2128938839,
4826849,NM_005228.5(EGFR):c.3118G>A (p.Ala1040Thr),EGFR,Likely benign,"criteria provided, single submitter",,,c.3118G>A,,,
2957341,NM_005228.5(EGFR):c.1299-11C>T,EGFR,Likely benign,"criteria provided, single submitter",,,NM_005228.5(EGFR):c.1299-11C>T,,rs2535546882,
2956403,NM_005228.5(EGFR):c.3114+20C>G,EGFR,Likely benign,"criteria provided, single submitter",,,NM_005228.5(EGFR):c.3114+20C>G,,rs749248644,
4826846,NM_005228.5(EGFR):c.2950G>A (p.Asp984Asn),EGFR,Likely benign,"criteria provided, single submitter",,,c.2950G>A,,,
2909208,NM_005228.5(EGFR):c.3267G>C (p.Val1089=),EGFR,Likely benign,"criteria provided, single submitter",,,c.3267G>C,,rs2128973187,
4826845,NM_005228.5(EGFR):c.2949G>A (p.Gly983=),EGFR,Likely benign,"criteria provided, single submitter",,,c.2949G>A,,,
2908025,NM_005228.5(EGFR):c.424+8G>T,EGFR,Likely benign,"criteria provided, single submitter",,,NM_005228.5(EGFR):c.424+8G>T,,rs2128927617,
2906149,NM_005228.5(EGFR):c.1503C>T (p.Ala501=),EGFR,Likely benign,"criteria provided, multiple submitters, no conflicts",,,c.1503C>T,,rs2128942683,
2903426,NM_005228.5(EGFR):c.3163-7C>T,EGFR,Likely benign,"criteria provided, single submitter",,,NM_005228.5(EGFR):c.3163-7C>T,,rs2128972980,
2900652,NM_005228.5(EGFR):c.807C>T (p.Leu269=),EGFR,Likely benign,"criteria provided, multiple submitters, no conflicts",,,c.807C>T,,rs1166833758,
4826838,NM_005228.5(EGFR):c.1428C>T (p.Asn476=),EGFR,Likely benign,"criteria provided, single submitter",,,c.1428C>T,,,
2899741,NM_005228.5(EGFR):c.1632-6T>C,EGFR,Likely benign,"criteria provided, single submitter",,,NM_005228.5(EGFR):c.1632-6T>C,,rs753369607,
2896196,NM_005228.5(EGFR):c.2352C>T (p.Ser784=),EGFR-AS1,Likely benign,"criteria provided, single submitter",,,c.2352C>T,,rs2128958595,
2895613,NM_005228.5(EGFR):c.1215G>A (p.Leu405=),EGFR,Likely benign,"criteria provided, multiple submitters, no conflicts",,,c.1215G>A,,rs748900962,
2894661,NM_005228.5(EGFR):c.1203C>T (p.Ile401=),EGFR,Likely benign,"criteria provided, multiple submitters, no conflicts",,,c.1203C>T,,rs1167483364,
2894624,NM_005228.5(EGFR):c.3045G>A (p.Glu1015=),EGFR,Likely benign,"criteria provided, multiple submitters, no conflicts",,,c.3045G>A,,rs2128971662,
2889155,NM_005228.5(EGFR):c.1723-10C>G,EGFR,Likely benign,"criteria provided, single submitter",,,NM_005228.5(EGFR):c.1723-10C>G,,rs1785908649,
2986245,NM_005228.5(EGFR):c.240+18T>A,EGFR,Likely benign,"criteria provided, single submitter",,,NM_005228.5(EGFR):c.240+18T>A,,rs1347456433,
2985893,NM_005228.5(EGFR):c.747+18C>A,EGFR,Likely benign,"criteria provided, single submitter",,,NM_005228.5(EGFR):c.747+18C>A,,rs1350965971,
2984871,NM_005228.5(EGFR):c.88+8C>T,EGFR,Likely benign,"criteria provided, single submitter",,,NM_005228.5(EGFR):c.88+8C>T,,rs2128853576,
2982949,NM_005228.5(EGFR):c.51G>C (p.Ala17=),EGFR,Likely benign,"criteria provided, single submitter",,,c.51G>C,,rs1786371421,
2981539,NM_005228.5(EGFR):c.3312T>C (p.Ser1104=),EGFR,Likely benign,"criteria provided, single submitter",,,c.3312T>C,,rs2128975140,
2981171,NM_005228.5(EGFR):c.240+17T>C,EGFR,Likely benign,"criteria provided, single submitter",,,NM_005228.5(EGFR):c.240+17T>C,,rs1284017118,
2980118,NM_005228.5(EGFR):c.2946+8T>C,EGFR,Likely benign,"criteria provided, single submitter",,,NM_005228.5(EGFR):c.2946+8T>C,,rs1378642377,
2979370,NM_005228.5(EGFR):c.2490C>T (p.Asp830=),EGFR,Likely benign,"criteria provided, single submitter",,,c.2490C>T,,rs2128964395,
2972191,NM_005228.5(EGFR):c.2701+9T>C,EGFR,Likely benign,"criteria provided, single submitter",,,NM_005228.5(EGFR):c.2701+9T>C,,rs774668879,
2971585,NM_005228.5(EGFR):c.3114+16C>T,EGFR,Likely benign,"criteria provided, single submitter",,,NM_005228.5(EGFR):c.3114+16C>T,,rs1315947578,
2970310,NM_005228.5(EGFR):c.1880+18G>A,EGFR,Likely benign,"criteria provided, single submitter",,,NM_005228.5(EGFR):c.1880+18G>A,,rs1011718668,
2965304,NM_005228.5(EGFR):c.1623T>G (p.Leu541=),EGFR,Likely benign,"criteria provided, multiple submitters, no conflicts",,,c.1623T>G,,rs2128943091,
4826837,NM_005228.5(EGFR):c.1561A>G (p.Arg521Gly),EGFR,Likely benign,"criteria provided, single submitter",,,c.1561A>G,,,
2960872,NM_005228.5(EGFR):c.1498+19T>A,EGFR,Likely benign,"criteria provided, single submitter",,,NM_005228.5(EGFR):c.1498+19T>A,,rs958803993,
2960065,NM_005228.5(EGFR):c.213G>A (p.Gln71=),EGFR,Likely benign,"criteria provided, multiple submitters, no conflicts",,,c.213G>A,,rs2128926407,
45256,NM_005228.5(EGFR):c.2310C>T (p.Asp770=),EGFR-AS1,Likely benign,"criteria provided, single submitter",,,c.2310C>T,,rs397517110,
1220479,NM_005228.5(EGFR):c.2062-293G>A,EGFR,Likely benign,"criteria provided, single submitter",,,NM_005228.5(EGFR):c.2062-293G>A,,rs6952904,
1220253,NM_005228.5(EGFR):c.1880+294A>T,EGFR,Likely benign,"criteria provided, single submitter",,,NM_005228.5(EGFR):c.1880+294A>T,,rs572751534,
1219576,NM_005228.5(EGFR):c.629-329del,EGFR,Likely benign,"criteria provided, single submitter",,,NM_005228.5(EGFR):c.629-329del,,rs17289809,
1219074,NM_005228.5(EGFR):c.*78C>T,EGFR,Likely benign,"criteria provided, multiple submitters, no conflicts",,,NM_005228.5(EGFR):c.*78C>T,,rs17290762,
3000837,NM_005228.5(EGFR):c.2702-7C>T,EGFR,Likely benign,"criteria provided, single submitter",,,NM_005228.5(EGFR):c.2702-7C>T,,rs1196184317,
2997474,NM_005228.5(EGFR):c.3271+14C>G,EGFR,Likely benign,"criteria provided, single submitter",,,NM_005228.5(EGFR):c.3271+14C>G,,rs772445820,
2996862,NM_005228.5(EGFR):c.747+9C>G,EGFR,Likely benign,"criteria provided, single submitter",,,NM_005228.5(EGFR):c.747+9C>G,,rs770346907,
2996128,NM_005228.5(EGFR):c.747+13T>C,EGFR,Likely benign,"criteria provided, single submitter",,,NM_005228.5(EGFR):c.747+13T>C,,rs17289830,
2994781,NM_005228.5(EGFR):c.15G>C (p.Gly5=),EGFR,Likely benign,"criteria provided, multiple submitters, no conflicts",,,c.15G>C,,rs2128853324,
2994632,NM_005228.5(EGFR):c.3163-14A>G,EGFR,Likely benign,"criteria provided, single submitter",,,NM_005228.5(EGFR):c.3163-14A>G,,rs2128972968,
2989507,NM_005228.5(EGFR):c.1631+9T>A,EGFR,Likely benign,"criteria provided, single submitter",,,NM_005228.5(EGFR):c.1631+9T>A,,rs1196024342,
2988755,NM_005228.5(EGFR):c.2769C>A (p.Ile923=),EGFR,Likely benign,"criteria provided, multiple submitters, no conflicts",,,c.2769C>A,,rs1787727113,
2988421,NM_005228.5(EGFR):c.628+16G>A,EGFR,Likely benign,"criteria provided, single submitter",,,NM_005228.5(EGFR):c.628+16G>A,,rs1785141394,
2987812,NM_005228.5(EGFR):c.1134-17C>T,EGFR,Likely benign,"criteria provided, single submitter",,,NM_005228.5(EGFR):c.1134-17C>T,,rs1350746089,
2986352,NM_005228.5(EGFR):c.1785C>T (p.Cys595=),EGFR,Likely benign,"criteria provided, multiple submitters, no conflicts",,,c.1785C>T,,rs911320818,
4870226,NM_005228.5(EGFR):c.114C>G (p.Leu38=),EGFR,Likely benign,"criteria provided, single submitter",,,c.114C>G,,,
1218416,NM_005228.5(EGFR):c.88+63G>C,EGFR,Likely benign,"criteria provided, single submitter",,,NM_005228.5(EGFR):c.88+63G>C,,rs17335724,
1218214,NM_005228.5(EGFR):c.88+61C>A,EGFR,Likely benign,"criteria provided, single submitter",,,NM_005228.5(EGFR):c.88+61C>A,,rs17335717,
1217961,NM_005228.5(EGFR):c.629-330G>T,EGFR,Likely benign,"criteria provided, multiple submitters, no conflicts",,,NM_005228.5(EGFR):c.629-330G>T,,rs41364648,
1217446,NM_005228.5(EGFR):c.1881-615G>A,EGFR,Likely benign,"criteria provided, multiple submitters, no conflicts",,,NM_005228.5(EGFR):c.1881-615G>A,,rs17290225,
1215445,NM_005228.5(EGFR):c.1723-294C>T,EGFR,Likely benign,"criteria provided, single submitter",,,NM_005228.5(EGFR):c.1723-294C>T,,rs17336912,
1214742,NM_005228.5(EGFR):c.2184+154A>G,EGFR,Likely benign,"criteria provided, multiple submitters, no conflicts",,,NM_005228.5(EGFR):c.2184+154A>G,,rs17172452,
1212892,NM_005228.5(EGFR):c.1880+77C>A,EGFR,Likely benign,"criteria provided, single submitter",,,NM_005228.5(EGFR):c.1880+77C>A,,rs41421952,
1212606,NM_005228.5(EGFR):c.3163-304G>A,EGFR,Likely benign,"criteria provided, single submitter",,,NM_005228.5(EGFR):c.3163-304G>A,,rs17337500,
1212030,NM_005228.5(EGFR):c.1631+133G>A,EGFR,Likely benign,"criteria provided, multiple submitters, no conflicts",,,NM_005228.5(EGFR):c.1631+133G>A,,rs75985451,
1211991,NM_005228.5(EGFR):c.*35C>T,EGFR,Likely benign,"criteria provided, single submitter",,,NM_005228.5(EGFR):c.*35C>T,,rs17290755,
1208995,NM_005228.5(EGFR):c.1919+183C>T,EGFR,Likely benign,"criteria provided, single submitter",,,NM_005228.5(EGFR):c.1919+183C>T,,rs17290267,
1208624,NM_005228.5(EGFR):c.425-126T>C,EGFR,Likely benign,"criteria provided, single submitter",,,NM_005228.5(EGFR):c.425-126T>C,,rs17172450,
1204954,NM_005228.5(EGFR):c.2947-128G>A,EGFR,Likely benign,"criteria provided, single submitter",,,NM_005228.5(EGFR):c.2947-128G>A,,rs17290692,
1204260,NM_005228.5(EGFR):c.1881-2372T>A,EGFR,Likely benign,"criteria provided, single submitter",,,NM_005228.5(EGFR):c.1881-2372T>A,,rs184292880,
1203667,NM_005228.5(EGFR):c.1007-169G>A,EGFR,Likely benign,"criteria provided, single submitter",,,NM_005228.5(EGFR):c.1007-169G>A,,rs41395746,
4870223,NM_005228.5(EGFR):c.1326C>A (p.Ser442Arg),EGFR,Likely benign,"criteria provided, single submitter",,,c.1326C>A,,,
1203096,NM_005228.5(EGFR):c.1919+174G>A,EGFR,Likely benign,"criteria provided, multiple submitters, no conflicts",,,NM_005228.5(EGFR):c.1919+174G>A,,rs17290260,
1203088,NM_005228.5(EGFR):c.1723-88C>T,EGFR,Likely benign,"criteria provided, single submitter",,,NM_005228.5(EGFR):c.1723-88C>T,,rs17336926,
1202912,NM_005228.5(EGFR):c.3115-180G>T,EGFR,Likely benign,"criteria provided, multiple submitters, no conflicts",,,NM_005228.5(EGFR):c.3115-180G>T,,rs17337486,
1201347,NM_005228.5(EGFR):c.1881-2410T>C,EGFR,Likely benign,"criteria provided, single submitter",,,NM_005228.5(EGFR):c.1881-2410T>C,,rs75040104,
1200635,NM_005228.5(EGFR):c.2946+240C>G,EGFR,Likely benign,"criteria provided, multiple submitters, no conflicts",,,NM_005228.5(EGFR):c.2946+240C>G,,rs150947992,
1199731,NM_005228.5(EGFR):c.2185-214A>T,EGFR,Likely benign,"criteria provided, single submitter",,,NM_005228.5(EGFR):c.2185-214A>T,,rs17337128,
1198165,NM_005228.5(EGFR):c.1299-197G>A,EGFR,Likely benign,"criteria provided, single submitter",,,NM_005228.5(EGFR):c.1299-197G>A,,rs17289991,
1197462,NM_005228.5(EGFR):c.1881-226C>T,EGFR,Likely benign,"criteria provided, single submitter",,,NM_005228.5(EGFR):c.1881-226C>T,,rs17337009,
1196244,NM_005228.5(EGFR):c.1919+134T>G,EGFR,Likely benign,"criteria provided, multiple submitters, no conflicts",,,NM_005228.5(EGFR):c.1919+134T>G,,rs17290253,
1195687,NC_000007.14:g.55018796C>A,EGFR,Likely benign,"criteria provided, single submitter",,,NC_000007.14:g.55018796C>A,,rs17335710,
1195672,NM_005228.5(EGFR):c.1722+136G>T,EGFR,Likely benign,"criteria provided, single submitter",,,NM_005228.5(EGFR):c.1722+136G>T,,rs17290124,
1194123,NM_005228.5(EGFR):c.1880+34C>T,EGFR,Likely benign,"criteria provided, single submitter",,,NM_005228.5(EGFR):c.1880+34C>T,,rs17290176,
1193383,NM_005228.5(EGFR):c.1881-2340A>T,EGFR,Likely benign,"criteria provided, single submitter",,,NM_005228.5(EGFR):c.1881-2340A>T,,rs189248205,
1192774,NM_005228.5(EGFR):c.1006+284G>A,EGFR,Likely benign,"criteria provided, single submitter",,,NM_005228.5(EGFR):c.1006+284G>A,,rs17289907,
1192769,NM_005228.5(EGFR):c.560-184T>A,EGFR,Likely benign,"criteria provided, multiple submitters, no conflicts",,,NM_005228.5(EGFR):c.560-184T>A,,rs17289760,
1218567,NM_005228.5(EGFR):c.747+295T>C,EGFR,Likely benign,"criteria provided, single submitter",,,NM_005228.5(EGFR):c.747+295T>C,,rs17336584,
1159744,NM_005228.5(EGFR):c.890-4C>T,EGFR,Likely benign,"criteria provided, multiple submitters, no conflicts",,,NM_005228.5(EGFR):c.890-4C>T,,rs757810509,
1159617,NM_005228.5(EGFR):c.681C>T (p.Ser227=),EGFR,Likely benign,"criteria provided, multiple submitters, no conflicts",,,c.681C>T,,rs1313321537,
1191793,NM_005228.5(EGFR):c.748-253C>G,EGFR,Likely benign,"criteria provided, single submitter",,,NM_005228.5(EGFR):c.748-253C>G,,rs17289851,
1191662,NM_005228.5(EGFR):c.1722+26G>A,EGFR,Likely benign,"criteria provided, single submitter",,,NM_005228.5(EGFR):c.1722+26G>A,,rs17290110,
1191430,NM_005228.5(EGFR):c.2283+69G>A,EGFR,Likely benign,"criteria provided, multiple submitters, no conflicts",,,NM_005228.5(EGFR):c.2283+69G>A,,rs17337135,
1191406,NM_005228.5(EGFR):c.425-113G>T,EGFR,Likely benign,"criteria provided, single submitter",,,NM_005228.5(EGFR):c.425-113G>T,,rs17289665,
1190434,NM_005228.5(EGFR):c.1723-64T>G,EGFR,Likely benign,"criteria provided, single submitter",,,NM_005228.5(EGFR):c.1723-64T>G,,rs17336933,
1185920,NM_005228.5(EGFR):c.2849-165C>T,EGFR,Likely benign,"criteria provided, multiple submitters, no conflicts",,,NM_005228.5(EGFR):c.2849-165C>T,,rs17337444,
1185730,NM_005228.5(EGFR):c.3272-52A>G,EGFR,Likely benign,"criteria provided, single submitter",,,NM_005228.5(EGFR):c.3272-52A>G,,rs145306310,
1182075,NM_005228.5(EGFR):c.1881-2611A>C,EGFR,Likely benign,"criteria provided, multiple submitters, no conflicts",,,NM_005228.5(EGFR):c.1881-2611A>C,,rs140321332,
1181986,NM_005228.5(EGFR):c.1722+68T>C,EGFR,Likely benign,"criteria provided, single submitter",,,NM_005228.5(EGFR):c.1722+68T>C,,rs17290117,
1174198,NM_005228.5(EGFR):c.2061+65G>A,EGFR,Likely benign,"criteria provided, multiple submitters, no conflicts",,,NM_005228.5(EGFR):c.2061+65G>A,,rs17290301,
4870222,NM_005228.5(EGFR):c.471C>T (p.Cys157=),EGFR,Likely benign,"criteria provided, single submitter",,,c.471C>T,,,
4870215,NM_005228.5(EGFR):c.1710C>G (p.Thr570=),EGFR,Likely benign,"criteria provided, single submitter",,,c.1710C>G,,,
4870214,NM_005228.5(EGFR):c.528G>A (p.Met176Ile),EGFR,Likely benign,"criteria provided, single submitter",,,c.528G>A,,,
1203475,NM_005228.5(EGFR):c.1881-891T>C,EGFR,Likely benign,"criteria provided, multiple submitters, no conflicts",,,NM_005228.5(EGFR):c.1881-891T>C,,rs17336974,
1157899,NM_005228.5(EGFR):c.660C>T (p.Ser220=),EGFR,Likely benign,"criteria provided, multiple submitters, no conflicts",,,c.660C>T,,rs45621033,
1157898,NM_005228.5(EGFR):c.2898C>T (p.Ile966=),EGFR,Likely benign,"criteria provided, multiple submitters, no conflicts",,,c.2898C>T,,rs142305759,
1157617,NM_005228.5(EGFR):c.2025G>A (p.Arg675=),EGFR,Likely benign,"criteria provided, multiple submitters, no conflicts",,,c.2025G>A,,rs372471129,
4870212,NM_005228.5(EGFR):c.3474C>T (p.Ala1158=),EGFR,Likely benign,"criteria provided, single submitter",,,c.3474C>T,,,
4856933,NM_005228.5(EGFR):c.1632-87A>G,EGFR,Likely benign,no assertion criteria provided,,,NM_005228.5(EGFR):c.1632-87A>G,,,
4842928,NM_005228.5(EGFR):c.1362G>A (p.Lys454=),EGFR,Likely benign,"criteria provided, single submitter",,,c.1362G>A,,,
4842926,NM_005228.5(EGFR):c.3276C>T (p.Tyr1092=),EGFR,Likely benign,"criteria provided, single submitter",,,c.3276C>T,,,
4842924,NM_005228.5(EGFR):c.3030G>A (p.Val1010=),EGFR,Likely benign,"criteria provided, single submitter",,,c.3030G>A,,,
4842922,NM_005228.5(EGFR):c.67C>G (p.Arg23Gly),EGFR,Likely benign,"criteria provided, single submitter",,,c.67C>G,,,
45273,NM_005228.5(EGFR):c.2439C>T (p.Tyr813=),EGFR-AS1,Likely benign,"criteria provided, single submitter",,,c.2439C>T,,rs397517124,
1925293,NM_005228.5(EGFR):c.628+10T>C,EGFR,Likely benign,"criteria provided, single submitter",,,NM_005228.5(EGFR):c.628+10T>C,,rs2128932664,
1162059,NM_005228.5(EGFR):c.3138C>T (p.Thr1046=),EGFR,Likely benign,"criteria provided, multiple submitters, no conflicts",,,c.3138C>T,,rs1459631113,
1161173,NM_005228.5(EGFR):c.1986G>T (p.Leu662=),EGFR,Likely benign,"criteria provided, multiple submitters, no conflicts",,,c.1986G>T,,rs377187758,
1161169,NM_005228.5(EGFR):c.531G>C (p.Ser177=),EGFR,Likely benign,"criteria provided, multiple submitters, no conflicts",,,c.531G>C,,rs17336437,
1160876,NM_005228.5(EGFR):c.1836C>T (p.Asp612=),EGFR,Likely benign,"criteria provided, multiple submitters, no conflicts",,,c.1836C>T,,rs150803480,
1159770,NM_005228.5(EGFR):c.267C>T (p.Val89=),EGFR,Likely benign,"criteria provided, single submitter",,,c.267C>T,,rs2128927226,
1152990,NM_005228.5(EGFR):c.3081C>T (p.Pro1027=),EGFR,Likely benign,"criteria provided, multiple submitters, no conflicts",,,c.3081C>T,,rs565720057,
1152686,NM_005228.5(EGFR):c.1174C>T (p.Leu392=),EGFR,Likely benign,"criteria provided, multiple submitters, no conflicts",,,c.1174C>T,,rs749526261,
1151837,NM_005228.5(EGFR):c.936G>T (p.Gly312=),EGFR,Likely benign,"criteria provided, multiple submitters, no conflicts",,,c.936G>T,,rs2128937441,
1159578,NM_005228.5(EGFR):c.3039C>T (p.Ala1013=),EGFR,Likely benign,"criteria provided, multiple submitters, no conflicts",,,c.3039C>T,,rs1034097121,
1159566,NM_005228.5(EGFR):c.2997T>C (p.Arg999=),EGFR,Likely benign,"criteria provided, multiple submitters, no conflicts",,,c.2997T>C,,rs759622671,
1810124,NM_005228.5(EGFR):c.*294del,EGFR,Likely benign,"criteria provided, single submitter",,,NM_005228.5(EGFR):c.*294del,,rs5884404,
1159077,NM_005228.5(EGFR):c.1818G>A (p.Leu606=),EGFR,Likely benign,"criteria provided, multiple submitters, no conflicts",,,c.1818G>A,,rs148242307,
1159028,NM_005228.5(EGFR):c.2470-8T>G,EGFR,Likely benign,"criteria provided, single submitter",,,NM_005228.5(EGFR):c.2470-8T>G,,rs2128964331,
1158958,NM_005228.5(EGFR):c.2055G>A (p.Glu685=),EGFR,Likely benign,"criteria provided, multiple submitters, no conflicts",,,c.2055G>A,,rs960019095,
1158955,NM_005228.5(EGFR):c.3303C>T (p.Pro1101=),EGFR,Likely benign,"criteria provided, multiple submitters, no conflicts",,,c.3303C>T,,rs55796214,
1158700,NM_005228.5(EGFR):c.1653G>A (p.Glu551=),EGFR,Likely benign,"criteria provided, single submitter",,,c.1653G>A,,rs2128944636,
1158660,NM_005228.5(EGFR):c.1506A>G (p.Thr502=),EGFR,Likely benign,"criteria provided, multiple submitters, no conflicts",,,c.1506A>G,,rs1185938442,
1158572,NM_005228.5(EGFR):c.3630A>G (p.Ala1210=),EGFR,Likely benign,"criteria provided, multiple submitters, no conflicts",,,c.3630A>G,,rs766068024,
1158552,NM_005228.5(EGFR):c.1143C>T (p.Phe381=),LOC126860048,Likely benign,"criteria provided, multiple submitters, no conflicts",,,c.1143C>T,,rs1337319875,
1158180,NM_005228.5(EGFR):c.3249C>T (p.Asp1083=),EGFR,Likely benign,"criteria provided, multiple submitters, no conflicts",,,c.3249C>T,,rs373990043,
1804566,NM_005228.5(EGFR):c.425-326A>G,EGFR,Likely benign,"criteria provided, single submitter",,,NM_005228.5(EGFR):c.425-326A>G,,rs17336423,
1148725,NM_005228.5(EGFR):c.3576T>C (p.Ala1192=),EGFR,Likely benign,"criteria provided, single submitter",,,c.3576T>C,,rs2128975598,
1148630,NM_005228.5(EGFR):c.1590C>T (p.Ser530=),EGFR,Likely benign,"criteria provided, single submitter",,,c.1590C>T,,rs2128942962,
1148433,NM_005228.5(EGFR):c.315G>A (p.Gln105=),EGFR,Likely benign,"criteria provided, multiple submitters, no conflicts",,,c.315G>A,,rs141271101,
1804478,NM_005228.5(EGFR):c.1881-409G>A,EGFR,Likely benign,"criteria provided, single submitter",,,NM_005228.5(EGFR):c.1881-409G>A,,rs75529744,
1157002,NM_005228.5(EGFR):c.1167A>C (p.Pro389=),EGFR,Likely benign,"criteria provided, multiple submitters, no conflicts",,,c.1167A>C,,rs777959179,
1156646,NM_005228.5(EGFR):c.192T>C (p.Asn64=),EGFR,Likely benign,"criteria provided, multiple submitters, no conflicts",,,c.192T>C,,rs1429293277,
1155771,NM_005228.5(EGFR):c.2157C>G (p.Gly719=),EGFR,Likely benign,"criteria provided, multiple submitters, no conflicts",,,c.2157C>G,,rs2128953727,
1764735,NM_005228.5(EGFR):c.88+47802_88+48799del,EGFR,Likely benign,"criteria provided, single submitter",,,NM_005228.5(EGFR):c.88+47802_88+48799del,,rs2535092263,
1155731,NM_005228.5(EGFR):c.2925C>G (p.Pro975=),EGFR,Likely benign,"criteria provided, multiple submitters, no conflicts",,,c.2925C>G,,rs778672343,
1155726,NM_005228.5(EGFR):c.2779C>T (p.Leu927=),EGFR,Likely benign,"criteria provided, multiple submitters, no conflicts",,,c.2779C>T,,rs374672672,
1154750,NM_005228.5(EGFR):c.2062-5C>T,EGFR,Likely benign,"criteria provided, single submitter",,,NM_005228.5(EGFR):c.2062-5C>T,,rs1452602910,
4870289,NM_005228.5(EGFR):c.3282C>T (p.Asn1094=),EGFR,Likely benign,"criteria provided, single submitter",,,c.3282C>T,,,
1153834,NM_005228.5(EGFR):c.1656C>T (p.Asn552=),EGFR,Likely benign,"criteria provided, multiple submitters, no conflicts",,,c.1656C>T,,rs758141603,
1153420,NM_005228.5(EGFR):c.1919+10C>G,EGFR,Likely benign,"criteria provided, single submitter",,,NM_005228.5(EGFR):c.1919+10C>G,,rs2128951438,
1153029,NM_005228.5(EGFR):c.1110C>T (p.His370=),LOC126860048,Likely benign,"criteria provided, multiple submitters, no conflicts",,,c.1110C>T,,rs539077864,
1153027,NM_005228.5(EGFR):c.1671G>A (p.Gln557=),EGFR,Likely benign,"criteria provided, multiple submitters, no conflicts",,,c.1671G>A,,rs768735314,
1143996,NM_005228.5(EGFR):c.3603G>A (p.Ala1201=),EGFR,Likely benign,"criteria provided, multiple submitters, no conflicts",,,c.3603G>A,,rs202156403,
4870288,NM_005228.5(EGFR):c.1938C>A (p.Ile646=),EGFR,Likely benign,"criteria provided, single submitter",,,c.1938C>A,,,
4870284,NM_005228.5(EGFR):c.711T>C (p.Ala237=),EGFR,Likely benign,"criteria provided, single submitter",,,c.711T>C,,,
1151563,NM_005228.5(EGFR):c.629-9C>G,EGFR,Likely benign,"criteria provided, single submitter",,,NM_005228.5(EGFR):c.629-9C>G,,rs2128933622,
1151250,NM_005228.5(EGFR):c.2284-7C>T,EGFR-AS1,Likely benign,"criteria provided, single submitter",,,NM_005228.5(EGFR):c.2284-7C>T,,rs2128958190,
1151221,NM_005228.5(EGFR):c.303G>A (p.Leu101=),EGFR,Likely benign,"criteria provided, single submitter",,,c.303G>A,,rs2128927302,
1151203,NM_005228.5(EGFR):c.1498+10C>T,EGFR,Likely benign,"criteria provided, single submitter",,,NM_005228.5(EGFR):c.1498+10C>T,,rs767711610,
1150560,NM_005228.5(EGFR):c.559+9C>T,EGFR,Likely benign,"criteria provided, single submitter",,,NM_005228.5(EGFR):c.559+9C>T,,rs185023939,
1150334,NM_005228.5(EGFR):c.1851C>T (p.Cys617=),EGFR,Likely benign,"criteria provided, multiple submitters, no conflicts",,,c.1851C>T,,rs143422127,
1150224,NM_005228.5(EGFR):c.1905C>T (p.Gly635=),EGFR,Likely benign,"criteria provided, multiple submitters, no conflicts",,,c.1905C>T,,rs371148125,
1150201,NM_005228.5(EGFR):c.3600C>T (p.Val1200=),EGFR,Likely benign,"criteria provided, multiple submitters, no conflicts",,,c.3600C>T,,rs776176376,
1149895,NM_005228.5(EGFR):c.966C>G (p.Gly322=),EGFR,Likely benign,"criteria provided, multiple submitters, no conflicts",,,c.966C>G,,rs1785388649,
1149566,NM_005228.5(EGFR):c.1818G>C (p.Leu606=),EGFR,Likely benign,"criteria provided, multiple submitters, no conflicts",,,c.1818G>C,,rs148242307,
1149071,NM_005228.5(EGFR):c.2628G>A (p.Val876=),EGFR,Likely benign,"criteria provided, single submitter",,,c.2628G>A,,rs1471553524,
1148953,NM_005228.5(EGFR):c.768C>T (p.Asp256=),EGFR,Likely benign,"criteria provided, multiple submitters, no conflicts",,,c.768C>T,,rs146098757,
1148751,NM_005228.5(EGFR):c.762C>T (p.Phe254=),EGFR,Likely benign,"criteria provided, single submitter",,,c.762C>T,,rs2128934856,
1139168,NM_005228.5(EGFR):c.1920-4C>T,EGFR,Likely benign,"criteria provided, multiple submitters, no conflicts",,,NM_005228.5(EGFR):c.1920-4C>T,,rs2128952369,
1138915,NM_005228.5(EGFR):c.2151G>A (p.Val717=),EGFR,Likely benign,"criteria provided, single submitter",,,c.2151G>A,,rs2128953709,
1138851,NM_005228.5(EGFR):c.89-6T>C,EGFR,Likely benign,"criteria provided, single submitter",,,NM_005228.5(EGFR):c.89-6T>C,,rs1794501614,
1898736,NM_005228.5(EGFR):c.3390C>T (p.Ser1130=),EGFR,Likely benign,"criteria provided, multiple submitters, no conflicts",,,c.3390C>T,,rs1358829599,
4870275,NM_005228.5(EGFR):c.1953G>T (p.Val651=),EGFR,Likely benign,"criteria provided, single submitter",,,c.1953G>T,,,
1147061,NM_005228.5(EGFR):c.2701+10A>T,EGFR,Likely benign,"criteria provided, single submitter",,,NM_005228.5(EGFR):c.2701+10A>T,,rs373030006,
1146803,NM_005228.5(EGFR):c.1992C>T (p.Ile664=),EGFR,Likely benign,"criteria provided, multiple submitters, no conflicts",,,c.1992C>T,,rs200855539,
1146642,NM_005228.5(EGFR):c.1353C>A (p.Arg451=),EGFR,Likely benign,"criteria provided, single submitter",,,c.1353C>A,,rs1025827299,
1146634,NM_005228.5(EGFR):c.2571G>A (p.Gly857=),EGFR,Likely benign,"criteria provided, single submitter",,,c.2571G>A,,rs2128964615,
1146354,NM_005228.5(EGFR):c.1260T>C (p.Phe420=),EGFR,Likely benign,"criteria provided, multiple submitters, no conflicts",,,c.1260T>C,,rs958451974,
1145642,NM_005228.5(EGFR):c.1041C>T (p.Asp347=),EGFR,Likely benign,"criteria provided, multiple submitters, no conflicts",,,c.1041C>T,,rs1785428401,
1145202,NM_005228.5(EGFR):c.2061+8C>T,EGFR,Likely benign,"criteria provided, single submitter",,,NM_005228.5(EGFR):c.2061+8C>T,,rs369169104,
1144645,NM_005228.5(EGFR):c.3060G>A (p.Gln1020=),EGFR,Likely benign,"criteria provided, multiple submitters, no conflicts",,,c.3060G>A,,rs2128971686,
1144518,NM_005228.5(EGFR):c.1254T>C (p.His418=),EGFR,Likely benign,"criteria provided, multiple submitters, no conflicts",,,c.1254T>C,,rs2128939687,
1144499,NM_005228.5(EGFR):c.1644G>A (p.Glu548=),EGFR,Likely benign,"criteria provided, multiple submitters, no conflicts",,,c.1644G>A,,rs2128944612,
1144212,NM_005228.5(EGFR):c.3051C>A (p.Leu1017=),EGFR,Likely benign,"criteria provided, multiple submitters, no conflicts",,,c.3051C>A,,rs780539015,
1134253,NM_005228.5(EGFR):c.424+7G>A,EGFR,Likely benign,"criteria provided, single submitter",,,NM_005228.5(EGFR):c.424+7G>A,,rs1181341045,
1134227,NM_005228.5(EGFR):c.747+9C>T,EGFR,Likely benign,"criteria provided, single submitter",,,NM_005228.5(EGFR):c.747+9C>T,,rs770346907,
1133570,NM_005228.5(EGFR):c.748-10T>C,EGFR,Likely benign,"criteria provided, single submitter",,,NM_005228.5(EGFR):c.748-10T>C,,rs2128934812,
1143393,NM_005228.5(EGFR):c.1746T>C (p.Cys582=),EGFR,Likely benign,"criteria provided, multiple submitters, no conflicts",,,c.1746T>C,,rs2128946131,
1142489,NM_005228.5(EGFR):c.495G>A (p.Arg165=),EGFR,Likely benign,"criteria provided, single submitter",,,c.495G>A,,rs2128929524,
1141733,NM_005228.5(EGFR):c.918G>A (p.Ser306=),EGFR,Likely benign,"criteria provided, multiple submitters, no conflicts",,,c.918G>A,,rs202182545,
1141613,NM_005228.5(EGFR):c.30G>T (p.Ala10=),EGFR,Likely benign,"criteria provided, multiple submitters, no conflicts",,,c.30G>T,,rs757936561,
1141546,NM_005228.5(EGFR):c.438C>A (p.Gly146=),EGFR,Likely benign,"criteria provided, single submitter",,,c.438C>A,,rs199637112,
1141518,NM_005228.5(EGFR):c.786C>T (p.Asp262=),EGFR,Likely benign,"criteria provided, multiple submitters, no conflicts",,,c.786C>T,,rs754997451,
1141440,NM_005228.5(EGFR):c.1887T>G (p.Thr629=),EGFR,Likely benign,"criteria provided, multiple submitters, no conflicts",,,c.1887T>G,,rs2227984,
1141425,NM_005228.5(EGFR):c.2062-4C>G,EGFR,Likely benign,"criteria provided, multiple submitters, no conflicts",,,NM_005228.5(EGFR):c.2062-4C>G,,rs199867889,
1140730,NM_005228.5(EGFR):c.378T>C (p.Asp126=),EGFR,Likely benign,"criteria provided, multiple submitters, no conflicts",,,c.378T>C,,rs1794581366,
1140215,NM_005228.5(EGFR):c.1755C>T (p.Tyr585=),EGFR,Likely benign,"criteria provided, single submitter",,,c.1755C>T,,rs2128946156,
1139842,NM_005228.5(EGFR):c.1722+10C>G,EGFR,Likely benign,"criteria provided, single submitter",,,NM_005228.5(EGFR):c.1722+10C>G,,rs1785829987,
1139503,NM_005228.5(EGFR):c.1296A>G (p.Gln432=),EGFR,Likely benign,"criteria provided, multiple submitters, no conflicts",,,c.1296A>G,,rs2128939793,
1139493,NM_005228.5(EGFR):c.285A>G (p.Thr95=),EGFR,Likely benign,"criteria provided, single submitter",,,c.285A>G,,rs1794574828,
1128881,NM_005228.5(EGFR):c.3288C>T (p.Ser1096=),EGFR,Likely benign,"criteria provided, multiple submitters, no conflicts",,,c.3288C>T,,rs143770509,
4870277,NM_005228.5(EGFR):c.504C>T (p.Val168=),EGFR,Likely benign,"criteria provided, single submitter",,,c.504C>T,,,
1128012,NM_005228.5(EGFR):c.2802T>A (p.Pro934=),EGFR,Likely benign,"criteria provided, single submitter",,,c.2802T>A,,rs2128968833,
1138472,NM_005228.5(EGFR):c.861T>C (p.Phe287=),EGFR,Likely benign,"criteria provided, multiple submitters, no conflicts",,,c.861T>C,,rs761685805,
1138436,NM_005228.5(EGFR):c.3024C>T (p.Asp1008=),EGFR,Likely benign,"criteria provided, multiple submitters, no conflicts",,,c.3024C>T,,rs747143752,
4870280,NM_005228.5(EGFR):c.2284-4C>A,EGFR,Likely benign,"criteria provided, single submitter",,,NM_005228.5(EGFR):c.2284-4C>A,,,
1137499,NM_005228.5(EGFR):c.3612C>T (p.Ser1204=),EGFR,Likely benign,"criteria provided, multiple submitters, no conflicts",,,c.3612C>T,,rs2128975673,
1137208,NM_005228.5(EGFR):c.1065T>C (p.Asn355=),EGFR,Likely benign,"criteria provided, single submitter",,,c.1065T>C,,rs1472380296,
1136866,NM_005228.5(EGFR):c.1133+7C>G,LOC126860048,Likely benign,"criteria provided, single submitter",,,NM_005228.5(EGFR):c.1133+7C>G,,rs748360099,
1136195,NM_005228.5(EGFR):c.465C>A (p.Ala155=),EGFR,Likely benign,"criteria provided, multiple submitters, no conflicts",,,c.465C>A,,rs1464928884,
1136140,NM_005228.5(EGFR):c.2034G>A (p.Thr678=),EGFR,Likely benign,"criteria provided, multiple submitters, no conflicts",,,c.2034G>A,,rs780214453,
1135476,NM_005228.5(EGFR):c.18G>C (p.Thr6=),EGFR,Likely benign,"criteria provided, multiple submitters, no conflicts",,,c.18G>C,,rs775964175,
1134958,NM_005228.5(EGFR):c.1499-4G>A,EGFR,Likely benign,"criteria provided, multiple submitters, no conflicts",,,NM_005228.5(EGFR):c.1499-4G>A,,rs577648478,
1134893,NM_005228.5(EGFR):c.897T>C (p.Tyr299=),EGFR,Likely benign,"criteria provided, single submitter",,,c.897T>C,,rs2128937340,
1134836,NM_005228.5(EGFR):c.3123C>G (p.Thr1041=),EGFR,Likely benign,"criteria provided, multiple submitters, no conflicts",,,c.3123C>G,,rs1351771123,
1134629,NM_005228.5(EGFR):c.1380T>C (p.Asp460=),EGFR,Likely benign,"criteria provided, single submitter",,,c.1380T>C,,rs2128941485,
1125059,NM_005228.5(EGFR):c.1698C>T (p.Ala566=),EGFR,Likely benign,"criteria provided, single submitter",,,c.1698C>T,,rs2128944764,
1125008,NM_005228.5(EGFR):c.1452C>T (p.Ser484=),EGFR,Likely benign,"criteria provided, multiple submitters, no conflicts",,,c.1452C>T,,rs568681121,
1124700,NM_005228.5(EGFR):c.396G>A (p.Leu132=),EGFR,Likely benign,"criteria provided, multiple submitters, no conflicts",,,c.396G>A,,rs1456006424,
1133569,NM_005228.5(EGFR):c.1499-10G>A,EGFR,Likely benign,"criteria provided, single submitter",,,NM_005228.5(EGFR):c.1499-10G>A,,rs767658282,
1133558,NM_005228.5(EGFR):c.243C>A (p.Thr81=),EGFR,Likely benign,"criteria provided, multiple submitters, no conflicts",,,c.243C>A,,rs1350159580,
1132569,NM_005228.5(EGFR):c.559+8T>A,EGFR,Likely benign,"criteria provided, single submitter",,,NM_005228.5(EGFR):c.559+8T>A,,rs967951017,
1132312,NM_005228.5(EGFR):c.1446G>A (p.Gly482=),EGFR,Likely benign,"criteria provided, multiple submitters, no conflicts",,,c.1446G>A,,rs1351950283,
1131285,NM_005228.5(EGFR):c.873C>T (p.Cys291=),EGFR,Likely benign,"criteria provided, multiple submitters, no conflicts",,,c.873C>T,,rs570790705,
4870282,NM_005228.5(EGFR):c.795C>T (p.Pro265=),EGFR,Likely benign,"criteria provided, single submitter",,,c.795C>T,,,
1131245,NM_005228.5(EGFR):c.468G>T (p.Leu156=),EGFR,Likely benign,"criteria provided, multiple submitters, no conflicts",,,c.468G>T,,rs149006234,
1130729,NM_005228.5(EGFR):c.1464C>A (p.Thr488=),EGFR,Likely benign,"criteria provided, single submitter",,,c.1464C>A,,rs773079786,
1130626,NM_005228.5(EGFR):c.3177C>T (p.Pro1059=),EGFR,Likely benign,"criteria provided, multiple submitters, no conflicts",,,c.3177C>T,,rs781578964,
1130264,NM_005228.5(EGFR):c.21C>T (p.Ala7=),EGFR,Likely benign,"criteria provided, multiple submitters, no conflicts",,,c.21C>T,,rs369581368,
1129998,NM_005228.5(EGFR):c.3600C>G (p.Val1200=),EGFR,Likely benign,"criteria provided, single submitter",,,c.3600C>G,,rs776176376,
1129985,NM_005228.5(EGFR):c.75G>A (p.Leu25=),EGFR,Likely benign,"criteria provided, multiple submitters, no conflicts",,,c.75G>A,,rs1786374869,
1119830,NM_005228.5(EGFR):c.1815C>T (p.Thr605=),EGFR,Likely benign,"criteria provided, single submitter",,,c.1815C>T,,rs2128946356,
1119820,NM_005228.5(EGFR):c.1101C>T (p.Gly367=),EGFR,Likely benign,"criteria provided, multiple submitters, no conflicts",,,c.1101C>T,,rs185327606,
1119628,NM_005228.5(EGFR):c.2702-6T>C,EGFR,Likely benign,"criteria provided, single submitter",,,NM_005228.5(EGFR):c.2702-6T>C,,rs2128968602,
1127930,NM_005228.5(EGFR):c.390C>T (p.Thr130=),EGFR,Likely benign,"criteria provided, multiple submitters, no conflicts",,,c.390C>T,,rs766093262,
1127135,NM_005228.5(EGFR):c.2283+8T>G,EGFR,Likely benign,"criteria provided, multiple submitters, no conflicts",,,NM_005228.5(EGFR):c.2283+8T>G,,rs908493878,
1126694,NM_005228.5(EGFR):c.2250A>G (p.Ala750=),EGFR,Likely benign,"criteria provided, multiple submitters, no conflicts",,,c.2250A>G,,rs2128954839,
1126501,NM_005228.5(EGFR):c.753C>T (p.Cys251=),EGFR,Likely benign,"criteria provided, multiple submitters, no conflicts",,,c.753C>T,,rs1031220918,
1126190,NM_005228.5(EGFR):c.282C>T (p.Asn94=),EGFR,Likely benign,"criteria provided, multiple submitters, no conflicts",,,c.282C>T,,rs1794574333,
1126036,NM_005228.5(EGFR):c.3105G>A (p.Leu1035=),EGFR,Likely benign,"criteria provided, single submitter",,,c.3105G>A,,rs1162463624,
1125781,NM_005228.5(EGFR):c.3198G>A (p.Leu1066=),EGFR,Likely benign,"criteria provided, multiple submitters, no conflicts",,,c.3198G>A,,rs1481791478,
1125756,NM_005228.5(EGFR):c.858C>T (p.Ser286=),EGFR,Likely benign,"criteria provided, multiple submitters, no conflicts",,,c.858C>T,,rs2128935112,
1125709,NM_005228.5(EGFR):c.2709T>A (p.Thr903=),EGFR,Likely benign,"criteria provided, single submitter",,,c.2709T>A,,rs1140475,
1125358,NM_005228.5(EGFR):c.3417C>T (p.Leu1139=),EGFR,Likely benign,"criteria provided, multiple submitters, no conflicts",,,c.3417C>T,,rs1309862564,
1116296,NM_005228.5(EGFR):c.1251C>T (p.Leu417=),EGFR,Likely benign,"criteria provided, multiple submitters, no conflicts",,,c.1251C>T,,rs767070097,
1115730,NM_005228.5(EGFR):c.12C>T (p.Ser4=),EGFR,Likely benign,"criteria provided, multiple submitters, no conflicts",,,c.12C>T,,rs1171634506,
1124408,NM_005228.5(EGFR):c.372C>T (p.Asn124=),EGFR,Likely benign,"criteria provided, multiple submitters, no conflicts",,,c.372C>T,,rs142553829,
1124057,NM_005228.5(EGFR):c.2706G>A (p.Val902=),EGFR,Likely benign,"criteria provided, multiple submitters, no conflicts",,,c.2706G>A,,rs2128968623,
1123894,NM_005228.5(EGFR):c.2625+9G>A,EGFR,Likely benign,"criteria provided, multiple submitters, no conflicts",,,NM_005228.5(EGFR):c.2625+9G>A,,rs369108256,
1121883,NM_005228.5(EGFR):c.2316C>T (p.Pro772=),EGFR-AS1,Likely benign,"criteria provided, single submitter",,,c.2316C>T,,rs761020556,
1121513,NM_005228.5(EGFR):c.2625+10T>C,EGFR,Likely benign,"criteria provided, single submitter",,,NM_005228.5(EGFR):c.2625+10T>C,,rs1423592561,
1120858,NM_005228.5(EGFR):c.522C>T (p.Ser174=),EGFR,Likely benign,"criteria provided, single submitter",,,c.522C>T,,rs2128929578,
1120807,NM_005228.5(EGFR):c.3225C>A (p.Gly1075=),EGFR,Likely benign,"criteria provided, multiple submitters, no conflicts",,,c.3225C>A,,rs140117937,
1119889,NM_005228.5(EGFR):c.1208-6T>C,EGFR,Likely benign,"criteria provided, single submitter",,,NM_005228.5(EGFR):c.1208-6T>C,,rs2128939580,
1112708,NM_005228.5(EGFR):c.2679C>T (p.His893=),EGFR,Likely benign,"criteria provided, single submitter",,,c.2679C>T,,rs2128965571,
1112406,NM_005228.5(EGFR):c.663G>A (p.Gly221=),EGFR,Likely benign,"criteria provided, multiple submitters, no conflicts",,,c.663G>A,,rs766104143,
1111424,NM_005228.5(EGFR):c.748-8C>T,EGFR,Likely benign,"criteria provided, single submitter",,,NM_005228.5(EGFR):c.748-8C>T,,rs2128934816,
1118852,NM_005228.5(EGFR):c.1395A>C (p.Gly465=),EGFR,Likely benign,"criteria provided, multiple submitters, no conflicts",,,c.1395A>C,,rs199754312,
1118580,NM_005228.5(EGFR):c.1596C>A (p.Gly532=),EGFR,Likely benign,"criteria provided, single submitter",,,c.1596C>A,,rs1785707564,
1117968,NM_005228.5(EGFR):c.45G>A (p.Leu15=),EGFR,Likely benign,"criteria provided, multiple submitters, no conflicts",,,c.45G>A,,rs1381057260,
1117846,NM_005228.5(EGFR):c.1995C>T (p.Gly665=),EGFR,Likely benign,"criteria provided, multiple submitters, no conflicts",,,c.1995C>T,,rs1383165136,
1117845,NM_005228.5(EGFR):c.2676C>A (p.Thr892=),EGFR,Likely benign,"criteria provided, multiple submitters, no conflicts",,,c.2676C>A,,rs1022452040,
1117548,NM_005228.5(EGFR):c.2709_2710inv (p.Val904Ile),EGFR,Likely benign,"criteria provided, multiple submitters, no conflicts",,,c.2709_2710inv,,,
1117539,NM_005228.5(EGFR):c.774C>T (p.Ala258=),EGFR,Likely benign,"criteria provided, multiple submitters, no conflicts",,,c.774C>T,,rs142569931,
1117243,NM_005228.5(EGFR):c.246C>T (p.Ile82=),EGFR,Likely benign,"criteria provided, multiple submitters, no conflicts",,,c.246C>T,,rs1327280506,
1117238,NM_005228.5(EGFR):c.1007-9T>C,EGFR,Likely benign,"criteria provided, single submitter",,,NM_005228.5(EGFR):c.1007-9T>C,,rs375173481,
1116633,NM_005228.5(EGFR):c.629-7T>G,EGFR,Likely benign,"criteria provided, single submitter",,,NM_005228.5(EGFR):c.629-7T>G,,rs749472815,
1116613,NM_005228.5(EGFR):c.2019C>T (p.Ile673=),EGFR,Likely benign,"criteria provided, multiple submitters, no conflicts",,,c.2019C>T,,rs763193362,
1116350,NM_005228.5(EGFR):c.2061+7G>A,EGFR,Likely benign,"criteria provided, single submitter",,,NM_005228.5(EGFR):c.2061+7G>A,,rs2128952744,
1107079,NM_005228.5(EGFR):c.249G>A (p.Gln83=),EGFR,Likely benign,"criteria provided, multiple submitters, no conflicts",,,c.249G>A,,rs939737982,
1106746,NM_005228.5(EGFR):c.738C>T (p.Ser246=),EGFR,Likely benign,"criteria provided, multiple submitters, no conflicts",,,c.738C>T,,rs772130986,
1106163,NM_005228.5(EGFR):c.930C>T (p.Ala310=),EGFR,Likely benign,"criteria provided, single submitter",,,c.930C>T,,rs2128937422,
1115604,NM_005228.5(EGFR):c.2849-9C>T,EGFR,Likely benign,"criteria provided, single submitter",,,NM_005228.5(EGFR):c.2849-9C>T,,rs879003534,
1115380,NM_005228.5(EGFR):c.141T>C (p.His47=),EGFR,Likely benign,"criteria provided, single submitter",,,c.141T>C,,rs2128926225,
1115030,NM_005228.5(EGFR):c.729C>T (p.Pro243=),EGFR,Likely benign,"criteria provided, single submitter",,,c.729C>T,,rs2128933879,
1114965,NM_005228.5(EGFR):c.1302T>C (p.Gly434=),EGFR,Likely benign,"criteria provided, multiple submitters, no conflicts",,,c.1302T>C,,rs2128941282,
1114946,NM_005228.5(EGFR):c.264T>C (p.Tyr88=),EGFR,Likely benign,"criteria provided, multiple submitters, no conflicts",,,c.264T>C,,rs1794573435,
1114935,NM_005228.5(EGFR):c.3027C>T (p.Asp1009=),EGFR,Likely benign,"criteria provided, multiple submitters, no conflicts",,,c.3027C>T,,rs754193639,
1114641,NM_005228.5(EGFR):c.3534C>T (p.Pro1178=),EGFR,Likely benign,"criteria provided, single submitter",,,c.3534C>T,,rs1788075339,
1114228,NM_005228.5(EGFR):c.1674C>T (p.Cys558=),EGFR,Likely benign,"criteria provided, multiple submitters, no conflicts",,,c.1674C>T,,rs781514400,
1113958,NM_005228.5(EGFR):c.918G>C (p.Ser306=),EGFR,Likely benign,"criteria provided, multiple submitters, no conflicts",,,c.918G>C,,rs202182545,
1113931,NM_005228.5(EGFR):c.1137C>T (p.Asp379=),EGFR,Likely benign,"criteria provided, multiple submitters, no conflicts",,,c.1137C>T,,rs2128938667,
1113282,NM_005228.5(EGFR):c.2697C>T (p.Ser899=),EGFR,Likely benign,"criteria provided, multiple submitters, no conflicts",,,c.2697C>T,,rs1584258552,
1112709,NM_005228.5(EGFR):c.1662G>A (p.Glu554=),EGFR,Likely benign,"criteria provided, multiple submitters, no conflicts",,,c.1662G>A,,rs2128944669,
1103586,NM_005228.5(EGFR):c.2688T>C (p.Asp896=),EGFR,Likely benign,"criteria provided, multiple submitters, no conflicts",,,c.2688T>C,,rs1385329263,
1103363,NM_005228.5(EGFR):c.339C>T (p.Tyr113=),EGFR,Likely benign,"criteria provided, multiple submitters, no conflicts",,,c.339C>T,,rs374582814,
1110989,NM_005228.5(EGFR):c.834T>C (p.Asp278=),EGFR,Likely benign,"criteria provided, multiple submitters, no conflicts",,,c.834T>C,,rs774995708,
1110981,NM_005228.5(EGFR):c.425-8T>C,EGFR,Likely benign,"criteria provided, single submitter",,,NM_005228.5(EGFR):c.425-8T>C,,rs2128929383,
1110980,NM_005228.5(EGFR):c.1773C>T (p.Cys591=),EGFR,Likely benign,"criteria provided, multiple submitters, no conflicts",,,c.1773C>T,,rs767304301,
1110311,NM_005228.5(EGFR):c.117G>A (p.Thr39=),EGFR,Likely benign,"criteria provided, multiple submitters, no conflicts",,,c.117G>A,,rs777186292,
1109649,NM_005228.5(EGFR):c.2877A>T (p.Pro959=),EGFR,Likely benign,"criteria provided, multiple submitters, no conflicts",,,c.2877A>T,,rs952677320,
1109031,NM_005228.5(EGFR):c.2702-9T>C,EGFR,Likely benign,"criteria provided, single submitter",,,NM_005228.5(EGFR):c.2702-9T>C,,rs2128968597,
1108720,NM_005228.5(EGFR):c.252G>A (p.Glu84=),EGFR,Likely benign,"criteria provided, multiple submitters, no conflicts",,,c.252G>A,,rs1282801317,
1108695,NM_005228.5(EGFR):c.1114C>T (p.Leu372=),EGFR,Likely benign,"criteria provided, multiple submitters, no conflicts",,,c.1114C>T,,rs1785431681,
1108351,NM_005228.5(EGFR):c.1881-9T>G,EGFR,Likely benign,"criteria provided, single submitter",,,NM_005228.5(EGFR):c.1881-9T>G,,rs1019176003,
1108349,NM_005228.5(EGFR):c.3354G>A (p.Ala1118=),EGFR,Likely benign,"criteria provided, multiple submitters, no conflicts",,,c.3354G>A,,rs199838215,
1099556,NM_005228.5(EGFR):c.2062-8C>T,EGFR,Likely benign,"criteria provided, multiple submitters, no conflicts",,,NM_005228.5(EGFR):c.2062-8C>T,,rs2128953479,
1099247,NM_005228.5(EGFR):c.2061+10A>G,EGFR,Likely benign,"criteria provided, single submitter",,,NM_005228.5(EGFR):c.2061+10A>G,,rs1786434046,
1097889,NM_005228.5(EGFR):c.1208-9_1208-6del,EGFR,Likely benign,"criteria provided, single submitter",,,NM_005228.5(EGFR):c.1208-9_1208-6del,,rs762851633,
1105811,NM_005228.5(EGFR):c.2019C>A (p.Ile673=),EGFR,Likely benign,"criteria provided, multiple submitters, no conflicts",,,c.2019C>A,,rs763193362,
1105787,NM_005228.5(EGFR):c.276C>T (p.Ala92=),EGFR,Likely benign,"criteria provided, multiple submitters, no conflicts",,,c.276C>T,,rs1213870405,
1105146,NM_005228.5(EGFR):c.822G>A (p.Thr274=),EGFR,Likely benign,"criteria provided, multiple submitters, no conflicts",,,c.822G>A,,rs749588554,
1105080,NM_005228.5(EGFR):c.963C>T (p.Asp321=),EGFR,Likely benign,"criteria provided, multiple submitters, no conflicts",,,c.963C>T,,rs764038041,
1105079,NM_005228.5(EGFR):c.1938C>T (p.Ile646=),EGFR,Likely benign,"criteria provided, multiple submitters, no conflicts",,,c.1938C>T,,rs760450694,
1104895,NM_005228.5(EGFR):c.72T>G (p.Ala24=),EGFR,Likely benign,"criteria provided, multiple submitters, no conflicts",,,c.72T>G,,rs1309426409,
1104879,NM_005228.5(EGFR):c.2034G>T (p.Thr678=),EGFR,Likely benign,"criteria provided, multiple submitters, no conflicts",,,c.2034G>T,,rs780214453,
1104398,NM_005228.5(EGFR):c.594C>T (p.Ser198=),EGFR,Likely benign,"criteria provided, multiple submitters, no conflicts",,,c.594C>T,,rs370376501,
1104208,NM_005228.5(EGFR):c.2523G>A (p.Arg841=),EGFR,Likely benign,"criteria provided, multiple submitters, no conflicts",,,c.2523G>A,,rs773720036,
1103862,NM_005228.5(EGFR):c.702C>T (p.Asn234=),EGFR,Likely benign,"criteria provided, multiple submitters, no conflicts",,,c.702C>T,,rs940465245,
1103812,NM_005228.5(EGFR):c.138T>C (p.Asp46=),EGFR,Likely benign,"criteria provided, multiple submitters, no conflicts",,,c.138T>C,,rs1052582656,
1103722,NM_005228.5(EGFR):c.3087G>A (p.Thr1029=),EGFR,Likely benign,"criteria provided, multiple submitters, no conflicts",,,c.3087G>A,,rs141489713,
1095007,NM_005228.5(EGFR):c.3450A>G (p.Thr1150=),EGFR,Likely benign,"criteria provided, multiple submitters, no conflicts",,,c.3450A>G,,rs377189448,
1102815,NM_005228.5(EGFR):c.1857G>A (p.Leu619=),EGFR,Likely benign,"criteria provided, multiple submitters, no conflicts",,,c.1857G>A,,rs1785923936,
1102720,NM_005228.5(EGFR):c.777G>A (p.Thr259=),EGFR,Likely benign,"criteria provided, multiple submitters, no conflicts",,,c.777G>A,,rs751873368,
1102604,NM_005228.5(EGFR):c.855C>T (p.Tyr285=),EGFR,Likely benign,"criteria provided, multiple submitters, no conflicts",,,c.855C>T,,rs2128935103,
1102223,NM_005228.5(EGFR):c.180G>T (p.Val60=),EGFR,Likely benign,"criteria provided, single submitter",,,c.180G>T,,rs1171516758,
1101846,NM_005228.5(EGFR):c.1722+8C>T,EGFR,Likely benign,"criteria provided, single submitter",,,NM_005228.5(EGFR):c.1722+8C>T,,rs1785829818,
1101487,NM_005228.5(EGFR):c.2061+10A>C,EGFR,Likely benign,"criteria provided, single submitter",,,NM_005228.5(EGFR):c.2061+10A>C,,rs1786434046,
1100815,NM_005228.5(EGFR):c.1816C>T (p.Leu606=),EGFR,Likely benign,"criteria provided, multiple submitters, no conflicts",,,c.1816C>T,,rs143152775,
1100469,NM_005228.5(EGFR):c.606A>C (p.Ala202=),EGFR,Likely benign,"criteria provided, multiple submitters, no conflicts",,,c.606A>C,,rs748320322,
1091200,NM_005228.5(EGFR):c.3288C>G (p.Ser1096=),EGFR,Likely benign,"criteria provided, multiple submitters, no conflicts",,,c.3288C>G,,rs143770509,
1091165,NM_005228.5(EGFR):c.2058G>A (p.Arg686=),EGFR,Likely benign,"criteria provided, multiple submitters, no conflicts",,,c.2058G>A,,rs1173579060,
1090939,NM_005228.5(EGFR):c.560-8del,EGFR,Likely benign,"criteria provided, single submitter",,,NM_005228.5(EGFR):c.560-8del,,rs2128932425,
1097544,NM_005228.5(EGFR):c.3396A>G (p.Ala1132=),EGFR,Likely benign,"criteria provided, single submitter",,,c.3396A>G,,rs2128975288,
1097507,NM_005228.5(EGFR):c.3366C>T (p.Asp1122=),EGFR,Likely benign,"criteria provided, multiple submitters, no conflicts",,,c.3366C>T,,rs771991966,
1097467,NM_005228.5(EGFR):c.1569C>T (p.Cys523=),EGFR,Likely benign,"criteria provided, multiple submitters, no conflicts",,,c.1569C>T,,rs761127339,
1096757,NM_005228.5(EGFR):c.1275C>T (p.Ile425=),EGFR,Likely benign,"criteria provided, multiple submitters, no conflicts",,,c.1275C>T,,rs1014299306,
1096755,NM_005228.5(EGFR):c.3163-8T>C,EGFR,Likely benign,"criteria provided, single submitter",,,NM_005228.5(EGFR):c.3163-8T>C,,rs1167611823,
1096225,NM_005228.5(EGFR):c.1536C>G (p.Pro512=),EGFR,Likely benign,"criteria provided, single submitter",,,c.1536C>G,,rs374670788,
1096113,NM_005228.5(EGFR):c.1880+7G>A,EGFR,Likely benign,"criteria provided, single submitter",,,NM_005228.5(EGFR):c.1880+7G>A,,rs372880455,
1095453,NM_005228.5(EGFR):c.3405C>T (p.Asn1135=),EGFR,Likely benign,"criteria provided, single submitter",,,c.3405C>T,,rs765499904,
1095450,NM_005228.5(EGFR):c.51G>T (p.Ala17=),EGFR,Likely benign,"criteria provided, multiple submitters, no conflicts",,,c.51G>T,,rs1786371421,
1095449,NM_005228.5(EGFR):c.1515C>A (p.Val505=),EGFR,Likely benign,"criteria provided, single submitter",,,c.1515C>A,,rs1357037344,
1095129,NM_005228.5(EGFR):c.1371T>C (p.Ser457=),EGFR,Likely benign,"criteria provided, multiple submitters, no conflicts",,,c.1371T>C,,rs755147377,
1086216,NM_005228.5(EGFR):c.639C>A (p.Ile213=),EGFR,Likely benign,"criteria provided, multiple submitters, no conflicts",,,c.639C>A,,rs1785210903,
1085886,NM_005228.5(EGFR):c.3351C>T (p.Pro1117=),EGFR,Likely benign,"criteria provided, multiple submitters, no conflicts",,,c.3351C>T,,rs149995949,
1085552,NM_005228.5(EGFR):c.3408C>T (p.Pro1136=),EGFR,Likely benign,"criteria provided, multiple submitters, no conflicts",,,c.3408C>T,,rs762946118,
1094847,NM_005228.5(EGFR):c.1764C>T (p.Gly588=),EGFR,Likely benign,"criteria provided, multiple submitters, no conflicts",,,c.1764C>T,,rs1584200875,
1093846,NM_005228.5(EGFR):c.1584T>C (p.Asn528=),EGFR,Likely benign,"criteria provided, multiple submitters, no conflicts",,,c.1584T>C,,rs765534683,
1093629,NM_005228.5(EGFR):c.288G>T (p.Val96=),EGFR,Likely benign,"criteria provided, single submitter",,,c.288G>T,,rs751744275,
1093622,NM_005228.5(EGFR):c.924C>A (p.Val308=),EGFR,Likely benign,"criteria provided, single submitter",,,c.924C>A,,rs1204280975,
1093505,NM_005228.5(EGFR):c.102G>A (p.Thr34=),EGFR,Likely benign,"criteria provided, multiple submitters, no conflicts",,,c.102G>A,,rs148679319,
1093178,NM_005228.5(EGFR):c.1880+9A>G,EGFR,Likely benign,"criteria provided, single submitter",,,NM_005228.5(EGFR):c.1880+9A>G,,rs1015042639,
1092396,NM_005228.5(EGFR):c.1269A>G (p.Leu423=),EGFR,Likely benign,"criteria provided, multiple submitters, no conflicts",,,c.1269A>G,,rs763830096,
1092210,NM_005228.5(EGFR):c.3615T>C (p.Ser1205=),EGFR,Likely benign,"criteria provided, single submitter",,,c.3615T>C,,rs2128975681,
1091892,NM_005228.5(EGFR):c.555C>T (p.Gly185=),EGFR,Likely benign,"criteria provided, single submitter",,,c.555C>T,,rs2128929658,
1091858,NM_005228.5(EGFR):c.1767C>T (p.Pro589=),EGFR,Likely benign,"criteria provided, multiple submitters, no conflicts",,,c.1767C>T,,rs754671343,
1091525,NM_005228.5(EGFR):c.3272-9C>T,EGFR,Likely benign,"criteria provided, single submitter",,,NM_005228.5(EGFR):c.3272-9C>T,,rs1305943719,
1080040,NM_005228.5(EGFR):c.837G>A (p.Val279=),EGFR,Likely benign,"criteria provided, multiple submitters, no conflicts",,,c.837G>A,,rs1785290626,
1079749,NM_005228.5(EGFR):c.969C>A (p.Val323=),EGFR,Likely benign,"criteria provided, multiple submitters, no conflicts",,,c.969C>A,,rs201040971,
1079191,NM_005228.5(EGFR):c.3450A>T (p.Thr1150=),EGFR,Likely benign,"criteria provided, single submitter",,,c.3450A>T,,rs377189448,
1090500,NM_005228.5(EGFR):c.1812C>T (p.Asn604=),EGFR,Likely benign,"criteria provided, multiple submitters, no conflicts",,,c.1812C>T,,rs773064203,
1090488,NM_005228.5(EGFR):c.1761C>T (p.Asp587=),EGFR,Likely benign,"criteria provided, multiple submitters, no conflicts",,,c.1761C>T,,rs766220964,
1089856,NM_005228.5(EGFR):c.18G>T (p.Thr6=),EGFR,Likely benign,"criteria provided, multiple submitters, no conflicts",,,c.18G>T,,rs775964175,
1089624,NM_005228.5(EGFR):c.3546G>A (p.Lys1182=),EGFR,Likely benign,"criteria provided, single submitter",,,c.3546G>A,,rs2128975555,
1089261,NM_005228.5(EGFR):c.1263G>A (p.Glu421=),EGFR,Likely benign,"criteria provided, single submitter",,,c.1263G>A,,rs2128939704,
1089229,NM_005228.5(EGFR):c.792C>T (p.Cys264=),EGFR,Likely benign,"criteria provided, multiple submitters, no conflicts",,,c.792C>T,,rs781427942,
1088969,NM_005228.5(EGFR):c.1788G>T (p.Pro596=),EGFR,Likely benign,"criteria provided, multiple submitters, no conflicts",,,c.1788G>T,,rs17290162,
1088547,NM_005228.5(EGFR):c.2154G>C (p.Leu718=),EGFR,Likely benign,"criteria provided, single submitter",,,c.2154G>C,,rs397517088,
1088283,NM_005228.5(EGFR):c.1848G>A (p.Val616=),EGFR,Likely benign,"criteria provided, multiple submitters, no conflicts",,,c.1848G>A,,rs1186822976,
1087967,NM_005228.5(EGFR):c.3272-8A>G,EGFR,Likely benign,"criteria provided, single submitter",,,NM_005228.5(EGFR):c.3272-8A>G,,rs2128975058,
1086925,NM_005228.5(EGFR):c.747+7T>C,EGFR,Likely benign,"criteria provided, single submitter",,,NM_005228.5(EGFR):c.747+7T>C,,rs2128933922,
1086626,NM_005228.5(EGFR):c.2325C>T (p.Cys775=),EGFR,Likely benign,"criteria provided, single submitter",,,c.2325C>T,,rs2128958535,
1086604,NM_005228.5(EGFR):c.1365G>A (p.Glu455=),EGFR,Likely benign,"criteria provided, multiple submitters, no conflicts",,,c.1365G>A,,rs1271906994,
3002788,NM_005228.5(EGFR):c.1207+20A>G,EGFR,Likely benign,"criteria provided, single submitter",,,NM_005228.5(EGFR):c.1207+20A>G,,rs1785446684,
3002277,NM_005228.5(EGFR):c.2701+9T>A,EGFR,Likely benign,"criteria provided, single submitter",,,NM_005228.5(EGFR):c.2701+9T>A,,rs774668879,
3002107,NM_005228.5(EGFR):c.2184+19_2184+20delinsAT,EGFR,Likely benign,"criteria provided, single submitter",,,NM_005228.5(EGFR):c.2184+19_2184+20delinsAT,,rs2534726343,
1085216,NM_005228.5(EGFR):c.1728A>T (p.Pro576=),EGFR,Likely benign,"criteria provided, multiple submitters, no conflicts",,,c.1728A>T,,rs538447477,
1084909,NM_005228.5(EGFR):c.777G>T (p.Thr259=),EGFR,Likely benign,"criteria provided, multiple submitters, no conflicts",,,c.777G>T,,rs751873368,
1084693,NM_005228.5(EGFR):c.2049G>A (p.Leu683=),EGFR,Likely benign,"criteria provided, single submitter",,,c.2049G>A,,rs2128952694,
1084267,NM_005228.5(EGFR):c.840C>T (p.Asn280=),EGFR,Likely benign,"criteria provided, multiple submitters, no conflicts",,,c.840C>T,,rs1785290769,
1083063,NM_005228.5(EGFR):c.270C>T (p.Leu90=),EGFR,Likely benign,"criteria provided, single submitter",,,c.270C>T,,rs2128927231,
1082747,NM_005228.5(EGFR):c.843C>G (p.Pro281=),EGFR,Likely benign,"criteria provided, single submitter",,,c.843C>G,,rs746685847,
1082312,NM_005228.5(EGFR):c.3033G>A (p.Val1011=),EGFR,Likely benign,"criteria provided, multiple submitters, no conflicts",,,c.3033G>A,,rs1214590403,
1082079,NM_005228.5(EGFR):c.1011T>C (p.Cys337=),EGFR,Likely benign,"criteria provided, multiple submitters, no conflicts",,,c.1011T>C,,rs2128938150,
1081974,NM_005228.5(EGFR):c.3272-7C>T,EGFR,Likely benign,"criteria provided, single submitter",,,NM_005228.5(EGFR):c.3272-7C>T,,rs1788061472,
1081723,NM_005228.5(EGFR):c.1947G>C (p.Gly649=),EGFR,Likely benign,"criteria provided, single submitter",,,c.1947G>C,,rs531361756,
1081662,NM_005228.5(EGFR):c.3105G>T (p.Leu1035=),EGFR,Likely benign,"criteria provided, single submitter",,,c.3105G>T,,rs1162463624,
1081367,NM_005228.5(EGFR):c.1167A>G (p.Pro389=),EGFR,Likely benign,"criteria provided, multiple submitters, no conflicts",,,c.1167A>G,,rs777959179,
3008673,NM_005228.5(EGFR):c.2469+15G>A,EGFR-AS1,Likely benign,"criteria provided, single submitter",,,NM_005228.5(EGFR):c.2469+15G>A,,rs1229324334,
1078826,NM_005228.5(EGFR):c.3240C>T (p.Asp1080=),EGFR,Likely benign,"criteria provided, single submitter",,,c.3240C>T,,rs1229158856,
1078115,NM_005228.5(EGFR):c.228T>G (p.Leu76=),EGFR,Likely benign,"criteria provided, multiple submitters, no conflicts",,,c.228T>G,,rs2128926436,
1077491,NM_005228.5(EGFR):c.891T>C (p.Arg297=),EGFR,Likely benign,"criteria provided, single submitter",,,c.891T>C,,rs2128937326,
1077452,NM_005228.5(EGFR):c.3411G>A (p.Glu1137=),EGFR,Likely benign,"criteria provided, single submitter",,,c.3411G>A,,rs2128975308,
1064138,NM_005228.5(EGFR):c.425-4G>T,EGFR,Likely benign,"criteria provided, single submitter",,,NM_005228.5(EGFR):c.425-4G>T,,rs181831531,
1061995,NM_005228.5(EGFR):c.1122G>A (p.Val374=),EGFR,Likely benign,"criteria provided, single submitter",,,c.1122G>A,,rs2128938441,
3007568,NM_005228.5(EGFR):c.1006+16G>A,EGFR,Likely benign,"criteria provided, single submitter",,,NM_005228.5(EGFR):c.1006+16G>A,,rs914167859,
3006322,NM_005228.5(EGFR):c.88+19G>A,EGFR,Likely benign,"criteria provided, single submitter",,,NM_005228.5(EGFR):c.88+19G>A,,rs1786377810,
3005777,NM_005228.5(EGFR):c.2023C>A (p.Arg675=),EGFR,Likely benign,"criteria provided, single submitter",,,c.2023C>A,,rs1786429872,
3004958,NM_005228.5(EGFR):c.1880+15A>G,EGFR,Likely benign,"criteria provided, single submitter",,,NM_005228.5(EGFR):c.1880+15A>G,,rs2128946570,
3004854,NM_005228.5(EGFR):c.1524C>T (p.Ala508=),EGFR,Likely benign,"criteria provided, single submitter",,,c.1524C>T,,rs1329574001,
3004185,NM_005228.5(EGFR):c.628+20C>T,EGFR,Likely benign,"criteria provided, single submitter",,,NM_005228.5(EGFR):c.628+20C>T,,rs2128932696,
3003387,NM_005228.5(EGFR):c.2284-14C>G,EGFR-AS1,Likely benign,"criteria provided, single submitter",,,NM_005228.5(EGFR):c.2284-14C>G,,rs776154077,
3020258,NM_005228.5(EGFR):c.2874C>T (p.Arg958=),EGFR,Likely benign,"criteria provided, multiple submitters, no conflicts",,,c.2874C>T,,rs1425520952,
3018200,NM_005228.5(EGFR):c.159G>A (p.Arg53=),EGFR,Likely benign,"criteria provided, single submitter",,,c.159G>A,,rs2128926267,
3017882,NM_005228.5(EGFR):c.3543C>G (p.Ala1181=),EGFR,Likely benign,"criteria provided, multiple submitters, no conflicts",,,c.3543C>G,,rs1788075764,
3015149,NM_005228.5(EGFR):c.2947-5A>G,EGFR,Likely benign,"criteria provided, single submitter",,,NM_005228.5(EGFR):c.2947-5A>G,,rs758106039,
3014442,NM_005228.5(EGFR):c.1007-8C>A,EGFR,Likely benign,"criteria provided, single submitter",,,NM_005228.5(EGFR):c.1007-8C>A,,rs2128938125,
3010972,NM_005228.5(EGFR):c.1881-14T>C,EGFR,Likely benign,"criteria provided, single submitter",,,NM_005228.5(EGFR):c.1881-14T>C,,rs771331347,
3010441,NM_005228.5(EGFR):c.1290C>G (p.Thr430=),EGFR,Likely benign,"criteria provided, single submitter",,,c.1290C>G,,rs1460415933,
3010190,NM_005228.5(EGFR):c.1245G>C (p.Thr415=),EGFR,Likely benign,"criteria provided, multiple submitters, no conflicts",,,c.1245G>C,,rs774121381,
3009473,NM_005228.5(EGFR):c.1631+15C>A,EGFR,Likely benign,"criteria provided, single submitter",,,NM_005228.5(EGFR):c.1631+15C>A,,rs753761347,
3009100,NM_005228.5(EGFR):c.363C>G (p.Val121=),EGFR,Likely benign,"criteria provided, multiple submitters, no conflicts",,,c.363C>G,,rs1239989208,
3008785,NM_005228.5(EGFR):c.117G>C (p.Thr39=),EGFR,Likely benign,"criteria provided, single submitter",,,c.117G>C,,rs777186292,
3008772,NM_005228.5(EGFR):c.1880+19A>T,EGFR,Likely benign,"criteria provided, single submitter",,,NM_005228.5(EGFR):c.1880+19A>T,,rs1785927627,
1059070,NM_005228.5(EGFR):c.3423T>A (p.Thr1141=),EGFR,Likely benign,"criteria provided, multiple submitters, no conflicts",,,c.3423T>A,,rs781668422,
1058478,NM_005228.5(EGFR):c.18G>A (p.Thr6=),EGFR,Likely benign,"criteria provided, multiple submitters, no conflicts",,,c.18G>A,,rs775964175,
3043888,NM_005228.5(EGFR):c.3271+145C>T,EGFR,Likely benign,no assertion criteria provided,,,NM_005228.5(EGFR):c.3271+145C>T,,rs138407473,
3032311,NM_005228.5(EGFR):c.402G>A (p.Glu134=),EGFR,Likely benign,"criteria provided, multiple submitters, no conflicts",,,c.402G>A,,rs2128927537,
3030861,NM_005228.5(EGFR):c.*9G>A,EGFR,Likely benign,no assertion criteria provided,,,NM_005228.5(EGFR):c.*9G>A,,rs200914796,
3030173,NM_005228.5(EGFR):c.1881-715G>A,EGFR,Likely benign,no assertion criteria provided,,,NM_005228.5(EGFR):c.1881-715G>A,,rs746105512,
3022784,NM_005228.5(EGFR):c.432G>A (p.Leu144=),EGFR,Likely benign,"criteria provided, single submitter",,,c.432G>A,,rs986491958,
3022756,NM_005228.5(EGFR):c.3597G>A (p.Arg1199=),EGFR,Likely benign,"criteria provided, multiple submitters, no conflicts",,,c.3597G>A,,rs1788078314,
3022457,NM_005228.5(EGFR):c.1498+10C>A,EGFR,Likely benign,"criteria provided, single submitter",,,NM_005228.5(EGFR):c.1498+10C>A,,rs767711610,
3022266,NM_005228.5(EGFR):c.1911A>T (p.Pro637=),EGFR,Likely benign,"criteria provided, multiple submitters, no conflicts",,,c.1911A>T,,rs1786333684,
3021943,NM_005228.5(EGFR):c.2010G>A (p.Arg670=),EGFR,Likely benign,"criteria provided, multiple submitters, no conflicts",,,c.2010G>A,,rs776875545,
3021434,NM_005228.5(EGFR):c.2283+9C>G,EGFR,Likely benign,"criteria provided, single submitter",,,NM_005228.5(EGFR):c.2283+9C>G,,rs2128954922,
3507142,NM_005228.5(EGFR):c.2289C>A (p.Ala763=),EGFR,Likely benign,"criteria provided, single submitter",,,c.2289C>A,,,
3356849,NM_005228.5(EGFR):c.3271+29C>T,EGFR,Likely benign,no assertion criteria provided,,,NM_005228.5(EGFR):c.3271+29C>T,,,
3274753,NM_005228.5(EGFR):c.2382C>A (p.Pro794=),EGFR,Likely benign,"criteria provided, single submitter",,,c.2382C>A,,,
3274752,NM_005228.5(EGFR):c.2301C>T (p.Ala767=),EGFR,Likely benign,"criteria provided, multiple submitters, no conflicts",,,c.2301C>T,,,
3274750,NM_005228.5(EGFR):c.2358G>T (p.Val786=),EGFR,Likely benign,"criteria provided, single submitter",,,c.2358G>T,,,
3507184,NM_005228.5(EGFR):c.3609A>G (p.Gln1203=),EGFR,Likely benign,"criteria provided, multiple submitters, no conflicts",,,c.3609A>G,,,
3507181,NM_005228.5(EGFR):c.3477G>A (p.Gln1159=),EGFR,Likely benign,"criteria provided, multiple submitters, no conflicts",,,c.3477G>A,,,
3507180,NM_005228.5(EGFR):c.1978G>T (p.Val660Leu),EGFR,Likely benign,"criteria provided, single submitter",,,c.1978G>T,,,
3507176,NM_005228.5(EGFR):c.1554G>C (p.Pro518=),EGFR,Likely benign,"criteria provided, single submitter",,,c.1554G>C,,,
3507175,NM_005228.5(EGFR):c.3346A>C (p.Asn1116His),EGFR,Likely benign,"criteria provided, single submitter",,,c.3346A>C,,,
3507173,NM_005228.5(EGFR):c.363C>A (p.Val121=),EGFR,Likely benign,"criteria provided, single submitter",,,c.363C>A,,,
3507171,NM_005228.5(EGFR):c.480G>T (p.Glu160Asp),EGFR,Likely benign,"criteria provided, single submitter",,,c.480G>T,,,
3507168,NM_005228.5(EGFR):c.2046G>A (p.Leu682=),EGFR,Likely benign,"criteria provided, single submitter",,,c.2046G>A,,,
3507167,NM_005228.5(EGFR):c.879G>A (p.Lys293=),EGFR,Likely benign,"criteria provided, multiple submitters, no conflicts",,,c.879G>A,,,
3507165,NM_005228.5(EGFR):c.3608A>C (p.Gln1203Pro),EGFR,Likely benign,"criteria provided, single submitter",,,c.3608A>C,,,
3507158,NM_005228.5(EGFR):c.2295G>A (p.Val765=),EGFR,Likely benign,"criteria provided, single submitter",,,c.2295G>A,,,
3507153,NM_005228.5(EGFR):c.2313C>T (p.Asn771=),EGFR-AS1,Likely benign,"criteria provided, single submitter",,,c.2313C>T,,,
3507151,NM_005228.5(EGFR):c.2370G>C (p.Thr790=),EGFR-AS1,Likely benign,"criteria provided, single submitter",,,c.2370G>C,,,
3614408,NM_005228.5(EGFR):c.156G>A (p.Gln52=),EGFR,Likely benign,"criteria provided, multiple submitters, no conflicts",,,c.156G>A,,,
3614112,NM_005228.5(EGFR):c.3387C>T (p.His1129=),EGFR,Likely benign,"criteria provided, single submitter",,,c.3387C>T,,,
3613260,NM_005228.5(EGFR):c.231C>T (p.Ser77=),EGFR,Likely benign,"criteria provided, single submitter",,,c.231C>T,,,
3613006,NM_005228.5(EGFR):c.890-8T>C,EGFR,Likely benign,"criteria provided, single submitter",,,NM_005228.5(EGFR):c.890-8T>C,,,
3611602,NM_005228.5(EGFR):c.1944T>C (p.Thr648=),EGFR,Likely benign,"criteria provided, multiple submitters, no conflicts",,,c.1944T>C,,,
3610081,NM_005228.5(EGFR):c.1875C>T (p.Thr625=),EGFR,Likely benign,"criteria provided, multiple submitters, no conflicts",,,c.1875C>T,,,
3609520,NM_005228.5(EGFR):c.2625+19G>C,EGFR,Likely benign,"criteria provided, single submitter",,,NM_005228.5(EGFR):c.2625+19G>C,,,
3607217,NM_005228.5(EGFR):c.3216C>T (p.Asp1072=),EGFR,Likely benign,"criteria provided, single submitter",,,c.3216C>T,,,
3605556,NM_005228.5(EGFR):c.1299-9C>T,EGFR,Likely benign,"criteria provided, single submitter",,,NM_005228.5(EGFR):c.1299-9C>T,,,
3604415,NM_005228.5(EGFR):c.1128T>C (p.Phe376=),EGFR,Likely benign,"criteria provided, multiple submitters, no conflicts",,,c.1128T>C,,,
1054732,NM_005228.5(EGFR):c.1086C>T (p.Cys362=),LOC126860048,Likely benign,"criteria provided, multiple submitters, no conflicts",,,c.1086C>T,,rs547057636,
1052712,NM_005228.5(EGFR):c.1872C>T (p.Cys624=),EGFR,Likely benign,"criteria provided, multiple submitters, no conflicts",,,c.1872C>T,,rs769203592,
3628519,NM_005228.5(EGFR):c.1458G>A (p.Gln486=),EGFR,Likely benign,"criteria provided, multiple submitters, no conflicts",,,c.1458G>A,,,
3627687,NM_005228.5(EGFR):c.1890G>A (p.Gly630=),EGFR,Likely benign,"criteria provided, single submitter",,,c.1890G>A,,,
3627030,NM_005228.5(EGFR):c.2284-17C>G,EGFR,Likely benign,"criteria provided, single submitter",,,NM_005228.5(EGFR):c.2284-17C>G,,,
3626621,NM_005228.5(EGFR):c.3343C>T (p.Leu1115=),EGFR,Likely benign,"criteria provided, single submitter",,,c.3343C>T,,,
3624555,NM_005228.5(EGFR):c.3375C>T (p.Tyr1125=),EGFR,Likely benign,"criteria provided, multiple submitters, no conflicts",,,c.3375C>T,,,
3624319,NM_005228.5(EGFR):c.3114+7A>T,EGFR,Likely benign,"criteria provided, single submitter",,,NM_005228.5(EGFR):c.3114+7A>T,,,
3622141,NM_005228.5(EGFR):c.951G>A (p.Glu317=),EGFR,Likely benign,"criteria provided, multiple submitters, no conflicts",,,c.951G>A,,,
3619478,NM_005228.5(EGFR):c.89-18T>C,EGFR,Likely benign,"criteria provided, single submitter",,,NM_005228.5(EGFR):c.89-18T>C,,,
3618324,NM_005228.5(EGFR):c.1980G>A (p.Val660=),EGFR,Likely benign,"criteria provided, single submitter",,,c.1980G>A,,,
3617142,NM_005228.5(EGFR):c.3115-17C>T,EGFR,Likely benign,"criteria provided, single submitter",,,NM_005228.5(EGFR):c.3115-17C>T,,,
3616055,NM_005228.5(EGFR):c.1449C>G (p.Thr483=),EGFR,Likely benign,"criteria provided, single submitter",,,c.1449C>G,,,
3614811,NM_005228.5(EGFR):c.3272-4del,EGFR,Likely benign,"criteria provided, single submitter",,,NM_005228.5(EGFR):c.3272-4del,,,
3614431,NM_005228.5(EGFR):c.747+9C>A,EGFR,Likely benign,"criteria provided, single submitter",,,NM_005228.5(EGFR):c.747+9C>A,,,
3647389,NM_005228.5(EGFR):c.42G>T (p.Leu14=),EGFR,Likely benign,"criteria provided, single submitter",,,c.42G>T,,,
3646811,NM_005228.5(EGFR):c.693C>T (p.Cys231=),EGFR,Likely benign,"criteria provided, multiple submitters, no conflicts",,,c.693C>T,,,
3645960,NM_005228.5(EGFR):c.2712T>C (p.Val904=),EGFR,Likely benign,"criteria provided, single submitter",,,c.2712T>C,,,
3644249,NM_005228.5(EGFR):c.3177C>A (p.Pro1059=),EGFR,Likely benign,"criteria provided, multiple submitters, no conflicts",,,c.3177C>A,,,
3642897,NM_005228.5(EGFR):c.628+8A>G,EGFR,Likely benign,"criteria provided, single submitter",,,NM_005228.5(EGFR):c.628+8A>G,,,
3641026,NM_005228.5(EGFR):c.3114+9T>C,EGFR,Likely benign,"criteria provided, single submitter",,,NM_005228.5(EGFR):c.3114+9T>C,,,
3640104,NM_005228.5(EGFR):c.1208-8C>T,EGFR,Likely benign,"criteria provided, single submitter",,,NM_005228.5(EGFR):c.1208-8C>T,,,
3638341,NM_005228.5(EGFR):c.3271+18A>C,EGFR,Likely benign,"criteria provided, single submitter",,,NM_005228.5(EGFR):c.3271+18A>C,,,
3632443,NM_005228.5(EGFR):c.3165G>T (p.Leu1055=),EGFR,Likely benign,"criteria provided, multiple submitters, no conflicts",,,c.3165G>T,,,
3631976,NM_005228.5(EGFR):c.1007-4G>A,EGFR,Likely benign,"criteria provided, single submitter",,,NM_005228.5(EGFR):c.1007-4G>A,,,
3631219,NM_005228.5(EGFR):c.628+20C>G,EGFR,Likely benign,"criteria provided, single submitter",,,NM_005228.5(EGFR):c.628+20C>G,,,
3656312,NM_005228.5(EGFR):c.748-11C>T,EGFR,Likely benign,"criteria provided, single submitter",,,NM_005228.5(EGFR):c.748-11C>T,,,
3656234,NM_005228.5(EGFR):c.1920-13C>A,EGFR,Likely benign,"criteria provided, single submitter",,,NM_005228.5(EGFR):c.1920-13C>A,,,
3656091,NM_005228.5(EGFR):c.1023T>G (p.Gly341=),LOC126860048,Likely benign,"criteria provided, single submitter",,,c.1023T>G,,,
3656083,NM_005228.5(EGFR):c.2626-19C>G,EGFR,Likely benign,"criteria provided, single submitter",,,NM_005228.5(EGFR):c.2626-19C>G,,,
3655511,NM_005228.5(EGFR):c.744C>T (p.Cys248=),EGFR,Likely benign,"criteria provided, single submitter",,,c.744C>T,,,
3652305,NM_005228.5(EGFR):c.2185-8T>C,EGFR,Likely benign,"criteria provided, single submitter",,,NM_005228.5(EGFR):c.2185-8T>C,,,
3652252,NM_005228.5(EGFR):c.69G>A (p.Arg23=),EGFR,Likely benign,"criteria provided, single submitter",,,c.69G>A,,,
3651421,NM_005228.5(EGFR):c.425-6C>T,EGFR,Likely benign,"criteria provided, single submitter",,,NM_005228.5(EGFR):c.425-6C>T,,,
3651307,NM_005228.5(EGFR):c.3138C>G (p.Thr1046=),EGFR,Likely benign,"criteria provided, single submitter",,,c.3138C>G,,,
3650637,NM_005228.5(EGFR):c.2529A>C (p.Val843=),EGFR,Likely benign,"criteria provided, single submitter",,,c.2529A>C,,,
3650512,NM_005228.5(EGFR):c.1723-12A>G,EGFR,Likely benign,"criteria provided, single submitter",,,NM_005228.5(EGFR):c.1723-12A>G,,,
3649567,NM_005228.5(EGFR):c.330T>C (p.Asn110=),EGFR,Likely benign,"criteria provided, single submitter",,,c.330T>C,,,
3648758,NM_005228.5(EGFR):c.1341C>T (p.Ser447=),EGFR,Likely benign,"criteria provided, single submitter",,,c.1341C>T,,,
3647946,NM_005228.5(EGFR):c.1006+12G>C,EGFR,Likely benign,"criteria provided, single submitter",,,NM_005228.5(EGFR):c.1006+12G>C,,,
1044566,NM_005228.5(EGFR):c.2062-9C>A,EGFR,Likely benign,"criteria provided, single submitter",,,NM_005228.5(EGFR):c.2062-9C>A,,rs1179381056,
3668126,NM_005228.5(EGFR):c.2470-18G>C,EGFR,Likely benign,"criteria provided, single submitter",,,NM_005228.5(EGFR):c.2470-18G>C,,,
3668082,NM_005228.5(EGFR):c.1133+20G>A,EGFR,Likely benign,"criteria provided, single submitter",,,NM_005228.5(EGFR):c.1133+20G>A,,,
3666548,NM_005228.5(EGFR):c.1104T>C (p.Asp368=),LOC126860048,Likely benign,"criteria provided, single submitter",,,c.1104T>C,,,
3664031,NM_005228.5(EGFR):c.2184+12G>A,EGFR,Likely benign,"criteria provided, single submitter",,,NM_005228.5(EGFR):c.2184+12G>A,,,
3663047,NM_005228.5(EGFR):c.2970A>C (p.Pro990=),EGFR,Likely benign,"criteria provided, single submitter",,,c.2970A>C,,,
3662773,NM_005228.5(EGFR):c.669C>T (p.Cys223=),EGFR,Likely benign,"criteria provided, single submitter",,,c.669C>T,,,
3661436,NM_005228.5(EGFR):c.993G>A (p.Gly331=),EGFR,Likely benign,"criteria provided, single submitter",,,c.993G>A,,,
3661177,NM_005228.5(EGFR):c.424+18C>T,EGFR,Likely benign,"criteria provided, single submitter",,,NM_005228.5(EGFR):c.424+18C>T,,,
3660928,NM_005228.5(EGFR):c.1803A>G (p.Gly601=),EGFR,Likely benign,"criteria provided, single submitter",,,c.1803A>G,,,
3660676,NM_005228.5(EGFR):c.3348C>T (p.Asn1116=),EGFR,Likely benign,"criteria provided, multiple submitters, no conflicts",,,c.3348C>T,,,
3660317,NM_005228.5(EGFR):c.2848+9C>T,EGFR,Likely benign,"criteria provided, single submitter",,,NM_005228.5(EGFR):c.2848+9C>T,,,
3660228,NM_005228.5(EGFR):c.1251C>G (p.Leu417=),EGFR,Likely benign,"criteria provided, single submitter",,,c.1251C>G,,,
3658565,NM_005228.5(EGFR):c.425-9C>G,EGFR,Likely benign,"criteria provided, single submitter",,,NM_005228.5(EGFR):c.425-9C>G,,,
3658514,NM_005228.5(EGFR):c.1880+17G>C,EGFR,Likely benign,"criteria provided, single submitter",,,NM_005228.5(EGFR):c.1880+17G>C,,,
3656895,NM_005228.5(EGFR):c.748-4A>T,EGFR,Likely benign,"criteria provided, single submitter",,,NM_005228.5(EGFR):c.748-4A>T,,,
1034650,NM_005228.5(EGFR):c.1007-7T>A,EGFR,Likely benign,"criteria provided, single submitter",,,NM_005228.5(EGFR):c.1007-7T>A,,rs1785427017,
3674749,NM_005228.5(EGFR):c.1919+20T>C,EGFR,Likely benign,"criteria provided, single submitter",,,NM_005228.5(EGFR):c.1919+20T>C,,,
3674126,NM_005228.5(EGFR):c.2470-15T>C,EGFR,Likely benign,"criteria provided, multiple submitters, no conflicts",,,NM_005228.5(EGFR):c.2470-15T>C,,,
3673854,NM_005228.5(EGFR):c.2701+11A>G,EGFR,Likely benign,"criteria provided, single submitter",,,NM_005228.5(EGFR):c.2701+11A>G,,,
3673309,NM_005228.5(EGFR):c.1722+15C>T,EGFR,Likely benign,"criteria provided, single submitter",,,NM_005228.5(EGFR):c.1722+15C>T,,,
3672224,NM_005228.5(EGFR):c.2673T>C (p.Tyr891=),EGFR,Likely benign,"criteria provided, single submitter",,,c.2673T>C,,,
3671404,NM_005228.5(EGFR):c.1631+18T>C,EGFR,Likely benign,"criteria provided, single submitter",,,NM_005228.5(EGFR):c.1631+18T>C,,,
3670923,NM_005228.5(EGFR):c.560-16T>C,EGFR,Likely benign,"criteria provided, single submitter",,,NM_005228.5(EGFR):c.560-16T>C,,,
3669174,NM_005228.5(EGFR):c.1689G>A (p.Leu563=),EGFR,Likely benign,"criteria provided, single submitter",,,c.1689G>A,,,
3683654,NM_005228.5(EGFR):c.3163-15C>T,EGFR,Likely benign,"criteria provided, single submitter",,,NM_005228.5(EGFR):c.3163-15C>T,,,
3683384,NM_005228.5(EGFR):c.2625+11G>A,EGFR,Likely benign,"criteria provided, single submitter",,,NM_005228.5(EGFR):c.2625+11G>A,,,
3682217,NM_005228.5(EGFR):c.114C>T (p.Leu38=),EGFR,Likely benign,"criteria provided, multiple submitters, no conflicts",,,c.114C>T,,,
3682204,NM_005228.5(EGFR):c.889+19G>A,EGFR,Likely benign,"criteria provided, single submitter",,,NM_005228.5(EGFR):c.889+19G>A,,,
3681855,NM_005228.5(EGFR):c.3081C>G (p.Pro1027=),EGFR,Likely benign,"criteria provided, multiple submitters, no conflicts",,,c.3081C>G,,,
3681725,NM_005228.5(EGFR):c.2626-9dup,EGFR,Likely benign,"criteria provided, single submitter",,,NM_005228.5(EGFR):c.2626-9dup,,,
3681461,NM_005228.5(EGFR):c.1881-12C>T,EGFR,Likely benign,"criteria provided, single submitter",,,NM_005228.5(EGFR):c.1881-12C>T,,,
3681134,NM_005228.5(EGFR):c.890-11C>G,EGFR,Likely benign,"criteria provided, single submitter",,,NM_005228.5(EGFR):c.890-11C>G,,,
3680187,NM_005228.5(EGFR):c.2284-18G>A,EGFR,Likely benign,"criteria provided, multiple submitters, no conflicts",,,NM_005228.5(EGFR):c.2284-18G>A,,,
3679920,NM_005228.5(EGFR):c.1919+17C>G,EGFR,Likely benign,"criteria provided, single submitter",,,NM_005228.5(EGFR):c.1919+17C>G,,,
3678143,NM_005228.5(EGFR):c.2701+12T>A,EGFR,Likely benign,"criteria provided, single submitter",,,NM_005228.5(EGFR):c.2701+12T>A,,,
3677115,NM_005228.5(EGFR):c.1647T>C (p.Phe549=),EGFR,Likely benign,"criteria provided, single submitter",,,c.1647T>C,,,
3689479,NM_005228.5(EGFR):c.3272-14C>A,EGFR,Likely benign,"criteria provided, single submitter",,,NM_005228.5(EGFR):c.3272-14C>A,,,
3688547,NM_005228.5(EGFR):c.3114+18C>G,EGFR,Likely benign,"criteria provided, single submitter",,,NM_005228.5(EGFR):c.3114+18C>G,,,
3686853,NM_005228.5(EGFR):c.2559C>T (p.Ile853=),EGFR,Likely benign,"criteria provided, multiple submitters, no conflicts",,,c.2559C>T,,,
3685242,NM_005228.5(EGFR):c.1977G>C (p.Val659=),EGFR,Likely benign,"criteria provided, single submitter",,,c.1977G>C,,,
3685004,NM_005228.5(EGFR):c.1038A>G (p.Lys346=),LOC126860048,Likely benign,"criteria provided, single submitter",,,c.1038A>G,,,
3684678,NM_005228.5(EGFR):c.807C>G (p.Leu269=),EGFR,Likely benign,"criteria provided, multiple submitters, no conflicts",,,c.807C>G,,,
3684413,NM_005228.5(EGFR):c.780C>T (p.Cys260=),EGFR,Likely benign,"criteria provided, multiple submitters, no conflicts",,,c.780C>T,,,
3683791,NM_005228.5(EGFR):c.1500G>A (p.Lys500=),EGFR,Likely benign,"criteria provided, multiple submitters, no conflicts",,,c.1500G>A,,,
3695265,NM_005228.5(EGFR):c.240+14dup,EGFR,Likely benign,"criteria provided, single submitter",,,NM_005228.5(EGFR):c.240+14dup,,,
3694351,NM_005228.5(EGFR):c.1006+13C>A,EGFR,Likely benign,"criteria provided, single submitter",,,NM_005228.5(EGFR):c.1006+13C>A,,,
3693487,NM_005228.5(EGFR):c.2670C>T (p.Ile890=),EGFR,Likely benign,"criteria provided, single submitter",,,c.2670C>T,,,
3693337,NM_005228.5(EGFR):c.1770C>T (p.His590=),EGFR,Likely benign,"criteria provided, multiple submitters, no conflicts",,,c.1770C>T,,,
3693019,NM_005228.5(EGFR):c.1298+13C>T,EGFR,Likely benign,"criteria provided, single submitter",,,NM_005228.5(EGFR):c.1298+13C>T,,,
3692998,NM_005228.5(EGFR):c.1006+8G>A,EGFR,Likely benign,"criteria provided, single submitter",,,NM_005228.5(EGFR):c.1006+8G>A,,,
3692978,NM_005228.5(EGFR):c.2470-16G>C,EGFR,Likely benign,"criteria provided, single submitter",,,NM_005228.5(EGFR):c.2470-16G>C,,,
3692639,NM_005228.5(EGFR):c.3114+8A>G,EGFR,Likely benign,"criteria provided, single submitter",,,NM_005228.5(EGFR):c.3114+8A>G,,,
3692330,NM_005228.5(EGFR):c.606A>G (p.Ala202=),EGFR,Likely benign,"criteria provided, single submitter",,,c.606A>G,,,
3691352,NM_005228.5(EGFR):c.1794A>G (p.Gly598=),EGFR,Likely benign,"criteria provided, multiple submitters, no conflicts",,,c.1794A>G,,,
3690259,NM_005228.5(EGFR):c.2514G>T (p.Leu838=),EGFR,Likely benign,"criteria provided, multiple submitters, no conflicts",,,c.2514G>T,,,
3689976,NM_005228.5(EGFR):c.615G>A (p.Glu205=),EGFR,Likely benign,"criteria provided, multiple submitters, no conflicts",,,c.615G>A,,,
3717236,NM_005228.5(EGFR):c.2529A>T (p.Val843=),EGFR,Likely benign,"criteria provided, single submitter",,,c.2529A>T,,,
3714299,NM_005228.5(EGFR):c.3378G>A (p.Gln1126=),EGFR,Likely benign,"criteria provided, single submitter",,,c.3378G>A,,,
3712905,NM_005228.5(EGFR):c.1002C>G (p.Arg334=),EGFR,Likely benign,"criteria provided, multiple submitters, no conflicts",,,c.1002C>G,,,
3712893,NM_005228.5(EGFR):c.2947-9C>T,EGFR,Likely benign,"criteria provided, single submitter",,,NM_005228.5(EGFR):c.2947-9C>T,,,
3711947,NM_005228.5(EGFR):c.1146A>G (p.Thr382=),LOC126860048,Likely benign,"criteria provided, single submitter",,,c.1146A>G,,,
3711888,NM_005228.5(EGFR):c.1659T>G (p.Ser553=),EGFR,Likely benign,"criteria provided, multiple submitters, no conflicts",,,c.1659T>G,,,
3710393,NM_005228.5(EGFR):c.629-4T>C,EGFR,Likely benign,"criteria provided, multiple submitters, no conflicts",,,NM_005228.5(EGFR):c.629-4T>C,,,
3699416,NM_005228.5(EGFR):c.630G>C (p.Leu210=),EGFR,Likely benign,"criteria provided, single submitter",,,c.630G>C,,,
3699199,NM_005228.5(EGFR):c.2226C>A (p.Val742=),EGFR,Likely benign,"criteria provided, single submitter",,,c.2226C>A,,,
3697602,NM_005228.5(EGFR):c.1134-16C>T,LOC126860048,Likely benign,"criteria provided, single submitter",,,NM_005228.5(EGFR):c.1134-16C>T,,,
3697007,NM_005228.5(EGFR):c.3255C>T (p.Thr1085=),EGFR,Likely benign,"criteria provided, single submitter",,,c.3255C>T,,,
3696944,NM_005228.5(EGFR):c.2508C>G (p.Arg836=),EGFR,Likely benign,"criteria provided, multiple submitters, no conflicts",,,c.2508C>G,,,
3696816,NM_005228.5(EGFR):c.88+15C>T,EGFR,Likely benign,"criteria provided, single submitter",,,NM_005228.5(EGFR):c.88+15C>T,,,
3728004,NM_005228.5(EGFR):c.1437A>G (p.Lys479=),EGFR,Likely benign,"criteria provided, single submitter",,,c.1437A>G,,,
3727945,NM_005228.5(EGFR):c.1737T>C (p.Cys579=),EGFR,Likely benign,"criteria provided, single submitter",,,c.1737T>C,,,
3727267,NM_005228.5(EGFR):c.424+11G>A,EGFR,Likely benign,"criteria provided, single submitter",,,NM_005228.5(EGFR):c.424+11G>A,,,
3726940,NM_005228.5(EGFR):c.300T>C (p.Pro100=),EGFR,Likely benign,"criteria provided, single submitter",,,c.300T>C,,,
3726939,NM_005228.5(EGFR):c.774C>G (p.Ala258=),EGFR,Likely benign,"criteria provided, single submitter",,,c.774C>G,,,
3726731,NM_005228.5(EGFR):c.1499-12C>G,EGFR,Likely benign,"criteria provided, single submitter",,,NM_005228.5(EGFR):c.1499-12C>G,,,
3726376,NM_005228.5(EGFR):c.2925C>A (p.Pro975=),EGFR,Likely benign,"criteria provided, single submitter",,,c.2925C>A,,,
3725936,NM_005228.5(EGFR):c.1920-16C>A,EGFR,Likely benign,"criteria provided, single submitter",,,NM_005228.5(EGFR):c.1920-16C>A,,,
3725472,NM_005228.5(EGFR):c.2848+17T>G,EGFR,Likely benign,"criteria provided, single submitter",,,NM_005228.5(EGFR):c.2848+17T>G,,,
3725437,NM_005228.5(EGFR):c.2832C>T (p.Tyr944=),EGFR,Likely benign,"criteria provided, single submitter",,,c.2832C>T,,,
3724417,NM_005228.5(EGFR):c.241-7_241-3del,EGFR,Likely benign,"criteria provided, single submitter",,,NM_005228.5(EGFR):c.241-7_241-3del,,,
3724103,NM_005228.5(EGFR):c.628+12_628+15dup,EGFR,Likely benign,"criteria provided, single submitter",,,NM_005228.5(EGFR):c.628+12_628+15dup,,,
3722598,NM_005228.5(EGFR):c.748-6C>T,EGFR,Likely benign,"criteria provided, single submitter",,,NM_005228.5(EGFR):c.748-6C>T,,,
3722554,NM_005228.5(EGFR):c.2283+10T>A,EGFR,Likely benign,"criteria provided, single submitter",,,NM_005228.5(EGFR):c.2283+10T>A,,,
3719086,NM_005228.5(EGFR):c.2868T>C (p.Asp956=),EGFR,Likely benign,"criteria provided, single submitter",,,c.2868T>C,,,
3773308,NM_005228.5(EGFR):c.2469+9G>C,EGFR-AS1,Likely benign,"criteria provided, single submitter",,,NM_005228.5(EGFR):c.2469+9G>C,,,
3773237,NM_005228.5(EGFR):c.2470-6T>C,EGFR,Likely benign,"criteria provided, single submitter",,,NM_005228.5(EGFR):c.2470-6T>C,,,
3773208,NM_005228.5(EGFR):c.2284-15T>C,EGFR,Likely benign,"criteria provided, single submitter",,,NM_005228.5(EGFR):c.2284-15T>C,,,
3770968,NM_005228.5(EGFR):c.1881-726C>G,EGFR,Likely benign,"criteria provided, multiple submitters, no conflicts",,,NM_005228.5(EGFR):c.1881-726C>G,,,
3729652,NM_005228.5(EGFR):c.1416A>T (p.Ala472=),EGFR,Likely benign,"criteria provided, single submitter",,,c.1416A>T,,,
3728992,NM_005228.5(EGFR):c.39G>A (p.Ala13=),EGFR,Likely benign,"criteria provided, multiple submitters, no conflicts",,,c.39G>A,,,
3843793,NM_005228.5(EGFR):c.3627A>G (p.Gly1209=),EGFR,Likely benign,"criteria provided, single submitter",,,c.3627A>G,,,
3843783,NM_005228.5(EGFR):c.312G>T (p.Leu104=),EGFR,Likely benign,"criteria provided, single submitter",,,c.312G>T,,,
3843781,NM_005228.5(EGFR):c.204C>T (p.Thr68=),EGFR,Likely benign,"criteria provided, single submitter",,,c.204C>T,,,
3843776,NM_005228.5(EGFR):c.3555C>T (p.Gly1185=),EGFR,Likely benign,"criteria provided, single submitter",,,c.3555C>T,,,
3843774,NM_005228.5(EGFR):c.558C>T (p.Ser186=),EGFR,Likely benign,"criteria provided, single submitter",,,c.558C>T,,,
3843771,NM_005228.5(EGFR):c.2949G>T (p.Gly983=),EGFR,Likely benign,"criteria provided, single submitter",,,c.2949G>T,,,
3843759,NM_005228.5(EGFR):c.1819G>A (p.Val607Ile),EGFR,Likely benign,"criteria provided, single submitter",,,c.1819G>A,,,
3843752,NM_005228.5(EGFR):c.3382C>T (p.Pro1128Ser),EGFR,Likely benign,"criteria provided, single submitter",,,c.3382C>T,,,
3773465,NM_005228.5(EGFR):c.2062-20T>C,EGFR,Likely benign,"criteria provided, single submitter",,,NM_005228.5(EGFR):c.2062-20T>C,,,
3773461,NM_005228.5(EGFR):c.2470-16G>A,EGFR,Likely benign,"criteria provided, single submitter",,,NM_005228.5(EGFR):c.2470-16G>A,,,
3773430,NM_005228.5(EGFR):c.2185-19C>T,EGFR,Likely benign,"criteria provided, single submitter",,,NM_005228.5(EGFR):c.2185-19C>T,,,
3773401,NM_005228.5(EGFR):c.2062-4C>T,EGFR,Likely benign,"criteria provided, multiple submitters, no conflicts",,,NM_005228.5(EGFR):c.2062-4C>T,,,
3773377,NM_005228.5(EGFR):c.2470-19A>G,EGFR,Likely benign,"criteria provided, single submitter",,,NM_005228.5(EGFR):c.2470-19A>G,,,
3843853,NM_005228.5(EGFR):c.3321T>C (p.Asn1107=),EGFR,Likely benign,"criteria provided, multiple submitters, no conflicts",,,c.3321T>C,,,
3843846,NM_005228.5(EGFR):c.3252C>T (p.Asp1084=),EGFR,Likely benign,"criteria provided, multiple submitters, no conflicts",,,c.3252C>T,,,
3843842,NM_005228.5(EGFR):c.1494C>T (p.Ser498=),EGFR,Likely benign,"criteria provided, single submitter",,,c.1494C>T,,,
3843839,NM_005228.5(EGFR):c.2244A>G (p.Arg748=),EGFR,Likely benign,"criteria provided, single submitter",,,c.2244A>G,,,
3843837,NM_005228.5(EGFR):c.1361A>G (p.Lys454Arg),EGFR,Likely benign,"criteria provided, single submitter",,,c.1361A>G,,,
3843834,NM_005228.5(EGFR):c.2284-14CTCC[2],EGFR-AS1,Likely benign,"criteria provided, single submitter",,,NM_005228.5(EGFR):c.2284-14CTCC[2],,,
3843832,NM_005228.5(EGFR):c.3501G>A (p.Leu1167=),EGFR,Likely benign,"criteria provided, single submitter",,,c.3501G>A,,,
3843821,NM_005228.5(EGFR):c.450C>T (p.Phe150=),EGFR,Likely benign,"criteria provided, single submitter",,,c.450C>T,,,
3843820,NM_005228.5(EGFR):c.366A>G (p.Leu122=),EGFR,Likely benign,"criteria provided, single submitter",,,c.366A>G,,,
3843818,NM_005228.5(EGFR):c.3495T>A (p.Ile1165=),EGFR,Likely benign,"criteria provided, single submitter",,,c.3495T>A,,,
3843817,NM_005228.5(EGFR):c.2849-4C>A,EGFR,Likely benign,"criteria provided, single submitter",,,NM_005228.5(EGFR):c.2849-4C>A,,,
3843811,NM_005228.5(EGFR):c.2232C>A (p.Ile744=),EGFR,Likely benign,"criteria provided, single submitter",,,c.2232C>A,,,
3843799,NM_005228.5(EGFR):c.60G>C (p.Pro20=),EGFR,Likely benign,"criteria provided, single submitter",,,c.60G>C,,,
966385,NM_005228.5(EGFR):c.1134-10T>C,LOC126860048,Likely benign,"criteria provided, single submitter",,,NM_005228.5(EGFR):c.1134-10T>C,,rs1785438449,
4016721,NM_005228.5(EGFR):c.1743G>A (p.Gln581=),EGFR,Likely benign,"criteria provided, multiple submitters, no conflicts",,,c.1743G>A,,,
4016710,NM_005228.5(EGFR):c.2931C>T (p.Arg977=),EGFR,Likely benign,"criteria provided, single submitter",,,c.2931C>T,,,
4016706,NM_005228.5(EGFR):c.1512G>A (p.Gln504=),EGFR,Likely benign,"criteria provided, single submitter",,,c.1512G>A,,,
4016705,NM_005228.5(EGFR):c.1170G>A (p.Gln390=),EGFR,Likely benign,"criteria provided, single submitter",,,c.1170G>A,,,
4016703,NM_005228.5(EGFR):c.1440G>C (p.Leu480=),EGFR,Likely benign,"criteria provided, single submitter",,,c.1440G>C,,,
4016702,NM_005228.5(EGFR):c.3186A>G (p.Glu1062=),EGFR,Likely benign,"criteria provided, single submitter",,,c.3186A>G,,,
4016697,NM_005228.5(EGFR):c.2574G>C (p.Leu858=),EGFR,Likely benign,"criteria provided, single submitter",,,c.2574G>C,,,
4016694,NM_005228.5(EGFR):c.1953G>A (p.Val651=),EGFR,Likely benign,"criteria provided, single submitter",,,c.1953G>A,,,
3905791,NM_005228.5(EGFR):c.3271+62C>G,EGFR,Likely benign,"criteria provided, single submitter",,,NM_005228.5(EGFR):c.3271+62C>G,,,
3905222,NM_005228.5(EGFR):c.3271+53A>C,EGFR,Likely benign,"criteria provided, single submitter",,,NM_005228.5(EGFR):c.3271+53A>C,,,
3843854,NM_005228.5(EGFR):c.2328C>G (p.Arg776=),EGFR-AS1,Likely benign,"criteria provided, single submitter",,,c.2328C>G,,,
4016744,NM_005228.5(EGFR):c.2655A>G (p.Ser885=),EGFR,Likely benign,"criteria provided, single submitter",,,c.2655A>G,,,
4016743,NM_005228.5(EGFR):c.1769A>G (p.His590Arg),EGFR,Likely benign,"criteria provided, single submitter",,,c.1769A>G,,,
963888,NM_005228.5(EGFR):c.3153T>C (p.Asp1051=),EGFR,Likely benign,"criteria provided, multiple submitters, no conflicts",,,c.3153T>C,,rs753390240,
4016740,NM_005228.5(EGFR):c.4C>A (p.Arg2=),EGFR,Likely benign,"criteria provided, single submitter",,,c.4C>A,,,
4016739,NM_005228.5(EGFR):c.1572C>A (p.Val524=),EGFR,Likely benign,"criteria provided, single submitter",,,c.1572C>A,,,
4016738,NM_005228.5(EGFR):c.1119G>T (p.Pro373=),EGFR,Likely benign,"criteria provided, single submitter",,,c.1119G>T,,,
4016733,NM_005228.5(EGFR):c.3223G>A (p.Gly1075Ser),EGFR,Likely benign,"criteria provided, single submitter",,,c.3223G>A,,,
4016730,NM_005228.5(EGFR):c.2751A>G (p.Gly917=),EGFR,Likely benign,"criteria provided, single submitter",,,c.2751A>G,,,
4016726,NM_005228.5(EGFR):c.241-4T>C,EGFR,Likely benign,"criteria provided, multiple submitters, no conflicts",,,NM_005228.5(EGFR):c.241-4T>C,,,
4016724,NM_005228.5(EGFR):c.2112G>A (p.Leu704=),EGFR,Likely benign,"criteria provided, multiple submitters, no conflicts",,,c.2112G>A,,,
4016723,NM_005228.5(EGFR):c.3163-4G>A,EGFR,Likely benign,"criteria provided, single submitter",,,NM_005228.5(EGFR):c.3163-4G>A,,,
962036,NM_005228.5(EGFR):c.288G>A (p.Val96=),EGFR,Likely benign,"criteria provided, multiple submitters, no conflicts",,,c.288G>A,,rs751744275,
4016784,NM_005228.5(EGFR):c.3084C>T (p.Ser1028=),EGFR,Likely benign,"criteria provided, multiple submitters, no conflicts",,,c.3084C>T,,,
4016780,NM_005228.5(EGFR):c.705G>A (p.Gln235=),EGFR,Likely benign,"criteria provided, single submitter",,,c.705G>A,,,
4016778,NM_005228.5(EGFR):c.3266T>C (p.Val1089Ala),EGFR,Likely benign,"criteria provided, single submitter",,,c.3266T>C,,,
4016775,NM_005228.5(EGFR):c.135A>G (p.Glu45=),EGFR,Likely benign,"criteria provided, single submitter",,,c.135A>G,,,
4016773,NM_005228.5(EGFR):c.1293G>A (p.Lys431=),EGFR,Likely benign,"criteria provided, single submitter",,,c.1293G>A,,,
4016765,NM_005228.5(EGFR):c.2631T>C (p.Pro877=),EGFR,Likely benign,"criteria provided, single submitter",,,c.2631T>C,,,
4016764,NM_005228.5(EGFR):c.3318G>A (p.Gln1106=),EGFR,Likely benign,"criteria provided, single submitter",,,c.3318G>A,,,
4016762,NM_005228.5(EGFR):c.70G>T (p.Ala24Ser),EGFR,Likely benign,"criteria provided, single submitter",,,c.70G>T,,,
4016761,NM_005228.5(EGFR):c.2472C>A (p.Gly824=),EGFR,Likely benign,"criteria provided, single submitter",,,c.2472C>A,,,
4016753,NM_005228.5(EGFR):c.132T>C (p.Phe44=),EGFR,Likely benign,"criteria provided, single submitter",,,c.132T>C,,,
4016748,NM_005228.5(EGFR):c.3426C>G (p.Val1142=),EGFR,Likely benign,"criteria provided, single submitter",,,c.3426C>G,,,
4247283,NM_005228.5(EGFR):c.375T>C (p.Tyr125=),EGFR,Likely benign,"criteria provided, single submitter",,,c.375T>C,,,
4247276,NM_005228.5(EGFR):c.1327C>G (p.Leu443Val),EGFR,Likely benign,"criteria provided, single submitter",,,c.1327C>G,,,
4247271,NM_005228.5(EGFR):c.78G>A (p.Glu26=),EGFR,Likely benign,"criteria provided, single submitter",,,c.78G>A,,,
4016816,NM_005228.5(EGFR):c.2145C>T (p.Ile715=),EGFR,Likely benign,"criteria provided, single submitter",,,c.2145C>T,,,
4016815,NM_005228.5(EGFR):c.1068T>C (p.Ile356=),EGFR,Likely benign,"criteria provided, single submitter",,,c.1068T>C,,,
4016814,NM_005228.5(EGFR):c.42G>A (p.Leu14=),EGFR,Likely benign,"criteria provided, single submitter",,,c.42G>A,,,
4016808,NM_005228.5(EGFR):c.258T>A (p.Ala86=),EGFR,Likely benign,"criteria provided, single submitter",,,c.258T>A,,,
4016805,NM_005228.5(EGFR):c.3465C>T (p.Ala1155=),EGFR,Likely benign,"criteria provided, single submitter",,,c.3465C>T,,,
4016800,NM_005228.5(EGFR):c.3000C>T (p.Ala1000=),EGFR,Likely benign,"criteria provided, single submitter",,,c.3000C>T,,,
4016799,NM_005228.5(EGFR):c.1510C>G (p.Gln504Glu),EGFR,Likely benign,"criteria provided, single submitter",,,c.1510C>G,,,
4016796,NM_005228.5(EGFR):c.33C>G (p.Leu11=),EGFR,Likely benign,"criteria provided, single submitter",,,c.33C>G,,,
4016793,NM_005228.5(EGFR):c.3000C>G (p.Ala1000=),EGFR,Likely benign,"criteria provided, single submitter",,,c.3000C>G,,,
4016792,NM_005228.5(EGFR):c.2844C>G (p.Val948=),EGFR,Likely benign,"criteria provided, single submitter",,,c.2844C>G,,,
4016787,NM_005228.5(EGFR):c.447G>A (p.Arg149=),EGFR,Likely benign,"criteria provided, single submitter",,,c.447G>A,,,
962941,NM_005228.5(EGFR):c.445C>A (p.Arg149=),EGFR,Likely benign,"criteria provided, multiple submitters, no conflicts",,,c.445C>A,,rs774146556,
957692,NM_005228.5(EGFR):c.1032A>G (p.Glu344=),EGFR,Likely benign,"criteria provided, single submitter",,,c.1032A>G,,rs1785428085,
4247327,NM_005228.5(EGFR):c.2437T>C (p.Tyr813His),EGFR,Likely benign,"criteria provided, single submitter",,,c.2437T>C,,,
4247324,NM_005228.5(EGFR):c.549C>T (p.His183=),EGFR,Likely benign,"criteria provided, single submitter",,,c.549C>T,,,
4247313,NM_005228.5(EGFR):c.2517A>C (p.Ala839=),EGFR,Likely benign,"criteria provided, single submitter",,,c.2517A>C,,,
4247311,NM_005228.5(EGFR):c.2433C>T (p.Ser811=),EGFR,Likely benign,"criteria provided, single submitter",,,c.2433C>T,,,
4247305,NM_005228.5(EGFR):c.1884C>T (p.Cys628=),EGFR,Likely benign,"criteria provided, single submitter",,,c.1884C>T,,,
4247303,NM_005228.5(EGFR):c.81A>C (p.Glu27Asp),EGFR,Likely benign,"criteria provided, single submitter",,,c.81A>C,,,
4247291,NM_005228.5(EGFR):c.464C>T (p.Ala155Val),EGFR,Likely benign,"criteria provided, single submitter",,,c.464C>T,,,
4247370,NM_005228.5(EGFR):c.1782C>A (p.Thr594=),EGFR,Likely benign,"criteria provided, single submitter",,,c.1782C>A,,,
955619,NM_005228.5(EGFR):c.425-5C>G,EGFR,Likely benign,"criteria provided, single submitter",,,NM_005228.5(EGFR):c.425-5C>G,,rs189130668,
4247365,NM_005228.5(EGFR):c.1240A>G (p.Arg414Gly),EGFR,Likely benign,"criteria provided, single submitter",,,c.1240A>G,,,
4247362,NM_005228.5(EGFR):c.1481G>A (p.Arg494Lys),EGFR,Likely benign,"criteria provided, single submitter",,,c.1481G>A,,,
4247357,NM_005228.5(EGFR):c.2999C>T (p.Ala1000Val),EGFR,Likely benign,"criteria provided, single submitter",,,c.2999C>T,,,
4247353,NM_005228.5(EGFR):c.2127A>G (p.Glu709=),EGFR,Likely benign,"criteria provided, single submitter",,,c.2127A>G,,,
4247350,NM_005228.5(EGFR):c.19G>A (p.Ala7Thr),EGFR,Likely benign,"criteria provided, single submitter",,,c.19G>A,,,
4247347,NM_005228.5(EGFR):c.1956G>C (p.Gly652=),EGFR,Likely benign,"criteria provided, single submitter",,,c.1956G>C,,,
4247346,NM_005228.5(EGFR):c.927A>G (p.Arg309=),EGFR,Likely benign,"criteria provided, single submitter",,,c.927A>G,,,
4247331,NM_005228.5(EGFR):c.2886T>C (p.Arg962=),EGFR,Likely benign,"criteria provided, single submitter",,,c.2886T>C,,,
4247329,NM_005228.5(EGFR):c.672T>C (p.Arg224=),EGFR,Likely benign,"criteria provided, single submitter",,,c.672T>C,,,
937973,NM_005228.5(EGFR):c.2763C>T (p.Ser921=),EGFR,Likely benign,"criteria provided, multiple submitters, no conflicts",,,c.2763C>T,,rs770529788,
4535271,NM_005228.5(EGFR):c.1881-2649C>T,EGFR,Likely benign,"criteria provided, single submitter",,,NM_005228.5(EGFR):c.1881-2649C>T,,,
938020,NM_005228.5(EGFR):c.1499-10G>T,EGFR,Likely benign,"criteria provided, single submitter",,,NM_005228.5(EGFR):c.1499-10G>T,,rs767658282,
860623,NM_005228.5(EGFR):c.441C>G (p.Ala147=),EGFR,Likely benign,"criteria provided, multiple submitters, no conflicts",,,c.441C>G,,rs138946543,
4638346,NM_005228.5(EGFR):c.1764C>A (p.Gly588=),EGFR,Likely benign,"criteria provided, single submitter",,,c.1764C>A,,,
4638251,NM_005228.5(EGFR):c.553G>A (p.Gly185Ser),EGFR,Likely benign,"criteria provided, single submitter",,,c.553G>A,,,
4638170,NM_005228.5(EGFR):c.474_475delinsTA (p.Val159Met),EGFR,Likely benign,"criteria provided, single submitter",,,c.474_475delinsTA,,,
4639220,NM_005228.5(EGFR):c.1589G>A (p.Ser530Asn),EGFR,Likely benign,"criteria provided, single submitter",,,c.1589G>A,,,
4639161,NM_005228.5(EGFR):c.1155T>C (p.Pro385=),EGFR,Likely benign,"criteria provided, single submitter",,,c.1155T>C,,,
4638921,NM_005228.5(EGFR):c.111G>A (p.Lys37=),EGFR,Likely benign,"criteria provided, multiple submitters, no conflicts",,,c.111G>A,,,
4638885,NM_005228.5(EGFR):c.3294C>T (p.Pro1098=),EGFR,Likely benign,"criteria provided, single submitter",,,c.3294C>T,,,
4638867,NM_005228.5(EGFR):c.1984C>T (p.Leu662=),EGFR,Likely benign,"criteria provided, single submitter",,,c.1984C>T,,,
4638838,NM_005228.5(EGFR):c.243C>T (p.Thr81=),EGFR,Likely benign,"criteria provided, single submitter",,,c.243C>T,,,
4638817,NM_005228.5(EGFR):c.416A>G (p.Asn139Ser),EGFR,Likely benign,"criteria provided, single submitter",,,c.416A>G,,,
4638790,NM_005228.5(EGFR):c.876G>A (p.Val292=),EGFR,Likely benign,"criteria provided, single submitter",,,c.876G>A,,,
4638667,NM_005228.5(EGFR):c.1983C>T (p.Ala661=),EGFR,Likely benign,"criteria provided, single submitter",,,c.1983C>T,,,
4638646,NM_005228.5(EGFR):c.1728A>G (p.Pro576=),EGFR,Likely benign,"criteria provided, single submitter",,,c.1728A>G,,,
4638524,NM_005228.5(EGFR):c.2373G>A (p.Gln791=),EGFR-AS1,Likely benign,"criteria provided, single submitter",,,c.2373G>A,,,
4639845,NM_005228.5(EGFR):c.1437A>T (p.Lys479Asn),EGFR,Likely benign,"criteria provided, single submitter",,,c.1437A>T,,,
4639729,NM_005228.5(EGFR):c.1332C>T (p.Asn444=),EGFR,Likely benign,"criteria provided, multiple submitters, no conflicts",,,c.1332C>T,,,
4639626,NM_005228.5(EGFR):c.1842C>T (p.Gly614=),EGFR,Likely benign,"criteria provided, single submitter",,,c.1842C>T,,,
4639591,NM_005228.5(EGFR):c.3195C>T (p.Phe1065=),EGFR,Likely benign,"criteria provided, single submitter",,,c.3195C>T,,,
4639571,NM_005228.5(EGFR):c.1947G>A (p.Gly649=),EGFR,Likely benign,"criteria provided, single submitter",,,c.1947G>A,,,
4639478,NM_005228.5(EGFR):c.675C>A (p.Gly225=),EGFR,Likely benign,"criteria provided, single submitter",,,c.675C>A,,,
4639450,NM_005228.5(EGFR):c.453C>T (p.Ser151=),EGFR,Likely benign,"criteria provided, single submitter",,,c.453C>T,,,
4639432,NM_005228.5(EGFR):c.3213A>G (p.Ser1071=),EGFR,Likely benign,"criteria provided, single submitter",,,c.3213A>G,,,
4639333,NM_005228.5(EGFR):c.322A>C (p.Arg108=),EGFR,Likely benign,"criteria provided, multiple submitters, no conflicts",,,c.322A>C,,,
4639322,NM_005228.5(EGFR):c.1854C>T (p.His618=),EGFR,Likely benign,"criteria provided, single submitter",,,c.1854C>T,,,
843580,NM_005228.5(EGFR):c.1536C>A (p.Pro512=),EGFR,Likely benign,"criteria provided, multiple submitters, no conflicts",,,c.1536C>A,,rs374670788,
4711467,NM_005228.5(EGFR):c.741C>T (p.Asp247=),EGFR,Likely benign,"criteria provided, single submitter",,,c.741C>T,,,
4706726,NM_005228.5(EGFR):c.2890T>C (p.Leu964=),EGFR,Likely benign,"criteria provided, multiple submitters, no conflicts",,,c.2890T>C,,,
4704183,NM_005228.5(EGFR):c.2418A>G (p.Lys806=),EGFR-AS1,Likely benign,"criteria provided, single submitter",,,c.2418A>G,,,
4700786,NM_005228.5(EGFR):c.2625+13C>T,EGFR,Likely benign,"criteria provided, single submitter",,,NM_005228.5(EGFR):c.2625+13C>T,,,
4700601,NM_005228.5(EGFR):c.2760C>T (p.Ala920=),EGFR,Likely benign,"criteria provided, single submitter",,,c.2760C>T,,,
4697390,NM_005228.5(EGFR):c.2430C>T (p.Gly810=),EGFR,Likely benign,"criteria provided, single submitter",,,c.2430C>T,,,
4696522,NM_005228.5(EGFR):c.630G>A (p.Leu210=),EGFR,Likely benign,"criteria provided, single submitter",,,c.630G>A,,,
4693665,NM_005228.5(EGFR):c.240+9C>T,EGFR,Likely benign,"criteria provided, single submitter",,,NM_005228.5(EGFR):c.240+9C>T,,,
4640069,NM_005228.5(EGFR):c.2157C>A (p.Gly719=),EGFR,Likely benign,"criteria provided, single submitter",,,c.2157C>A,,,
4639985,NM_005228.5(EGFR):c.2214T>C (p.Val738=),EGFR,Likely benign,"criteria provided, single submitter",,,c.2214T>C,,,
4639891,NM_005228.5(EGFR):c.3289G>T (p.Val1097Phe),EGFR,Likely benign,"criteria provided, single submitter",,,c.3289G>T,,,
836571,NM_005228.5(EGFR):c.726C>T (p.Gly242=),EGFR,Likely benign,"criteria provided, multiple submitters, no conflicts",,,c.726C>T,,rs374561933,
4718566,NM_005228.5(EGFR):c.2145C>A (p.Ile715=),EGFR,Likely benign,"criteria provided, single submitter",,,c.2145C>A,,,
4717578,NM_005228.5(EGFR):c.2284-14C>A,EGFR,Likely benign,"criteria provided, single submitter",,,NM_005228.5(EGFR):c.2284-14C>A,,,
4717411,NM_005228.5(EGFR):c.1278A>T (p.Ile426=),EGFR,Likely benign,"criteria provided, single submitter",,,c.1278A>T,,,
4715106,NM_005228.5(EGFR):c.3582T>C (p.Asn1194=),EGFR,Likely benign,"criteria provided, single submitter",,,c.3582T>C,,,
4714670,NM_005228.5(EGFR):c.2470-9C>G,EGFR,Likely benign,"criteria provided, single submitter",,,NM_005228.5(EGFR):c.2470-9C>G,,,
4713332,NM_005228.5(EGFR):c.1920-7A>G,EGFR,Likely benign,"criteria provided, single submitter",,,NM_005228.5(EGFR):c.1920-7A>G,,,
847281,NM_005228.5(EGFR):c.438C>T (p.Gly146=),EGFR,Likely benign,"criteria provided, multiple submitters, no conflicts",,,c.438C>T,,rs199637112,
802318,NM_005228.5(EGFR):c.1920-100A>G,EGFR,Likely benign,"criteria provided, single submitter",,,NM_005228.5(EGFR):c.1920-100A>G,,rs1584221726,
4723054,NM_005228.5(EGFR):c.255G>C (p.Val85=),EGFR,Likely benign,"criteria provided, single submitter",,,c.255G>C,,,
4722414,NM_005228.5(EGFR):c.2283+16del,EGFR,Likely benign,"criteria provided, single submitter",,,NM_005228.5(EGFR):c.2283+16del,,,
4722001,NM_005228.5(EGFR):c.3552T>C (p.Asn1184=),EGFR,Likely benign,"criteria provided, single submitter",,,c.3552T>C,,,
4721851,NM_005228.5(EGFR):c.1631+18T>G,EGFR,Likely benign,"criteria provided, single submitter",,,NM_005228.5(EGFR):c.1631+18T>G,,,
4720936,NM_005228.5(EGFR):c.2701+13C>T,EGFR,Likely benign,"criteria provided, single submitter",,,NM_005228.5(EGFR):c.2701+13C>T,,,
4720522,NM_005228.5(EGFR):c.2584C>T (p.Leu862=),EGFR,Likely benign,"criteria provided, single submitter",,,c.2584C>T,,,
4719988,NM_005228.5(EGFR):c.1722+12T>A,EGFR,Likely benign,"criteria provided, single submitter",,,NM_005228.5(EGFR):c.1722+12T>A,,,
4719984,NM_005228.5(EGFR):c.2062-13T>A,EGFR,Likely benign,"criteria provided, single submitter",,,NM_005228.5(EGFR):c.2062-13T>A,,,
4719824,NM_005228.5(EGFR):c.1919+13del,EGFR,Likely benign,"criteria provided, single submitter",,,NM_005228.5(EGFR):c.1919+13del,,,
4718870,NM_005228.5(EGFR):c.1626G>A (p.Leu542=),EGFR,Likely benign,"criteria provided, single submitter",,,c.1626G>A,,,
802316,NM_005228.5(EGFR):c.1472T>C (p.Ile491Thr),EGFR,Likely benign,"criteria provided, single submitter",,,c.1472T>C,,rs1584190119,
1921322,NM_005228.5(EGFR):c.2508C>A (p.Arg836=),EGFR,Benign/Likely benign,"criteria provided, multiple submitters, no conflicts",,,c.2508C>A,,rs2229066,
1913471,NM_005228.5(EGFR):c.2421C>T (p.Asp807=),EGFR,Benign/Likely benign,"criteria provided, multiple submitters, no conflicts",,,c.2421C>T,,rs2128958775,
1903556,NM_005228.5(EGFR):c.2165C>T (p.Ala722Val),EGFR,Conflicting classifications of pathogenicity,"criteria provided, conflicting classifications",,,c.2165C>T,,rs762494280,
1896647,NM_005228.5(EGFR):c.1185G>A (p.Leu395=),EGFR,Conflicting classifications of pathogenicity,"criteria provided, conflicting classifications",,,c.1185G>A,,rs1785444329,
45243,NM_005228.5(EGFR):c.2280C>T (p.Leu760=),EGFR,Benign/Likely benign,"criteria provided, multiple submitters, no conflicts",,,c.2280C>T,,rs397517103,
45232,NM_005228.5(EGFR):c.2232C>T (p.Ile744=),EGFR,Benign/Likely benign,"criteria provided, multiple submitters, no conflicts",,,c.2232C>T,,rs397517093,
1684707,NM_005228.5(EGFR):c.292C>T (p.Arg98Ter),EGFR,Conflicting classifications of pathogenicity,"criteria provided, conflicting classifications",,,c.292C>T,,rs1794575659,
1927031,NM_005228.5(EGFR):c.2880G>A (p.Lys960=),EGFR,Conflicting classifications of pathogenicity,"criteria provided, conflicting classifications",,,c.2880G>A,,rs1419435669,
1692874,NM_005228.5(EGFR):c.890-3del,EGFR,Conflicting classifications of pathogenicity,"criteria provided, conflicting classifications",,,NM_005228.5(EGFR):c.890-3del,,rs1785382259,
1671969,NM_005228.5(EGFR):c.2088A>G (p.Gly696=),EGFR,Benign/Likely benign,"criteria provided, multiple submitters, no conflicts",,,c.2088A>G,,rs2128953547,
1669514,NM_005228.5(EGFR):c.2284-20G>A,EGFR,Benign/Likely benign,"criteria provided, multiple submitters, no conflicts",,,NM_005228.5(EGFR):c.2284-20G>A,,rs200438791,
1667686,NM_005228.5(EGFR):c.2121G>A (p.Leu707=),EGFR,Benign/Likely benign,"criteria provided, multiple submitters, no conflicts",,,c.2121G>A,,rs1786476304,
1665577,NM_005228.5(EGFR):c.241-4T>G,EGFR,Benign/Likely benign,"criteria provided, multiple submitters, no conflicts",,,NM_005228.5(EGFR):c.241-4T>G,,rs760260689,
1658112,NM_005228.5(EGFR):c.2130T>G (p.Thr710=),EGFR,Benign/Likely benign,"criteria provided, multiple submitters, no conflicts",,,c.2130T>G,,rs775986651,
1657632,NM_005228.5(EGFR):c.2395C>T (p.Leu799=),EGFR-AS1,Benign/Likely benign,"criteria provided, multiple submitters, no conflicts",,,c.2395C>T,,rs2128958711,
1650661,NM_005228.5(EGFR):c.2849-5C>T,EGFR,Conflicting classifications of pathogenicity,"criteria provided, conflicting classifications",,,NM_005228.5(EGFR):c.2849-5C>T,,rs375877462,
1649155,NM_005228.5(EGFR):c.2568T>C (p.Phe856=),EGFR,Benign/Likely benign,"criteria provided, multiple submitters, no conflicts",,,c.2568T>C,,rs774578719,
1644995,NM_005228.5(EGFR):c.425-12A>G,EGFR,Conflicting classifications of pathogenicity,"criteria provided, conflicting classifications",,,NM_005228.5(EGFR):c.425-12A>G,,rs753993081,
1640110,NM_005228.5(EGFR):c.2649G>A (p.Leu883=),EGFR,Conflicting classifications of pathogenicity,"criteria provided, conflicting classifications",,,c.2649G>A,,rs2128965514,
1639199,NM_005228.5(EGFR):c.1614G>A (p.Lys538=),EGFR,Conflicting classifications of pathogenicity,"criteria provided, conflicting classifications",,,c.1614G>A,,rs2128943032,
1631405,NM_005228.5(EGFR):c.2702-5C>T,EGFR,Conflicting classifications of pathogenicity,"criteria provided, conflicting classifications",,,NM_005228.5(EGFR):c.2702-5C>T,,rs754109027,
1621002,NM_005228.5(EGFR):c.2152C>T (p.Leu718=),EGFR,Benign/Likely benign,"criteria provided, multiple submitters, no conflicts",,,c.2152C>T,,rs995384345,
1611528,NM_005228.5(EGFR):c.2526C>T (p.Asn842=),EGFR,Benign/Likely benign,"criteria provided, multiple submitters, no conflicts",,,c.2526C>T,,rs1554353252,
1605503,NM_005228.5(EGFR):c.2652A>G (p.Glu884=),EGFR,Conflicting classifications of pathogenicity,"criteria provided, conflicting classifications",,,c.2652A>G,,rs1787457978,
1605013,NM_005228.5(EGFR):c.2355C>G (p.Thr785=),EGFR,Benign/Likely benign,"criteria provided, multiple submitters, no conflicts",,,c.2355C>G,,rs148188503,
1597772,NM_005228.5(EGFR):c.1605C>T (p.Cys535=),EGFR,Conflicting classifications of pathogenicity,"criteria provided, conflicting classifications",,,c.1605C>T,,rs763346690,
1597177,NM_005228.5(EGFR):c.1029T>C (p.Gly343=),EGFR,Benign/Likely benign,"criteria provided, multiple submitters, no conflicts",,,c.1029T>C,,rs774905136,
1596596,NM_005228.5(EGFR):c.2610T>C (p.His870=),EGFR,Benign/Likely benign,"criteria provided, multiple submitters, no conflicts",,,c.2610T>C,,rs1787412092,
1593573,NM_005228.5(EGFR):c.2346C>T (p.Leu782=),EGFR,Benign/Likely benign,"criteria provided, multiple submitters, no conflicts",,,c.2346C>T,,rs1786864166,
1592242,NM_005228.5(EGFR):c.2550T>C (p.His850=),EGFR,Benign/Likely benign,"criteria provided, multiple submitters, no conflicts",,,c.2550T>C,,rs1787408230,
1576811,NM_005228.5(EGFR):c.1624C>T (p.Leu542=),EGFR,Conflicting classifications of pathogenicity,"criteria provided, conflicting classifications",,,c.1624C>T,,rs1388398276,
1566316,NM_005228.5(EGFR):c.1323C>A (p.Val441=),EGFR,Conflicting classifications of pathogenicity,"criteria provided, conflicting classifications",,,c.1323C>A,,rs1785623547,
1563169,NM_005228.5(EGFR):c.2358G>A (p.Val786=),EGFR,Benign/Likely benign,"criteria provided, multiple submitters, no conflicts",,,c.2358G>A,,rs766193740,
1558196,NM_005228.5(EGFR):c.2424T>C (p.Asn808=),EGFR,Benign/Likely benign,"criteria provided, multiple submitters, no conflicts",,,c.2424T>C,,rs780768227,
1552608,NM_005228.5(EGFR):c.2607C>T (p.Tyr869=),EGFR,Benign/Likely benign,"criteria provided, multiple submitters, no conflicts",,,c.2607C>T,,rs2128964696,
1541826,NM_005228.5(EGFR):c.2571G>T (p.Gly857=),EGFR,Benign/Likely benign,"criteria provided, multiple submitters, no conflicts",,,c.2571G>T,,rs2128964615,
1530318,NM_005228.5(EGFR):c.2284-13T>C,EGFR,Benign/Likely benign,"criteria provided, multiple submitters, no conflicts",,,NM_005228.5(EGFR):c.2284-13T>C,,rs1264905272,
1939180,NM_005228.5(EGFR):c.3270T>C (p.Pro1090=),EGFR,Conflicting classifications of pathogenicity,"criteria provided, conflicting classifications",,,c.3270T>C,,rs1445660531,
1961696,NM_005228.5(EGFR):c.475G>A (p.Val159Met),EGFR,Conflicting classifications of pathogenicity,"criteria provided, conflicting classifications",,,c.475G>A,,rs2128929494,
1953064,NM_005228.5(EGFR):c.1843C>T (p.His615Tyr),EGFR,Conflicting classifications of pathogenicity,"criteria provided, conflicting classifications",,,c.1843C>T,,rs2128946456,
1524652,NM_005228.5(EGFR):c.661G>C (p.Gly221Arg),EGFR,Conflicting classifications of pathogenicity,"criteria provided, conflicting classifications",,,c.661G>C,,rs776886714,
1520174,NM_005228.5(EGFR):c.3289G>C (p.Val1097Leu),EGFR,Conflicting classifications of pathogenicity,"criteria provided, conflicting classifications",,,c.3289G>C,,rs775345513,
1504163,NM_005228.5(EGFR):c.2407C>A (p.Arg803=),EGFR,Benign/Likely benign,"criteria provided, multiple submitters, no conflicts",,,c.2407C>A,,rs1215679186,
1973066,NM_005228.5(EGFR):c.2544G>T (p.Pro848=),EGFR,Benign/Likely benign,"criteria provided, multiple submitters, no conflicts",,,c.2544G>T,,rs104886012,
1970491,NM_005228.5(EGFR):c.2073T>C (p.Pro691=),EGFR,Benign/Likely benign,"criteria provided, multiple submitters, no conflicts",,,c.2073T>C,,rs2128953508,
1968738,NM_005228.5(EGFR):c.1844A>G (p.His615Arg),EGFR,Conflicting classifications of pathogenicity,"criteria provided, conflicting classifications",,,c.1844A>G,,rs1785923084,
2006740,NM_005228.5(EGFR):c.3163-5T>C,EGFR,Conflicting classifications of pathogenicity,"criteria provided, conflicting classifications",,,NM_005228.5(EGFR):c.3163-5T>C,,rs2128972983,
1997165,NM_005228.5(EGFR):c.1881-2A>C,EGFR,Conflicting classifications of pathogenicity,"criteria provided, conflicting classifications",,,NM_005228.5(EGFR):c.1881-2A>C,,rs774963273,
1989301,NM_005228.5(EGFR):c.2634C>T (p.Ile878=),EGFR,Conflicting classifications of pathogenicity,"criteria provided, conflicting classifications",,,c.2634C>T,,rs757939047,
1507875,NM_005228.5(EGFR):c.1471A>G (p.Ile491Val),EGFR,Conflicting classifications of pathogenicity,"criteria provided, conflicting classifications",,,c.1471A>G,,rs768500612,
1505662,NM_005228.5(EGFR):c.3400G>A (p.Gly1134Ser),EGFR,Conflicting classifications of pathogenicity,"criteria provided, conflicting classifications",,,c.3400G>A,,rs762016851,
1488509,NM_005228.5(EGFR):c.59C>G (p.Pro20Arg),EGFR,Conflicting classifications of pathogenicity,"criteria provided, conflicting classifications",,,c.59C>G,,rs1028735720,
2008519,NM_005228.5(EGFR):c.3497G>A (p.Ser1166Asn),EGFR,Conflicting classifications of pathogenicity,"criteria provided, conflicting classifications",,,c.3497G>A,,rs1788073880,
2044514,NM_005228.5(EGFR):c.25G>T (p.Ala9Ser),EGFR,Conflicting classifications of pathogenicity,"criteria provided, conflicting classifications",,,c.25G>T,,rs2128853368,
1480060,NM_005228.5(EGFR):c.1538A>C (p.Glu513Ala),EGFR,Conflicting classifications of pathogenicity,"criteria provided, conflicting classifications",,,c.1538A>C,,rs1339627647,
1479650,NM_005228.5(EGFR):c.2310C>A (p.Asp770Glu),EGFR,Conflicting classifications of pathogenicity,"criteria provided, conflicting classifications",,,c.2310C>A,,rs397517110,
1476821,NM_005228.5(EGFR):c.3115-1G>A,EGFR,Conflicting classifications of pathogenicity,"criteria provided, conflicting classifications",,,NM_005228.5(EGFR):c.3115-1G>A,,rs142231053,
1483008,NM_005228.5(EGFR):c.1224G>A (p.Gln408=),EGFR,Conflicting classifications of pathogenicity,"criteria provided, conflicting classifications",,,c.1224G>A,,rs2128939620,
1475677,NM_005228.5(EGFR):c.3419A>G (p.Asn1140Ser),EGFR,Conflicting classifications of pathogenicity,"criteria provided, conflicting classifications",,,c.3419A>G,,rs1788069498,
1472255,NM_005228.5(EGFR):c.1990A>G (p.Ile664Val),EGFR,Conflicting classifications of pathogenicity,"criteria provided, conflicting classifications",,,c.1990A>G,,rs756705853,
1459376,NM_005228.5(EGFR):c.763C>T (p.Arg255Ter),EGFR,Conflicting classifications of pathogenicity,"criteria provided, conflicting classifications",,,c.763C>T,,rs776490661,
1457850,NM_005228.5(EGFR):c.113del (p.Leu38fs),EGFR,Conflicting classifications of pathogenicity,"criteria provided, conflicting classifications",,,c.113del,,rs2128926159,
1463003,NM_005228.5(EGFR):c.1620C>A (p.Asn540Lys),EGFR,Conflicting classifications of pathogenicity,"criteria provided, conflicting classifications",,,c.1620C>A,,rs1340266257,
1447693,NM_005228.5(EGFR):c.1648G>A (p.Val550Met),EGFR,Conflicting classifications of pathogenicity,"criteria provided, conflicting classifications",,,c.1648G>A,,rs1785819776,
1445961,NM_005228.5(EGFR):c.1102G>A (p.Asp368Asn),LOC126860048,Conflicting classifications of pathogenicity,"criteria provided, conflicting classifications",,,c.1102G>A,,rs749927550,
2128730,NM_005228.5(EGFR):c.2229T>C (p.Ala743=),EGFR,Benign/Likely benign,"criteria provided, multiple submitters, no conflicts",,,c.2229T>C,,rs1259479642,
2190558,NM_005228.5(EGFR):c.2583G>A (p.Leu861=),EGFR,Benign/Likely benign,"criteria provided, multiple submitters, no conflicts",,,c.2583G>A,,rs1252912476,
2186986,NM_005228.5(EGFR):c.67C>T (p.Arg23Trp),EGFR,Conflicting classifications of pathogenicity,"criteria provided, conflicting classifications",,,c.67C>T,,rs987102148,
2183948,NM_005228.5(EGFR):c.211C>T (p.Gln71Ter),EGFR,Conflicting classifications of pathogenicity,"criteria provided, conflicting classifications",,,c.211C>T,,rs1470757416,
1439725,NM_005228.5(EGFR):c.3547C>A (p.Pro1183Thr),EGFR,Conflicting classifications of pathogenicity,"criteria provided, conflicting classifications",,,c.3547C>A,,rs199661469,
2181523,NM_005228.5(EGFR):c.2178G>A (p.Val726=),EGFR,Benign/Likely benign,"criteria provided, multiple submitters, no conflicts",,,c.2178G>A,,rs777735216,
2181433,NM_005228.5(EGFR):c.889+1G>A,EGFR,Conflicting classifications of pathogenicity,"criteria provided, conflicting classifications",,,NM_005228.5(EGFR):c.889+1G>A,,rs2128935198,
2178554,NM_005228.5(EGFR):c.2613A>G (p.Ala871=),EGFR,Benign/Likely benign,"criteria provided, multiple submitters, no conflicts",,,c.2613A>G,,rs2128964703,
2177925,NM_005228.5(EGFR):c.2412A>G (p.Glu804=),EGFR,Benign/Likely benign,"criteria provided, multiple submitters, no conflicts",,,c.2412A>G,,rs746272455,
1437627,NM_005228.5(EGFR):c.11C>T (p.Ser4Phe),EGFR,Conflicting classifications of pathogenicity,"criteria provided, conflicting classifications",,,c.11C>T,,rs771210838,
1436797,NM_005228.5(EGFR):c.1512G>C (p.Gln504His),EGFR,Conflicting classifications of pathogenicity,"criteria provided, conflicting classifications",,,c.1512G>C,,rs1188823834,
2445398,NM_005228.5(EGFR):c.3552T>A (p.Asn1184Lys),EGFR,Conflicting classifications of pathogenicity,"criteria provided, conflicting classifications",,,c.3552T>A,,rs2534897071,
2421122,NM_005228.5(EGFR):c.1916A>G (p.Asn639Ser),EGFR,Conflicting classifications of pathogenicity,"criteria provided, conflicting classifications",,,c.1916A>G,,rs952307505,
2191764,NM_005228.5(EGFR):c.2463C>A (p.Ile821=),EGFR,Benign/Likely benign,"criteria provided, multiple submitters, no conflicts",,,c.2463C>A,,rs367859869,
2191529,NM_005228.5(EGFR):c.2308G>A (p.Asp770Asn),EGFR-AS1,Conflicting classifications of pathogenicity,"criteria provided, conflicting classifications",,,c.2308G>A,,rs2128958340,
2633369,NM_005228.5(EGFR):c.1225G>T (p.Ala409Ser),EGFR,Conflicting classifications of pathogenicity,"criteria provided, conflicting classifications",,,c.1225G>T,,rs2128939622,
2708436,NM_005228.5(EGFR):c.2956_2959del (p.Arg986fs),EGFR,Conflicting classifications of pathogenicity,"criteria provided, conflicting classifications",,,c.2956_2959del,,rs2534866242,
1432241,NM_005228.5(EGFR):c.1920G>T (p.Gly640=),EGFR,Conflicting classifications of pathogenicity,"criteria provided, conflicting classifications",,,c.1920G>T,,rs2128952376,
1430894,NM_005228.5(EGFR):c.1344G>A (p.Leu448=),EGFR,Conflicting classifications of pathogenicity,"criteria provided, conflicting classifications",,,c.1344G>A,,rs763266323,
1416358,NM_005228.5(EGFR):c.1148A>G (p.His383Arg),LOC126860048,Conflicting classifications of pathogenicity,"criteria provided, conflicting classifications",,,c.1148A>G,,rs1169461493,
2746255,NM_005228.5(EGFR):c.2005C>T (p.Arg669Ter),EGFR,Conflicting classifications of pathogenicity,"criteria provided, conflicting classifications",,,c.2005C>T,,rs1231769201,
1425647,NM_005228.5(EGFR):c.1570G>C (p.Val524Leu),EGFR,Conflicting classifications of pathogenicity,"criteria provided, conflicting classifications",,,c.1570G>C,,rs587778249,
1420466,NM_005228.5(EGFR):c.1840G>C (p.Gly614Arg),EGFR,Conflicting classifications of pathogenicity,"criteria provided, conflicting classifications",,,c.1840G>C,,rs779076899,
2759363,NM_005228.5(EGFR):c.1678C>G (p.Pro560Ala),EGFR,Conflicting classifications of pathogenicity,"criteria provided, conflicting classifications",,,c.1678C>G,,rs748219780,
2781466,NM_005228.5(EGFR):c.65G>A (p.Ser22Asn),EGFR,Conflicting classifications of pathogenicity,"criteria provided, conflicting classifications",,,c.65G>A,,rs1257423707,
2777442,NM_005228.5(EGFR):c.2187A>T (p.Gly729=),EGFR,Benign/Likely benign,"criteria provided, multiple submitters, no conflicts",,,c.2187A>T,,rs2128954567,
1403759,NM_005228.5(EGFR):c.1591C>T (p.Arg531Ter),EGFR,Conflicting classifications of pathogenicity,"criteria provided, conflicting classifications",,,c.1591C>T,,rs1785707212,
2798979,NM_005228.5(EGFR):c.3148A>G (p.Ile1050Val),EGFR,Conflicting classifications of pathogenicity,"criteria provided, conflicting classifications",,,c.3148A>G,,rs1462369239,
1370578,NM_005228.5(EGFR):c.1841G>A (p.Gly614Asp),EGFR,Conflicting classifications of pathogenicity,"criteria provided, conflicting classifications",,,c.1841G>A,,rs750850720,
1366549,NM_005228.5(EGFR):c.2715G>A (p.Trp905Ter),EGFR,Conflicting classifications of pathogenicity,"criteria provided, conflicting classifications",,,c.2715G>A,,rs2128968646,
2827378,NM_005228.5(EGFR):c.2271G>A (p.Lys757=),EGFR,Benign/Likely benign,"criteria provided, multiple submitters, no conflicts",,,c.2271G>A,,rs1786526710,
1372152,NM_005228.5(EGFR):c.464C>A (p.Ala155Asp),EGFR,Conflicting classifications of pathogenicity,"criteria provided, conflicting classifications",,,c.464C>A,,rs2128929475,
1354820,NM_005228.5(EGFR):c.154C>T (p.Gln52Ter),EGFR,Conflicting classifications of pathogenicity,"criteria provided, conflicting classifications",,,c.154C>T,,rs2128926255,
2840077,NM_005228.5(EGFR):c.2280C>G (p.Leu760=),EGFR,Benign/Likely benign,"criteria provided, multiple submitters, no conflicts",,,c.2280C>G,,rs397517103,
1352648,NM_005228.5(EGFR):c.7C>T (p.Pro3Ser),EGFR,Conflicting classifications of pathogenicity,"criteria provided, conflicting classifications",,,c.7C>T,,rs773069229,
1352383,NM_005228.5(EGFR):c.3427C>G (p.Gln1143Glu),EGFR,Conflicting classifications of pathogenicity,"criteria provided, conflicting classifications",,,c.3427C>G,,rs145189325,
1350070,NM_005228.5(EGFR):c.1511A>G (p.Gln504Arg),EGFR,Conflicting classifications of pathogenicity,"criteria provided, conflicting classifications",,,c.1511A>G,,rs2128942709,
2855787,NM_005228.5(EGFR):c.88+2T>G,EGFR,Conflicting classifications of pathogenicity,"criteria provided, conflicting classifications",,,NM_005228.5(EGFR):c.88+2T>G,,rs1398828108,
1347255,NM_005228.5(EGFR):c.1881-2A>G,EGFR,Conflicting classifications of pathogenicity,"criteria provided, conflicting classifications",,,NM_005228.5(EGFR):c.1881-2A>G,,rs774963273,
1319895,NM_005228.5(EGFR):c.1696G>A (p.Ala566Thr),EGFR,Conflicting classifications of pathogenicity,"criteria provided, conflicting classifications",,,c.1696G>A,,rs2128944759,
1319891,NM_005228.5(EGFR):c.3401G>A (p.Gly1134Asp),EGFR,Conflicting classifications of pathogenicity,"criteria provided, conflicting classifications",,,c.3401G>A,,rs865825533,
2869778,NM_005228.5(EGFR):c.3024C>G (p.Asp1008Glu),EGFR,Conflicting classifications of pathogenicity,"criteria provided, conflicting classifications",,,c.3024C>G,,rs747143752,
2886390,NM_005228.5(EGFR):c.1417A>G (p.Asn473Asp),EGFR,Conflicting classifications of pathogenicity,"criteria provided, conflicting classifications",,,c.1417A>G,,rs1389684767,
2883812,NM_005228.5(EGFR):c.2397G>A (p.Leu799=),EGFR-AS1,Benign/Likely benign,"criteria provided, multiple submitters, no conflicts",,,c.2397G>A,,rs2128958716,
1319890,NM_005228.5(EGFR):c.889+18G>T,EGFR,Conflicting classifications of pathogenicity,"criteria provided, conflicting classifications",,,NM_005228.5(EGFR):c.889+18G>T,,rs41323746,
2954657,NM_005228.5(EGFR):c.987C>T (p.Cys329=),EGFR,Conflicting classifications of pathogenicity,"criteria provided, conflicting classifications",,,c.987C>T,,rs748801348,
2909132,NM_005228.5(EGFR):c.628+1G>T,EGFR,Conflicting classifications of pathogenicity,"criteria provided, conflicting classifications",,,NM_005228.5(EGFR):c.628+1G>T,,rs1360336411,
2900471,NM_005228.5(EGFR):c.25G>A (p.Ala9Thr),EGFR,Conflicting classifications of pathogenicity,"criteria provided, conflicting classifications",,,c.25G>A,,rs2128853368,
2961407,NM_005228.5(EGFR):c.2133A>G (p.Glu711=),EGFR,Benign/Likely benign,"criteria provided, multiple submitters, no conflicts",,,c.2133A>G,,rs2128953665,
2959466,NM_005228.5(EGFR):c.1130G>A (p.Arg377Lys),LOC126860048,Conflicting classifications of pathogenicity,"criteria provided, conflicting classifications",,,c.1130G>A,,rs1785432611,
1246877,NM_005228.5(EGFR):c.-216G>T,EGFR,Benign/Likely benign,"criteria provided, multiple submitters, no conflicts",,,NM_005228.5(EGFR):c.-216G>T,,rs712829,
1232163,NM_005228.5(EGFR):c.-191A>C,EGFR,Benign/Likely benign,"criteria provided, multiple submitters, no conflicts",,,NM_005228.5(EGFR):c.-191A>C,,rs712830,
1169992,NM_005228.5(EGFR):c.2062-3dup,EGFR,Benign/Likely benign,"criteria provided, multiple submitters, no conflicts",,,NM_005228.5(EGFR):c.2062-3dup,,rs770889681,
1169896,NM_005228.5(EGFR):c.633C>T (p.Thr211=),EGFR,Benign/Likely benign,"criteria provided, multiple submitters, no conflicts",,,c.633C>T,,rs373970245,
1169812,NM_005228.5(EGFR):c.2175G>A (p.Thr725=),EGFR,Benign/Likely benign,"criteria provided, multiple submitters, no conflicts",,,c.2175G>A,,rs55959834,
1169503,NM_005228.5(EGFR):c.912C>T (p.His304=),EGFR,Benign/Likely benign,"criteria provided, multiple submitters, no conflicts",,,c.912C>T,,rs182002674,
1169194,NM_005228.5(EGFR):c.1438C>T (p.Leu480=),EGFR,Benign/Likely benign,"criteria provided, multiple submitters, no conflicts",,,c.1438C>T,,rs147732025,
1168668,NM_005228.5(EGFR):c.1749C>T (p.Ala583=),EGFR,Benign/Likely benign,"criteria provided, multiple submitters, no conflicts",,,c.1749C>T,,rs141232284,
1167905,NM_005228.5(EGFR):c.2427T>C (p.Ile809=),EGFR-AS1,Benign/Likely benign,"criteria provided, multiple submitters, no conflicts",,,c.2427T>C,,rs571225968,
1167904,NM_005228.5(EGFR):c.222T>C (p.Tyr74=),EGFR,Benign/Likely benign,"criteria provided, multiple submitters, no conflicts",,,c.222T>C,,rs200383389,
1167861,NM_005228.5(EGFR):c.513C>T (p.Asp171=),EGFR,Benign/Likely benign,"criteria provided, multiple submitters, no conflicts",,,c.513C>T,,rs17289686,
1165154,NM_005228.5(EGFR):c.915C>A (p.Gly305=),EGFR,Benign/Likely benign,"criteria provided, multiple submitters, no conflicts",,,c.915C>A,,rs566001525,
1164620,NM_005228.5(EGFR):c.1047C>G (p.Leu349=),EGFR,Benign/Likely benign,"criteria provided, multiple submitters, no conflicts",,,c.1047C>G,,rs759932677,
1159102,NM_005228.5(EGFR):c.2259G>A (p.Pro753=),EGFR,Benign/Likely benign,"criteria provided, multiple submitters, no conflicts",,,c.2259G>A,,rs764064214,
1158177,NM_005228.5(EGFR):c.2304C>T (p.Ser768=),EGFR,Benign/Likely benign,"criteria provided, multiple submitters, no conflicts",,,c.2304C>T,,rs778199483,
1157015,NM_005228.5(EGFR):c.2448C>T (p.Asn816=),EGFR,Conflicting classifications of pathogenicity,"criteria provided, conflicting classifications",,,c.2448C>T,,rs544240809,
1155750,NM_005228.5(EGFR):c.2370G>A (p.Thr790=),EGFR-AS1,Benign/Likely benign,"criteria provided, multiple submitters, no conflicts",,,c.2370G>A,,rs376452156,
1154132,NM_005228.5(EGFR):c.1632-5C>G,EGFR,Conflicting classifications of pathogenicity,"criteria provided, conflicting classifications",,,NM_005228.5(EGFR):c.1632-5C>G,,rs139388828,
1143819,NM_005228.5(EGFR):c.1632-5C>T,EGFR,Conflicting classifications of pathogenicity,"criteria provided, conflicting classifications",,,NM_005228.5(EGFR):c.1632-5C>T,,rs139388828,
1143759,NM_005228.5(EGFR):c.975G>A (p.Lys325=),EGFR,Conflicting classifications of pathogenicity,"criteria provided, conflicting classifications",,,c.975G>A,,rs752278049,
1147659,NM_005228.5(EGFR):c.2292C>T (p.Tyr764=),EGFR-AS1,Benign/Likely benign,"criteria provided, multiple submitters, no conflicts",,,c.2292C>T,,rs755011268,
1147318,NM_005228.5(EGFR):c.1998C>G (p.Leu666=),EGFR,Conflicting classifications of pathogenicity,"criteria provided, conflicting classifications",,,c.1998C>G,,rs779909747,
1128684,NM_005228.5(EGFR):c.2364C>T (p.Leu788=),EGFR-AS1,Benign/Likely benign,"criteria provided, multiple submitters, no conflicts",,,c.2364C>T,,rs201469865,
1138107,NM_005228.5(EGFR):c.2094T>C (p.Ala698=),EGFR,Benign/Likely benign,"criteria provided, multiple submitters, no conflicts",,,c.2094T>C,,rs370409092,
1131249,NM_005228.5(EGFR):c.425-5C>T,EGFR,Conflicting classifications of pathogenicity,"criteria provided, conflicting classifications",,,NM_005228.5(EGFR):c.425-5C>T,,rs189130668,
3765034,NM_005228.5(EGFR):c.2310_2311insGGT (p.Asp770_Asn771insGly),EGFR,,,,,c.2310_2311insGGT,,,
3764852,NM_005228.5(EGFR):c.1934C>G (p.Ser645Cys),EGFR,,,,,c.1934C>G,,,
860490,NM_005228.5(EGFR):c.3551A>G (p.Asn1184Ser),EGFR,Conflicting classifications of pathogenicity,"criteria provided, conflicting classifications",,,c.3551A>G,,rs779422878,
860485,NM_005228.5(EGFR):c.610G>A (p.Glu204Lys),EGFR,Conflicting classifications of pathogenicity,"criteria provided, conflicting classifications",,,c.610G>A,,rs767829342,
859594,NM_005228.5(EGFR):c.293G>A (p.Arg98Gln),EGFR,Conflicting classifications of pathogenicity,"criteria provided, conflicting classifications",,,c.293G>A,,rs17289589,
859238,NM_005228.5(EGFR):c.1993G>A (p.Gly665Ser),EGFR,Conflicting classifications of pathogenicity,"criteria provided, conflicting classifications",,,c.1993G>A,,rs745422316,
858342,NM_005228.5(EGFR):c.532A>G (p.Met178Val),EGFR,Conflicting classifications of pathogenicity,"criteria provided, conflicting classifications",,,c.532A>G,,rs1219334377,
858314,NM_005228.5(EGFR):c.22G>A (p.Gly8Arg),EGFR,Conflicting classifications of pathogenicity,"criteria provided, conflicting classifications",,,c.22G>A,,rs754259847,
3764851,NM_005228.5(EGFR):c.323G>T (p.Arg108Ile),EGFR,,,,,c.323G>T,,,
3764850,NM_005228.5(EGFR):c.315G>T (p.Gln105His),EGFR,,,,,c.315G>T,,,
3764849,NM_005228.5(EGFR):c.187G>C (p.Gly63Arg),EGFR,,,,,c.187G>C,,,
4539621,NM_005228.5(EGFR):c.3323C>G (p.Pro1108Arg),EGFR,,,,,c.3323C>G,,,
4539619,NM_005228.5(EGFR):c.2062-1G>A,EGFR,,,,,NM_005228.5(EGFR):c.2062-1G>A,,,
4539618,NM_005228.5(EGFR):c.1871G>T (p.Cys624Phe),EGFR,,,,,c.1871G>T,,,
935117,NM_005228.5(EGFR):c.1553C>T (p.Pro518Leu),EGFR,Conflicting classifications of pathogenicity,"criteria provided, conflicting classifications",,,c.1553C>T,,rs564398642,
934421,NM_005228.5(EGFR):c.1427A>G (p.Asn476Ser),EGFR,Conflicting classifications of pathogenicity,"criteria provided, conflicting classifications",,,c.1427A>G,,rs746521110,
863465,NM_005228.5(EGFR):c.1453G>A (p.Gly485Ser),EGFR,Conflicting classifications of pathogenicity,"criteria provided, conflicting classifications",,,c.1453G>A,,rs769434273,
857170,NM_005228.5(EGFR):c.1741C>A (p.Gln581Lys),EGFR,Conflicting classifications of pathogenicity,"criteria provided, conflicting classifications",,,c.1741C>A,,rs764787649,
856878,NM_005228.5(EGFR):c.379G>A (p.Ala127Thr),EGFR,Conflicting classifications of pathogenicity,"criteria provided, conflicting classifications",,,c.379G>A,,rs377444977,
856399,NM_005228.5(EGFR):c.3601G>A (p.Ala1201Thr),EGFR,Conflicting classifications of pathogenicity,"criteria provided, conflicting classifications",,,c.3601G>A,,rs369585356,
1096523,NM_005228.5(EGFR):c.2349C>A (p.Thr783=),EGFR-AS1,Benign/Likely benign,"criteria provided, multiple submitters, no conflicts",,,c.2349C>A,,rs397517122,
1078424,NM_005228.5(EGFR):c.2247A>G (p.Glu749=),EGFR,Benign/Likely benign,"criteria provided, multiple submitters, no conflicts",,,c.2247A>G,,rs1786523816,
1095127,NM_005228.5(EGFR):c.2319C>T (p.His773=),EGFR,Benign/Likely benign,"criteria provided, multiple submitters, no conflicts",,,c.2319C>T,,rs768468531,
1107106,NM_005228.5(EGFR):c.2226C>T (p.Val742=),EGFR,Benign/Likely benign,"criteria provided, multiple submitters, no conflicts",,,c.2226C>T,,rs773835994,
3670433,NM_005228.5(EGFR):c.1572C>G (p.Val524=),EGFR,Benign/Likely benign,"criteria provided, multiple submitters, no conflicts",,,c.1572C>G,,,
1095455,NM_005228.5(EGFR):c.2626-5C>T,EGFR,Benign/Likely benign,"criteria provided, multiple submitters, no conflicts",,,NM_005228.5(EGFR):c.2626-5C>T,,rs563080257,
1035958,NM_005228.5(EGFR):c.22G>C (p.Gly8Arg),EGFR,Conflicting classifications of pathogenicity,"criteria provided, conflicting classifications",,,c.22G>C,,rs754259847,
1035574,NM_005228.5(EGFR):c.1171G>A (p.Glu391Lys),LOC126860048,Conflicting classifications of pathogenicity,"criteria provided, conflicting classifications",,,c.1171G>A,,rs1389500636,
1035563,NM_005228.5(EGFR):c.3454G>A (p.Asp1152Asn),EGFR,Conflicting classifications of pathogenicity,"criteria provided, conflicting classifications",,,c.3454G>A,,rs368892932,
3668692,NM_005228.5(EGFR):c.1631+1G>A,EGFR,Conflicting classifications of pathogenicity,"criteria provided, conflicting classifications",,,NM_005228.5(EGFR):c.1631+1G>A,,,
3773496,NM_005228.5(EGFR):c.2259G>C (p.Pro753=),EGFR,Benign/Likely benign,"criteria provided, multiple submitters, no conflicts",,,c.2259G>C,,,
863436,NM_005228.5(EGFR):c.1799T>C (p.Met600Thr),EGFR,Conflicting classifications of pathogenicity,"criteria provided, conflicting classifications",,,c.1799T>C,,rs149375515,
863217,NM_005228.5(EGFR):c.3566G>C (p.Gly1189Ala),EGFR,Benign/Likely benign,"criteria provided, multiple submitters, no conflicts",,,c.3566G>C,,rs747600559,
850439,NM_005228.5(EGFR):c.3289G>A (p.Val1097Ile),EGFR,Conflicting classifications of pathogenicity,"criteria provided, conflicting classifications",,,c.3289G>A,,rs775345513,
850344,NM_005228.5(EGFR):c.1900G>A (p.Glu634Lys),EGFR,Conflicting classifications of pathogenicity,"criteria provided, conflicting classifications",,,c.1900G>A,,rs765068810,
849185,NM_005228.5(EGFR):c.3238G>A (p.Asp1080Asn),EGFR,Conflicting classifications of pathogenicity,"criteria provided, conflicting classifications",,,c.3238G>A,,rs1023185448,
848579,NM_005228.5(EGFR):c.61G>A (p.Ala21Thr),EGFR,Conflicting classifications of pathogenicity,"criteria provided, conflicting classifications",,,c.61G>A,,rs373129709,
1024425,NM_005228.5(EGFR):c.1579C>T (p.Arg527Trp),EGFR,Conflicting classifications of pathogenicity,"criteria provided, conflicting classifications",,,c.1579C>T,,rs768627073,
1024002,NM_005228.5(EGFR):c.3170G>A (p.Ser1057Asn),EGFR,Conflicting classifications of pathogenicity,"criteria provided, conflicting classifications",,,c.3170G>A,,rs751466686,
1023925,NM_005228.5(EGFR):c.2545C>T (p.Gln849Ter),EGFR,Conflicting classifications of pathogenicity,"criteria provided, conflicting classifications",,,c.2545C>T,,rs1787407972,
3773428,NM_005228.5(EGFR):c.2394C>T (p.Leu798=),EGFR-AS1,Benign/Likely benign,"criteria provided, multiple submitters, no conflicts",,,c.2394C>T,,,
3773412,NM_005228.5(EGFR):c.2535G>T (p.Val845=),EGFR,Benign/Likely benign,"criteria provided, multiple submitters, no conflicts",,,c.2535G>T,,,
1022540,NM_005228.3(EGFR):c.560_567delGCCAAAAG,EGFR,Conflicting classifications of pathogenicity,"criteria provided, conflicting classifications",,,NM_005228.3(EGFR):c.560_567delGCCAAAAG,,rs1271819892,
1094920,NM_005228.5(EGFR):c.2062-5C>G,EGFR,Conflicting classifications of pathogenicity,"criteria provided, conflicting classifications",,,NM_005228.5(EGFR):c.2062-5C>G,,rs1452602910,
3619883,NM_005228.5(EGFR):c.628+1G>A,EGFR,Conflicting classifications of pathogenicity,"criteria provided, conflicting classifications",,,NM_005228.5(EGFR):c.628+1G>A,,,
1126490,NM_005228.5(EGFR):c.2391C>T (p.Cys797=),EGFR,Benign/Likely benign,"criteria provided, multiple submitters, no conflicts",,,c.2391C>T,,rs1562790774,
3618663,NM_005228.5(EGFR):c.2175G>T (p.Thr725=),EGFR,Benign/Likely benign,"criteria provided, multiple submitters, no conflicts",,,c.2175G>T,,,
858191,NM_005228.5(EGFR):c.38C>T (p.Ala13Val),EGFR,Conflicting classifications of pathogenicity,"criteria provided, conflicting classifications",,,c.38C>T,,rs567894670,
857836,NM_005228.5(EGFR):c.1557G>T (p.Glu519Asp),EGFR,Conflicting classifications of pathogenicity,"criteria provided, conflicting classifications",,,c.1557G>T,,rs116057045,
844042,NM_005228.5(EGFR):c.3028G>A (p.Val1010Met),EGFR,Conflicting classifications of pathogenicity,"criteria provided, conflicting classifications",,,c.3028G>A,,rs757699239,
1102814,NM_005228.5(EGFR):c.1320C>G (p.Val440=),EGFR,Conflicting classifications of pathogenicity,"criteria provided, conflicting classifications",,,c.1320C>G,,rs761495014,
842064,NM_005228.5(EGFR):c.3149T>C (p.Ile1050Thr),EGFR,Conflicting classifications of pathogenicity,"criteria provided, conflicting classifications",,,c.3149T>C,,rs529174941,
3618061,NM_005228.5(EGFR):c.747+1G>A,EGFR,Conflicting classifications of pathogenicity,"criteria provided, conflicting classifications",,,NM_005228.5(EGFR):c.747+1G>A,,,
3507149,NM_005228.5(EGFR):c.2466A>G (p.Ala822=),EGFR,Benign/Likely benign,"criteria provided, multiple submitters, no conflicts",,,c.2466A>G,,,
1130006,NM_005228.5(EGFR):c.2079A>C (p.Thr693=),EGFR,Benign/Likely benign,"criteria provided, multiple submitters, no conflicts",,,c.2079A>C,,rs1354541861,
3843831,NM_005228.5(EGFR):c.3381C>A (p.Asp1127Glu),EGFR,Conflicting classifications of pathogenicity,"criteria provided, conflicting classifications",,,c.3381C>A,,,
3390866,NM_005228.5(EGFR):c.3055C>A (p.Pro1019Thr),EGFR,,,,,c.3055C>A,,rs1562805765,
3390865,NM_005228.5(EGFR):c.3056C>A (p.Pro1019Gln),EGFR,,,,,c.3056C>A,,rs1562805773,
1043400,NM_005228.5(EGFR):c.3137C>A (p.Thr1046Asn),EGFR,Conflicting classifications of pathogenicity,"criteria provided, conflicting classifications",,,c.3137C>A,,rs773437153,
1042326,NM_005228.5(EGFR):c.409A>T (p.Met137Leu),EGFR,Conflicting classifications of pathogenicity,"criteria provided, conflicting classifications",,,c.409A>T,,rs754854319,
1021477,NM_005228.5(EGFR):c.3571A>G (p.Thr1191Ala),EGFR,Conflicting classifications of pathogenicity,"criteria provided, conflicting classifications",,,c.3571A>G,,rs1788076877,
1001782,NM_005228.5(EGFR):c.2619A>T (p.Gly873=),EGFR,Conflicting classifications of pathogenicity,"criteria provided, conflicting classifications",,,c.2619A>T,,rs764700695,
1000496,NM_005228.5(EGFR):c.494G>A (p.Arg165Gln),EGFR,Conflicting classifications of pathogenicity,"criteria provided, conflicting classifications",,,c.494G>A,,rs761795138,
854259,NM_005228.5(EGFR):c.1532C>A (p.Ser511Tyr),EGFR,Conflicting classifications of pathogenicity,"criteria provided, conflicting classifications",,,c.1532C>A,,rs371114444,
850694,NM_005228.5(EGFR):c.2518G>A (p.Ala840Thr),EGFR,Conflicting classifications of pathogenicity,"criteria provided, conflicting classifications",,,c.2518G>A,,rs143884981,
842023,NM_005228.5(EGFR):c.3335A>G (p.Asn1112Ser),EGFR,Conflicting classifications of pathogenicity,"criteria provided, conflicting classifications",,,c.3335A>G,,rs755330584,
840352,NM_005228.5(EGFR):c.52C>T (p.Leu18Phe),EGFR,Conflicting classifications of pathogenicity,"criteria provided, conflicting classifications",,,c.52C>T,,rs754527029,
838037,NM_005228.5(EGFR):c.1705A>G (p.Ile569Val),EGFR,Conflicting classifications of pathogenicity,"criteria provided, conflicting classifications",,,c.1705A>G,,rs1785823693,
837739,NM_005228.5(EGFR):c.968T>C (p.Val323Ala),EGFR,Conflicting classifications of pathogenicity,"criteria provided, conflicting classifications",,,c.968T>C,,rs367680488,
837195,NM_005228.5(EGFR):c.1936A>C (p.Ile646Leu),EGFR,Conflicting classifications of pathogenicity,"criteria provided, conflicting classifications",,,c.1936A>C,,rs140516819,
1021051,NM_005228.5(EGFR):c.3529T>C (p.Phe1177Leu),EGFR,Conflicting classifications of pathogenicity,"criteria provided, conflicting classifications",,,c.3529T>C,,rs1788074933,
969728,NM_005228.5(EGFR):c.1001G>T (p.Arg334Leu),EGFR,Conflicting classifications of pathogenicity,"criteria provided, conflicting classifications",,,c.1001G>T,,rs771929085,
967426,NM_005228.5(EGFR):c.846G>C (p.Glu282Asp),EGFR,Conflicting classifications of pathogenicity,"criteria provided, conflicting classifications",,,c.846G>C,,rs1785291439,
966885,NM_005228.5(EGFR):c.332T>C (p.Met111Thr),EGFR,Conflicting classifications of pathogenicity,"criteria provided, conflicting classifications",,,c.332T>C,,rs746631025,
1020563,NM_005228.5(EGFR):c.2533G>C (p.Val845Leu),EGFR,Conflicting classifications of pathogenicity,"criteria provided, conflicting classifications",,,c.2533G>C,,rs1787407031,
1020012,NM_005228.5(EGFR):c.3244A>T (p.Ile1082Leu),EGFR,Conflicting classifications of pathogenicity,"criteria provided, conflicting classifications",,,c.3244A>T,,rs371229748,
1019778,NM_005228.5(EGFR):c.3052A>G (p.Ile1018Val),EGFR,Conflicting classifications of pathogenicity,"criteria provided, conflicting classifications",,,c.3052A>G,,rs1362774341,
847678,NM_005228.5(EGFR):c.2334G>A (p.Leu778=),EGFR,Benign/Likely benign,"criteria provided, multiple submitters, no conflicts",,,c.2334G>A,,rs397517118,
3379765,NM_005228.5(EGFR):c.351T>A (p.Tyr117Ter),EGFR,Conflicting classifications of pathogenicity,"criteria provided, conflicting classifications",,,c.351T>A,,,
846240,NM_005228.5(EGFR):c.2700C>T (p.Tyr900=),EGFR,Benign/Likely benign,"criteria provided, multiple submitters, no conflicts",,,c.2700C>T,,rs530256683,
845247,NM_005228.5(EGFR):c.1721G>A (p.Arg574Gln),EGFR,Conflicting classifications of pathogenicity,"criteria provided, conflicting classifications",,,c.1721G>A,,rs370810719,
836388,NM_005228.5(EGFR):c.1798A>G (p.Met600Val),EGFR,Conflicting classifications of pathogenicity,"criteria provided, conflicting classifications",,,c.1798A>G,,rs746395542,
834635,NM_005228.5(EGFR):c.1331A>G (p.Asn444Ser),EGFR,Conflicting classifications of pathogenicity,"criteria provided, conflicting classifications",,,c.1331A>G,,rs1032006770,
802320,NM_005228.5(EGFR):c.2896A>G (p.Ile966Val),EGFR,Conflicting classifications of pathogenicity,"criteria provided, conflicting classifications",,,c.2896A>G,,rs1383485737,
802319,NM_005228.5(EGFR):c.2469+8G>A,EGFR-AS1,Conflicting classifications of pathogenicity,"criteria provided, conflicting classifications",,,NM_005228.5(EGFR):c.2469+8G>A,,rs760763801,
1103253,NM_005228.5(EGFR):c.2163T>C (p.Gly721=),EGFR,Benign/Likely benign,"criteria provided, multiple submitters, no conflicts",,,c.2163T>C,,rs2128953746,
802317,NM_005228.5(EGFR):c.1840G>A (p.Gly614Ser),EGFR,Conflicting classifications of pathogenicity,"criteria provided, conflicting classifications",,,c.1840G>A,,rs779076899,
3687142,NM_005228.5(EGFR):c.50C>T (p.Ala17Val),EGFR,Conflicting classifications of pathogenicity,"criteria provided, conflicting classifications",,,c.50C>T,,,
1102587,NM_005228.5(EGFR):c.2370G>T (p.Thr790=),EGFR-AS1,Benign/Likely benign,"criteria provided, multiple submitters, no conflicts",,,c.2370G>T,,rs376452156,
1105998,NM_005228.5(EGFR):c.2655A>C (p.Ser885=),EGFR,Benign/Likely benign,"criteria provided, multiple submitters, no conflicts",,,c.2655A>C,,rs781112955,
3004677,NM_005228.5(EGFR):c.37G>A (p.Ala13Thr),EGFR,Conflicting classifications of pathogenicity,"criteria provided, conflicting classifications",,,c.37G>A,,rs2128853391,
972485,NM_005228.5(EGFR):c.1770C>A (p.His590Gln),EGFR,Conflicting classifications of pathogenicity,"criteria provided, conflicting classifications",,,c.1770C>A,,rs1785914047,
3257908,NM_005228.5(EGFR):c.2390G>C (p.Cys797Ser),EGFR,,,,,c.2390G>C,,,
3684544,NM_005228.5(EGFR):c.380C>T (p.Ala127Val),EGFR,Conflicting classifications of pathogenicity,"criteria provided, conflicting classifications",,,c.380C>T,,,
3257907,NM_005228.5(EGFR):c.1950G>T (p.Met650Ile),EGFR,,,,,c.1950G>T,,,
3257905,NM_005228.5(EGFR):c.1875C>G (p.Thr625=),EGFR,,,,,c.1875C>G,,,
1025199,NM_005228.5(EGFR):c.3304G>A (p.Ala1102Thr),EGFR,Conflicting classifications of pathogenicity,"criteria provided, conflicting classifications",,,c.3304G>A,,rs1268506326,
966145,NM_005228.5(EGFR):c.1537G>T (p.Glu513Ter),EGFR,Conflicting classifications of pathogenicity,"criteria provided, conflicting classifications",,,c.1537G>T,,rs754646330,
964418,NM_005228.5(EGFR):c.1809C>A (p.Asn603Lys),EGFR,Conflicting classifications of pathogenicity,"criteria provided, conflicting classifications",,,c.1809C>A,,rs769537072,
802314,NM_005228.5(EGFR):c.551T>C (p.Leu184Pro),EGFR,Conflicting classifications of pathogenicity,"criteria provided, conflicting classifications",,,c.551T>C,,rs921852102,
802313,NM_005228.5(EGFR):c.551T>A (p.Leu184Gln),EGFR,Conflicting classifications of pathogenicity,"criteria provided, conflicting classifications",,,c.551T>A,,rs921852102,
802312,NM_005228.5(EGFR):c.59C>A (p.Pro20Gln),EGFR,Conflicting classifications of pathogenicity,"criteria provided, conflicting classifications",,,c.59C>A,,rs1028735720,
3257904,NM_005228.5(EGFR):c.1860C>G (p.Cys620Trp),EGFR,,,,,c.1860C>G,,,
963531,NM_005228.5(EGFR):c.2945A>T (p.Gln982Leu),EGFR,Conflicting classifications of pathogenicity,"criteria provided, conflicting classifications",,,c.2945A>T,,rs775131364,
963439,NM_005228.5(EGFR):c.739G>A (p.Asp247Asn),EGFR,Conflicting classifications of pathogenicity,"criteria provided, conflicting classifications",,,c.739G>A,,rs780001754,
782268,NM_005228.5(EGFR):c.1788G>A (p.Pro596=),EGFR,Benign/Likely benign,"criteria provided, multiple submitters, no conflicts",,,c.1788G>A,,rs17290162,
782267,NM_005228.5(EGFR):c.1317A>G (p.Ala439=),EGFR,Benign/Likely benign,"criteria provided, multiple submitters, no conflicts",,,c.1317A>G,,rs17290005,
774877,NM_005228.5(EGFR):c.241-8C>G,EGFR,Benign/Likely benign,"criteria provided, multiple submitters, no conflicts",,,NM_005228.5(EGFR):c.241-8C>G,,rs138872748,
3257903,NM_005228.5(EGFR):c.1797C>G (p.Val599=),EGFR,,,,,c.1797C>G,,,
760724,NM_005228.5(EGFR):c.2710G>A (p.Val904Ile),EGFR,Benign/Likely benign,"criteria provided, multiple submitters, no conflicts",,,c.2710G>A,,rs538497054,
1046363,NM_005228.5(EGFR):c.2062-3del,EGFR,Conflicting classifications of pathogenicity,"criteria provided, conflicting classifications",,,NM_005228.5(EGFR):c.2062-3del,,rs770889681,
1019264,NM_005228.5(EGFR):c.1001G>A (p.Arg334His),EGFR,Conflicting classifications of pathogenicity,"criteria provided, conflicting classifications",,,c.1001G>A,,rs771929085,
1018840,NM_005228.5(EGFR):c.925C>T (p.Arg309Ter),EGFR,Conflicting classifications of pathogenicity,"criteria provided, conflicting classifications",,,c.925C>T,,rs1444692842,
1017706,NM_005228.5(EGFR):c.8C>T (p.Pro3Leu),EGFR,Conflicting classifications of pathogenicity,"criteria provided, conflicting classifications",,,c.8C>T,,rs749433287,
1045310,NM_005228.5(EGFR):c.967G>A (p.Val323Ile),EGFR,Conflicting classifications of pathogenicity,"criteria provided, conflicting classifications",,,c.967G>A,,rs761844164,
3257902,NM_005228.5(EGFR):c.1740C>G (p.Ile580Met),EGFR,,,,,c.1740C>G,,,
3630431,NM_005228.5(EGFR):c.2791G>T (p.Glu931Ter),EGFR,Conflicting classifications of pathogenicity,"criteria provided, conflicting classifications",,,c.2791G>T,,,
738616,NM_005228.5(EGFR):c.1878C>T (p.Tyr626=),EGFR,Benign/Likely benign,"criteria provided, multiple submitters, no conflicts",,,c.1878C>T,,rs533525993,
736983,NM_005228.5(EGFR):c.1007-5T>C,LOC126860048,Conflicting classifications of pathogenicity,"criteria provided, conflicting classifications",,,NM_005228.5(EGFR):c.1007-5T>C,,rs1243474404,
731522,NM_005228.5(EGFR):c.1119G>A (p.Pro373=),EGFR,Benign/Likely benign,"criteria provided, multiple submitters, no conflicts",,,c.1119G>A,,rs2302536,
730373,NM_005228.5(EGFR):c.3143C>T (p.Ala1048Val),EGFR,Conflicting classifications of pathogenicity,"criteria provided, conflicting classifications",,,c.3143C>T,,rs78244461,
972415,NM_005228.5(EGFR):c.2469+6C>A,EGFR-AS1,Conflicting classifications of pathogenicity,"criteria provided, conflicting classifications",,,NM_005228.5(EGFR):c.2469+6C>A,,rs775576810,
962310,NM_005228.5(EGFR):c.2189T>G (p.Leu730Arg),EGFR,Conflicting classifications of pathogenicity,"criteria provided, conflicting classifications",,,c.2189T>G,,rs771995749,
962242,NM_005228.5(EGFR):c.2745T>A (p.Tyr915Ter),EGFR,Conflicting classifications of pathogenicity,"criteria provided, conflicting classifications",,,c.2745T>A,,rs1275784384,
721822,NM_005228.5(EGFR):c.921C>T (p.Cys307=),EGFR,Benign/Likely benign,"criteria provided, multiple submitters, no conflicts",,,c.921C>T,,rs17289893,
3257901,NM_005228.5(EGFR):c.250G>A (p.Glu84Lys),EGFR,,,,,c.250G>A,,,
709428,NM_005228.5(EGFR):c.3592C>T (p.Leu1198=),EGFR,Benign/Likely benign,"criteria provided, multiple submitters, no conflicts",,,c.3592C>T,,rs142188270,
961606,NM_005228.5(EGFR):c.212A>G (p.Gln71Arg),EGFR,Conflicting classifications of pathogenicity,"criteria provided, conflicting classifications",,,c.212A>G,,rs369580836,
695601,NM_005228.5(EGFR):c.3210C>T (p.Ser1070=),EGFR,Benign/Likely benign,"criteria provided, multiple submitters, no conflicts",,,c.3210C>T,,rs41494749,
961288,NM_005228.5(EGFR):c.70G>A (p.Ala24Thr),EGFR,Conflicting classifications of pathogenicity,"criteria provided, conflicting classifications",,,c.70G>A,,rs911767401,
584703,NM_005228.5(EGFR):c.3629C>T (p.Ala1210Val),EGFR,Conflicting classifications of pathogenicity,"criteria provided, conflicting classifications",,,c.3629C>T,,rs35918369,
584702,NM_005228.5(EGFR):c.3352G>A (p.Ala1118Thr),EGFR,Conflicting classifications of pathogenicity,"criteria provided, conflicting classifications",,,c.3352G>A,,rs770749711,
584701,NM_005228.5(EGFR):c.3245T>G (p.Ile1082Arg),EGFR,Conflicting classifications of pathogenicity,"criteria provided, conflicting classifications",,,c.3245T>G,,rs1051476261,
1102025,NM_005228.5(EGFR):c.2284-4C>G,EGFR-AS1,Conflicting classifications of pathogenicity,"criteria provided, conflicting classifications",,,NM_005228.5(EGFR):c.2284-4C>G,,rs766533982,
1123378,NM_005228.5(EGFR):c.1821C>T (p.Val607=),EGFR,Conflicting classifications of pathogenicity,"criteria provided, conflicting classifications",,,c.1821C>T,,rs377048120,
1060465,NM_005228.5(EGFR):c.433C>A (p.His145Asn),EGFR,Conflicting classifications of pathogenicity,"criteria provided, conflicting classifications",,,c.433C>A,,rs1198703773,
3690877,NM_005228.5(EGFR):c.2223C>A (p.Pro741=),EGFR,Benign/Likely benign,"criteria provided, multiple submitters, no conflicts",,,c.2223C>A,,,
3507177,NM_005228.5(EGFR):c.2553C>T (p.Val851=),EGFR,Benign/Likely benign,"criteria provided, multiple submitters, no conflicts",,,c.2553C>T,,,
1059968,NM_005228.5(EGFR):c.2416A>G (p.Lys806Glu),EGFR-AS1,Conflicting classifications of pathogenicity,"criteria provided, conflicting classifications",,,c.2416A>G,,rs754652044,
1014501,NM_005228.5(EGFR):c.2402A>G (p.Tyr801Cys),EGFR-AS1,Conflicting classifications of pathogenicity,"criteria provided, conflicting classifications",,,c.2402A>G,,rs779394350,
1059940,NM_005228.5(EGFR):c.1133+1G>A,LOC126860048,Conflicting classifications of pathogenicity,"criteria provided, conflicting classifications",,,NM_005228.5(EGFR):c.1133+1G>A,,rs2128938466,
1123013,NM_005228.5(EGFR):c.769G>A (p.Glu257Lys),EGFR,Conflicting classifications of pathogenicity,"criteria provided, conflicting classifications",,,c.769G>A,,rs138847501,
1122463,NM_005228.5(EGFR):c.2493T>C (p.Arg831=),EGFR,Benign/Likely benign,"criteria provided, multiple submitters, no conflicts",,,c.2493T>C,,rs182196240,
1100701,NM_005228.5(EGFR):c.2307G>A (p.Val769=),EGFR,Benign/Likely benign,"criteria provided, multiple submitters, no conflicts",,,c.2307G>A,,rs757699292,
958623,NM_005228.5(EGFR):c.1766C>T (p.Pro589Leu),EGFR,Conflicting classifications of pathogenicity,"criteria provided, conflicting classifications",,,c.1766C>T,,rs751570775,
584690,NM_005228.5(EGFR):c.1816C>G (p.Leu606Val),EGFR,Conflicting classifications of pathogenicity,"criteria provided, conflicting classifications",,,c.1816C>G,,rs143152775,
584689,NM_005228.5(EGFR):c.1774G>A (p.Val592Ile),EGFR,Benign/Likely benign,"criteria provided, multiple submitters, no conflicts",,,c.1774G>A,,rs144943614,
584686,NM_005228.5(EGFR):c.509G>A (p.Ser170Asn),EGFR,Conflicting classifications of pathogenicity,"criteria provided, conflicting classifications",,,c.509G>A,,rs758945260,
584685,NM_005228.5(EGFR):c.345T>A (p.Asn115Lys),EGFR,Conflicting classifications of pathogenicity,"criteria provided, conflicting classifications",,,c.345T>A,,rs773596817,
560009,NM_005228.5(EGFR):c.2270A>G (p.Lys757Arg),EGFR,Conflicting classifications of pathogenicity,"criteria provided, conflicting classifications",,,c.2270A>G,,rs397517102,
560008,NM_005228.5(EGFR):c.988G>A (p.Glu330Lys),EGFR,Conflicting classifications of pathogenicity,"criteria provided, conflicting classifications",,,c.988G>A,,rs139429793,
560007,NM_005228.5(EGFR):c.2492G>A (p.Arg831His),EGFR,Conflicting classifications of pathogenicity,"criteria provided, conflicting classifications",,,c.2492G>A,,rs150036236,
3015679,NM_005228.5(EGFR):c.2577C>A (p.Ala859=),EGFR,Benign/Likely benign,"criteria provided, multiple submitters, no conflicts",,,c.2577C>A,,rs1006848281,
1093215,NM_005228.5(EGFR):c.2328C>A (p.Arg776=),EGFR-AS1,Benign/Likely benign,"criteria provided, multiple submitters, no conflicts",,,c.2328C>A,,rs142999400,
1100680,NM_005228.5(EGFR):c.2223C>T (p.Pro741=),EGFR,Benign/Likely benign,"criteria provided, multiple submitters, no conflicts",,,c.2223C>T,,rs372772241,
3701479,NM_005228.5(EGFR):c.1491C>A (p.Asn497Lys),EGFR,Conflicting classifications of pathogenicity,"criteria provided, conflicting classifications",,,c.1491C>A,,,
3700383,NM_005228.5(EGFR):c.1948A>G (p.Met650Val),EGFR,Conflicting classifications of pathogenicity,"criteria provided, conflicting classifications",,,c.1948A>G,,,
1092497,NM_005228.5(EGFR):c.2385C>T (p.Phe795=),EGFR,Benign/Likely benign,"criteria provided, multiple submitters, no conflicts",,,c.2385C>T,,rs375332959,
1115945,NM_005228.5(EGFR):c.2463C>T (p.Ile821=),EGFR,Benign/Likely benign,"criteria provided, multiple submitters, no conflicts",,,c.2463C>T,,rs367859869,
1044343,NM_005228.5(EGFR):c.1325G>A (p.Ser442Asn),EGFR,Conflicting classifications of pathogenicity,"criteria provided, conflicting classifications",,,c.1325G>A,,rs765091640,
695386,NM_005228.5(EGFR):c.1509C>T (p.Gly503=),EGFR,Benign/Likely benign,"criteria provided, multiple submitters, no conflicts",,,c.1509C>T,,rs17336800,
1057685,NM_005228.5(EGFR):c.2386G>A (p.Gly796Ser),EGFR,Conflicting classifications of pathogenicity,"criteria provided, conflicting classifications",,,c.2386G>A,,rs754426793,
1056580,NM_005228.5(EGFR):c.2988C>A (p.Asn996Lys),EGFR,Conflicting classifications of pathogenicity,"criteria provided, conflicting classifications",,,c.2988C>A,,rs771085105,
545112,NM_005228.5(EGFR):c.1881-858G>T,EGFR,Conflicting classifications of pathogenicity,"criteria provided, conflicting classifications",,,NM_005228.5(EGFR):c.1881-858G>T,,rs909905659,
376396,NM_005228.5(EGFR):c.866C>A (p.Ala289Asp),EGFR,,,,,c.866C>A,,rs149840192,
376212,NM_005228.5(EGFR):c.2527G>A (p.Val843Ile),EGFR,Conflicting classifications of pathogenicity,"criteria provided, conflicting classifications",,,c.2527G>A,,rs146795390,
376210,NM_005228.5(EGFR):c.1793G>T (p.Gly598Val),EGFR,,,,,c.1793G>T,,rs139236063,
376209,NM_005228.5(EGFR):c.866C>T (p.Ala289Val),EGFR,,,,,c.866C>T,,rs149840192,
376207,NM_005228.5(EGFR):c.323G>A (p.Arg108Lys),EGFR,,,,,c.323G>A,,rs1057519828,
1121864,NM_005228.5(EGFR):c.1499-5C>T,EGFR,Conflicting classifications of pathogenicity,"criteria provided, conflicting classifications",,,NM_005228.5(EGFR):c.1499-5C>T,,rs1459322761,
1126767,NM_005228.5(EGFR):c.1650G>A (p.Val550=),EGFR,Conflicting classifications of pathogenicity,"criteria provided, conflicting classifications",,,c.1650G>A,,rs1261257677,
1050096,NM_005228.5(EGFR):c.844G>A (p.Glu282Lys),EGFR,Conflicting classifications of pathogenicity,"criteria provided, conflicting classifications",,,c.844G>A,,rs199796955,
1048935,NM_005228.5(EGFR):c.1881-721G>A,EGFR,Benign/Likely benign,"criteria provided, multiple submitters, no conflicts",,,NM_005228.5(EGFR):c.1881-721G>A,,rs17336988,
1117851,NM_005228.5(EGFR):c.1320C>T (p.Val440=),EGFR,Conflicting classifications of pathogenicity,"criteria provided, conflicting classifications",,,c.1320C>T,,rs761495014,
1113912,NM_005228.5(EGFR):c.2169C>T (p.Phe723=),EGFR,Benign/Likely benign,"criteria provided, multiple submitters, no conflicts",,,c.2169C>T,,rs370590012,
957645,NM_005228.5(EGFR):c.11C>A (p.Ser4Tyr),EGFR,Conflicting classifications of pathogenicity,"criteria provided, conflicting classifications",,,c.11C>A,,rs771210838,
584691,NM_005228.5(EGFR):c.1837G>A (p.Ala613Thr),EGFR,Conflicting classifications of pathogenicity,"criteria provided, conflicting classifications",,,c.1837G>A,,rs764290273,
360466,NM_005228.5(EGFR):c.2138A>C (p.Lys713Thr),EGFR,Conflicting classifications of pathogenicity,"criteria provided, conflicting classifications",,,c.2138A>C,,rs373578289,
957083,NM_005228.5(EGFR):c.3566G>T (p.Gly1189Val),EGFR,Conflicting classifications of pathogenicity,"criteria provided, conflicting classifications",,,c.3566G>T,,rs747600559,
360464,NM_005228.5(EGFR):c.2047C>T (p.Leu683=),EGFR,Benign/Likely benign,"criteria provided, multiple submitters, no conflicts",,,c.2047C>T,,rs55669340,
360460,NM_005228.5(EGFR):c.1830C>T (p.Tyr610=),EGFR,Benign/Likely benign,"criteria provided, multiple submitters, no conflicts",,,c.1830C>T,,rs115350205,
360459,NM_005228.5(EGFR):c.1554G>A (p.Pro518=),EGFR,Benign/Likely benign,"criteria provided, multiple submitters, no conflicts",,,c.1554G>A,,rs142429250,
360458,NM_005228.5(EGFR):c.1299-7A>G,EGFR,Benign/Likely benign,"criteria provided, multiple submitters, no conflicts",,,NM_005228.5(EGFR):c.1299-7A>G,,rs75911944,
956417,NM_005228.5(EGFR):c.628C>T (p.Leu210=),EGFR,Conflicting classifications of pathogenicity,"criteria provided, conflicting classifications",,,c.628C>T,,rs1785140781,
1120909,NM_005228.5(EGFR):c.2229T>A (p.Ala743=),EGFR,Benign/Likely benign,"criteria provided, multiple submitters, no conflicts",,,c.2229T>A,,rs1259479642,
360455,NM_005228.5(EGFR):c.531G>A (p.Ser177=),EGFR,Benign/Likely benign,"criteria provided, multiple submitters, no conflicts",,,c.531G>A,,rs17336437,
3257900,NM_005228.5(EGFR):c.185T>G (p.Leu62Arg),EGFR,,,,,c.185T>G,,,
4247319,NM_005228.5(EGFR):c.180G>A (p.Val60=),EGFR,Conflicting classifications of pathogenicity,"criteria provided, conflicting classifications",,,c.180G>A,,,
1125561,NM_005228.5(EGFR):c.2777T>A (p.Ile926Asn),EGFR,Benign/Likely benign,"criteria provided, multiple submitters, no conflicts",,,c.2777T>A,,rs767507216,
1107447,NM_005228.5(EGFR):c.2160C>T (p.Ser720=),EGFR,Benign/Likely benign,"criteria provided, multiple submitters, no conflicts",,,c.2160C>T,,rs1562784587,
1058215,NM_005228.5(EGFR):c.2650G>T (p.Glu884Ter),EGFR,Conflicting classifications of pathogenicity,"criteria provided, conflicting classifications",,,c.2650G>T,,rs2128965518,
1057763,NM_005228.5(EGFR):c.1811A>G (p.Asn604Ser),EGFR,Conflicting classifications of pathogenicity,"criteria provided, conflicting classifications",,,c.1811A>G,,rs913231421,
1041783,NM_005228.5(EGFR):c.59C>T (p.Pro20Leu),EGFR,Conflicting classifications of pathogenicity,"criteria provided, conflicting classifications",,,c.59C>T,,rs1028735720,
177764,NM_005228.5(EGFR):c.2236G>C (p.Glu746Gln),EGFR,not provided,no classification provided,,,c.2236G>C,,rs121913427,
177759,NM_005228.5(EGFR):c.2484G>A (p.Leu828=),EGFR,Benign/Likely benign,"criteria provided, multiple submitters, no conflicts",,,c.2484G>A,,rs727504312,
960994,NM_005228.5(EGFR):c.1781C>A (p.Thr594Asn),EGFR,Conflicting classifications of pathogenicity,"criteria provided, conflicting classifications",,,c.1781C>A,,rs778011429,
177721,NM_005228.5(EGFR):c.2237_2254del (p.Glu746_Ser752delinsAla),EGFR,drug response,no assertion criteria provided,,,c.2237_2254del,,rs121913422,
960197,NM_005228.5(EGFR):c.1051A>G (p.Ile351Val),EGFR,Conflicting classifications of pathogenicity,"criteria provided, conflicting classifications",,,c.1051A>G,,rs767790289,
360452,NM_005228.5(EGFR):c.16A>G (p.Thr6Ala),EGFR,Conflicting classifications of pathogenicity,"criteria provided, conflicting classifications",,,c.16A>G,,rs767651648,
259678,NM_005228.5(EGFR):c.2487G>A (p.Glu829=),EGFR,Benign/Likely benign,"criteria provided, multiple submitters, no conflicts",,,c.2487G>A,,rs41420046,
208821,NM_005228.5(EGFR):c.2305G>A (p.Val769Met),EGFR-AS1,Conflicting classifications of pathogenicity,"criteria provided, conflicting classifications",,,c.2305G>A,,rs147149347,
178284,NM_005228.5(EGFR):c.2237_2246delinsC (p.Glu746_Glu749delinsAla),EGFR,drug response,"criteria provided, single submitter",,,c.2237_2246delinsC,,rs727504444,
177971,NM_005228.5(EGFR):c.2232_2252delinsAAAGTT (p.Glu746_Thr751delinsLeu),EGFR,drug response,"criteria provided, single submitter",,,c.2232_2252delinsAAAGTT,,rs727504428,
177955,NM_005228.5(EGFR):c.2308_2322dup (p.Asp770_Val774dup),EGFR,drug response,"criteria provided, single submitter",,,c.2308_2322dup,,rs1554350367,
177954,NM_005228.5(EGFR):c.2317_2318insCGAACCCCC (p.Pro772_His773insProAsnPro),EGFR,drug response,"criteria provided, single submitter",,,c.2317_2318insCGAACCCCC,,rs727503013,
177943,NM_005228.5(EGFR):c.2239_2264delinsACGAGAGA (p.Leu747_Ala755delinsThrArgAsp),EGFR,drug response,"criteria provided, single submitter",,,c.2239_2264delinsACGAGAGA,,rs727504414,
959977,NM_005228.5(EGFR):c.3572C>T (p.Thr1191Ile),EGFR,Conflicting classifications of pathogenicity,"criteria provided, conflicting classifications",,,c.3572C>T,,rs372948989,
360469,NM_005228.5(EGFR):c.3139G>A (p.Val1047Met),EGFR,Benign/Likely benign,"criteria provided, multiple submitters, no conflicts",,,c.3139G>A,,rs142442994,
360468,NM_005228.5(EGFR):c.3015A>G (p.Glu1005=),EGFR,Benign/Likely benign,"criteria provided, multiple submitters, no conflicts",,,c.3015A>G,,rs55737335,
177649,NM_005228.5(EGFR):c.2240_2254del (p.Leu747_Thr751del),EGFR,Likely pathogenic; drug response,no assertion criteria provided,,,c.2240_2254del,,rs121913442,
177647,NM_005228.5(EGFR):c.2239_2256del (p.Leu747_Ser752del),EGFR,Likely pathogenic; drug response,no assertion criteria provided,,,c.2239_2256del,,rs121913440,
177646,NM_005228.5(EGFR):c.2125G>A (p.Glu709Lys),EGFR,drug response,no assertion criteria provided,,,c.2125G>A,,rs727504256,
177645,NM_005228.5(EGFR):c.2237_2251del (p.Glu746_Thr751delinsAla),EGFR,drug response,no assertion criteria provided,,,c.2237_2251del,,rs121913425,
177933,NM_005228.5(EGFR):c.2238_2248delinsGC (p.Leu747_Ala750delinsPro),EGFR,drug response,"criteria provided, single submitter",,,c.2238_2248delinsGC,,rs121913435,
177920,NM_005228.5(EGFR):c.2236_2252delinsAT (p.Glu746_Thr751delinsIle),EGFR,drug response,"criteria provided, single submitter",,,c.2236_2252delinsAT,,rs727504402,
177911,NM_005228.5(EGFR):c.2311_2319dup (p.Asn771_His773dup),EGFR,drug response,no assertion criteria provided,,,c.2311_2319dup,,rs397517115,
177909,NM_005228.5(EGFR):c.2251_2277delinsGAT (p.Thr751_Ile759delinsAsp),EGFR,drug response,"criteria provided, single submitter",,,c.2251_2277delinsGAT,,rs727504395,
177848,NM_005228.5(EGFR):c.2239_2257delinsCAAT (p.Leu747_Pro753delinsGlnSer),EGFR,drug response,no assertion criteria provided,,,c.2239_2257delinsCAAT,,rs727504339,
177822,NM_005228.5(EGFR):c.2239_2257delinsA (p.Leu747_Pro753delinsThr),EGFR,drug response,no assertion criteria provided,,,c.2239_2257delinsA,,rs727504339,
177813,NM_005228.5(EGFR):c.2237_2256delinsTC (p.Glu746_Ser752delinsVal),EGFR,drug response,no assertion criteria provided,,,c.2237_2256delinsTC,,rs121913424,
177808,NM_005228.5(EGFR):c.2235_2251delinsAATTC (p.Glu746_Thr751delinsIlePro),EGFR,drug response,no assertion criteria provided,,,c.2235_2251delinsAATTC,,rs727504332,
177790,NM_005228.5(EGFR):c.2231_2232insAAAATTCCCGTCGCTA (p.Glu746fs),EGFR,drug response,no assertion criteria provided,,,c.2231_2232insAAAATTCCCGTCGCTA,,rs727504326,
177787,NM_005228.5(EGFR):c.2232_2250del (p.Lys745fs),EGFR,drug response,no assertion criteria provided,,,c.2232_2250del,,rs727504324,
177773,NM_005228.5(EGFR):c.2252C>T (p.Thr751Ile),EGFR,drug response,no assertion criteria provided,,,c.2252C>T,,rs727504316,
177765,NM_005228.5(EGFR):c.2239_2247del (p.Leu747_Glu749del),EGFR,drug response,no assertion criteria provided,,,c.2239_2247del,,rs121913436,
959846,NM_005228.5(EGFR):c.3353C>T (p.Ala1118Val),EGFR,Conflicting classifications of pathogenicity,"criteria provided, conflicting classifications",,,c.3353C>T,,rs773996588,
4338424,NM_005228.5(EGFR):c.-33G>T,EGFR,,,,,NM_005228.5(EGFR):c.-33G>T,,,
1055190,NM_005228.5(EGFR):c.3162+1G>A,EGFR,Conflicting classifications of pathogenicity,"criteria provided, conflicting classifications",,,NM_005228.5(EGFR):c.3162+1G>A,,rs1034084415,
1057713,NM_005228.5(EGFR):c.1655A>G (p.Asn552Ser),EGFR,Conflicting classifications of pathogenicity,"criteria provided, conflicting classifications",,,c.1655A>G,,rs1162236403,
954844,NM_005228.5(EGFR):c.3405C>A (p.Asn1135Lys),EGFR,Conflicting classifications of pathogenicity,"criteria provided, conflicting classifications",,,c.3405C>A,,rs765499904,
177720,NM_005228.5(EGFR):c.2237_2248delinsCAC (p.Glu746_Ala750delinsAlaPro),EGFR,drug response,no assertion criteria provided,,,c.2237_2248delinsCAC,,rs727503015,
177691,NM_005228.5(EGFR):c.2237_2257delinsTCT (p.Glu746_Pro753delinsValSer),EGFR,drug response,no assertion criteria provided,,,c.2237_2257delinsTCT,,rs727504282,
177690,NM_005228.5(EGFR):c.2235_2248delinsAATTC (p.Glu746_Ala750delinsIlePro),EGFR,drug response,no assertion criteria provided,,,c.2235_2248delinsAATTC,,rs727504281,
177684,NM_005228.5(EGFR):c.2239_2248delinsC (p.Leu747_Ala750delinsPro),EGFR,drug response,"criteria provided, single submitter",,,c.2239_2248delinsC,,rs727504278,
177678,NM_005228.5(EGFR):c.2300_2308dup (p.Ala767_Val769dup),EGFR,drug response,no assertion criteria provided,,,c.2300_2308dup,,rs727504263,
177663,NM_005228.5(EGFR):c.2235_2243del (p.Leu747_Glu749del),EGFR,drug response,no assertion criteria provided,,,c.2235_2243del,,rs727504266,
177662,NM_005228.5(EGFR):c.2311_2312insCAC (p.Asn771delinsThrHis),EGFR,drug response,no assertion criteria provided,,,c.2311_2312insCAC,,rs1554350351,
177658,NM_005228.5(EGFR):c.2308_2309insGTT (p.Asp770delinsGlyTyr),EGFR,drug response,"criteria provided, single submitter",,,c.2308_2309insGTT,,rs1554350347,
177654,NM_005228.5(EGFR):c.2307_2315dup (p.Asp770_Pro772dup),EGFR,drug response,no assertion criteria provided,,,c.2307_2315dup,,rs730880333,
177652,NM_005228.5(EGFR):c.2237_2255delinsT (p.Glu746_Ser752delinsVal),EGFR,Likely pathogenic; drug response,no assertion criteria provided,,,c.2237_2255delinsT,,rs727504258,
177651,NM_005228.5(EGFR):c.2238_2251delinsGC (p.Leu747_Thr751delinsPro),EGFR,drug response,"criteria provided, single submitter",,,c.2238_2251delinsGC,,rs727504257,
163376,NM_005228.5(EGFR):c.2311A>G (p.Asn771Asp),EGFR,drug response,no assertion criteria provided,,,c.2311A>G,,rs727503020,
163375,NM_005228.5(EGFR):c.2311_2312insGTT (p.Asn771delinsSerTyr),EGFR,drug response,no assertion criteria provided,,,c.2311_2312insGTT,,rs1554350351,
163374,NM_005228.5(EGFR):c.2308_2310delinsTGGG (p.Asp770fs),EGFR-AS1,drug response,"criteria provided, single submitter",,,c.2308_2310delinsTGGG,,rs727503019,
163373,NM_005228.5(EGFR):c.2292_2293insCATCAC (p.Tyr764_Val765insHisHis),EGFR,drug response,no assertion criteria provided,,,c.2292_2293insCATCAC,,rs1554350337,
163371,NM_005228.5(EGFR):c.2265C>G (p.Ala755=),EGFR,not provided,no classification provided,,,c.2265C>G,,rs727503017,
163352,NM_005228.5(EGFR):c.2237_2251delinsTTC (p.Glu746_Thr751delinsValPro),EGFR,drug response,no assertion criteria provided,,,c.2237_2251delinsTTC,,rs727503016,
163350,NM_005228.5(EGFR):c.2237_2248delinsCCC (p.Glu746_Ala750delinsAlaPro),EGFR,drug response,no assertion criteria provided,,,c.2237_2248delinsCCC,,rs727503015,
163343,NM_005228.5(EGFR):c.2235_2249del (p.Glu746_Ala750del),EGFR,Conflicting classifications of pathogenicity,"criteria provided, conflicting classifications",,,c.2235_2249del,,rs121913421,
4805452,NM_005228.5(EGFR):c.1777A>C (p.Lys593Gln),EGFR,Conflicting classifications of pathogenicity,"criteria provided, conflicting classifications",,,c.1777A>C,,,
953828,NM_005228.5(EGFR):c.2506C>T (p.Arg836Cys),EGFR,Conflicting classifications of pathogenicity,"criteria provided, conflicting classifications",,,c.2506C>T,,rs374952732,
1026153,NM_005228.5(EGFR):c.2180A>G (p.Tyr727Cys),EGFR,Conflicting classifications of pathogenicity,"criteria provided, conflicting classifications",,,c.2180A>G,,rs138240620,
1016573,NM_005228.5(EGFR):c.1488A>C (p.Glu496Asp),EGFR,Conflicting classifications of pathogenicity,"criteria provided, conflicting classifications",,,c.1488A>C,,rs1785633928,
3773357,NM_005228.5(EGFR):c.2556G>A (p.Lys852=),EGFR,Benign/Likely benign,"criteria provided, multiple submitters, no conflicts",,,c.2556G>A,,,
1025401,NM_005228.5(EGFR):c.2258C>T (p.Pro753Leu),EGFR,Conflicting classifications of pathogenicity,"criteria provided, conflicting classifications",,,c.2258C>T,,rs559717059,
3773279,NM_005228.5(EGFR):c.2520C>A (p.Ala840=),EGFR,Benign/Likely benign,"criteria provided, multiple submitters, no conflicts",,,c.2520C>A,,,
1006525,NM_005228.5(EGFR):c.2185-3T>C,EGFR,Conflicting classifications of pathogenicity,"criteria provided, conflicting classifications",,,NM_005228.5(EGFR):c.2185-3T>C,,rs930997590,
1004521,NM_005228.5(EGFR):c.1582A>G (p.Asn528Asp),EGFR,Conflicting classifications of pathogenicity,"criteria provided, conflicting classifications",,,c.1582A>G,,rs762336338,
1004409,NM_005228.5(EGFR):c.1739T>C (p.Ile580Thr),EGFR,Conflicting classifications of pathogenicity,"criteria provided, conflicting classifications",,,c.1739T>C,,rs761585117,
1080352,NM_005228.5(EGFR):c.2175G>C (p.Thr725=),EGFR,Benign/Likely benign,"criteria provided, multiple submitters, no conflicts",,,c.2175G>C,,rs55959834,
957865,NM_005228.5(EGFR):c.938C>T (p.Ala313Val),EGFR,Conflicting classifications of pathogenicity,"criteria provided, conflicting classifications",,,c.938C>T,,rs149321481,
163337,NM_005228.5(EGFR):c.2230_2249delinsGTCAA (p.Ile744_Ala750delinsValLys),EGFR,drug response,"criteria provided, single submitter",,,c.2230_2249delinsGTCAA,,rs727503014,
163335,NM_005228.5(EGFR):c.2126A>G (p.Glu709Gly),EGFR,drug response,"criteria provided, single submitter",,,c.2126A>G,,rs397517085,
135518,NM_005228.5(EGFR):c.3271+81C>T,EGFR,not provided,no classification provided,,,NM_005228.5(EGFR):c.3271+81C>T,,rs587777941,
135516,NM_005228.5(EGFR):c.2061+2T>C,EGFR,Conflicting classifications of pathogenicity,"criteria provided, conflicting classifications",,,NM_005228.5(EGFR):c.2061+2T>C,,rs587777939,
134033,NM_005228.5(EGFR):c.1881-831C>A,EGFR,not provided,no classification provided,,,NM_005228.5(EGFR):c.1881-831C>A,,rs140443314,
134031,NM_005228.5(EGFR):c.3485G>A (p.Ser1162Asn),EGFR,Benign/Likely benign,"criteria provided, multiple submitters, no conflicts",,,c.3485G>A,,rs41321844,
134030,NM_005228.5(EGFR):c.3467A>C (p.His1156Pro),EGFR,Conflicting classifications of pathogenicity,"criteria provided, conflicting classifications",,,c.3467A>C,,rs149174093,
134029,NM_005228.5(EGFR):c.2963A>C (p.His988Pro),EGFR,Benign/Likely benign,"criteria provided, multiple submitters, no conflicts",,,c.2963A>C,,rs17290699,
177618,NM_005228.5(EGFR):c.2253_2276del (p.Ser752_Ile759del),EGFR,drug response,no assertion criteria provided,,,c.2253_2276del,,rs727504232,
177617,NM_005228.5(EGFR):c.2254_2277del (p.Ser752_Ile759del),EGFR,drug response,no assertion criteria provided,,,c.2254_2277del,,rs121913463,
163380,NM_005228.5(EGFR):c.2582T>A (p.Leu861Gln),EGFR,Likely pathogenic; drug response,no assertion criteria provided,,,c.2582T>A,,rs121913444,
163377,NM_005228.5(EGFR):c.2312_2313insTGT (p.Asn771_Pro772insVal),EGFR,drug response,"criteria provided, single submitter",,,c.2312_2313insTGT,,rs727503021,
134026,NM_005228.5(EGFR):c.2224G>A (p.Val742Ile),EGFR,Conflicting classifications of pathogenicity,"criteria provided, conflicting classifications",,,c.2224G>A,,rs587778250,
134025,NM_005228.5(EGFR):c.2024G>A (p.Arg675Gln),EGFR,Conflicting classifications of pathogenicity,"criteria provided, conflicting classifications",,,c.2024G>A,,rs150423237,
134024,NM_005228.5(EGFR):c.1632T>C (p.Gly544=),EGFR,Benign/Likely benign,"criteria provided, multiple submitters, no conflicts",,,c.1632T>C,,rs17290103,
134023,NM_005228.5(EGFR):c.1580G>A (p.Arg527Gln),EGFR,Conflicting classifications of pathogenicity,"criteria provided, conflicting classifications",,,c.1580G>A,,rs150477666,
134022,NM_005228.5(EGFR):c.1570G>A (p.Val524Ile),EGFR,Conflicting classifications of pathogenicity,"criteria provided, conflicting classifications",,,c.1570G>A,,rs587778249,
134020,NM_005228.5(EGFR):c.1534C>T (p.Pro512Ser),EGFR,Conflicting classifications of pathogenicity,"criteria provided, conflicting classifications",,,c.1534C>T,,rs587778248,
132951,NM_005228.5(EGFR):c.2625+8G>A,EGFR,not provided,no classification provided,,,NM_005228.5(EGFR):c.2625+8G>A,,rs104886014,
132950,NM_005228.5(EGFR):c.2602G>A (p.Glu868Lys),EGFR,not provided,no classification provided,,,c.2602G>A,,rs104886013,
132949,NM_005228.5(EGFR):c.2544G>A (p.Pro848=),EGFR,Benign/Likely benign,"criteria provided, multiple submitters, no conflicts",,,c.2544G>A,,rs104886012,
126520,NM_005228.5(EGFR):c.2176G>A (p.Val726Met),EGFR,drug response,no assertion criteria provided,,,c.2176G>A,,rs483352805,
957697,NM_005228.5(EGFR):c.1437A>C (p.Lys479Asn),EGFR,Conflicting classifications of pathogenicity,"criteria provided, conflicting classifications",,,c.1437A>C,,rs768208443,
4338444,NM_005228.5(EGFR):c.1919+2T>A,EGFR,,,,,NM_005228.5(EGFR):c.1919+2T>A,,,
4338442,NM_005228.5(EGFR):c.1881-600G>T,EGFR,,,,,NM_005228.5(EGFR):c.1881-600G>T,,,
4338441,NM_005228.5(EGFR):c.1881-721G>C,EGFR,,,,,NM_005228.5(EGFR):c.1881-721G>C,,,
4338439,NM_005228.5(EGFR):c.1134-36A>G,EGFR,,,,,NM_005228.5(EGFR):c.1134-36A>G,,,
4338438,NM_005228.5(EGFR):c.978T>A (p.Cys326Ter),EGFR,,,,,c.978T>A,,,
126518,NM_005228.5(EGFR):c.2188C>G (p.Leu730Val),EGFR,drug response,no assertion criteria provided,,,c.2188C>G,,rs121913434,
126517,NM_005228.5(EGFR):c.2471G>A (p.Gly824Asp),EGFR,drug response,no assertion criteria provided,,,c.2471G>A,,rs483352808,
126515,NM_005228.5(EGFR):c.2327G>A (p.Arg776His),EGFR,Conflicting classifications of pathogenicity,"criteria provided, conflicting classifications",,,c.2327G>A,,rs483352806,
4338437,NM_005228.5(EGFR):c.921C>A (p.Cys307Ter),EGFR,,,,,c.921C>A,,,
45296,NM_005228.5(EGFR):c.2748C>T (p.Asp916=),EGFR,Benign/Likely benign,"criteria provided, multiple submitters, no conflicts",,,c.2748C>T,,rs41396448,
4338435,NM_005228.5(EGFR):c.748-15C>A,EGFR,,,,,NM_005228.5(EGFR):c.748-15C>A,,,
950603,NM_005228.5(EGFR):c.1891C>T (p.Pro631Ser),EGFR,Conflicting classifications of pathogenicity,"criteria provided, conflicting classifications",,,c.1891C>T,,rs552265738,
947643,NM_005228.5(EGFR):c.661G>A (p.Gly221Arg),EGFR,Conflicting classifications of pathogenicity,"criteria provided, conflicting classifications",,,c.661G>A,,rs776886714,
943452,NM_005228.5(EGFR):c.869C>T (p.Thr290Ile),EGFR,Conflicting classifications of pathogenicity,"criteria provided, conflicting classifications",,,c.869C>T,,rs1020654485,
4338434,NM_005228.5(EGFR):c.629-89T>A,EGFR,,,,,NM_005228.5(EGFR):c.629-89T>A,,,
4338433,NM_005228.5(EGFR):c.560-163C>T,EGFR,,,,,NM_005228.5(EGFR):c.560-163C>T,,,
4338430,NM_005228.5(EGFR):c.281A>C (p.Asn94Thr),EGFR,,,,,c.281A>C,,,
4338429,NM_005228.5(EGFR):c.250G>T (p.Glu84Ter),EGFR,,,,,c.250G>T,,,
4338428,NM_005228.5(EGFR):c.241-36A>G,EGFR,,,,,NM_005228.5(EGFR):c.241-36A>G,,,
134028,NM_005228.5(EGFR):c.2981_2983delinsGTG (p.Asp994_Ser995delinsGlyAla),EGFR,not provided,no classification provided,,,c.2981_2983delinsGTG,,rs587778251,
134027,NM_005228.5(EGFR):c.2885G>A (p.Arg962His),EGFR,Conflicting classifications of pathogenicity,"criteria provided, conflicting classifications",,,c.2885G>A,,rs144496976,
4338427,NM_005228.5(EGFR):c.89-291A>T,EGFR,,,,,NM_005228.5(EGFR):c.89-291A>T,,,
45288,NM_005228.5(EGFR):c.2592G>A (p.Ala864=),EGFR,Benign/Likely benign,"criteria provided, multiple submitters, no conflicts",,,c.2592G>A,,rs397517131,
45284,NM_005228.5(EGFR):c.2572C>T (p.Leu858=),EGFR,Benign/Likely benign,"criteria provided, multiple submitters, no conflicts",,,c.2572C>T,,rs121913443,
45282,NM_005228.5(EGFR):c.2543C>T (p.Pro848Leu),EGFR,Conflicting classifications of pathogenicity,"criteria provided, conflicting classifications",,,c.2543C>T,,rs148934350,
45281,NM_005228.5(EGFR):c.2508C>T (p.Arg836=),EGFR,Benign/Likely benign,"criteria provided, multiple submitters, no conflicts",,,c.2508C>T,,rs2229066,
45280,NM_005228.5(EGFR):c.2504A>T (p.His835Leu),EGFR,Conflicting classifications of pathogenicity,no assertion criteria provided,,,c.2504A>T,,rs397517128,
45277,NM_005228.5(EGFR):c.2497T>G (p.Leu833Val),EGFR,Conflicting classifications of pathogenicity,no assertion criteria provided,,,c.2497T>G,,rs397517126,
4338456,NM_005228.5(EGFR):c.2962C>T (p.His988Tyr),EGFR,,,,,c.2962C>T,,,
4338455,NM_005228.5(EGFR):c.2848+117C>T,EGFR,,,,,NM_005228.5(EGFR):c.2848+117C>T,,,
4338454,NM_005228.5(EGFR):c.2702-2A>G,EGFR,,,,,NM_005228.5(EGFR):c.2702-2A>G,,,
4338453,NM_005228.5(EGFR):c.2702-2A>C,EGFR,,,,,NM_005228.5(EGFR):c.2702-2A>C,,,
942844,NM_005228.5(EGFR):c.550C>G (p.Leu184Val),EGFR,Conflicting classifications of pathogenicity,"criteria provided, conflicting classifications",,,c.550C>G,,rs1224862076,
942516,NM_005228.5(EGFR):c.1831G>A (p.Ala611Thr),EGFR,Conflicting classifications of pathogenicity,"criteria provided, conflicting classifications",,,c.1831G>A,,rs201061916,
941634,NM_005228.5(EGFR):c.2293G>A (p.Val765Met),EGFR,Conflicting classifications of pathogenicity,"criteria provided, conflicting classifications",,,c.2293G>A,,rs374873413,
941405,NM_005228.5(EGFR):c.2020G>A (p.Val674Ile),EGFR,Conflicting classifications of pathogenicity,"criteria provided, conflicting classifications",,,c.2020G>A,,rs17337079,
126519,NM_005228.5(EGFR):c.2393T>A (p.Leu798His),EGFR,drug response,no assertion criteria provided,,,c.2393T>A,,rs483352807,
4338452,NM_005228.5(EGFR):c.2640G>A (p.Trp880Ter),EGFR,,,,,c.2640G>A,,,
45270,NM_005228.5(EGFR):c.2355C>T (p.Thr785=),EGFR,Benign/Likely benign,"criteria provided, multiple submitters, no conflicts",,,c.2355C>T,,rs148188503,
45269,NM_005228.5(EGFR):c.2349C>T (p.Thr783=),EGFR-AS1,Benign/Likely benign,"criteria provided, multiple submitters, no conflicts",,,c.2349C>T,,rs397517122,
4338451,NM_005228.5(EGFR):c.2469+93G>T,EGFR-AS1,,,,,NM_005228.5(EGFR):c.2469+93G>T,,,
45264,NM_005228.5(EGFR):c.2329C>T (p.Leu777=),EGFR-AS1,Benign/Likely benign,"criteria provided, multiple submitters, no conflicts",,,c.2329C>T,,rs397517117,
4338450,NM_005228.5(EGFR):c.2469+82A>T,EGFR,,,,,NM_005228.5(EGFR):c.2469+82A>T,,,
4338449,NM_005228.5(EGFR):c.2284-12C>G,EGFR,,,,,NM_005228.5(EGFR):c.2284-12C>G,,,
4338448,NM_005228.5(EGFR):c.2284-12C>A,EGFR,,,,,NM_005228.5(EGFR):c.2284-12C>A,,,
4338447,NR_047551.1(EGFR-AS1):n.2184G>A,EGFR,,,,,NR_047551.1(EGFR-AS1):n.2184G>A,,,
4338446,NM_005228.5(EGFR):c.2125G>T (p.Glu709Ter),EGFR,,,,,c.2125G>T,,,
4338445,NM_005228.5(EGFR):c.1919+2T>C,EGFR,,,,,NM_005228.5(EGFR):c.1919+2T>C,,,
3572243,NM_005228.5(EGFR):c.2192G>T (p.Trp731Leu),EGFR,Conflicting classifications of pathogenicity,"criteria provided, conflicting classifications",,,c.2192G>T,,,
937136,NM_005228.5(EGFR):c.2172C>T (p.Gly724=),EGFR,Conflicting classifications of pathogenicity,"criteria provided, conflicting classifications",,,c.2172C>T,,rs754578411,
936935,NM_005228.5(EGFR):c.758A>G (p.Lys253Arg),EGFR,Conflicting classifications of pathogenicity,"criteria provided, conflicting classifications",,,c.758A>G,,rs374084791,
936579,NM_005228.5(EGFR):c.1678C>A (p.Pro560Thr),EGFR,Conflicting classifications of pathogenicity,"criteria provided, conflicting classifications",,,c.1678C>A,,rs748219780,
4338468,NM_005228.5(EGFR):c.3163-5T>G,EGFR,,,,,NM_005228.5(EGFR):c.3163-5T>G,,,
4338467,NM_005228.5(EGFR):c.3163-20T>G,EGFR,,,,,NM_005228.5(EGFR):c.3163-20T>G,,,
45253,NM_005228.5(EGFR):c.2303_2311dup (p.Ser768_Asp770dup),EGFR,drug response,"criteria provided, single submitter",,,c.2303_2311dup,,rs397517109,
45249,NM_005228.5(EGFR):c.2289C>G (p.Ala763=),EGFR,Benign/Likely benign,"criteria provided, multiple submitters, no conflicts",,,c.2289C>G,,rs117420095,
4338466,NM_005228.5(EGFR):c.3162+5G>T,EGFR,,,,,NM_005228.5(EGFR):c.3162+5G>T,,,
4338465,NM_005228.5(EGFR):c.3115-1G>T,EGFR,,,,,NM_005228.5(EGFR):c.3115-1G>T,,,
4338464,NM_005228.5(EGFR):c.3115-9C>A,EGFR,,,,,NM_005228.5(EGFR):c.3115-9C>A,,,
4338463,NM_005228.5(EGFR):c.3115-14T>A,EGFR,,,,,NM_005228.5(EGFR):c.3115-14T>A,,,
4338462,NM_005228.5(EGFR):c.3114+5G>T,EGFR,,,,,NM_005228.5(EGFR):c.3114+5G>T,,,
4338461,NM_005228.5(EGFR):c.3114+1G>A,EGFR,,,,,NM_005228.5(EGFR):c.3114+1G>A,,,
4338460,NM_005228.5(EGFR):c.3114G>T (p.Leu1038=),EGFR,,,,,c.3114G>T,,,
4338459,NM_005228.5(EGFR):c.3035A>G (p.Asp1012Gly),EGFR,,,,,c.3035A>G,,,
4338458,NM_005228.5(EGFR):c.3022G>T (p.Asp1008Tyr),EGFR,,,,,c.3022G>T,,,
4338457,NM_005228.5(EGFR):c.2995C>A (p.Arg999Ser),EGFR,,,,,c.2995C>A,,,
4539617,NM_005228.5(EGFR):c.1849T>A (p.Cys617Ser),EGFR,,,,,c.1849T>A,,,
45274,NM_005228.5(EGFR):c.2457G>A (p.Val819=),EGFR,Benign/Likely benign,"criteria provided, multiple submitters, no conflicts",,,c.2457G>A,,rs56183713,
4539616,NM_005228.5(EGFR):c.1745G>A (p.Cys582Tyr),EGFR,,,,,c.1745G>A,,,
1107111,NM_005228.5(EGFR):c.2185-5C>T,EGFR,Conflicting classifications of pathogenicity,"criteria provided, conflicting classifications",,,NM_005228.5(EGFR):c.2185-5C>T,,rs368545090,
4530050,NM_005228.5(EGFR):c.2307_2308insTGTGGG (p.Val769_Asp770insCysGly),EGFR,,,,,c.2307_2308insTGTGGG,,,
4530049,NM_005228.5(EGFR):c.898GTG[1] (p.Val301del),EGFR,,,,,c.898GTG[1],,,
4530048,NM_005228.5(EGFR):c.2320_2321insCCAACCCCCACG (p.His773_Val774insAlaAsnProHis),EGFR,,,,,c.2320_2321insCCAACCCCCACG,,,
4530047,NM_005228.5(EGFR):c.1789G>A (p.Ala597Thr),EGFR,,,,,c.1789G>A,,,
4530046,NM_005228.5(EGFR):c.787A>C (p.Thr263Pro),EGFR,,,,,c.787A>C,,rs1057519829,
4338474,NM_005228.5(EGFR):c.*925C>A,EGFR,,,,,NM_005228.5(EGFR):c.*925C>A,,,
4338473,NM_005228.5(EGFR):c.3271+145C>G,EGFR,,,,,NM_005228.5(EGFR):c.3271+145C>G,,,
45226,NM_005228.5(EGFR):c.2166G>A (p.Ala722=),EGFR,Benign/Likely benign,"criteria provided, multiple submitters, no conflicts",,,c.2166G>A,,rs367694667,
45224,NM_005228.5(EGFR):c.2155G>C (p.Gly719Arg),EGFR,Likely pathogenic; drug response,no assertion criteria provided,,,c.2155G>C,,rs28929495,
16613,NM_005228.5(EGFR):c.2369C>T (p.Thr790Met),EGFR,drug response,reviewed by expert panel,,,c.2369C>T,,rs121434569,
16612,NM_005228.5(EGFR):c.2155G>A (p.Gly719Ser),EGFR,Uncertain significance; drug response,"criteria provided, multiple submitters, no conflicts",,,c.2155G>A,,rs28929495,
16611,NM_005228.5(EGFR):c.2155G>T (p.Gly719Cys),EGFR,Pathogenic; drug response,no assertion criteria provided,,,c.2155G>T,,rs28929495,
16610,NM_005228.5(EGFR):c.2239_2251delinsC (p.Leu747_Thr751delinsPro),EGFR,drug response,no assertion criteria provided,,,c.2239_2251delinsC,,rs397509368,
16609,NM_005228.5(EGFR):c.2573T>G (p.Leu858Arg),EGFR,drug response,reviewed by expert panel,,,c.2573T>G,,rs121434568,
4338472,NM_005228.5(EGFR):c.3266T>G (p.Val1089Gly),EGFR,,,,,c.3266T>G,,,
4338470,NM_005228.5(EGFR):c.3164T>A (p.Leu1055Gln),EGFR,,,,,c.3164T>A,,,
4338469,NM_005228.5(EGFR):c.3163-2A>T,EGFR,,,,,NM_005228.5(EGFR):c.3163-2A>T,,,
938704,NM_005228.5(EGFR):c.61G>T (p.Ala21Ser),EGFR,Conflicting classifications of pathogenicity,"criteria provided, conflicting classifications",,,c.61G>T,,rs373129709,
938400,NM_005228.5(EGFR):c.434A>G (p.His145Arg),EGFR,Conflicting classifications of pathogenicity,"criteria provided, conflicting classifications",,,c.434A>G,,rs780476417,
16608,NM_005228.5(EGFR):c.2240_2257del (p.Leu747_Pro753delinsSer),EGFR,Likely pathogenic; drug response,no assertion criteria provided,,,c.2240_2257del,,rs121913438,
