variation_id,name,gene_symbol,clinical_significance,review_status,condition,variant_type,cdna_change,protein_change,rs_id,last_updated
13876,NM_004448.4(ERBB2):c.2328_2336dup (p.Val777_Ser779dup),ERBB2,Pathogenic,no assertion criteria provided,,,c.2328_2336dup,,rs587776805,
13878,NM_004448.4(ERBB2):c.2740G>A (p.Glu914Lys),ERBB2,Pathogenic,no assertion criteria provided,,,c.2740G>A,,rs28933368,
13879,NM_004448.4(ERBB2):c.2326G>A (p.Gly776Ser),ERBB2,Pathogenic,no assertion criteria provided,,,c.2326G>A,,rs28933369,
13880,NM_004448.4(ERBB2):c.2570A>G (p.Asn857Ser),ERBB2,Pathogenic,no assertion criteria provided,,,c.2570A>G,,rs28933370,
376138,NM_004448.4(ERBB2):c.926G>A (p.Gly309Glu),ERBB2,Pathogenic,no assertion criteria provided,,,c.926G>A,,rs1057519787,
376188,NM_004448.4(ERBB2):c.929C>A (p.Ser310Tyr),ERBB2,Pathogenic,"criteria provided, single submitter",,,c.929C>A,,rs1057519816,
2582289,NM_004448.4(ERBB2):c.1958C>T (p.Ser653Phe),ERBB2,Pathogenic,no assertion criteria provided,,,c.1958C>T,,rs2145802334,
148363,GRCh38/hg38 17q23.1-25.1(chr17:36449220-75053130)x3,PPM1D,Pathogenic,no assertion criteria provided,,,GRCh38/hg38 17q23.1-25.1(chr17:36449220-75053130)x3,,,
1188812,NM_004448.4(ERBB2):c.2129C>T (p.Ala710Val),ERBB2,Pathogenic,no assertion criteria provided,,,c.2129C>T,,rs2145813505,
2582232,NM_004448.4(ERBB2):c.2089G>A (p.Val697Met),ERBB2,Pathogenic,no assertion criteria provided,,,c.2089G>A,,rs2145811711,
2582288,NM_004448.4(ERBB2):c.925G>A (p.Gly309Arg),ERBB2,Pathogenic,no assertion criteria provided,,,c.925G>A,,rs2058824189,
2582233,NM_004448.4(ERBB2):c.2515G>A (p.Val839Met),ERBB2,Pathogenic,no assertion criteria provided,,,c.2515G>A,,rs2145862874,
3242217,GRCh37/hg19 17q12-22(chr17:41196270-41277589),AARSD1,Pathogenic,no assertion criteria provided,,,GRCh37/hg19 17q12-22(chr17:41196270-41277589),,,
686144,GRCh37/hg19 17p11.2-q21.2(chr17:21690653-38772647)x3,AATF,Pathogenic,no assertion criteria provided,,,GRCh37/hg19 17p11.2-q21.2(chr17:21690653-38772647)x3,,,
998138,NM_004448.4(ERBB2):c.3484_3485insG (p.Pro1162fs),ERBB2,Pathogenic,no assertion criteria provided,,,c.3484_3485insG,,rs2059860543,
998139,NM_004448.4(ERBB2):c.1610del (p.Gly537fs),ERBB2,Pathogenic,no assertion criteria provided,,,c.1610del,,rs2059127438,
57282,GRCh38/hg38 17q21.33-24.2(chr17:36449220-68170214)x3,LOC130061427,Pathogenic,"criteria provided, single submitter",,,GRCh38/hg38 17q21.33-24.2(chr17:36449220-68170214)x3,,,
44992,NM_004448.4(ERBB2):c.2331_2339dup (p.Gly778_Pro780dup),ERBB2,Pathogenic,"criteria provided, single submitter",,,c.2331_2339dup,,rs397516981,
58696,GRCh38/hg38 17q12-21.31(chr17:39199873-45629579)x3,NT5C3B,Pathogenic,"criteria provided, single submitter",,,GRCh38/hg38 17q12-21.31(chr17:39199873-45629579)x3,,,
441816,GRCh37/hg19 17p13.3-q25.3(chr17:526-81041938)x3,EVI2B,Pathogenic,no assertion criteria provided,,,GRCh37/hg19 17p13.3-q25.3(chr17:526-81041938)x3,,,
441815,GRCh37/hg19 17p13.3-q25.3(chr17:526-81041938),GPR179,Pathogenic,no assertion criteria provided,,,GRCh37/hg19 17p13.3-q25.3(chr17:526-81041938),,,
431024,NM_004448.4(ERBB2):c.2606T>G (p.Leu869Arg),ERBB2,Pathogenic,no assertion criteria provided,,,c.2606T>G,,rs1131692237,
4682915,GRCh37/hg19 17q12-21.2(chr17:33220181-39572233)x3,AATF,Pathogenic,"criteria provided, single submitter",,,GRCh37/hg19 17q12-21.2(chr17:33220181-39572233)x3,,,
179590,NM_004448.4(ERBB2):c.2324_2325insCTCCGTGATGGC (p.Ala775_Gly776insSerValMetAla),ERBB2,Likely pathogenic,"criteria provided, single submitter",,,c.2324_2325insCTCCGTGATGGC,,rs397516976,
44993,NM_004448.4(ERBB2):c.2332_2340dup (p.Gly778_Pro780dup),ERBB2,Likely pathogenic,"criteria provided, single submitter",,,c.2332_2340dup,,rs397516982,
163409,NM_004448.4(ERBB2):c.2325_2326insTCCGTGATGGCT (p.Ala775_Gly776insSerValMetAla),ERBB2,Likely pathogenic,"criteria provided, single submitter",,,c.2325_2326insTCCGTGATGGCT,,rs1555618025,
13875,NM_004448.4(ERBB2):c.2313_2324dup (p.Tyr772_Ala775dup),ERBB2,Likely pathogenic,"criteria provided, single submitter",,,c.2313_2324dup,,rs397516975,
44985,NM_004448.4(ERBB2):c.2314_2325dup (p.Tyr772_Ala775dup),ERBB2,Likely pathogenic,"criteria provided, single submitter",,,c.2314_2325dup,,rs397516977,
44989,NM_004448.4(ERBB2):c.2326_2327insTTT (p.Gly776delinsValCys),ERBB2,Likely pathogenic,"criteria provided, single submitter",,,c.2326_2327insTTT,,rs397516979,
44990,NM_004448.4(ERBB2):c.2326delinsTTAT (p.Gly776delinsLeuCys),ERBB2,Likely pathogenic,"criteria provided, single submitter",,,c.2326delinsTTAT,,rs397516980,
44988,NM_004448.4(ERBB2):c.2326_2327insTGT (p.Gly776delinsValCys),ERBB2,Likely pathogenic,"criteria provided, single submitter",,,c.2326_2327insTGT,,rs397516979,
44986,NM_004448.4(ERBB2):c.2320del (p.Met774fs),ERBB2,Likely pathogenic,"criteria provided, single submitter",,,c.2320del,,rs397516978,
13877,NM_004448.4(ERBB2):c.2263_2264delinsCC (p.Leu755Pro),ERBB2,Pathogenic/Likely pathogenic,no assertion criteria provided,,,c.2263_2264delinsCC,,rs121913469,
134071,NM_004448.4(ERBB2):c.1466C>T (p.Pro489Leu),ERBB2,Uncertain significance,"criteria provided, multiple submitters, no conflicts",,,c.1466C>T,,rs142456637,
134070,NM_004448.4(ERBB2):c.1231T>G (p.Tyr411Asp),ERBB2,Uncertain significance,"criteria provided, single submitter",,,c.1231T>G,,rs587778265,
132944,NM_004448.4(ERBB2):c.2494-3C>T,ERBB2,Uncertain significance,"criteria provided, single submitter",,,NM_004448.4(ERBB2):c.2494-3C>T,,rs104886007,
134088,NM_004448.4(ERBB2):c.383C>G (p.Pro128Arg),ERBB2,Uncertain significance,"criteria provided, multiple submitters, no conflicts",,,c.383C>G,,rs373824622,
134091,NM_004448.4(ERBB2):c.734C>T (p.Thr245Met),ERBB2,Uncertain significance,"criteria provided, multiple submitters, no conflicts",,,c.734C>T,,rs376183465,
1979243,NM_004448.4(ERBB2):c.877G>A (p.Ala293Thr),ERBB2,Uncertain significance,"criteria provided, single submitter",,,c.877G>A,,rs1258412021,
1976029,NM_004448.4(ERBB2):c.3405_3412+42delinsAG,ERBB2,Uncertain significance,"criteria provided, single submitter",,,NM_004448.4(ERBB2):c.3405_3412+42delinsAG,,rs2544561965,
1956846,NM_004448.4(ERBB2):c.1754_1755del (p.Val585fs),ERBB2,Uncertain significance,"criteria provided, single submitter",,,c.1754_1755del,,rs2544310296,
1955759,NM_004448.4(ERBB2):c.1509G>C (p.Glu503Asp),ERBB2,Uncertain significance,"criteria provided, single submitter",,,c.1509G>C,,rs983576212,
1948884,NM_004448.4(ERBB2):c.766C>T (p.Leu256Phe),ERBB2,Uncertain significance,"criteria provided, single submitter",,,c.766C>T,,rs2145517326,
1938899,NM_004448.4(ERBB2):c.594G>A (p.Met198Ile),ERBB2,Uncertain significance,"criteria provided, single submitter",,,c.594G>A,,rs767673890,
1936764,NM_004448.4(ERBB2):c.580C>T (p.Pro194Ser),ERBB2,Uncertain significance,"criteria provided, single submitter",,,c.580C>T,,rs763458661,
1927139,NM_004448.4(ERBB2):c.3523C>G (p.Pro1175Ala),ERBB2,Uncertain significance,"criteria provided, single submitter",,,c.3523C>G,,rs1437065997,
44987,NM_004448.4(ERBB2):c.2326_2327insTCT (p.Gly776delinsValCys),ERBB2,Uncertain significance,no assertion criteria provided,,,c.2326_2327insTCT,,rs397516979,
134080,NM_004448.4(ERBB2):c.3427C>A (p.Pro1143Thr),ERBB2,Uncertain significance,"criteria provided, single submitter",,,c.3427C>A,,rs587778268,
688925,GRCh37/hg19 17q12(chr17:37190609-37868002)x3,ARL5C,Uncertain significance,no assertion criteria provided,,,GRCh37/hg19 17q12(chr17:37190609-37868002)x3,,,
4019141,NM_004448.4(ERBB2):c.3395C>T (p.Thr1132Ile),ERBB2,Uncertain significance,"criteria provided, single submitter",,,c.3395C>T,,,
4019140,NM_004448.4(ERBB2):c.3613C>T (p.Pro1205Ser),ERBB2,Uncertain significance,"criteria provided, single submitter",,,c.3613C>T,,,
134073,NM_004448.4(ERBB2):c.1793C>A (p.Ala598Asp),ERBB2,Uncertain significance,"criteria provided, multiple submitters, no conflicts",,,c.1793C>A,,rs145409713,
134079,NM_004448.4(ERBB2):c.3182T>C (p.Leu1061Pro),ERBB2,Uncertain significance,"criteria provided, multiple submitters, no conflicts",,,c.3182T>C,,rs141142822,
375994,NM_004448.4(ERBB2):c.2524G>A (p.Val842Ile),ERBB2,Uncertain significance,"criteria provided, single submitter",,,c.2524G>A,,rs1057519738,
161622,NM_004448.4(ERBB2):c.2706G>C (p.Gln902His),ERBB2,Uncertain significance,no assertion criteria provided,,,c.2706G>C,,rs193920750,
521802,NM_004448.4(ERBB2):c.307C>T (p.Arg103Ter),ERBB2,Uncertain significance,"criteria provided, single submitter",,,c.307C>T,,rs1555614298,
443556,GRCh37/hg19 17q12(chr17:37313691-37868516)x3,ARL5C,Uncertain significance,no assertion criteria provided,,,GRCh37/hg19 17q12(chr17:37313691-37868516)x3,,,
4292367,NM_004448.4(ERBB2):c.284C>T (p.Pro95Leu),ERBB2,Uncertain significance,"criteria provided, multiple submitters, no conflicts",,,c.284C>T,,,
4250410,NM_004448.4(ERBB2):c.452G>T (p.Gly151Val),ERBB2,Uncertain significance,"criteria provided, single submitter",,,c.452G>T,,,
4250409,NM_004448.4(ERBB2):c.1303A>C (p.Ile435Leu),ERBB2,Uncertain significance,"criteria provided, single submitter",,,c.1303A>C,,,
4762453,NM_004448.4(ERBB2):c.3711C>A (p.Phe1237Leu),ERBB2,Uncertain significance,"criteria provided, single submitter",,,c.3711C>A,,,
4665055,NM_004448.4(ERBB2):c.3143G>A (p.Arg1048His),ERBB2,Uncertain significance,"criteria provided, single submitter",,,c.3143G>A,,,
4665054,NM_004448.4(ERBB2):c.1420C>G (p.Leu474Val),ERBB2,Uncertain significance,"criteria provided, single submitter",,,c.1420C>G,,,
4665053,NM_004448.4(ERBB2):c.3184G>C (p.Gly1062Arg),ERBB2,Uncertain significance,"criteria provided, single submitter",,,c.3184G>C,,,
4806063,NM_004448.4(ERBB2):c.362A>T (p.Asp121Val),ERBB2,Uncertain significance,"criteria provided, single submitter",,,c.362A>T,,,
3716744,NM_004448.4(ERBB2):c.259G>A (p.Ala87Thr),ERBB2,Uncertain significance,"criteria provided, single submitter",,,c.259G>A,,,
3715181,NM_004448.4(ERBB2):c.579C>G (p.His193Gln),ERBB2,Uncertain significance,"criteria provided, single submitter",,,c.579C>G,,,
3714290,NM_004448.4(ERBB2):c.1442C>T (p.Pro481Leu),ERBB2,Uncertain significance,"criteria provided, single submitter",,,c.1442C>T,,,
3714105,NM_004448.4(ERBB2):c.573C>T (p.Ala191=),ERBB2,Uncertain significance,"criteria provided, single submitter",,,c.573C>T,,,
3710564,NM_004448.4(ERBB2):c.1981A>G (p.Ile661Val),ERBB2,Uncertain significance,"criteria provided, single submitter",,,c.1981A>G,,,
835653,NM_004448.4(ERBB2):c.593T>C (p.Met198Thr),ERBB2,Uncertain significance,"criteria provided, multiple submitters, no conflicts",,,c.593T>C,,rs908142099,
4250408,NM_004448.4(ERBB2):c.2765C>G (p.Pro922Arg),ERBB2,Uncertain significance,"criteria provided, single submitter",,,c.2765C>G,,,
4250407,NM_004448.4(ERBB2):c.3311A>G (p.His1104Arg),ERBB2,Uncertain significance,"criteria provided, single submitter",,,c.3311A>G,,,
4250406,NM_004448.4(ERBB2):c.3107C>T (p.Ala1036Val),ERBB2,Uncertain significance,"criteria provided, single submitter",,,c.3107C>T,,,
4250405,NM_004448.4(ERBB2):c.1589A>G (p.Asn530Ser),ERBB2,Uncertain significance,"criteria provided, single submitter",,,c.1589A>G,,,
4250404,NM_004448.4(ERBB2):c.1030G>C (p.Gly344Arg),ERBB2,Uncertain significance,"criteria provided, single submitter",,,c.1030G>C,,,
4250402,NM_004448.4(ERBB2):c.3230C>A (p.Pro1077His),ERBB2,Uncertain significance,"criteria provided, single submitter",,,c.3230C>A,,,
4019149,NM_004448.4(ERBB2):c.1897T>C (p.Ser633Pro),ERBB2,Uncertain significance,"criteria provided, single submitter",,,c.1897T>C,,,
134086,NM_004448.4(ERBB2):c.3689G>T (p.Arg1230Leu),ERBB2,Uncertain significance,"criteria provided, single submitter",,,c.3689G>T,,rs372043866,
4752473,NM_004448.4(ERBB2):c.989G>A (p.Arg330Gln),ERBB2,Uncertain significance,"criteria provided, single submitter",,,c.989G>A,,,
4751185,NM_004448.4(ERBB2):c.644T>C (p.Leu215Pro),ERBB2,Uncertain significance,"criteria provided, single submitter",,,c.644T>C,,,
860880,NM_004448.4(ERBB2):c.3250G>T (p.Asp1084Tyr),ERBB2,Uncertain significance,"criteria provided, multiple submitters, no conflicts",,,c.3250G>T,,rs200796676,
857974,NM_004448.4(ERBB2):c.3517C>G (p.Leu1173Val),ERBB2,Uncertain significance,"criteria provided, single submitter",,,c.3517C>G,,rs1455904690,
853340,NM_004448.4(ERBB2):c.1495C>T (p.Arg499Trp),ERBB2,Uncertain significance,"criteria provided, single submitter",,,c.1495C>T,,rs199530208,
853330,NM_004448.4(ERBB2):c.3375T>A (p.Asp1125Glu),ERBB2,Uncertain significance,"criteria provided, single submitter",,,c.3375T>A,,rs148211805,
848606,NM_004448.4(ERBB2):c.3484C>T (p.Pro1162Ser),ERBB2,Uncertain significance,"criteria provided, single submitter",,,c.3484C>T,,rs201482456,
842287,NM_004448.4(ERBB2):c.3044G>A (p.Gly1015Glu),ERBB2,Uncertain significance,"criteria provided, multiple submitters, no conflicts",,,c.3044G>A,,rs140272156,
842158,NM_004448.4(ERBB2):c.3437G>A (p.Arg1146Gln),ERBB2,Uncertain significance,"criteria provided, single submitter",,,c.3437G>A,,rs767717383,
841132,NM_004448.4(ERBB2):c.2048G>A (p.Arg683Gln),ERBB2,Uncertain significance,"criteria provided, single submitter",,,c.2048G>A,,rs765387989,
838677,NM_004448.4(ERBB2):c.2317G>A (p.Val773Met),ERBB2,Uncertain significance,"criteria provided, single submitter",,,c.2317G>A,,rs772054394,
838051,NM_004448.4(ERBB2):c.2872+4C>T,ERBB2,Uncertain significance,"criteria provided, single submitter",,,NM_004448.4(ERBB2):c.2872+4C>T,,rs776838845,
836143,NM_004448.4(ERBB2):c.470G>A (p.Arg157Gln),ERBB2,Uncertain significance,"criteria provided, single submitter",,,c.470G>A,,rs745921471,
3845721,NM_004448.4(ERBB2):c.605C>A (p.Ser202Tyr),ERBB2,Uncertain significance,"criteria provided, single submitter",,,c.605C>A,,,
3845719,NM_004448.4(ERBB2):c.264C>A (p.His88Gln),ERBB2,Uncertain significance,"criteria provided, single submitter",,,c.264C>A,,,
3726834,NM_004448.4(ERBB2):c.3408G>T (p.Gln1136His),ERBB2,Uncertain significance,"criteria provided, single submitter",,,c.3408G>T,,,
3722721,NM_004448.4(ERBB2):c.1979G>A (p.Gly660Asp),ERBB2,Uncertain significance,"criteria provided, single submitter",,,c.1979G>A,,,
3718888,NM_004448.4(ERBB2):c.1859A>G (p.Glu620Gly),ERBB2,Uncertain significance,"criteria provided, single submitter",,,c.1859A>G,,,
3709846,NM_004448.4(ERBB2):c.1051C>T (p.Arg351Ter),ERBB2,Uncertain significance,"criteria provided, single submitter",,,c.1051C>T,,,
3709592,NM_004448.4(ERBB2):c.2446C>T (p.Arg816Cys),ERBB2,Uncertain significance,"criteria provided, single submitter",,,c.2446C>T,,,
3709433,NM_004448.4(ERBB2):c.1013G>A (p.Cys338Tyr),ERBB2,Uncertain significance,"criteria provided, single submitter",,,c.1013G>A,,,
3709276,NM_004448.4(ERBB2):c.1930G>A (p.Ala644Thr),ERBB2,Uncertain significance,"criteria provided, multiple submitters, no conflicts",,,c.1930G>A,,,
3706915,NM_004448.4(ERBB2):c.727G>A (p.Gly243Ser),ERBB2,Uncertain significance,"criteria provided, single submitter",,,c.727G>A,,,
3695072,NM_004448.4(ERBB2):c.1761T>A (p.Cys587Ter),ERBB2,Uncertain significance,"criteria provided, single submitter",,,c.1761T>A,,,
3691571,NM_004448.4(ERBB2):c.2970+6G>T,ERBB2,Uncertain significance,"criteria provided, single submitter",,,NM_004448.4(ERBB2):c.2970+6G>T,,,
3686197,NM_004448.4(ERBB2):c.1460G>T (p.Arg487Leu),ERBB2,Uncertain significance,"criteria provided, single submitter",,,c.1460G>T,,,
3676417,NM_004448.4(ERBB2):c.2125C>G (p.Gln709Glu),ERBB2,Uncertain significance,"criteria provided, single submitter",,,c.2125C>G,,,
3662821,NM_004448.4(ERBB2):c.2989G>T (p.Ala997Ser),ERBB2,Uncertain significance,"criteria provided, single submitter",,,c.2989G>T,,,
3660763,NM_004448.4(ERBB2):c.2153_2156del (p.Thr718fs),ERBB2,Uncertain significance,"criteria provided, single submitter",,,c.2153_2156del,,,
3660393,NM_004448.4(ERBB2):c.1463A>C (p.Asn488Thr),ERBB2,Uncertain significance,"criteria provided, single submitter",,,c.1463A>C,,,
953664,NM_004448.4(ERBB2):c.1772A>T (p.Lys591Met),ERBB2,Uncertain significance,"criteria provided, multiple submitters, no conflicts",,,c.1772A>T,,rs767216520,
939578,NM_004448.4(ERBB2):c.907T>C (p.Tyr303His),ERBB2,Uncertain significance,"criteria provided, single submitter",,,c.907T>C,,rs2058823129,
863803,NM_004448.4(ERBB2):c.365C>T (p.Pro122Leu),ERBB2,Uncertain significance,"criteria provided, single submitter",,,c.365C>T,,rs370959592,
862185,NM_004448.4(ERBB2):c.3016C>T (p.Arg1006Cys),ERBB2,Uncertain significance,"criteria provided, single submitter",,,c.3016C>T,,rs780434636,
3624188,NM_004448.4(ERBB2):c.2519G>A (p.Arg840Gln),ERBB2,Uncertain significance,"criteria provided, single submitter",,,c.2519G>A,,,
3622105,NM_004448.4(ERBB2):c.2172G>C (p.Lys724Asn),ERBB2,Uncertain significance,"criteria provided, single submitter",,,c.2172G>C,,,
3620323,NM_004448.4(ERBB2):c.868A>G (p.Thr290Ala),ERBB2,Uncertain significance,"criteria provided, multiple submitters, no conflicts",,,c.868A>G,,,
3614103,NM_004448.4(ERBB2):c.1287A>C (p.Gln429His),ERBB2,Uncertain significance,"criteria provided, single submitter",,,c.1287A>C,,,
3611423,NM_004448.4(ERBB2):c.1064C>T (p.Ala355Val),ERBB2,Uncertain significance,"criteria provided, single submitter",,,c.1064C>T,,,
3611422,NM_004448.4(ERBB2):c.561C>A (p.Asn187Lys),ERBB2,Uncertain significance,"criteria provided, single submitter",,,c.561C>A,,,
3609989,NM_004448.4(ERBB2):c.1828T>A (p.Tyr610Asn),ERBB2,Uncertain significance,"criteria provided, single submitter",,,c.1828T>A,,,
3581939,NM_004448.4(ERBB2):c.3019T>A (p.Ser1007Thr),ERBB2,Uncertain significance,"criteria provided, single submitter",,,c.3019T>A,,,
3581938,NM_004448.4(ERBB2):c.2835_2836insT (p.Ile946fs),ERBB2,Uncertain significance,"criteria provided, single submitter",,,c.2835_2836insT,,,
3581937,NM_004448.4(ERBB2):c.2726del,ERBB2,Uncertain significance,"criteria provided, single submitter",,,NM_004448.4(ERBB2):c.2726del,,,
3581936,NM_004448.4(ERBB2):c.2458C>G (p.Gln820Glu),ERBB2,Uncertain significance,"criteria provided, single submitter",,,c.2458C>G,,,
3581935,NM_004448.4(ERBB2):c.2085+7C>T,ERBB2,Uncertain significance,"criteria provided, single submitter",,,NM_004448.4(ERBB2):c.2085+7C>T,,,
3710536,NM_004448.4(ERBB2):c.1367G>A (p.Arg456His),ERBB2,Uncertain significance,"criteria provided, single submitter",,,c.1367G>A,,,
3710473,NM_004448.4(ERBB2):c.48G>T (p.Leu16Phe),ERBB2,Uncertain significance,"criteria provided, single submitter",,,c.48G>T,,,
3710334,NM_004448.4(ERBB2):c.1949C>T (p.Pro650Leu),ERBB2,Uncertain significance,"criteria provided, single submitter",,,c.1949C>T,,,
3710175,NM_004448.4(ERBB2):c.3502G>A (p.Glu1168Lys),ERBB2,Uncertain significance,"criteria provided, single submitter",,,c.3502G>A,,,
1034734,NM_004448.4(ERBB2):c.1138A>G (p.Ser380Gly),ERBB2,Uncertain significance,"criteria provided, multiple submitters, no conflicts",,,c.1138A>G,,rs148068883,
1034543,NM_004448.4(ERBB2):c.3332G>A (p.Arg1111Gln),ERBB2,Uncertain significance,"criteria provided, single submitter",,,c.3332G>A,,rs763276772,
1023323,NM_004448.4(ERBB2):c.298C>T (p.Arg100Trp),ERBB2,Uncertain significance,"criteria provided, single submitter",,,c.298C>T,,rs749886389,
1008875,NM_004448.4(ERBB2):c.3763G>T (p.Val1255Leu),ERBB2,Uncertain significance,"criteria provided, single submitter",,,c.3763G>T,,rs755744500,
1006720,NM_004448.4(ERBB2):c.641G>T (p.Ser214Ile),ERBB2,Uncertain significance,"criteria provided, single submitter",,,c.641G>T,,rs753902254,
1002037,NM_004448.4(ERBB2):c.3521C>G (p.Ser1174Cys),ERBB2,Uncertain significance,"criteria provided, single submitter",,,c.3521C>G,,rs1351450168,
1001093,NM_004448.4(ERBB2):c.856G>C (p.Glu286Gln),ERBB2,Uncertain significance,"criteria provided, single submitter",,,c.856G>C,,rs149210045,
1000168,NM_004448.4(ERBB2):c.688C>T (p.Pro230Ser),ERBB2,Uncertain significance,"criteria provided, single submitter",,,c.688C>T,,rs776960538,
970950,NM_004448.4(ERBB2):c.1385G>A (p.Gly462Asp),ERBB2,Uncertain significance,"criteria provided, single submitter",,,c.1385G>A,,rs373192991,
966873,NM_004448.4(ERBB2):c.3159+1G>C,ERBB2,Uncertain significance,"criteria provided, single submitter",,,NM_004448.4(ERBB2):c.3159+1G>C,,rs2059803693,
965272,NM_004448.4(ERBB2):c.1567C>T (p.Pro523Ser),ERBB2,Uncertain significance,"criteria provided, single submitter",,,c.1567C>T,,rs202202058,
964349,NM_004448.4(ERBB2):c.1489G>A (p.Ala497Thr),ERBB2,Uncertain significance,"criteria provided, single submitter",,,c.1489G>A,,rs145762641,
3650163,NM_004448.4(ERBB2):c.3707C>T (p.Thr1236Ile),ERBB2,Uncertain significance,"criteria provided, single submitter",,,c.3707C>T,,,
3642852,NM_004448.4(ERBB2):c.2641G>C (p.Gly881Arg),ERBB2,Uncertain significance,"criteria provided, single submitter",,,c.2641G>C,,,
3639964,NM_004448.4(ERBB2):c.1496G>A (p.Arg499Gln),ERBB2,Uncertain significance,"criteria provided, single submitter",,,c.1496G>A,,,
3631587,NM_004448.4(ERBB2):c.1816C>T (p.Pro606Ser),ERBB2,Uncertain significance,"criteria provided, single submitter",,,c.1816C>T,,,
3581931,NM_004448.4(ERBB2):c.1314-3T>C,ERBB2,Uncertain significance,"criteria provided, single submitter",,,NM_004448.4(ERBB2):c.1314-3T>C,,,
3581930,NM_004448.4(ERBB2):c.1195G>A (p.Val399Met),ERBB2,Uncertain significance,"criteria provided, single submitter",,,c.1195G>A,,,
3581929,NM_004448.4(ERBB2):c.818C>T (p.Thr273Ile),ERBB2,Uncertain significance,"criteria provided, single submitter",,,c.818C>T,,,
3581927,NM_004448.4(ERBB2):c.655G>C (p.Val219Leu),ERBB2,Uncertain significance,"criteria provided, single submitter",,,c.655G>C,,,
3581926,NM_004448.4(ERBB2):c.647C>T (p.Thr216Met),ERBB2,Uncertain significance,"criteria provided, single submitter",,,c.647C>T,,,
3509755,NM_004448.4(ERBB2):c.1465C>T (p.Pro489Ser),ERBB2,Uncertain significance,"criteria provided, single submitter",,,c.1465C>T,,,
3509754,NM_004448.4(ERBB2):c.1474G>C (p.Ala492Pro),ERBB2,Uncertain significance,"criteria provided, single submitter",,,c.1474G>C,,,
3509753,NM_004448.4(ERBB2):c.3289G>A (p.Gly1097Arg),ERBB2,Uncertain significance,"criteria provided, single submitter",,,c.3289G>A,,,
3393265,NM_004448.4(ERBB2):c.3233C>T (p.Ser1078Phe),ERBB2,Uncertain significance,"criteria provided, single submitter",,,c.3233C>T,,,
3090061,NM_004448.4(ERBB2):c.3308C>G (p.Thr1103Arg),ERBB2,Uncertain significance,"criteria provided, single submitter",,,c.3308C>G,,rs759923732,
3090060,NM_004448.4(ERBB2):c.3268C>G (p.Leu1090Val),ERBB2,Uncertain significance,"criteria provided, single submitter",,,c.3268C>G,,rs768526064,
3090059,NM_004448.4(ERBB2):c.3160A>G (p.Ser1054Gly),ERBB2,Uncertain significance,"criteria provided, single submitter",,,c.3160A>G,,rs2143230932,
3090058,NM_004448.4(ERBB2):c.10G>T (p.Ala4Ser),ERBB2,Uncertain significance,"criteria provided, single submitter",,,c.10G>T,,rs1039589946,
3024034,NM_004448.4(ERBB2):c.1943C>T (p.Ala648Val),ERBB2,Uncertain significance,"criteria provided, single submitter",,,c.1943C>T,,rs2059350950,
3581934,NM_004448.4(ERBB2):c.1894C>T (p.His632Tyr),ERBB2,Uncertain significance,"criteria provided, single submitter",,,c.1894C>T,,,
1037902,NM_004448.4(ERBB2):c.3662A>G (p.Tyr1221Cys),ERBB2,Uncertain significance,"criteria provided, single submitter",,,c.3662A>G,,rs568793816,
3010113,NM_004448.4(ERBB2):c.2492A>G (p.Lys831Arg),ERBB2,Uncertain significance,"criteria provided, single submitter",,,c.2492A>G,,rs2145854302,
3009353,NM_004448.4(ERBB2):c.3169G>A (p.Gly1057Arg),ERBB2,Uncertain significance,"criteria provided, single submitter",,,c.3169G>A,,rs2143231874,
3009101,NM_004448.4(ERBB2):c.3725C>A (p.Thr1242Lys),ERBB2,Uncertain significance,"criteria provided, single submitter",,,c.3725C>A,,rs778352367,
2997684,NM_004448.4(ERBB2):c.3135C>G (p.His1045Gln),ERBB2,Uncertain significance,"criteria provided, single submitter",,,c.3135C>G,,rs756551038,
2997542,NM_004448.4(ERBB2):c.1683G>T (p.Leu561Phe),ERBB2,Uncertain significance,"criteria provided, single submitter",,,c.1683G>T,,rs2059140733,
2997046,NM_004448.4(ERBB2):c.112A>G (p.Ser38Gly),ERBB2,Uncertain significance,"criteria provided, single submitter",,,c.112A>G,,rs1459247021,
2994391,NM_004448.4(ERBB2):c.3493G>A (p.Ala1165Thr),ERBB2,Uncertain significance,"criteria provided, single submitter",,,c.3493G>A,,rs2143294807,
2992912,NM_004448.4(ERBB2):c.1858G>A (p.Glu620Lys),ERBB2,Uncertain significance,"criteria provided, single submitter",,,c.1858G>A,,rs2145711116,
2988754,NM_004448.4(ERBB2):c.62C>G (p.Ala21Gly),ERBB2,Uncertain significance,"criteria provided, single submitter",,,c.62C>G,,rs1004896536,
2980116,NM_004448.4(ERBB2):c.2086C>A (p.Leu696Met),ERBB2,Uncertain significance,"criteria provided, single submitter",,,c.2086C>A,,rs2145811614,
2970851,NM_004448.4(ERBB2):c.3029A>G (p.Glu1010Gly),ERBB2,Uncertain significance,"criteria provided, single submitter",,,c.3029A>G,,rs1225458310,
2966293,NM_004448.4(ERBB2):c.3463G>T (p.Gly1155Cys),ERBB2,Uncertain significance,"criteria provided, multiple submitters, no conflicts",,,c.3463G>T,,rs751372943,
2960027,NM_004448.4(ERBB2):c.3595C>A (p.Pro1199Thr),ERBB2,Uncertain significance,"criteria provided, single submitter",,,c.3595C>A,,rs779469693,
2959637,NM_004448.4(ERBB2):c.2965A>G (p.Ile989Val),ERBB2,Uncertain significance,"criteria provided, single submitter",,,c.2965A>G,,rs202110098,
2906188,NM_004448.4(ERBB2):c.2707A>C (p.Ser903Arg),ERBB2,Uncertain significance,"criteria provided, single submitter",,,c.2707A>C,,rs2145876307,
3581932,NM_004448.4(ERBB2):c.1506C>A (p.Asp502Glu),ERBB2,Uncertain significance,"criteria provided, single submitter",,,c.1506C>A,,,
2903978,NM_004448.4(ERBB2):c.3086G>A (p.Gly1029Asp),ERBB2,Uncertain significance,"criteria provided, single submitter",,,c.3086G>A,,rs1395420735,
1063270,NM_004448.4(ERBB2):c.2493+5G>A,ERBB2,Uncertain significance,"criteria provided, single submitter",,,NM_004448.4(ERBB2):c.2493+5G>A,,rs2145854547,
1060583,NM_004448.4(ERBB2):c.2431C>T (p.Arg811Trp),ERBB2,Uncertain significance,"criteria provided, single submitter",,,c.2431C>T,,rs748416534,
1055517,NM_004448.4(ERBB2):c.343G>A (p.Ala115Thr),ERBB2,Uncertain significance,"criteria provided, single submitter",,,c.343G>A,,rs1272695341,
1052661,NM_004448.4(ERBB2):c.1366C>T (p.Arg456Cys),ERBB2,Uncertain significance,"criteria provided, single submitter",,,c.1366C>T,,rs200497646,
1050529,NM_004448.4(ERBB2):c.1607G>A (p.Arg536Gln),ERBB2,Uncertain significance,"criteria provided, single submitter",,,c.1607G>A,,rs140980495,
1047031,NC_000017.10:g.(?_37856492)_(37884297_?)dup,ERBB2,Uncertain significance,"criteria provided, single submitter",,,NC_000017.10:g.(?_37856492)_(37884297_?)dup,,,
1043905,NM_004448.4(ERBB2):c.3086G>C (p.Gly1029Ala),ERBB2,Uncertain significance,"criteria provided, single submitter",,,c.3086G>C,,rs1395420735,
1042421,NM_004448.4(ERBB2):c.874G>A (p.Gly292Ser),ERBB2,Uncertain significance,"criteria provided, single submitter",,,c.874G>A,,rs775544453,
1041144,NM_004448.4(ERBB2):c.3430G>C (p.Asp1144His),ERBB2,Uncertain significance,"criteria provided, single submitter",,,c.3430G>C,,rs138611862,
1040825,NM_004448.4(ERBB2):c.3308C>T (p.Thr1103Ile),ERBB2,Uncertain significance,"criteria provided, multiple submitters, no conflicts",,,c.3308C>T,,rs759923732,
1038878,NM_004448.4(ERBB2):c.1990G>T (p.Val664Phe),ERBB2,Uncertain significance,"criteria provided, single submitter",,,c.1990G>T,,rs2059553817,
2901391,NM_004448.4(ERBB2):c.268C>A (p.Gln90Lys),ERBB2,Uncertain significance,"criteria provided, single submitter",,,c.268C>A,,rs2058587131,
2899050,NM_004448.4(ERBB2):c.439+4G>A,ERBB2,Uncertain significance,"criteria provided, single submitter",,,NM_004448.4(ERBB2):c.439+4G>A,,rs2058600067,
2898976,NM_004448.4(ERBB2):c.2398C>T (p.Leu800Phe),ERBB2,Uncertain significance,"criteria provided, single submitter",,,c.2398C>T,,rs2544469556,
3016414,NM_004448.4(ERBB2):c.1970C>T (p.Ala657Val),ERBB2,Uncertain significance,"criteria provided, single submitter",,,c.1970C>T,,rs2059552932,
1378152,NM_004448.4(ERBB2):c.1411A>G (p.Asn471Asp),ERBB2,Uncertain significance,"criteria provided, single submitter",,,c.1411A>G,,rs2145655660,
1377298,NM_004448.4(ERBB2):c.608G>C (p.Arg203Pro),ERBB2,Uncertain significance,"criteria provided, single submitter",,,c.608G>C,,rs896171398,
1370308,NM_004448.4(ERBB2):c.455G>C (p.Gly152Ala),ERBB2,Uncertain significance,"criteria provided, multiple submitters, no conflicts",,,c.455G>C,,rs151122410,
1362736,NM_004448.4(ERBB2):c.1796G>A (p.Arg599His),ERBB2,Uncertain significance,"criteria provided, single submitter",,,c.1796G>A,,rs758820578,
1354723,NM_004448.4(ERBB2):c.3331C>T (p.Arg1111Trp),ERBB2,Uncertain significance,"criteria provided, single submitter",,,c.3331C>T,,rs143958183,
2898706,NM_004448.4(ERBB2):c.1882A>G (p.Ile628Val),ERBB2,Uncertain significance,"criteria provided, single submitter",,,c.1882A>G,,rs1412157429,
2896971,NM_004448.4(ERBB2):c.3730G>A (p.Glu1244Lys),ERBB2,Uncertain significance,"criteria provided, single submitter",,,c.3730G>A,,rs144533600,
2896550,NM_004448.4(ERBB2):c.2909G>A (p.Arg970Gln),ERBB2,Uncertain significance,"criteria provided, single submitter",,,c.2909G>A,,rs753460336,
2896182,NM_004448.4(ERBB2):c.2638G>C (p.Asp880His),ERBB2,Uncertain significance,"criteria provided, single submitter",,,c.2638G>C,,rs747974836,
2895522,NM_004448.4(ERBB2):c.91A>G (p.Met31Val),ERBB2,Uncertain significance,"criteria provided, multiple submitters, no conflicts",,,c.91A>G,,rs998740859,
2895294,NM_004448.4(ERBB2):c.1207C>A (p.Leu403Met),ERBB2,Uncertain significance,"criteria provided, single submitter",,,c.1207C>A,,rs377649991,
2894629,NM_004448.4(ERBB2):c.574+1G>C,ERBB2,Uncertain significance,"criteria provided, single submitter",,,NM_004448.4(ERBB2):c.574+1G>C,,rs1408939918,
2893759,NM_004448.4(ERBB2):c.1282C>G (p.Leu428Val),ERBB2,Uncertain significance,"criteria provided, single submitter",,,c.1282C>G,,rs891454367,
2893438,NM_004448.4(ERBB2):c.439+2T>C,ERBB2,Uncertain significance,"criteria provided, single submitter",,,NM_004448.4(ERBB2):c.439+2T>C,,rs1567898617,
2892389,NM_004448.4(ERBB2):c.469C>T (p.Arg157Trp),ERBB2,Uncertain significance,"criteria provided, single submitter",,,c.469C>T,,rs781137961,
2891655,NM_004448.4(ERBB2):c.940G>A (p.Val314Ile),ERBB2,Uncertain significance,"criteria provided, single submitter",,,c.940G>A,,rs775294491,
1512394,NM_004448.4(ERBB2):c.2996C>T (p.Pro999Leu),ERBB2,Uncertain significance,"criteria provided, single submitter",,,c.2996C>T,,rs2143170274,
1504987,NM_004448.4(ERBB2):c.2738G>A (p.Trp913Ter),ERBB2,Uncertain significance,"criteria provided, single submitter",,,c.2738G>A,,rs2143060896,
1503734,NM_004448.4(ERBB2):c.1300C>T (p.Arg434Ter),ERBB2,Uncertain significance,"criteria provided, single submitter",,,c.1300C>T,,rs2059068500,
1498151,NM_004448.4(ERBB2):c.122C>T (p.Thr41Ile),ERBB2,Uncertain significance,"criteria provided, single submitter",,,c.122C>T,,rs2058486337,
1497000,NM_004448.4(ERBB2):c.74T>C (p.Val25Ala),ERBB2,Uncertain significance,"criteria provided, multiple submitters, no conflicts",,,c.74T>C,,rs755921683,
1496387,NM_004448.4(ERBB2):c.199A>G (p.Thr67Ala),ERBB2,Uncertain significance,"criteria provided, multiple submitters, no conflicts",,,c.199A>G,,rs778575008,
1493972,NM_004448.4(ERBB2):c.3533A>G (p.Asn1178Ser),ERBB2,Uncertain significance,"criteria provided, single submitter",,,c.3533A>G,,rs1302671977,
1491364,NM_004448.4(ERBB2):c.1874C>T (p.Pro625Leu),ERBB2,Uncertain significance,"criteria provided, single submitter",,,c.1874C>T,,rs759078493,
1490388,NM_004448.4(ERBB2):c.3382G>A (p.Val1128Ile),ERBB2,Uncertain significance,"criteria provided, multiple submitters, no conflicts",,,c.3382G>A,,rs747888253,
2889582,NM_004448.4(ERBB2):c.457G>C (p.Val153Leu),ERBB2,Uncertain significance,"criteria provided, single submitter",,,c.457G>C,,rs778041266,
2889535,NM_004448.4(ERBB2):c.382C>G (p.Pro128Ala),ERBB2,Uncertain significance,"criteria provided, single submitter",,,c.382C>G,,rs761564667,
2888614,NM_004448.4(ERBB2):c.2687G>A (p.Arg896His),ERBB2,Uncertain significance,"criteria provided, single submitter",,,c.2687G>A,,rs777677468,
2888437,NM_004448.4(ERBB2):c.2614A>G (p.Ile872Val),ERBB2,Uncertain significance,"criteria provided, single submitter",,,c.2614A>G,,rs371081280,
2887836,NM_004448.4(ERBB2):c.2689C>T (p.Arg897Trp),ERBB2,Uncertain significance,"criteria provided, single submitter",,,c.2689C>T,,rs375135008,
2887682,NM_004448.4(ERBB2):c.1940G>A (p.Arg647Lys),ERBB2,Uncertain significance,"criteria provided, single submitter",,,c.1940G>A,,rs201784472,
2887394,NM_004448.4(ERBB2):c.91A>T (p.Met31Leu),ERBB2,Uncertain significance,"criteria provided, single submitter",,,c.91A>T,,rs998740859,
1319105,NM_004448.4(ERBB2):c.563G>A (p.Arg188His),ERBB2,Uncertain significance,"criteria provided, multiple submitters, no conflicts",,,c.563G>A,,rs763371007,
2886799,NM_004448.4(ERBB2):c.3235G>A (p.Glu1079Lys),ERBB2,Uncertain significance,"criteria provided, single submitter",,,c.3235G>A,,rs1038581447,
2885800,NM_004448.4(ERBB2):c.2970+5T>C,ERBB2,Uncertain significance,"criteria provided, single submitter",,,NM_004448.4(ERBB2):c.2970+5T>C,,rs1272219148,
2885718,NM_004448.4(ERBB2):c.3626C>G (p.Pro1209Arg),ERBB2,Uncertain significance,"criteria provided, single submitter",,,c.3626C>G,,rs2059869520,
2885715,NM_004448.4(ERBB2):c.1547C>T (p.Ala516Val),ERBB2,Uncertain significance,"criteria provided, single submitter",,,c.1547C>T,,rs2145675597,
2885391,NM_004448.4(ERBB2):c.299G>A (p.Arg100Gln),ERBB2,Uncertain significance,"criteria provided, single submitter",,,c.299G>A,,rs756720659,
2890990,NM_004448.4(ERBB2):c.3077C>A (p.Pro1026His),ERBB2,Uncertain significance,"criteria provided, single submitter",,,c.3077C>A,,rs192441765,
2890895,NM_004448.4(ERBB2):c.193C>A (p.Leu65Met),ERBB2,Uncertain significance,"criteria provided, single submitter",,,c.193C>A,,rs2145409782,
2890516,NM_004448.4(ERBB2):c.3250G>A (p.Asp1084Asn),ERBB2,Uncertain significance,"criteria provided, single submitter",,,c.3250G>A,,rs200796676,
2889929,NM_004448.4(ERBB2):c.1864G>A (p.Ala622Thr),ERBB2,Uncertain significance,"criteria provided, single submitter",,,c.1864G>A,,rs766029214,
4754813,NM_004448.4(ERBB2):c.346G>A (p.Val116Met),ERBB2,Uncertain significance,"criteria provided, single submitter",,,c.346G>A,,,
1522869,NM_004448.4(ERBB2):c.2824C>T (p.Pro942Ser),ERBB2,Uncertain significance,"criteria provided, single submitter",,,c.2824C>T,,rs769262054,
1521072,NM_004448.4(ERBB2):c.508A>C (p.Lys170Gln),ERBB2,Uncertain significance,"criteria provided, single submitter",,,c.508A>C,,rs1269105876,
1517256,NM_004448.4(ERBB2):c.2807A>G (p.Glu936Gly),ERBB2,Uncertain significance,"criteria provided, single submitter",,,c.2807A>G,,rs2143070798,
1514284,NM_004448.4(ERBB2):c.3202G>T (p.Glu1068Ter),ERBB2,Uncertain significance,"criteria provided, single submitter",,,c.3202G>T,,rs754310116,
1512541,NM_004448.4(ERBB2):c.2424C>A (p.Asp808Glu),ERBB2,Uncertain significance,"criteria provided, single submitter",,,c.2424C>A,,rs146603731,
2872947,NM_004448.4(ERBB2):c.3514A>T (p.Thr1172Ser),ERBB2,Uncertain significance,"criteria provided, single submitter",,,c.3514A>T,,rs2143296979,
2872579,NM_004448.4(ERBB2):c.528C>A (p.Asn176Lys),ERBB2,Uncertain significance,"criteria provided, single submitter",,,c.528C>A,,rs56114611,
2870367,NM_004448.4(ERBB2):c.3241G>T (p.Ala1081Ser),ERBB2,Uncertain significance,"criteria provided, single submitter",,,c.3241G>T,,rs772604432,
2860051,NM_004448.4(ERBB2):c.3296A>G (p.Gln1099Arg),ERBB2,Uncertain significance,"criteria provided, single submitter",,,c.3296A>G,,rs2143247797,
2852395,NM_004448.4(ERBB2):c.2674G>A (p.Glu892Lys),ERBB2,Uncertain significance,"criteria provided, single submitter",,,c.2674G>A,,rs2145875124,
2847898,NM_004448.4(ERBB2):c.1513+3A>C,ERBB2,Uncertain significance,"criteria provided, single submitter",,,NM_004448.4(ERBB2):c.1513+3A>C,,rs2544258990,
2842026,NM_004448.4(ERBB2):c.271G>C (p.Val91Leu),ERBB2,Uncertain significance,"criteria provided, single submitter",,,c.271G>C,,rs2145438813,
2839795,NM_004448.4(ERBB2):c.440-12C>T,ERBB2,Uncertain significance,"criteria provided, single submitter",,,NM_004448.4(ERBB2):c.440-12C>T,,rs2145468992,
2836455,NM_004448.4(ERBB2):c.2256C>G (p.Ile752Met),ERBB2,Uncertain significance,"criteria provided, single submitter",,,c.2256C>G,,rs2544445549,
2822264,NM_004448.4(ERBB2):c.929C>G (p.Ser310Cys),ERBB2,Uncertain significance,"criteria provided, single submitter",,,c.929C>G,,rs1057519816,
2786362,NM_004448.4(ERBB2):c.3527G>A (p.Gly1176Glu),ERBB2,Uncertain significance,"criteria provided, single submitter",,,c.3527G>A,,rs1365431216,
1353241,NM_004448.4(ERBB2):c.65G>A (p.Ser22Asn),ERBB2,Uncertain significance,"criteria provided, single submitter",,,c.65G>A,,rs896376245,
1352851,NM_004448.4(ERBB2):c.863G>A (p.Arg288Gln),ERBB2,Uncertain significance,"criteria provided, single submitter",,,c.863G>A,,rs760205387,
1351833,NM_004448.4(ERBB2):c.2686C>G (p.Arg896Gly),ERBB2,Uncertain significance,"criteria provided, single submitter",,,c.2686C>G,,rs758222990,
1350118,NM_004448.4(ERBB2):c.1096G>C (p.Gly366Arg),ERBB2,Uncertain significance,"criteria provided, single submitter",,,c.1096G>C,,rs767588058,
1319106,NM_004448.4(ERBB2):c.3149C>T (p.Ser1050Leu),ERBB2,Uncertain significance,"criteria provided, multiple submitters, no conflicts",,,c.3149C>T,,rs199905364,
1397804,NM_004448.4(ERBB2):c.223C>T (p.Gln75Ter),ERBB2,Uncertain significance,"criteria provided, single submitter",,,c.223C>T,,rs1449036371,
1397430,NM_004448.4(ERBB2):c.3754G>A (p.Asp1252Asn),ERBB2,Uncertain significance,"criteria provided, single submitter",,,c.3754G>A,,rs184203026,
1395854,NM_004448.4(ERBB2):c.1021+5C>G,ERBB2,Uncertain significance,"criteria provided, single submitter",,,NM_004448.4(ERBB2):c.1021+5C>G,,rs368604946,
1393118,NM_004448.4(ERBB2):c.118G>A (p.Glu40Lys),ERBB2,Uncertain significance,"criteria provided, single submitter",,,c.118G>A,,rs763193414,
1391589,NM_004448.4(ERBB2):c.59C>T (p.Ala20Val),ERBB2,Uncertain significance,"criteria provided, single submitter",,,c.59C>T,,rs2145269846,
1391585,NM_004448.4(ERBB2):c.79A>C (p.Thr27Pro),ERBB2,Uncertain significance,"criteria provided, single submitter",,,c.79A>C,,rs779913120,
1390013,NM_004448.4(ERBB2):c.3757G>A (p.Val1253Met),ERBB2,Uncertain significance,"criteria provided, single submitter",,,c.3757G>A,,rs36085723,
1389680,NM_004448.4(ERBB2):c.607C>T (p.Arg203Cys),ERBB2,Uncertain significance,"criteria provided, single submitter",,,c.607C>T,,rs971655376,
1382653,NM_004448.4(ERBB2):c.3672C>G (p.Asp1224Glu),ERBB2,Uncertain significance,"criteria provided, single submitter",,,c.3672C>G,,rs1383206442,
1380837,NM_004448.4(ERBB2):c.3142C>T (p.Arg1048Cys),ERBB2,Uncertain significance,"criteria provided, multiple submitters, no conflicts",,,c.3142C>T,,rs377602610,
1380257,NM_004448.4(ERBB2):c.7C>G (p.Leu3Val),ERBB2,Uncertain significance,"criteria provided, single submitter",,,c.7C>G,,rs2058005545,
2782267,NM_004448.4(ERBB2):c.2950dup (p.Gln984fs),ERBB2,Uncertain significance,"criteria provided, single submitter",,,c.2950dup,,rs2544528870,
2885022,NM_004448.4(ERBB2):c.1550G>A (p.Arg517Gln),ERBB2,Uncertain significance,"criteria provided, multiple submitters, no conflicts",,,c.1550G>A,,rs759579850,
2884781,NM_004448.4(ERBB2):c.3738dup (p.Glu1247fs),ERBB2,Uncertain significance,"criteria provided, single submitter",,,c.3738dup,,rs752875197,
2884366,NM_004448.4(ERBB2):c.1460G>A (p.Arg487Gln),ERBB2,Uncertain significance,"criteria provided, single submitter",,,c.1460G>A,,rs371450390,
2884151,NM_004448.4(ERBB2):c.1397C>T (p.Ala466Val),ERBB2,Uncertain significance,"criteria provided, single submitter",,,c.1397C>T,,rs751074421,
2781975,NM_004448.4(ERBB2):c.1471C>T (p.Gln491Ter),ERBB2,Uncertain significance,"criteria provided, single submitter",,,c.1471C>T,,rs140670446,
2771972,NM_004448.4(ERBB2):c.1523G>C (p.Gly508Ala),ERBB2,Uncertain significance,"criteria provided, single submitter",,,c.1523G>C,,rs2544273023,
2765384,NM_004448.4(ERBB2):c.1523G>A (p.Gly508Asp),ERBB2,Uncertain significance,"criteria provided, single submitter",,,c.1523G>A,,rs2544273023,
2730175,NM_004448.4(ERBB2):c.2933G>A (p.Arg978His),ERBB2,Uncertain significance,"criteria provided, single submitter",,,c.2933G>A,,rs778243900,
2721956,NM_004448.4(ERBB2):c.1487C>T (p.Thr496Ile),ERBB2,Uncertain significance,"criteria provided, single submitter",,,c.1487C>T,,rs767978749,
2717487,NM_004448.4(ERBB2):c.2327G>C (p.Gly776Ala),ERBB2,Uncertain significance,"criteria provided, single submitter",,,c.2327G>C,,rs144434331,
2713992,NM_004448.4(ERBB2):c.3215G>C (p.Arg1072Thr),ERBB2,Uncertain significance,"criteria provided, single submitter",,,c.3215G>C,,rs1178111397,
2711372,NM_004448.4(ERBB2):c.462G>C (p.Leu154Phe),ERBB2,Uncertain significance,"criteria provided, single submitter",,,c.462G>C,,rs757446217,
2703592,NM_004448.4(ERBB2):c.2770G>T (p.Asp924Tyr),ERBB2,Uncertain significance,"criteria provided, single submitter",,,c.2770G>T,,rs777570707,
2598839,NM_004448.4(ERBB2):c.2982G>C (p.Leu994Phe),ERBB2,Uncertain significance,"criteria provided, multiple submitters, no conflicts",,,c.2982G>C,,rs1464157005,
2598686,NM_004448.4(ERBB2):c.3157A>G (p.Arg1053Gly),ERBB2,Uncertain significance,"criteria provided, single submitter",,,c.3157A>G,,rs370561486,
2573112,NM_004448.4(ERBB2):c.3694dup (p.Ala1232fs),ERBB2,Uncertain significance,"criteria provided, single submitter",,,c.3694dup,,rs768092215,
1400257,NM_004448.4(ERBB2):c.1318G>A (p.Ala440Thr),ERBB2,Uncertain significance,"criteria provided, single submitter",,,c.1318G>A,,rs756345214,
1400164,NM_004448.4(ERBB2):c.1459C>T (p.Arg487Trp),ERBB2,Uncertain significance,"criteria provided, single submitter",,,c.1459C>T,,rs375382055,
1399145,NM_004448.4(ERBB2):c.2268G>T (p.Arg756Ser),ERBB2,Uncertain significance,"criteria provided, multiple submitters, no conflicts",,,c.2268G>T,,rs1435457852,
1398791,NM_004448.4(ERBB2):c.1267A>G (p.Ser423Gly),ERBB2,Uncertain significance,"criteria provided, single submitter",,,c.1267A>G,,rs199668084,
2179817,NM_004448.4(ERBB2):c.3541G>A (p.Val1181Ile),ERBB2,Uncertain significance,"criteria provided, single submitter",,,c.3541G>A,,rs776754071,
2530729,NM_004448.4(ERBB2):c.1765C>G (p.His589Asp),ERBB2,Uncertain significance,"criteria provided, single submitter",,,c.1765C>G,,rs1237088846,
2475182,NM_004448.4(ERBB2):c.2405C>T (p.Pro802Leu),ERBB2,Uncertain significance,"criteria provided, single submitter",,,c.2405C>T,,rs2145850883,
2425117,NC_000017.10:g.(?_37880959)_(37884297_?)del,ERBB2,Uncertain significance,"criteria provided, single submitter",,,NC_000017.10:g.(?_37880959)_(37884297_?)del,,,
2424720,NC_000017.10:g.(?_37821613)_(38458253_?)dup,GSDMB,Uncertain significance,"criteria provided, single submitter",,,NC_000017.10:g.(?_37821613)_(38458253_?)dup,,,
2418813,NM_004448.4(ERBB2):c.2690G>A (p.Arg897Gln),ERBB2,Uncertain significance,"criteria provided, single submitter",,,c.2690G>A,,rs1196082930,
2418763,NM_004448.4(ERBB2):c.2048G>C (p.Arg683Pro),ERBB2,Uncertain significance,"criteria provided, multiple submitters, no conflicts",,,c.2048G>C,,rs765387989,
2413215,NM_004448.4(ERBB2):c.41C>T (p.Ala14Val),ERBB2,Uncertain significance,"criteria provided, single submitter",,,c.41C>T,,rs1293505485,
1425837,NM_004448.4(ERBB2):c.3337A>G (p.Ser1113Gly),ERBB2,Uncertain significance,"criteria provided, single submitter",,,c.3337A>G,,rs764220279,
1425792,NM_004448.4(ERBB2):c.1807G>A (p.Gly603Ser),ERBB2,Uncertain significance,"criteria provided, single submitter",,,c.1807G>A,,rs771145294,
1425373,NM_004448.4(ERBB2):c.3031G>A (p.Asp1011Asn),ERBB2,Uncertain significance,"criteria provided, single submitter",,,c.3031G>A,,rs2143173826,
1425259,NM_004448.4(ERBB2):c.250G>A (p.Val84Met),ERBB2,Uncertain significance,"criteria provided, single submitter",,,c.250G>A,,rs376524324,
1425143,NM_004448.4(ERBB2):c.170A>G (p.Gln57Arg),ERBB2,Uncertain significance,"criteria provided, single submitter",,,c.170A>G,,rs140441229,
1424975,NM_004448.4(ERBB2):c.1685C>T (p.Pro562Leu),ERBB2,Uncertain significance,"criteria provided, single submitter",,,c.1685C>T,,rs201470725,
1424946,NM_004448.4(ERBB2):c.3166G>A (p.Gly1056Ser),ERBB2,Uncertain significance,"criteria provided, multiple submitters, no conflicts",,,c.3166G>A,,rs574436396,
1423609,NM_004448.4(ERBB2):c.225+3G>A,ERBB2,Uncertain significance,"criteria provided, single submitter",,,NM_004448.4(ERBB2):c.225+3G>A,,rs1181476242,
2178901,NM_004448.4(ERBB2):c.602G>T (p.Gly201Val),ERBB2,Uncertain significance,"criteria provided, single submitter",,,c.602G>T,,rs750651941,
1419601,NM_004448.4(ERBB2):c.3034G>A (p.Asp1012Asn),ERBB2,Uncertain significance,"criteria provided, single submitter",,,c.3034G>A,,rs774520188,
1419554,NM_004448.4(ERBB2):c.1436C>T (p.Thr479Met),ERBB2,Uncertain significance,"criteria provided, single submitter",,,c.1436C>T,,rs201021373,
1416719,NM_004448.4(ERBB2):c.3725C>T (p.Thr1242Met),ERBB2,Uncertain significance,"criteria provided, single submitter",,,c.3725C>T,,rs778352367,
1407923,NM_004448.4(ERBB2):c.497C>T (p.Thr166Met),ERBB2,Uncertain significance,"criteria provided, single submitter",,,c.497C>T,,rs1227559137,
1407448,NM_004448.4(ERBB2):c.400C>T (p.Pro134Ser),ERBB2,Uncertain significance,"criteria provided, single submitter",,,c.400C>T,,rs754295165,
1406690,NM_004448.4(ERBB2):c.1056G>C (p.Glu352Asp),ERBB2,Uncertain significance,"criteria provided, single submitter",,,c.1056G>C,,rs2145576335,
1405118,NM_004448.4(ERBB2):c.1837A>G (p.Ile613Val),ERBB2,Uncertain significance,"criteria provided, single submitter",,,c.1837A>G,,rs2145710211,
1400303,NM_004448.4(ERBB2):c.2479A>C (p.Met827Leu),ERBB2,Uncertain significance,"criteria provided, single submitter",,,c.2479A>C,,rs2145853826,
2343822,NM_004448.4(ERBB2):c.605C>T (p.Ser202Phe),ERBB2,Uncertain significance,"criteria provided, multiple submitters, no conflicts",,,c.605C>T,,rs1426154971,
2298706,NM_004448.4(ERBB2):c.2156A>T (p.Glu719Val),ERBB2,Uncertain significance,"criteria provided, single submitter",,,c.2156A>T,,rs977818812,
2276150,NM_004448.4(ERBB2):c.1660T>A (p.Tyr554Asn),ERBB2,Uncertain significance,"criteria provided, single submitter",,,c.1660T>A,,rs2059139417,
2254252,NM_004448.4(ERBB2):c.3675G>C (p.Gln1225His),ERBB2,Uncertain significance,"criteria provided, single submitter",,,c.3675G>C,,rs2059872004,
2237568,NM_004448.4(ERBB2):c.521A>G (p.His174Arg),ERBB2,Uncertain significance,"criteria provided, single submitter",,,c.521A>G,,rs2145474495,
2191969,NM_004448.4(ERBB2):c.1028A>G (p.Tyr343Cys),ERBB2,Uncertain significance,"criteria provided, single submitter",,,c.1028A>G,,rs747993530,
2181444,NM_004448.4(ERBB2):c.233A>G (p.Gln78Arg),ERBB2,Uncertain significance,"criteria provided, single submitter",,,c.233A>G,,rs2145437000,
1444024,NM_004448.4(ERBB2):c.1546G>A (p.Ala516Thr),ERBB2,Uncertain significance,"criteria provided, single submitter",,,c.1546G>A,,rs371623072,
1435565,NM_004448.4(ERBB2):c.1928C>G (p.Pro643Arg),ERBB2,Uncertain significance,"criteria provided, single submitter",,,c.1928C>G,,rs367599823,
1433960,NM_004448.4(ERBB2):c.3458G>A (p.Arg1153Gln),ERBB2,Uncertain significance,"criteria provided, single submitter",,,c.3458G>A,,rs758365405,
1432121,NM_004448.4(ERBB2):c.1409A>G (p.His470Arg),ERBB2,Uncertain significance,"criteria provided, multiple submitters, no conflicts",,,c.1409A>G,,rs201097345,
1431605,NM_004448.4(ERBB2):c.1844A>G (p.Lys615Arg),ERBB2,Uncertain significance,"criteria provided, single submitter",,,c.1844A>G,,rs1312573525,
1430902,NM_004448.4(ERBB2):c.1550G>C (p.Arg517Pro),ERBB2,Uncertain significance,"criteria provided, single submitter",,,c.1550G>C,,rs759579850,
1430247,NM_004448.4(ERBB2):c.1193A>G (p.Gln398Arg),ERBB2,Uncertain significance,"criteria provided, single submitter",,,c.1193A>G,,rs773649491,
1429912,NM_004448.4(ERBB2):c.3544A>C (p.Lys1182Gln),ERBB2,Uncertain significance,"criteria provided, multiple submitters, no conflicts",,,c.3544A>C,,rs763027953,
1429269,NM_004448.4(ERBB2):c.664G>A (p.Gly222Ser),ERBB2,Uncertain significance,"criteria provided, single submitter",,,c.664G>A,,rs772393268,
1428662,NM_004448.4(ERBB2):c.3611C>G (p.Ala1204Gly),ERBB2,Uncertain significance,"criteria provided, single submitter",,,c.3611C>G,,rs373605104,
1428040,NM_004448.4(ERBB2):c.3688C>T (p.Arg1230Trp),ERBB2,Uncertain significance,"criteria provided, single submitter",,,c.3688C>T,,rs769940977,
1427852,NM_004448.4(ERBB2):c.1757C>T (p.Ala586Val),ERBB2,Uncertain significance,"criteria provided, single submitter",,,c.1757C>T,,rs2145706633,
1426736,NM_004448.4(ERBB2):c.769C>T (p.His257Tyr),ERBB2,Uncertain significance,"criteria provided, single submitter",,,c.769C>T,,rs1567900439,
1426723,NM_004448.4(ERBB2):c.776A>G (p.Asn259Ser),ERBB2,Uncertain significance,"criteria provided, single submitter",,,c.776A>G,,rs769870618,
1425926,NM_004448.4(ERBB2):c.2307C>T (p.Asp769=),ERBB2,Uncertain significance,"criteria provided, single submitter",,,c.2307C>T,,rs774610157,
2179536,NM_004448.4(ERBB2):c.1933G>A (p.Glu645Lys),ERBB2,Uncertain significance,"criteria provided, single submitter",,,c.1933G>A,,rs370514427,
2169611,NM_004448.4(ERBB2):c.569G>A (p.Arg190Gln),ERBB2,Uncertain significance,"criteria provided, multiple submitters, no conflicts",,,c.569G>A,,rs531563820,
2178547,NM_004448.4(ERBB2):c.1831A>G (p.Met611Val),ERBB2,Uncertain significance,"criteria provided, single submitter",,,c.1831A>G,,rs377370642,
2176096,NM_004448.4(ERBB2):c.590C>T (p.Pro197Leu),ERBB2,Uncertain significance,"criteria provided, single submitter",,,c.590C>T,,rs113619125,
2175997,NM_004448.4(ERBB2):c.3487G>A (p.Ala1163Thr),ERBB2,Uncertain significance,"criteria provided, single submitter",,,c.3487G>A,,rs959969530,
2175575,NM_004448.4(ERBB2):c.332A>G (p.Asn111Ser),ERBB2,Uncertain significance,"criteria provided, single submitter",,,c.332A>G,,rs1340287026,
2173225,NM_004448.4(ERBB2):c.650G>A (p.Arg217His),ERBB2,Uncertain significance,"criteria provided, single submitter",,,c.650G>A,,rs779346332,
2173210,NM_004448.4(ERBB2):c.3288G>C (p.Lys1096Asn),ERBB2,Uncertain significance,"criteria provided, multiple submitters, no conflicts",,,c.3288G>C,,rs373724781,
2172958,NM_004448.4(ERBB2):c.3058G>T (p.Ala1020Ser),ERBB2,Uncertain significance,"criteria provided, single submitter",,,c.3058G>T,,rs1458294024,
2172765,NM_004448.4(ERBB2):c.131A>T (p.Asp44Val),ERBB2,Uncertain significance,"criteria provided, single submitter",,,c.131A>T,,rs1311415529,
2172598,NM_004448.4(ERBB2):c.1507G>A (p.Glu503Lys),ERBB2,Uncertain significance,"criteria provided, single submitter",,,c.1507G>A,,rs758497995,
2172060,NM_004448.4(ERBB2):c.3190G>A (p.Glu1064Lys),ERBB2,Uncertain significance,"criteria provided, single submitter",,,c.3190G>A,,rs376450229,
2171923,NM_004448.4(ERBB2):c.1429G>A (p.Val477Met),ERBB2,Uncertain significance,"criteria provided, single submitter",,,c.1429G>A,,rs755121772,
2171167,NM_004448.4(ERBB2):c.2715G>A (p.Val905=),ERBB2,Uncertain significance,"criteria provided, single submitter",,,c.2715G>A,,rs769432866,
2170626,NM_004448.4(ERBB2):c.677G>A (p.Arg226His),ERBB2,Uncertain significance,"criteria provided, single submitter",,,c.677G>A,,rs745625627,
1446475,NM_004448.4(ERBB2):c.2882T>C (p.Ile961Thr),ERBB2,Uncertain significance,"criteria provided, single submitter",,,c.2882T>C,,rs761891977,
1444562,NM_004448.4(ERBB2):c.1453C>G (p.Leu485Val),ERBB2,Uncertain significance,"criteria provided, single submitter",,,c.1453C>G,,rs2145657607,
1479801,NM_004448.4(ERBB2):c.1484A>C (p.His495Pro),ERBB2,Uncertain significance,"criteria provided, single submitter",,,c.1484A>C,,rs879357054,
1443959,NM_004448.4(ERBB2):c.2843C>T (p.Thr948Ile),ERBB2,Uncertain significance,"criteria provided, single submitter",,,c.2843C>T,,rs2143075314,
1441046,NM_004448.4(ERBB2):c.370A>T (p.Asn124Tyr),ERBB2,Uncertain significance,"criteria provided, single submitter",,,c.370A>T,,rs1283546661,
1440956,NM_004448.4(ERBB2):c.1437G>A (p.Thr479=),ERBB2,Uncertain significance,"criteria provided, single submitter",,,c.1437G>A,,rs2145656893,
1439975,NM_004448.4(ERBB2):c.3689G>C (p.Arg1230Pro),ERBB2,Uncertain significance,"criteria provided, single submitter",,,c.3689G>C,,rs372043866,
1439345,NM_004448.4(ERBB2):c.3550G>A (p.Val1184Ile),ERBB2,Uncertain significance,"criteria provided, single submitter",,,c.3550G>A,,rs761715861,
1439055,NM_004448.4(ERBB2):c.206C>G (p.Ala69Gly),ERBB2,Uncertain significance,"criteria provided, single submitter",,,c.206C>G,,rs777347427,
1438689,NM_004448.4(ERBB2):c.1597C>A (p.Gln533Lys),ERBB2,Uncertain significance,"criteria provided, single submitter",,,c.1597C>A,,rs2145678432,
1438528,NM_004448.4(ERBB2):c.608G>A (p.Arg203His),ERBB2,Uncertain significance,"criteria provided, multiple submitters, no conflicts",,,c.608G>A,,rs896171398,
1437835,NM_004448.4(ERBB2):c.2493+6C>T,ERBB2,Uncertain significance,"criteria provided, single submitter",,,NM_004448.4(ERBB2):c.2493+6C>T,,rs749965659,
1436810,NM_004448.4(ERBB2):c.1133C>T (p.Pro378Leu),ERBB2,Uncertain significance,"criteria provided, single submitter",,,c.1133C>T,,rs758210687,
1436651,NM_004448.4(ERBB2):c.568C>T (p.Arg190Trp),ERBB2,Uncertain significance,"criteria provided, single submitter",,,c.568C>T,,rs753419830,
2170431,NM_004448.4(ERBB2):c.1270G>A (p.Val424Ile),ERBB2,Uncertain significance,"criteria provided, multiple submitters, no conflicts",,,c.1270G>A,,rs142783371,
2170265,NM_004448.4(ERBB2):c.2447G>A (p.Arg816His),ERBB2,Uncertain significance,"criteria provided, single submitter",,,c.2447G>A,,rs775394020,
2169773,NM_004448.4(ERBB2):c.562C>T (p.Arg188Cys),ERBB2,Uncertain significance,"criteria provided, multiple submitters, no conflicts",,,c.562C>T,,rs765706190,
2169716,NM_004448.4(ERBB2):c.1621G>A (p.Val541Met),ERBB2,Uncertain significance,"criteria provided, single submitter",,,c.1621G>A,,rs1415101808,
1985416,NM_004448.4(ERBB2):c.440-10C>T,ERBB2,Uncertain significance,"criteria provided, single submitter",,,NM_004448.4(ERBB2):c.440-10C>T,,rs2058654760,
1983124,NM_004448.4(ERBB2):c.1295G>A (p.Arg432Gln),ERBB2,Uncertain significance,"criteria provided, single submitter",,,c.1295G>A,,rs1029745309,
2169413,NM_004448.4(ERBB2):c.3689G>A (p.Arg1230Gln),ERBB2,Uncertain significance,"criteria provided, single submitter",,,c.3689G>A,,rs372043866,
2169405,NM_004448.4(ERBB2):c.1093G>A (p.Ala365Thr),ERBB2,Uncertain significance,"criteria provided, single submitter",,,c.1093G>A,,rs1324411001,
2169247,NM_004448.4(ERBB2):c.1172C>T (p.Pro391Leu),ERBB2,Uncertain significance,"criteria provided, single submitter",,,c.1172C>T,,rs748700504,
2167872,NM_004448.4(ERBB2):c.3496A>G (p.Thr1166Ala),ERBB2,Uncertain significance,"criteria provided, multiple submitters, no conflicts",,,c.3496A>G,,rs866086063,
2144187,NM_004448.4(ERBB2):c.100C>T (p.Arg34Trp),ERBB2,Uncertain significance,"criteria provided, single submitter",,,c.100C>T,,rs149937802,
2143540,NM_004448.4(ERBB2):c.1415C>T (p.Thr472Ile),ERBB2,Uncertain significance,"criteria provided, single submitter",,,c.1415C>T,,rs768049972,
2122357,NM_004448.4(ERBB2):c.821A>G (p.Tyr274Cys),ERBB2,Uncertain significance,"criteria provided, single submitter",,,c.821A>G,,rs2544135671,
2117539,NM_004448.4(ERBB2):c.3007A>G (p.Thr1003Ala),ERBB2,Uncertain significance,"criteria provided, single submitter",,,c.3007A>G,,rs2143171343,
2099932,NM_004448.4(ERBB2):c.3673C>T (p.Gln1225Ter),ERBB2,Uncertain significance,"criteria provided, single submitter",,,c.3673C>T,,rs2143313841,
2097466,NM_004448.4(ERBB2):c.1556A>G (p.His519Arg),ERBB2,Uncertain significance,"criteria provided, multiple submitters, no conflicts",,,c.1556A>G,,rs2145676083,
2084709,NM_004448.4(ERBB2):c.1826C>T (p.Ser609Phe),ERBB2,Uncertain significance,"criteria provided, single submitter",,,c.1826C>T,,rs1304926892,
2077892,NM_004448.4(ERBB2):c.1736C>T (p.Pro579Leu),ERBB2,Uncertain significance,"criteria provided, single submitter",,,c.1736C>T,,rs756686824,
1484619,NM_004448.4(ERBB2):c.383_384del (p.Pro128fs),ERBB2,Uncertain significance,"criteria provided, single submitter",,,c.383_384del,,rs2145444620,
1482440,NM_004448.4(ERBB2):c.202A>G (p.Asn68Asp),ERBB2,Uncertain significance,"criteria provided, single submitter",,,c.202A>G,,rs2145410338,
564444,GRCh37/hg19 17q12(chr17:36972794-38033708)x4,ARL5C,Uncertain significance,no assertion criteria provided,,,GRCh37/hg19 17q12(chr17:36972794-38033708)x4,,,
1981614,NM_004448.4(ERBB2):c.2932C>T (p.Arg978Cys),ERBB2,Uncertain significance,"criteria provided, single submitter",,,c.2932C>T,,rs758973569,
1473292,NM_004448.4(ERBB2):c.2542G>A (p.Ala848Thr),ERBB2,Uncertain significance,"criteria provided, single submitter",,,c.2542G>A,,rs2145863965,
1471617,NM_004448.4(ERBB2):c.73+3G>A,ERBB2,Uncertain significance,"criteria provided, single submitter",,,NM_004448.4(ERBB2):c.73+3G>A,,rs1036425677,
1465849,NM_004448.4(ERBB2):c.152A>G (p.Gln51Arg),ERBB2,Uncertain significance,"criteria provided, multiple submitters, no conflicts",,,c.152A>G,,rs1390107974,
1464692,NM_004448.4(ERBB2):c.2833C>G (p.Pro945Ala),ERBB2,Uncertain significance,"criteria provided, single submitter",,,c.2833C>G,,rs772452342,
1462915,NM_004448.4(ERBB2):c.2051A>G (p.Lys684Arg),ERBB2,Uncertain significance,"criteria provided, single submitter",,,c.2051A>G,,rs1302627802,
1462433,NM_004448.4(ERBB2):c.3305C>T (p.Pro1102Leu),ERBB2,Uncertain significance,"criteria provided, single submitter",,,c.3305C>T,,rs200455249,
1448888,NM_004448.4(ERBB2):c.569G>C (p.Arg190Pro),ERBB2,Uncertain significance,"criteria provided, single submitter",,,c.569G>C,,rs531563820,
1448658,NM_004448.4(ERBB2):c.203A>G (p.Asn68Ser),ERBB2,Uncertain significance,"criteria provided, single submitter",,,c.203A>G,,rs757899978,
1447033,NM_004448.4(ERBB2):c.2619C>G (p.Asp873Glu),ERBB2,Uncertain significance,"criteria provided, single submitter",,,c.2619C>G,,rs540921632,
1446943,NM_004448.4(ERBB2):c.649C>T (p.Arg217Cys),ERBB2,Uncertain significance,"criteria provided, multiple submitters, no conflicts",,,c.649C>T,,rs768151310,
2074936,NM_004448.4(ERBB2):c.3110C>T (p.Pro1037Leu),ERBB2,Uncertain significance,"criteria provided, multiple submitters, no conflicts",,,c.3110C>T,,rs201905649,
2016390,NM_004448.4(ERBB2):c.1319C>T (p.Ala440Val),ERBB2,Uncertain significance,"criteria provided, single submitter",,,c.1319C>T,,rs2145650942,
2006627,NM_004448.4(ERBB2):c.1238C>G (p.Ser413Ter),ERBB2,Uncertain significance,"criteria provided, single submitter",,,c.1238C>G,,rs2059065272,
1990683,NM_004448.4(ERBB2):c.2589C>T (p.Asp863=),ERBB2,Uncertain significance,"criteria provided, single submitter",,,c.2589C>T,,rs764308274,
4751081,NM_004448.4(ERBB2):c.3481C>T (p.Arg1161Ter),ERBB2,Uncertain significance,"criteria provided, single submitter",,,c.3481C>T,,,
4750099,NM_004448.4(ERBB2):c.1241C>T (p.Ala414Val),ERBB2,Uncertain significance,"criteria provided, single submitter",,,c.1241C>T,,,
4748772,NM_004448.4(ERBB2):c.1634G>A (p.Arg545Gln),ERBB2,Uncertain significance,"criteria provided, single submitter",,,c.1634G>A,,,
4744782,NM_004448.4(ERBB2):c.1508A>G (p.Glu503Gly),ERBB2,Uncertain significance,"criteria provided, single submitter",,,c.1508A>G,,,
4736809,NM_004448.4(ERBB2):c.2534A>G (p.Asp845Gly),ERBB2,Uncertain significance,"criteria provided, single submitter",,,c.2534A>G,,,
44991,NM_004448.4(ERBB2):c.2329G>T (p.Val777Leu),ERBB2,Uncertain significance,"criteria provided, single submitter",,,c.2329G>T,,rs121913471,
4665052,NM_004448.4(ERBB2):c.877G>T (p.Ala293Ser),ERBB2,Uncertain significance,"criteria provided, single submitter",,,c.877G>T,,,
1719908,NM_004448.4(ERBB2):c.1123G>A (p.Ala375Thr),ERBB2,Uncertain significance,"criteria provided, single submitter",,,c.1123G>A,,rs752664566,
1718217,NM_004448.4(ERBB2):c.2296G>A (p.Glu766Lys),ERBB2,Uncertain significance,"criteria provided, single submitter",,,c.2296G>A,,rs2145827927,
4019148,NM_004448.4(ERBB2):c.3721C>A (p.Pro1241Thr),ERBB2,Uncertain significance,"criteria provided, single submitter",,,c.3721C>A,,,
4019147,NM_004448.4(ERBB2):c.269A>C (p.Gln90Pro),ERBB2,Uncertain significance,"criteria provided, single submitter",,,c.269A>C,,,
4019146,NM_004448.4(ERBB2):c.620A>G (p.Glu207Gly),ERBB2,Uncertain significance,"criteria provided, single submitter",,,c.620A>G,,,
4019145,NM_004448.4(ERBB2):c.1427T>C (p.Phe476Ser),ERBB2,Uncertain significance,"criteria provided, single submitter",,,c.1427T>C,,,
4019144,NM_004448.4(ERBB2):c.2834C>A (p.Pro945His),ERBB2,Uncertain significance,"criteria provided, single submitter",,,c.2834C>A,,,
4019143,NM_004448.4(ERBB2):c.302T>C (p.Ile101Thr),ERBB2,Uncertain significance,"criteria provided, single submitter",,,c.302T>C,,,
4019142,NM_004448.4(ERBB2):c.617G>C (p.Gly206Ala),ERBB2,Uncertain significance,"criteria provided, single submitter",,,c.617G>C,,,
1917510,NM_004448.4(ERBB2):c.3661T>C (p.Tyr1221His),ERBB2,Uncertain significance,"criteria provided, single submitter",,,c.3661T>C,,rs2143312859,
134081,NM_004448.4(ERBB2):c.3428C>T (p.Pro1143Leu),ERBB2,Uncertain significance,"criteria provided, multiple submitters, no conflicts",,,c.3428C>T,,rs587778269,
134083,NM_004448.4(ERBB2):c.3620C>T (p.Pro1207Leu),ERBB2,Uncertain significance,"criteria provided, multiple submitters, no conflicts",,,c.3620C>T,,rs145772320,
4763859,NM_004448.4(ERBB2):c.2204A>G (p.Tyr735Cys),ERBB2,Uncertain significance,"criteria provided, single submitter",,,c.2204A>G,,,
4767725,NM_004448.4(ERBB2):c.1181C>T (p.Pro394Leu),ERBB2,Uncertain significance,"criteria provided, single submitter",,,c.1181C>T,,,
4782019,NM_004448.4(ERBB2):c.3556G>A (p.Ala1186Thr),ERBB2,Uncertain significance,"criteria provided, single submitter",,,c.3556G>A,,,
13873,NM_004448.4(ERBB2):c.1963A>G (p.Ile655Val),ERBB2,Benign,"criteria provided, multiple submitters, no conflicts",,,c.1963A>G,,rs1136201,
13874,NM_004448.4(ERBB2):c.1960A>G (p.Ile654Val),ERBB2,Benign,"criteria provided, multiple submitters, no conflicts",,,c.1960A>G,,rs1801201,
134085,NM_004448.4(ERBB2):c.3482G>A (p.Arg1161Gln),ERBB2,Benign,"criteria provided, single submitter",,,c.3482G>A,,rs150680317,
134082,NM_004448.4(ERBB2):c.3508C>G (p.Pro1170Ala),ERBB2,Benign,"criteria provided, multiple submitters, no conflicts",,,c.3508C>G,,rs1058808,
722080,NM_004448.4(ERBB2):c.901+7G>T,ERBB2,Benign,"criteria provided, multiple submitters, no conflicts",,,NM_004448.4(ERBB2):c.901+7G>T,,rs4252619,
134072,NM_004448.4(ERBB2):c.1356G>T (p.Trp452Cys),ERBB2,Benign,"criteria provided, multiple submitters, no conflicts",,,c.1356G>T,,rs4252633,
720536,NM_004448.4(ERBB2):c.3705C>T (p.Ser1235=),ERBB2,Benign,"criteria provided, single submitter",,,c.3705C>T,,rs4252657,
707962,NM_004448.4(ERBB2):c.1326G>T (p.Ser442=),ERBB2,Benign,"criteria provided, multiple submitters, no conflicts",,,c.1326G>T,,rs4252632,
707961,NM_004448.4(ERBB2):c.381C>G (p.Thr127=),ERBB2,Benign,"criteria provided, multiple submitters, no conflicts",,,c.381C>G,,rs4252613,
2147711,NM_004448.4(ERBB2):c.1149-6dup,ERBB2,Benign,"criteria provided, single submitter",,,NM_004448.4(ERBB2):c.1149-6dup,,rs766188417,
2428046,NM_004448.4(ERBB2):c.439+16A>G,ERBB2,Benign,"criteria provided, single submitter",,,NM_004448.4(ERBB2):c.439+16A>G,,rs200062983,
2882254,NM_004448.4(ERBB2):c.1738-3del,ERBB2,Benign,"criteria provided, single submitter",,,NM_004448.4(ERBB2):c.1738-3del,,rs200189245,
1169362,NM_004448.4(ERBB2):c.3108C>T (p.Ala1036=),ERBB2,Benign,"criteria provided, single submitter",,,c.3108C>T,,rs545969208,
1168696,NM_004448.4(ERBB2):c.3070C>T (p.Leu1024=),ERBB2,Benign,"criteria provided, single submitter",,,c.3070C>T,,rs4252654,
1168005,NM_004448.4(ERBB2):c.1371A>G (p.Ser457=),ERBB2,Benign,"criteria provided, multiple submitters, no conflicts",,,c.1371A>G,,rs2230698,
2885921,NM_004448.4(ERBB2):c.2725+15dup,ERBB2,Benign,"criteria provided, single submitter",,,NM_004448.4(ERBB2):c.2725+15dup,,rs984239228,
1529367,NM_004448.4(ERBB2):c.51C>A (p.Pro17=),ERBB2,Benign,"criteria provided, single submitter",,,c.51C>A,,rs567022720,
1167074,NM_004448.4(ERBB2):c.1467G>A (p.Pro489=),ERBB2,Benign,"criteria provided, single submitter",,,c.1467G>A,,rs147076339,
1166658,NM_004448.4(ERBB2):c.3403C>T (p.Pro1135Ser),ERBB2,Benign,"criteria provided, multiple submitters, no conflicts",,,c.3403C>T,,rs150165942,
1166261,NM_004448.4(ERBB2):c.2379G>A (p.Thr793=),ERBB2,Benign,"criteria provided, single submitter",,,c.2379G>A,,rs186232310,
1165633,NM_004448.4(ERBB2):c.1932C>T (p.Ala644=),ERBB2,Benign,"criteria provided, single submitter",,,c.1932C>T,,rs141678288,
1164704,NM_004448.4(ERBB2):c.1416C>T (p.Thr472=),ERBB2,Benign,"criteria provided, single submitter",,,c.1416C>T,,rs61737967,
2902637,NM_004448.4(ERBB2):c.73+17del,ERBB2,Benign,"criteria provided, single submitter",,,NM_004448.4(ERBB2):c.73+17del,,rs1294271877,
727414,NM_004448.4(ERBB2):c.2650-5C>G,ERBB2,Benign,"criteria provided, multiple submitters, no conflicts",,,NM_004448.4(ERBB2):c.2650-5C>G,,rs150056709,
781280,NM_004448.4(ERBB2):c.99G>A (p.Leu33=),ERBB2,Benign,"criteria provided, multiple submitters, no conflicts",,,c.99G>A,,rs4252610,
775162,NM_004448.4(ERBB2):c.528C>T (p.Asn176=),ERBB2,Benign,"criteria provided, multiple submitters, no conflicts",,,c.528C>T,,rs56114611,
768876,NM_004448.4(ERBB2):c.3078C>T (p.Pro1026=),ERBB2,Benign,"criteria provided, single submitter",,,c.3078C>T,,rs4252655,
737080,NM_004448.4(ERBB2):c.345C>T (p.Ala115=),ERBB2,Benign,"criteria provided, multiple submitters, no conflicts",,,c.345C>T,,rs200102353,
730619,NM_004448.4(ERBB2):c.2148A>G (p.Lys716=),ERBB2,Benign,"criteria provided, single submitter",,,c.2148A>G,,rs146883671,
1557367,NM_004448.4(ERBB2):c.1738-3dup,ERBB2,Benign,"criteria provided, single submitter",,,NM_004448.4(ERBB2):c.1738-3dup,,rs200189245,
1585990,NM_004448.4(ERBB2):c.2086-11C>G,ERBB2,Benign,"criteria provided, single submitter",,,NM_004448.4(ERBB2):c.2086-11C>G,,rs202031022,
1598849,NM_004448.4(ERBB2):c.3159+13G>A,ERBB2,Benign,"criteria provided, single submitter",,,NM_004448.4(ERBB2):c.3159+13G>A,,rs375812051,
1639197,NM_004448.4(ERBB2):c.1113T>C (p.Phe371=),ERBB2,Benign,"criteria provided, single submitter",,,c.1113T>C,,rs149567593,
723566,NM_004448.4(ERBB2):c.1569A>G (p.Pro523=),ERBB2,Benign,"criteria provided, multiple submitters, no conflicts",,,c.1569A>G,,rs55928971,
134075,NM_004448.4(ERBB2):c.140G>A (p.Arg47His),ERBB2,Benign,"criteria provided, multiple submitters, no conflicts",,,c.140G>A,,rs144019910,
135520,NM_004448.4(ERBB2):c.1021+19C>T,ERBB2,Benign,"criteria provided, single submitter",,,NM_004448.4(ERBB2):c.1021+19C>T,,rs139636338,
1592356,NM_004448.4(ERBB2):c.1947-14G>T,ERBB2,Likely benign,"criteria provided, single submitter",,,NM_004448.4(ERBB2):c.1947-14G>T,,rs371231560,
1592041,NM_004448.4(ERBB2):c.498G>A (p.Thr166=),ERBB2,Likely benign,"criteria provided, single submitter",,,c.498G>A,,rs370810322,
1590844,NM_004448.4(ERBB2):c.15C>G (p.Ala5=),ERBB2,Likely benign,"criteria provided, single submitter",,,c.15C>G,,rs1160835488,
1589616,NM_004448.4(ERBB2):c.2727T>G (p.Gly909=),ERBB2,Likely benign,"criteria provided, single submitter",,,c.2727T>G,,rs760843554,
1589358,NM_004448.4(ERBB2):c.2873-17C>A,ERBB2,Likely benign,"criteria provided, single submitter",,,NM_004448.4(ERBB2):c.2873-17C>A,,rs201231746,
1588729,NM_004448.4(ERBB2):c.855C>T (p.Pro285=),ERBB2,Likely benign,"criteria provided, single submitter",,,c.855C>T,,rs747503021,
1588372,NM_004448.4(ERBB2):c.2442C>T (p.Arg814=),ERBB2,Likely benign,"criteria provided, single submitter",,,c.2442C>T,,rs553270501,
1588314,NM_004448.4(ERBB2):c.3570C>T (p.Ala1190=),ERBB2,Likely benign,"criteria provided, single submitter",,,c.3570C>T,,rs149815705,
1641379,NM_004448.4(ERBB2):c.1509G>A (p.Glu503=),ERBB2,Likely benign,"criteria provided, single submitter",,,c.1509G>A,,rs983576212,
1633868,NM_004448.4(ERBB2):c.1908C>T (p.Asp636=),ERBB2,Likely benign,"criteria provided, single submitter",,,c.1908C>T,,rs2059349479,
1631403,NM_004448.4(ERBB2):c.78C>T (p.Cys26=),ERBB2,Likely benign,"criteria provided, single submitter",,,c.78C>T,,rs1021403569,
1630442,NM_004448.4(ERBB2):c.1899-9C>T,ERBB2,Likely benign,"criteria provided, single submitter",,,NM_004448.4(ERBB2):c.1899-9C>T,,rs1330005268,
1621880,NM_004448.4(ERBB2):c.1149-8C>G,ERBB2,Likely benign,"criteria provided, single submitter",,,NM_004448.4(ERBB2):c.1149-8C>G,,rs760891715,
1620078,NM_004448.4(ERBB2):c.1686G>A (p.Pro562=),ERBB2,Likely benign,"criteria provided, single submitter",,,c.1686G>A,,rs4252635,
1619969,NM_004448.4(ERBB2):c.574+15T>A,ERBB2,Likely benign,"criteria provided, single submitter",,,NM_004448.4(ERBB2):c.574+15T>A,,rs2145478241,
1619630,NM_004448.4(ERBB2):c.2796T>C (p.Pro932=),ERBB2,Likely benign,"criteria provided, single submitter",,,c.2796T>C,,rs779653888,
4777343,NM_004448.4(ERBB2):c.2086-18A>G,ERBB2,Likely benign,"criteria provided, single submitter",,,NM_004448.4(ERBB2):c.2086-18A>G,,,
4775251,NM_004448.4(ERBB2):c.2208+19G>A,ERBB2,Likely benign,"criteria provided, single submitter",,,NM_004448.4(ERBB2):c.2208+19G>A,,,
4763499,NM_004448.4(ERBB2):c.2082G>C (p.Thr694=),ERBB2,Likely benign,"criteria provided, single submitter",,,c.2082G>C,,,
4699948,NM_004448.4(ERBB2):c.2085+8G>A,ERBB2,Likely benign,"criteria provided, single submitter",,,NM_004448.4(ERBB2):c.2085+8G>A,,,
4696521,NM_004448.4(ERBB2):c.2835C>A (p.Pro945=),ERBB2,Likely benign,"criteria provided, single submitter",,,c.2835C>A,,,
4695910,NM_004448.4(ERBB2):c.2577C>G (p.Val859=),ERBB2,Likely benign,"criteria provided, single submitter",,,c.2577C>G,,,
1618792,NM_004448.4(ERBB2):c.74-12C>T,ERBB2,Likely benign,"criteria provided, single submitter",,,NM_004448.4(ERBB2):c.74-12C>T,,rs373097759,
1618527,NM_004448.4(ERBB2):c.1223-13C>T,ERBB2,Likely benign,"criteria provided, single submitter",,,NM_004448.4(ERBB2):c.1223-13C>T,,rs754438502,
1618480,NM_004448.4(ERBB2):c.2209-12C>T,ERBB2,Likely benign,"criteria provided, single submitter",,,NM_004448.4(ERBB2):c.2209-12C>T,,rs965800810,
1618406,NM_004448.4(ERBB2):c.2209-9del,ERBB2,Likely benign,"criteria provided, single submitter",,,NM_004448.4(ERBB2):c.2209-9del,,rs766405006,
1617275,NM_004448.4(ERBB2):c.3160-4C>T,ERBB2,Likely benign,"criteria provided, single submitter",,,NM_004448.4(ERBB2):c.3160-4C>T,,rs1267956817,
1611995,NM_004448.4(ERBB2):c.939C>T (p.Leu313=),ERBB2,Likely benign,"criteria provided, single submitter",,,c.939C>T,,rs138280629,
1611432,NM_004448.4(ERBB2):c.1875T>C (p.Pro625=),ERBB2,Likely benign,"criteria provided, single submitter",,,c.1875T>C,,rs765900638,
4755022,NM_004448.4(ERBB2):c.2448C>T (p.Arg816=),ERBB2,Likely benign,"criteria provided, single submitter",,,c.2448C>T,,,
4754519,NM_004448.4(ERBB2):c.2971-8C>T,ERBB2,Likely benign,"criteria provided, single submitter",,,NM_004448.4(ERBB2):c.2971-8C>T,,,
4752844,NM_004448.4(ERBB2):c.3558C>T (p.Ala1186=),ERBB2,Likely benign,"criteria provided, single submitter",,,c.3558C>T,,,
1583383,NM_004448.4(ERBB2):c.2307+9C>T,ERBB2,Likely benign,"criteria provided, single submitter",,,NM_004448.4(ERBB2):c.2307+9C>T,,rs375706107,
1583159,NM_004448.4(ERBB2):c.1223-14C>A,ERBB2,Likely benign,"criteria provided, single submitter",,,NM_004448.4(ERBB2):c.1223-14C>A,,rs187691585,
1583045,NM_004448.4(ERBB2):c.1513+13G>A,ERBB2,Likely benign,"criteria provided, single submitter",,,NM_004448.4(ERBB2):c.1513+13G>A,,rs201621598,
1582229,NM_004448.4(ERBB2):c.870A>G (p.Thr290=),ERBB2,Likely benign,"criteria provided, single submitter",,,c.870A>G,,rs2145523614,
1582020,NM_004448.4(ERBB2):c.1681T>C (p.Leu561=),ERBB2,Likely benign,"criteria provided, single submitter",,,c.1681T>C,,rs369690252,
1573932,NM_004448.4(ERBB2):c.225+10G>A,ERBB2,Likely benign,"criteria provided, single submitter",,,NM_004448.4(ERBB2):c.225+10G>A,,rs371270269,
1573466,NM_004448.4(ERBB2):c.1476T>C (p.Ala492=),ERBB2,Likely benign,"criteria provided, single submitter",,,c.1476T>C,,rs2145658981,
1573316,NM_004448.4(ERBB2):c.1149-4C>T,ERBB2,Likely benign,"criteria provided, single submitter",,,NM_004448.4(ERBB2):c.1149-4C>T,,rs1434051186,
1573213,NM_004448.4(ERBB2):c.2628G>A (p.Glu876=),ERBB2,Likely benign,"criteria provided, single submitter",,,c.2628G>A,,rs2059681040,
1605194,NM_004448.4(ERBB2):c.192C>T (p.Tyr64=),ERBB2,Likely benign,"criteria provided, single submitter",,,c.192C>T,,rs754742686,
1603705,NM_004448.4(ERBB2):c.1083C>A (p.Ile361=),ERBB2,Likely benign,"criteria provided, single submitter",,,c.1083C>A,,rs1293706979,
1603054,NM_004448.4(ERBB2):c.39C>T (p.Leu13=),ERBB2,Likely benign,"criteria provided, single submitter",,,c.39C>T,,rs921215139,
1598210,NM_004448.4(ERBB2):c.999G>A (p.Lys333=),ERBB2,Likely benign,"criteria provided, single submitter",,,c.999G>A,,rs780283935,
1596027,NM_004448.4(ERBB2):c.3249C>A (p.Ser1083=),ERBB2,Likely benign,"criteria provided, multiple submitters, no conflicts",,,c.3249C>A,,rs376673270,
1595203,NM_004448.4(ERBB2):c.105C>T (p.Leu35=),ERBB2,Likely benign,"criteria provided, single submitter",,,c.105C>T,,rs759935065,
1593416,NM_004448.4(ERBB2):c.1738-9C>T,ERBB2,Likely benign,"criteria provided, single submitter",,,NM_004448.4(ERBB2):c.1738-9C>T,,rs772461233,
1562020,NM_004448.4(ERBB2):c.1383G>A (p.Leu461=),ERBB2,Likely benign,"criteria provided, single submitter",,,c.1383G>A,,rs1168181540,
1561073,NM_004448.4(ERBB2):c.3033C>T (p.Asp1011=),ERBB2,Likely benign,"criteria provided, single submitter",,,c.3033C>T,,rs373188896,
1560574,NM_004448.4(ERBB2):c.2574T>C (p.His858=),ERBB2,Likely benign,"criteria provided, single submitter",,,c.2574T>C,,rs377653295,
1559576,NM_004448.4(ERBB2):c.902-17G>A,ERBB2,Likely benign,"criteria provided, single submitter",,,NM_004448.4(ERBB2):c.902-17G>A,,rs1809185818,
1558736,NM_004448.4(ERBB2):c.3756C>T (p.Asp1252=),ERBB2,Likely benign,"criteria provided, single submitter",,,c.3756C>T,,rs775687641,
1558562,NM_004448.4(ERBB2):c.3413-18C>T,ERBB2,Likely benign,"criteria provided, single submitter",,,NM_004448.4(ERBB2):c.3413-18C>T,,rs375973409,
1558310,NM_004448.4(ERBB2):c.705C>T (p.Cys235=),ERBB2,Likely benign,"criteria provided, single submitter",,,c.705C>T,,rs2145504340,
1558281,NM_004448.4(ERBB2):c.1899-10dup,ERBB2,Likely benign,"criteria provided, single submitter",,,NM_004448.4(ERBB2):c.1899-10dup,,rs759153841,
1557804,NM_004448.4(ERBB2):c.288G>A (p.Leu96=),ERBB2,Likely benign,"criteria provided, single submitter",,,c.288G>A,,rs2145439560,
1557459,NM_004448.4(ERBB2):c.1662T>C (p.Tyr554=),ERBB2,Likely benign,"criteria provided, single submitter",,,c.1662T>C,,rs774426489,
4752750,NM_004448.4(ERBB2):c.894C>G (p.Ala298=),ERBB2,Likely benign,"criteria provided, single submitter",,,c.894C>G,,,
1587284,NM_004448.4(ERBB2):c.2619C>T (p.Asp873=),ERBB2,Likely benign,"criteria provided, single submitter",,,c.2619C>T,,rs540921632,
1585962,NM_004448.4(ERBB2):c.2743C>T (p.Leu915=),ERBB2,Likely benign,"criteria provided, single submitter",,,c.2743C>T,,rs1263919819,
1584369,NM_004448.4(ERBB2):c.1782C>A (p.Pro594=),ERBB2,Likely benign,"criteria provided, single submitter",,,c.1782C>A,,rs765842816,
1583967,NM_004448.4(ERBB2):c.3582C>T (p.Pro1194=),ERBB2,Likely benign,"criteria provided, multiple submitters, no conflicts",,,c.3582C>T,,rs755767616,
1583918,NM_004448.4(ERBB2):c.522C>T (p.His174=),ERBB2,Likely benign,"criteria provided, single submitter",,,c.522C>T,,rs141086703,
1547696,NM_004448.4(ERBB2):c.1620C>T (p.Cys540=),ERBB2,Likely benign,"criteria provided, single submitter",,,c.1620C>T,,rs371585581,
1546926,NM_004448.4(ERBB2):c.1428C>T (p.Phe476=),ERBB2,Likely benign,"criteria provided, single submitter",,,c.1428C>T,,rs532023577,
1546911,NM_004448.4(ERBB2):c.2973T>C (p.Asn991=),ERBB2,Likely benign,"criteria provided, single submitter",,,c.2973T>C,,rs1217233601,
1546818,NM_004448.4(ERBB2):c.726C>T (p.Ala242=),ERBB2,Likely benign,"criteria provided, single submitter",,,c.726C>T,,rs1417153302,
1544539,NM_004448.4(ERBB2):c.1545C>T (p.Cys515=),ERBB2,Likely benign,"criteria provided, single submitter",,,c.1545C>T,,rs368632077,
1544236,NM_004448.4(ERBB2):c.2493+15T>C,ERBB2,Likely benign,"criteria provided, single submitter",,,NM_004448.4(ERBB2):c.2493+15T>C,,rs760216632,
1543678,NM_004448.4(ERBB2):c.1737+15G>A,ERBB2,Likely benign,"criteria provided, single submitter",,,NM_004448.4(ERBB2):c.1737+15G>A,,rs748416591,
1543223,NM_004448.4(ERBB2):c.1314-16del,ERBB2,Likely benign,"criteria provided, single submitter",,,NM_004448.4(ERBB2):c.1314-16del,,rs750745387,
1542474,NM_004448.4(ERBB2):c.3168T>C (p.Gly1056=),ERBB2,Likely benign,"criteria provided, single submitter",,,c.3168T>C,,rs774056001,
1537436,NM_004448.4(ERBB2):c.73+9G>A,ERBB2,Likely benign,"criteria provided, single submitter",,,NM_004448.4(ERBB2):c.73+9G>A,,rs2145270888,
1572313,NM_004448.4(ERBB2):c.2308-14A>G,ERBB2,Likely benign,"criteria provided, single submitter",,,NM_004448.4(ERBB2):c.2308-14A>G,,rs769062959,
1571901,NM_004448.4(ERBB2):c.1946+12C>T,ERBB2,Likely benign,"criteria provided, single submitter",,,NM_004448.4(ERBB2):c.1946+12C>T,,rs2145750051,
1571854,NM_004448.4(ERBB2):c.2494-15T>C,ERBB2,Likely benign,"criteria provided, single submitter",,,NM_004448.4(ERBB2):c.2494-15T>C,,rs2059673641,
1571778,NM_004448.4(ERBB2):c.2873-15T>A,ERBB2,Likely benign,"criteria provided, single submitter",,,NM_004448.4(ERBB2):c.2873-15T>A,,rs1357945260,
1571358,NM_004448.4(ERBB2):c.1738-4C>A,ERBB2,Likely benign,"criteria provided, single submitter",,,NM_004448.4(ERBB2):c.1738-4C>A,,rs200798611,
1566717,NM_004448.4(ERBB2):c.3381C>T (p.Tyr1127=),ERBB2,Likely benign,"criteria provided, single submitter",,,c.3381C>T,,rs545806496,
1657836,NM_004448.4(ERBB2):c.1737+14G>A,ERBB2,Likely benign,"criteria provided, single submitter",,,NM_004448.4(ERBB2):c.1737+14G>A,,rs774794124,
1657645,NM_004448.4(ERBB2):c.439+13G>A,ERBB2,Likely benign,"criteria provided, single submitter",,,NM_004448.4(ERBB2):c.439+13G>A,,rs367585394,
1656753,NM_004448.4(ERBB2):c.1755G>A (p.Val585=),ERBB2,Likely benign,"criteria provided, single submitter",,,c.1755G>A,,rs1458686041,
1655944,NM_004448.4(ERBB2):c.2130G>A (p.Ala710=),ERBB2,Likely benign,"criteria provided, single submitter",,,c.2130G>A,,rs750389304,
1652698,NM_004448.4(ERBB2):c.3201A>G (p.Glu1067=),ERBB2,Likely benign,"criteria provided, single submitter",,,c.3201A>G,,rs2059831001,
1652192,NM_004448.4(ERBB2):c.1314-15A>C,ERBB2,Likely benign,"criteria provided, single submitter",,,NM_004448.4(ERBB2):c.1314-15A>C,,rs752127365,
1650846,NM_004448.4(ERBB2):c.1149-14C>G,ERBB2,Likely benign,"criteria provided, single submitter",,,NM_004448.4(ERBB2):c.1149-14C>G,,rs1387210776,
1650083,NM_004448.4(ERBB2):c.51C>T (p.Pro17=),ERBB2,Likely benign,"criteria provided, single submitter",,,c.51C>T,,rs567022720,
1649469,NM_004448.4(ERBB2):c.3423C>T (p.Asn1141=),ERBB2,Likely benign,"criteria provided, single submitter",,,c.3423C>T,,rs146177313,
1649368,NM_004448.4(ERBB2):c.1929C>T (p.Pro643=),ERBB2,Likely benign,"criteria provided, multiple submitters, no conflicts",,,c.1929C>T,,rs56110910,
1642019,NM_004448.4(ERBB2):c.2873-5C>T,ERBB2,Likely benign,"criteria provided, single submitter",,,NM_004448.4(ERBB2):c.2873-5C>T,,rs2143130209,
1556395,NM_004448.4(ERBB2):c.2346C>T (p.Val782=),ERBB2,Likely benign,"criteria provided, single submitter",,,c.2346C>T,,rs1567913003,
1556200,NM_004448.4(ERBB2):c.3160-15C>T,ERBB2,Likely benign,"criteria provided, single submitter",,,NM_004448.4(ERBB2):c.3160-15C>T,,rs2143228392,
1555246,NM_004448.4(ERBB2):c.366G>A (p.Pro122=),ERBB2,Likely benign,"criteria provided, multiple submitters, no conflicts",,,c.366G>A,,rs762875937,
1555224,NM_004448.4(ERBB2):c.1738-4C>G,ERBB2,Likely benign,"criteria provided, single submitter",,,NM_004448.4(ERBB2):c.1738-4C>G,,rs200798611,
1555159,NM_004448.4(ERBB2):c.876C>T (p.Gly292=),ERBB2,Likely benign,"criteria provided, single submitter",,,c.876C>T,,rs749453104,
2027008,NM_004448.4(ERBB2):c.402A>G (p.Pro134=),ERBB2,Likely benign,"criteria provided, single submitter",,,c.402A>G,,rs2145445789,
2005664,NM_004448.4(ERBB2):c.1313+9T>A,ERBB2,Likely benign,"criteria provided, single submitter",,,NM_004448.4(ERBB2):c.1313+9T>A,,rs2145642553,
1998430,NM_004448.4(ERBB2):c.1999T>C (p.Leu667=),ERBB2,Likely benign,"criteria provided, single submitter",,,c.1999T>C,,rs2145804072,
1990060,NM_004448.4(ERBB2):c.1738-5C>T,ERBB2,Likely benign,"criteria provided, single submitter",,,NM_004448.4(ERBB2):c.1738-5C>T,,rs749633839,
1985544,NM_004448.4(ERBB2):c.1629A>G (p.Glu543=),ERBB2,Likely benign,"criteria provided, single submitter",,,c.1629A>G,,rs2059129166,
1985196,NM_004448.4(ERBB2):c.2209-6G>A,ERBB2,Likely benign,"criteria provided, single submitter",,,NM_004448.4(ERBB2):c.2209-6G>A,,rs757802810,
1530676,NM_004448.4(ERBB2):c.201C>G (p.Thr67=),ERBB2,Likely benign,"criteria provided, single submitter",,,c.201C>G,,rs1234899864,
1980839,NM_004448.4(ERBB2):c.1947-7C>T,ERBB2,Likely benign,"criteria provided, single submitter",,,NM_004448.4(ERBB2):c.1947-7C>T,,rs1281122418,
1975569,NM_004448.4(ERBB2):c.1872G>A (p.Gln624=),ERBB2,Likely benign,"criteria provided, single submitter",,,c.1872G>A,,rs2145711851,
1969291,NM_004448.4(ERBB2):c.1176C>G (p.Leu392=),ERBB2,Likely benign,"criteria provided, single submitter",,,c.1176C>G,,rs562384569,
1957153,NM_004448.4(ERBB2):c.760-13C>T,ERBB2,Likely benign,"criteria provided, single submitter",,,NM_004448.4(ERBB2):c.760-13C>T,,rs914672878,
1956177,NM_004448.4(ERBB2):c.738C>T (p.Gly246=),ERBB2,Likely benign,"criteria provided, single submitter",,,c.738C>T,,rs1273399733,
1942881,NM_004448.4(ERBB2):c.1738-5C>A,ERBB2,Likely benign,"criteria provided, single submitter",,,NM_004448.4(ERBB2):c.1738-5C>A,,rs749633839,
1920848,NM_004448.4(ERBB2):c.1207C>T (p.Leu403=),ERBB2,Likely benign,"criteria provided, single submitter",,,c.1207C>T,,rs377649991,
1913231,NM_004448.4(ERBB2):c.2493+19T>C,ERBB2,Likely benign,"criteria provided, single submitter",,,NM_004448.4(ERBB2):c.2493+19T>C,,rs933238133,
1672387,NM_004448.4(ERBB2):c.1051C>A (p.Arg351=),ERBB2,Likely benign,"criteria provided, single submitter",,,c.1051C>A,,rs770327076,
2169036,NM_004448.4(ERBB2):c.2004G>C (p.Gly668=),ERBB2,Likely benign,"criteria provided, single submitter",,,c.2004G>C,,rs199841166,
2168954,NM_004448.4(ERBB2):c.2308-10T>C,ERBB2,Likely benign,"criteria provided, single submitter",,,NM_004448.4(ERBB2):c.2308-10T>C,,rs1311911231,
2166495,NM_004448.4(ERBB2):c.2523C>T (p.Leu841=),ERBB2,Likely benign,"criteria provided, single submitter",,,c.2523C>T,,rs373165016,
2158287,NM_004448.4(ERBB2):c.2158C>T (p.Leu720=),ERBB2,Likely benign,"criteria provided, single submitter",,,c.2158C>T,,rs374098949,
2154853,NM_004448.4(ERBB2):c.1738-10C>T,ERBB2,Likely benign,"criteria provided, single submitter",,,NM_004448.4(ERBB2):c.1738-10C>T,,rs748496676,
2142396,NM_004448.4(ERBB2):c.3459A>C (p.Arg1153=),ERBB2,Likely benign,"criteria provided, single submitter",,,c.3459A>C,,rs567023682,
2140417,NM_004448.4(ERBB2):c.2607G>A (p.Leu869=),ERBB2,Likely benign,"criteria provided, single submitter",,,c.2607G>A,,rs1023186733,
2116066,NM_004448.4(ERBB2):c.3534T>C (p.Asn1178=),ERBB2,Likely benign,"criteria provided, single submitter",,,c.3534T>C,,rs2059864010,
2094372,NM_004448.4(ERBB2):c.3174C>T (p.Asp1058=),ERBB2,Likely benign,"criteria provided, single submitter",,,c.3174C>T,,rs1597891498,
1457484,NM_004448.4(ERBB2):c.225+9C>T,ERBB2,Likely benign,"criteria provided, single submitter",,,NM_004448.4(ERBB2):c.225+9C>T,,rs1196103307,
1455579,NM_004448.4(ERBB2):c.1514-11C>G,ERBB2,Likely benign,"criteria provided, single submitter",,,NM_004448.4(ERBB2):c.1514-11C>G,,rs759860859,
1448592,NM_004448.4(ERBB2):c.3111G>A (p.Pro1037=),ERBB2,Likely benign,"criteria provided, single submitter",,,c.3111G>A,,rs781713745,
2072951,NM_004448.4(ERBB2):c.792T>C (p.Cys264=),ERBB2,Likely benign,"criteria provided, single submitter",,,c.792T>C,,rs368210132,
2069708,NM_004448.4(ERBB2):c.643C>T (p.Leu215=),ERBB2,Likely benign,"criteria provided, single submitter",,,c.643C>T,,rs577260523,
2068541,NM_004448.4(ERBB2):c.340C>T (p.Leu114=),ERBB2,Likely benign,"criteria provided, single submitter",,,c.340C>T,,rs372811772,
2030862,NM_004448.4(ERBB2):c.1513+18G>T,ERBB2,Likely benign,"criteria provided, single submitter",,,NM_004448.4(ERBB2):c.1513+18G>T,,rs2145661877,
2173214,NM_004448.4(ERBB2):c.2451G>T (p.Leu817=),ERBB2,Likely benign,"criteria provided, single submitter",,,c.2451G>T,,rs768470177,
2173187,NM_004448.4(ERBB2):c.901+10A>G,ERBB2,Likely benign,"criteria provided, single submitter",,,NM_004448.4(ERBB2):c.901+10A>G,,rs760608886,
2173184,NM_004448.4(ERBB2):c.1134G>A (p.Pro378=),ERBB2,Likely benign,"criteria provided, single submitter",,,c.1134G>A,,rs143225142,
2172809,NM_004448.4(ERBB2):c.1335G>A (p.Leu445=),ERBB2,Likely benign,"criteria provided, single submitter",,,c.1335G>A,,rs746949970,
2172594,NM_004448.4(ERBB2):c.1947-9C>T,ERBB2,Likely benign,"criteria provided, single submitter",,,NM_004448.4(ERBB2):c.1947-9C>T,,rs756380827,
2171333,NM_004448.4(ERBB2):c.2650-9C>T,ERBB2,Likely benign,"criteria provided, single submitter",,,NM_004448.4(ERBB2):c.2650-9C>T,,rs762135482,
4748653,NM_004448.4(ERBB2):c.1646+11C>T,ERBB2,Likely benign,"criteria provided, single submitter",,,NM_004448.4(ERBB2):c.1646+11C>T,,,
2171223,NM_004448.4(ERBB2):c.117C>T (p.Pro39=),ERBB2,Likely benign,"criteria provided, single submitter",,,c.117C>T,,rs775826753,
2171039,NM_004448.4(ERBB2):c.1677C>T (p.His559=),ERBB2,Likely benign,"criteria provided, single submitter",,,c.1677C>T,,rs767713671,
1441972,NM_004448.4(ERBB2):c.1797C>G (p.Arg599=),ERBB2,Likely benign,"criteria provided, single submitter",,,c.1797C>G,,rs778223078,
1439360,NM_004448.4(ERBB2):c.54C>A (p.Pro18=),ERBB2,Likely benign,"criteria provided, single submitter",,,c.54C>A,,rs1227500688,
2170355,NM_004448.4(ERBB2):c.1506C>T (p.Asp502=),ERBB2,Likely benign,"criteria provided, single submitter",,,c.1506C>T,,rs752759368,
2169609,NM_004448.4(ERBB2):c.3726G>A (p.Thr1242=),ERBB2,Likely benign,"criteria provided, single submitter",,,c.3726G>A,,rs753222413,
2169269,NM_004448.4(ERBB2):c.69C>T (p.Thr23=),ERBB2,Likely benign,"criteria provided, single submitter",,,c.69C>T,,rs773744480,
2169265,NM_004448.4(ERBB2):c.1698G>A (p.Glu566=),ERBB2,Likely benign,"criteria provided, single submitter",,,c.1698G>A,,rs902323727,
4748632,NM_004448.4(ERBB2):c.901+16A>T,ERBB2,Likely benign,"criteria provided, single submitter",,,NM_004448.4(ERBB2):c.901+16A>T,,,
2190090,NM_004448.4(ERBB2):c.474C>T (p.Asn158=),ERBB2,Likely benign,"criteria provided, single submitter",,,c.474C>T,,rs768502081,
2188448,NM_004448.4(ERBB2):c.2931C>T (p.Ser977=),ERBB2,Likely benign,"criteria provided, single submitter",,,c.2931C>T,,rs2059780180,
2186177,NM_004448.4(ERBB2):c.1242A>C (p.Ala414=),ERBB2,Likely benign,"criteria provided, single submitter",,,c.1242A>C,,rs373728539,
2180855,NM_004448.4(ERBB2):c.2316C>T (p.Tyr772=),ERBB2,Likely benign,"criteria provided, single submitter",,,c.2316C>T,,rs748318804,
2180453,NM_004448.4(ERBB2):c.2592C>T (p.Phe864=),ERBB2,Likely benign,"criteria provided, single submitter",,,c.2592C>T,,rs151263346,
2179566,NM_004448.4(ERBB2):c.2085+9G>A,ERBB2,Likely benign,"criteria provided, single submitter",,,NM_004448.4(ERBB2):c.2085+9G>A,,rs755987646,
1431169,NM_004448.4(ERBB2):c.3501G>A (p.Leu1167=),ERBB2,Likely benign,"criteria provided, single submitter",,,c.3501G>A,,rs749807221,
1427705,NM_004448.4(ERBB2):c.1737+13C>T,ERBB2,Likely benign,"criteria provided, single submitter",,,NM_004448.4(ERBB2):c.1737+13C>T,,rs376633835,
2178032,NM_004448.4(ERBB2):c.1815A>G (p.Lys605=),ERBB2,Likely benign,"criteria provided, single submitter",,,c.1815A>G,,rs538900246,
2177957,NM_004448.4(ERBB2):c.921C>T (p.Asp307=),ERBB2,Likely benign,"criteria provided, single submitter",,,c.921C>T,,rs770903497,
2177246,NM_004448.4(ERBB2):c.1347C>T (p.Gly449=),ERBB2,Likely benign,"criteria provided, single submitter",,,c.1347C>T,,rs2059085885,
2176113,NM_004448.4(ERBB2):c.3006C>T (p.Ser1002=),ERBB2,Likely benign,"criteria provided, single submitter",,,c.3006C>T,,rs770197622,
2174545,NM_004448.4(ERBB2):c.74-5G>C,ERBB2,Likely benign,"criteria provided, single submitter",,,NM_004448.4(ERBB2):c.74-5G>C,,rs894166115,
2174492,NM_004448.4(ERBB2):c.1119C>T (p.Ser373=),ERBB2,Likely benign,"criteria provided, single submitter",,,c.1119C>T,,rs2145579201,
2173683,NM_004448.4(ERBB2):c.1650C>T (p.Leu550=),ERBB2,Likely benign,"criteria provided, single submitter",,,c.1650C>T,,rs763197991,
2173217,NM_004448.4(ERBB2):c.2280C>T (p.Ser760=),ERBB2,Likely benign,"criteria provided, single submitter",,,c.2280C>T,,rs779727777,
4720424,NM_004448.4(ERBB2):c.2409T>C (p.Tyr803=),ERBB2,Likely benign,"criteria provided, single submitter",,,c.2409T>C,,,
2427961,NM_004448.4(ERBB2):c.1021+15C>T,ERBB2,Likely benign,"criteria provided, single submitter",,,NM_004448.4(ERBB2):c.1021+15C>T,,rs1567902167,
2427951,NM_004448.4(ERBB2):c.3159+12C>G,ERBB2,Likely benign,"criteria provided, single submitter",,,NM_004448.4(ERBB2):c.3159+12C>G,,rs775217720,
2427828,NM_004448.4(ERBB2):c.2971-10del,ERBB2,Likely benign,"criteria provided, single submitter",,,NM_004448.4(ERBB2):c.2971-10del,,rs775001274,
2425227,NM_004448.4(ERBB2):c.2872+16G>C,ERBB2,Likely benign,"criteria provided, single submitter",,,NM_004448.4(ERBB2):c.2872+16G>C,,rs1453612526,
2423235,NM_004448.4(ERBB2):c.226-11C>T,ERBB2,Likely benign,"criteria provided, single submitter",,,NM_004448.4(ERBB2):c.226-11C>T,,rs749576316,
2422952,NM_004448.4(ERBB2):c.902-12T>C,ERBB2,Likely benign,"criteria provided, single submitter",,,NM_004448.4(ERBB2):c.902-12T>C,,rs749486546,
2422932,NM_004448.4(ERBB2):c.2308-16G>A,ERBB2,Likely benign,"criteria provided, single submitter",,,NM_004448.4(ERBB2):c.2308-16G>A,,rs749637039,
2422919,NM_004448.4(ERBB2):c.3159+12C>T,ERBB2,Likely benign,"criteria provided, single submitter",,,NM_004448.4(ERBB2):c.3159+12C>T,,rs775217720,
2422831,NM_004448.4(ERBB2):c.1222+20C>T,ERBB2,Likely benign,"criteria provided, single submitter",,,NM_004448.4(ERBB2):c.1222+20C>T,,rs371089225,
2421720,NM_004448.4(ERBB2):c.226-5C>A,ERBB2,Likely benign,"criteria provided, single submitter",,,NM_004448.4(ERBB2):c.226-5C>A,,rs774414324,
2419717,NM_004448.4(ERBB2):c.2010C>G (p.Val670=),ERBB2,Likely benign,"criteria provided, single submitter",,,c.2010C>G,,rs2059554964,
2417558,NM_004448.4(ERBB2):c.1581G>A (p.Gln527=),ERBB2,Likely benign,"criteria provided, single submitter",,,c.1581G>A,,rs1317541157,
2413881,NM_004448.4(ERBB2):c.3114C>T (p.Gly1038=),ERBB2,Likely benign,"criteria provided, single submitter",,,c.3114C>T,,rs766276087,
2193040,NM_004448.4(ERBB2):c.744G>A (p.Lys248=),ERBB2,Likely benign,"criteria provided, single submitter",,,c.744G>A,,rs1439075439,
2192467,NM_004448.4(ERBB2):c.2086-6C>A,ERBB2,Likely benign,"criteria provided, single submitter",,,NM_004448.4(ERBB2):c.2086-6C>A,,rs141735528,
2884091,NM_004448.4(ERBB2):c.864G>A (p.Arg288=),ERBB2,Likely benign,"criteria provided, single submitter",,,c.864G>A,,rs1344559066,
2883836,NM_004448.4(ERBB2):c.643+7C>A,ERBB2,Likely benign,"criteria provided, single submitter",,,NM_004448.4(ERBB2):c.643+7C>A,,rs746826128,
2879293,NM_004448.4(ERBB2):c.3648C>G (p.Ala1216=),ERBB2,Likely benign,"criteria provided, single submitter",,,c.3648C>G,,rs1457230134,
2872058,NM_004448.4(ERBB2):c.1148+9G>A,ERBB2,Likely benign,"criteria provided, single submitter",,,NM_004448.4(ERBB2):c.1148+9G>A,,rs2145580778,
2861406,NM_004448.4(ERBB2):c.226-7C>T,ERBB2,Likely benign,"criteria provided, single submitter",,,NM_004448.4(ERBB2):c.226-7C>T,,rs890673544,
2797269,NM_004448.4(ERBB2):c.2971-17C>T,ERBB2,Likely benign,"criteria provided, single submitter",,,NM_004448.4(ERBB2):c.2971-17C>T,,rs757921352,
1398719,NM_004448.4(ERBB2):c.575-5C>G,ERBB2,Likely benign,"criteria provided, single submitter",,,NM_004448.4(ERBB2):c.575-5C>G,,rs745439220,
2784187,NM_004448.4(ERBB2):c.1737+12dup,ERBB2,Likely benign,"criteria provided, single submitter",,,NM_004448.4(ERBB2):c.1737+12dup,,rs1337667830,
2759306,NM_004448.4(ERBB2):c.1313+8C>T,ERBB2,Likely benign,"criteria provided, single submitter",,,NM_004448.4(ERBB2):c.1313+8C>T,,rs2145642496,
2729272,NM_004448.4(ERBB2):c.1152C>T (p.Asp384=),ERBB2,Likely benign,"criteria provided, single submitter",,,c.1152C>T,,rs199514902,
4718851,NM_004448.4(ERBB2):c.1148+8_1148+11dup,ERBB2,Likely benign,"criteria provided, single submitter",,,NM_004448.4(ERBB2):c.1148+8_1148+11dup,,,
2709167,NM_004448.4(ERBB2):c.644-9G>A,ERBB2,Likely benign,"criteria provided, single submitter",,,NM_004448.4(ERBB2):c.644-9G>A,,rs373378060,
2695579,NM_004448.4(ERBB2):c.2109C>T (p.Ser703=),ERBB2,Likely benign,"criteria provided, single submitter",,,c.2109C>T,,rs764211319,
2692714,NM_004448.4(ERBB2):c.1513+18G>C,ERBB2,Likely benign,"criteria provided, single submitter",,,NM_004448.4(ERBB2):c.1513+18G>C,,rs2145661877,
2647722,NM_004448.4(ERBB2):c.2967C>T (p.Ile989=),ERBB2,Likely benign,"criteria provided, single submitter",,,c.2967C>T,,rs2143141807,
2428072,NM_004448.4(ERBB2):c.1738-4C>T,ERBB2,Likely benign,"criteria provided, single submitter",,,NM_004448.4(ERBB2):c.1738-4C>T,,rs200798611,
2895440,NM_004448.4(ERBB2):c.2725+9T>C,ERBB2,Likely benign,"criteria provided, single submitter",,,NM_004448.4(ERBB2):c.2725+9T>C,,rs1475857607,
2893448,NM_004448.4(ERBB2):c.1317C>G (p.Gly439=),ERBB2,Likely benign,"criteria provided, single submitter",,,c.1317C>G,,rs750754275,
2893437,NM_004448.4(ERBB2):c.2292C>T (p.Asn764=),ERBB2,Likely benign,"criteria provided, single submitter",,,c.2292C>T,,rs139745101,
2890120,NM_004448.4(ERBB2):c.1647-5C>T,ERBB2,Likely benign,"criteria provided, single submitter",,,NM_004448.4(ERBB2):c.1647-5C>T,,rs746406521,
2889839,NM_004448.4(ERBB2):c.90C>T (p.Asp30=),ERBB2,Likely benign,"criteria provided, single submitter",,,c.90C>T,,rs2058483158,
2889258,NM_004448.4(ERBB2):c.2379G>C (p.Thr793=),ERBB2,Likely benign,"criteria provided, single submitter",,,c.2379G>C,,rs186232310,
2888674,NM_004448.4(ERBB2):c.902-7T>C,ERBB2,Likely benign,"criteria provided, single submitter",,,NM_004448.4(ERBB2):c.902-7T>C,,rs2544162513,
2888552,NM_004448.4(ERBB2):c.1223-8G>A,ERBB2,Likely benign,"criteria provided, single submitter",,,NM_004448.4(ERBB2):c.1223-8G>A,,rs200818033,
2888046,NM_004448.4(ERBB2):c.2494-6T>C,ERBB2,Likely benign,"criteria provided, single submitter",,,NM_004448.4(ERBB2):c.2494-6T>C,,rs375217668,
2888006,NM_004448.4(ERBB2):c.282C>A (p.Val94=),ERBB2,Likely benign,"criteria provided, single submitter",,,c.282C>A,,rs756850857,
2887609,NM_004448.4(ERBB2):c.3234C>T (p.Ser1078=),ERBB2,Likely benign,"criteria provided, single submitter",,,c.3234C>T,,rs538414026,
2886237,NM_004448.4(ERBB2):c.1788C>T (p.Cys596=),ERBB2,Likely benign,"criteria provided, single submitter",,,c.1788C>T,,rs753344199,
2886104,NM_004448.4(ERBB2):c.312C>T (p.Gly104=),ERBB2,Likely benign,"criteria provided, single submitter",,,c.312C>T,,rs576471733,
2885177,NM_004448.4(ERBB2):c.3249C>T (p.Ser1083=),ERBB2,Likely benign,"criteria provided, single submitter",,,c.3249C>T,,rs376673270,
2884673,NM_004448.4(ERBB2):c.777C>T (p.Asn259=),ERBB2,Likely benign,"criteria provided, single submitter",,,c.777C>T,,rs775666242,
1117006,NM_004448.4(ERBB2):c.2307+7C>T,ERBB2,Likely benign,"criteria provided, single submitter",,,NM_004448.4(ERBB2):c.2307+7C>T,,rs2059593023,
1116809,NM_004448.4(ERBB2):c.2769C>T (p.Tyr923=),ERBB2,Likely benign,"criteria provided, single submitter",,,c.2769C>T,,rs147028804,
1115477,NM_004448.4(ERBB2):c.1269C>T (p.Ser423=),ERBB2,Likely benign,"criteria provided, single submitter",,,c.1269C>T,,rs35757908,
1114683,NM_004448.4(ERBB2):c.111C>A (p.Ala37=),ERBB2,Likely benign,"criteria provided, single submitter",,,c.111C>A,,rs2145405832,
1114576,NM_004448.4(ERBB2):c.81C>T (p.Thr27=),ERBB2,Likely benign,"criteria provided, single submitter",,,c.81C>T,,rs377542789,
1159119,NM_004448.4(ERBB2):c.1725C>T (p.Thr575=),ERBB2,Likely benign,"criteria provided, single submitter",,,c.1725C>T,,rs780703792,
1156898,NM_004448.4(ERBB2):c.2541C>T (p.Ala847=),ERBB2,Likely benign,"criteria provided, multiple submitters, no conflicts",,,c.2541C>T,,rs140231769,
1153702,NM_004448.4(ERBB2):c.74-5G>T,ERBB2,Likely benign,"criteria provided, single submitter",,,NM_004448.4(ERBB2):c.74-5G>T,,rs894166115,
1153185,NM_004448.4(ERBB2):c.1947-8G>A,ERBB2,Likely benign,"criteria provided, multiple submitters, no conflicts",,,NM_004448.4(ERBB2):c.1947-8G>A,,rs368621012,
1152158,NM_004448.4(ERBB2):c.735G>C (p.Thr245=),ERBB2,Likely benign,"criteria provided, single submitter",,,c.735G>C,,rs755873891,
1150935,NM_004448.4(ERBB2):c.498G>C (p.Thr166=),ERBB2,Likely benign,"criteria provided, single submitter",,,c.498G>C,,rs370810322,
1149932,NM_004448.4(ERBB2):c.2536T>C (p.Leu846=),ERBB2,Likely benign,"criteria provided, single submitter",,,c.2536T>C,,rs370816244,
1149226,NM_004448.4(ERBB2):c.2688C>T (p.Arg896=),ERBB2,Likely benign,"criteria provided, multiple submitters, no conflicts",,,c.2688C>T,,rs369203202,
1148678,NM_004448.4(ERBB2):c.2472C>T (p.Asn824=),ERBB2,Likely benign,"criteria provided, single submitter",,,c.2472C>T,,rs1220496913,
1139316,NM_004448.4(ERBB2):c.760-10G>T,ERBB2,Likely benign,"criteria provided, single submitter",,,NM_004448.4(ERBB2):c.760-10G>T,,rs373337888,
1138756,NM_004448.4(ERBB2):c.2786G>A (p.Arg929Gln),ERBB2,Likely benign,"criteria provided, single submitter",,,c.2786G>A,,rs201399875,
1096647,NM_004448.4(ERBB2):c.3651C>T (p.Phe1217=),ERBB2,Likely benign,"criteria provided, single submitter",,,c.3651C>T,,rs188050006,
1095140,NM_004448.4(ERBB2):c.3036T>C (p.Asp1012=),ERBB2,Likely benign,"criteria provided, single submitter",,,c.3036T>C,,rs2143174378,
1095139,NM_004448.4(ERBB2):c.2724T>C (p.Tyr908=),ERBB2,Likely benign,"criteria provided, single submitter",,,c.2724T>C,,rs1185815305,
1094869,NM_004448.4(ERBB2):c.3081G>A (p.Gln1027=),ERBB2,Likely benign,"criteria provided, single submitter",,,c.3081G>A,,rs2143179652,
1088543,NM_004448.4(ERBB2):c.1065A>G (p.Ala355=),ERBB2,Likely benign,"criteria provided, single submitter",,,c.1065A>G,,rs190567339,
1133563,NM_004448.4(ERBB2):c.3156C>G (p.Thr1052=),ERBB2,Likely benign,"criteria provided, single submitter",,,c.3156C>G,,rs561720540,
1132112,NM_004448.4(ERBB2):c.3441C>T (p.Pro1147=),ERBB2,Likely benign,"criteria provided, single submitter",,,c.3441C>T,,rs112561362,
1131250,NM_004448.4(ERBB2):c.675C>G (p.Ala225=),ERBB2,Likely benign,"criteria provided, single submitter",,,c.675C>G,,rs140636713,
1129456,NM_004448.4(ERBB2):c.3741G>A (p.Glu1247=),ERBB2,Likely benign,"criteria provided, single submitter",,,c.3741G>A,,rs368770921,
1128796,NM_004448.4(ERBB2):c.2400T>C (p.Leu800=),ERBB2,Likely benign,"criteria provided, single submitter",,,c.2400T>C,,rs754308267,
1127936,NM_004448.4(ERBB2):c.808G>T (p.Ala270Ser),ERBB2,Likely benign,"criteria provided, single submitter",,,c.808G>T,,rs200382130,
1127418,NM_004448.4(ERBB2):c.3396C>T (p.Thr1132=),ERBB2,Likely benign,"criteria provided, single submitter",,,c.3396C>T,,rs2143259972,
1126287,NM_004448.4(ERBB2):c.1746C>T (p.Asp582=),ERBB2,Likely benign,"criteria provided, multiple submitters, no conflicts",,,c.1746C>T,,rs138893464,
1124151,NM_004448.4(ERBB2):c.1389T>C (p.Ser463=),ERBB2,Likely benign,"criteria provided, single submitter",,,c.1389T>C,,rs2145654555,
1124069,NM_004448.4(ERBB2):c.2172G>A (p.Lys724=),ERBB2,Likely benign,"criteria provided, single submitter",,,c.2172G>A,,rs2145815239,
1121686,NM_004448.4(ERBB2):c.768C>T (p.Leu256=),ERBB2,Likely benign,"criteria provided, single submitter",,,c.768C>T,,rs759845382,
2902254,NM_004448.4(ERBB2):c.1313+17A>C,ERBB2,Likely benign,"criteria provided, single submitter",,,NM_004448.4(ERBB2):c.1313+17A>C,,rs374858246,
2902251,NM_004448.4(ERBB2):c.2970+18C>T,ERBB2,Likely benign,"criteria provided, single submitter",,,NM_004448.4(ERBB2):c.2970+18C>T,,rs558112059,
2902229,NM_004448.4(ERBB2):c.1314-19G>A,ERBB2,Likely benign,"criteria provided, single submitter",,,NM_004448.4(ERBB2):c.1314-19G>A,,rs752302855,
2901928,NM_004448.4(ERBB2):c.2997C>T (p.Pro999=),ERBB2,Likely benign,"criteria provided, single submitter",,,c.2997C>T,,rs1283152924,
2897059,NM_004448.4(ERBB2):c.3612C>T (p.Ala1204=),ERBB2,Likely benign,"criteria provided, single submitter",,,c.3612C>T,,rs755536204,
1113820,NM_004448.4(ERBB2):c.717G>A (p.Gln239=),ERBB2,Likely benign,"criteria provided, single submitter",,,c.717G>A,,rs765424712,
1108038,NM_004448.4(ERBB2):c.3591G>A (p.Leu1197=),ERBB2,Likely benign,"criteria provided, single submitter",,,c.3591G>A,,rs2143305666,
1105229,NM_004448.4(ERBB2):c.816C>A (p.Val272=),ERBB2,Likely benign,"criteria provided, single submitter",,,c.816C>A,,rs2145520335,
1104738,NM_004448.4(ERBB2):c.1317C>T (p.Gly439=),ERBB2,Likely benign,"criteria provided, single submitter",,,c.1317C>T,,rs750754275,
1104608,NM_004448.4(ERBB2):c.1659G>A (p.Glu553=),ERBB2,Likely benign,"criteria provided, single submitter",,,c.1659G>A,,rs768992351,
1102360,NM_004448.4(ERBB2):c.3160-8G>A,ERBB2,Likely benign,"criteria provided, single submitter",,,NM_004448.4(ERBB2):c.3160-8G>A,,rs375655626,
1101353,NM_004448.4(ERBB2):c.2914T>C (p.Leu972=),ERBB2,Likely benign,"criteria provided, single submitter",,,c.2914T>C,,rs201193677,
1098250,NM_004448.4(ERBB2):c.1646+10G>A,ERBB2,Likely benign,"criteria provided, single submitter",,,NM_004448.4(ERBB2):c.1646+10G>A,,rs766484337,
1098011,NM_004448.4(ERBB2):c.226-5C>T,ERBB2,Likely benign,"criteria provided, single submitter",,,NM_004448.4(ERBB2):c.226-5C>T,,rs774414324,
1097100,NM_004448.4(ERBB2):c.3540C>T (p.Val1180=),ERBB2,Likely benign,"criteria provided, single submitter",,,c.3540C>T,,rs759480536,
1096756,NM_004448.4(ERBB2):c.3268C>T (p.Leu1090=),ERBB2,Likely benign,"criteria provided, single submitter",,,c.3268C>T,,rs768526064,
2909207,NM_004448.4(ERBB2):c.1021+9del,ERBB2,Likely benign,"criteria provided, single submitter",,,NM_004448.4(ERBB2):c.1021+9del,,rs1567902155,
2907295,NM_004448.4(ERBB2):c.873C>T (p.Phe291=),ERBB2,Likely benign,"criteria provided, single submitter",,,c.873C>T,,rs770104901,
2902882,NM_004448.4(ERBB2):c.2726-11C>T,ERBB2,Likely benign,"criteria provided, single submitter",,,NM_004448.4(ERBB2):c.2726-11C>T,,rs2143057573,
2902652,NM_004448.4(ERBB2):c.225+14G>C,ERBB2,Likely benign,"criteria provided, single submitter",,,NM_004448.4(ERBB2):c.225+14G>C,,rs529042839,
1087913,NM_004448.4(ERBB2):c.1898+10A>G,ERBB2,Likely benign,"criteria provided, single submitter",,,NM_004448.4(ERBB2):c.1898+10A>G,,rs757461762,
1083155,NM_004448.4(ERBB2):c.3453G>A (p.Ser1151=),ERBB2,Likely benign,"criteria provided, multiple submitters, no conflicts",,,c.3453G>A,,rs144501267,
1078249,NM_004448.4(ERBB2):c.1713T>C (p.Asn571=),ERBB2,Likely benign,"criteria provided, single submitter",,,c.1713T>C,,rs149337787,
1055879,NM_004448.4(ERBB2):c.1738-7C>A,ERBB2,Likely benign,"criteria provided, single submitter",,,NM_004448.4(ERBB2):c.1738-7C>A,,rs369625870,
2902635,NM_004448.4(ERBB2):c.3160-15_3160-14del,ERBB2,Likely benign,"criteria provided, single submitter",,,NM_004448.4(ERBB2):c.3160-15_3160-14del,,rs763429124,
2902634,NM_004448.4(ERBB2):c.1646+19_1646+20del,ERBB2,Likely benign,"criteria provided, single submitter",,,NM_004448.4(ERBB2):c.1646+19_1646+20del,,rs781538840,
2902610,NM_004448.4(ERBB2):c.759+13G>T,ERBB2,Likely benign,"criteria provided, single submitter",,,NM_004448.4(ERBB2):c.759+13G>T,,rs2145508007,
2902354,NM_004448.4(ERBB2):c.74-12C>G,ERBB2,Likely benign,"criteria provided, single submitter",,,NM_004448.4(ERBB2):c.74-12C>G,,rs373097759,
2902298,NM_004448.4(ERBB2):c.2650-15C>G,ERBB2,Likely benign,"criteria provided, single submitter",,,NM_004448.4(ERBB2):c.2650-15C>G,,rs367622759,
2902267,NM_004448.4(ERBB2):c.1313+13A>C,ERBB2,Likely benign,"criteria provided, single submitter",,,NM_004448.4(ERBB2):c.1313+13A>C,,rs371627567,
2902256,NM_004448.4(ERBB2):c.1646+16_1646+18del,ERBB2,Likely benign,"criteria provided, single submitter",,,NM_004448.4(ERBB2):c.1646+16_1646+18del,,rs768610548,
3663148,NM_004448.4(ERBB2):c.1215G>A (p.Glu405=),ERBB2,Likely benign,"criteria provided, single submitter",,,c.1215G>A,,,
3632231,NM_004448.4(ERBB2):c.2610G>A (p.Leu870=),ERBB2,Likely benign,"criteria provided, single submitter",,,c.2610G>A,,,
3624545,NM_004448.4(ERBB2):c.3159+7G>C,ERBB2,Likely benign,"criteria provided, single submitter",,,NM_004448.4(ERBB2):c.3159+7G>C,,,
3609551,NM_004448.4(ERBB2):c.2154G>T (p.Thr718=),ERBB2,Likely benign,"criteria provided, single submitter",,,c.2154G>T,,,
3604712,NM_004448.4(ERBB2):c.440-5C>T,ERBB2,Likely benign,"criteria provided, single submitter",,,NM_004448.4(ERBB2):c.440-5C>T,,,
3014465,NM_004448.4(ERBB2):c.2991C>T (p.Ala997=),ERBB2,Likely benign,"criteria provided, single submitter",,,c.2991C>T,,rs757734622,
3013978,NM_004448.4(ERBB2):c.1737+8G>C,ERBB2,Likely benign,"criteria provided, single submitter",,,NM_004448.4(ERBB2):c.1737+8G>C,,rs372308772,
3012220,NM_004448.4(ERBB2):c.396C>T (p.Ala132=),ERBB2,Likely benign,"criteria provided, single submitter",,,c.396C>T,,rs1475594786,
3007925,NM_004448.4(ERBB2):c.2283C>G (p.Pro761=),ERBB2,Likely benign,"criteria provided, single submitter",,,c.2283C>G,,rs775883027,
2971169,NM_004448.4(ERBB2):c.3412+7A>T,ERBB2,Likely benign,"criteria provided, single submitter",,,NM_004448.4(ERBB2):c.3412+7A>T,,rs200529069,
2955994,NM_004448.4(ERBB2):c.1458T>C (p.Phe486=),ERBB2,Likely benign,"criteria provided, single submitter",,,c.1458T>C,,rs539260608,
2955918,NM_004448.4(ERBB2):c.2085+8G>C,ERBB2,Likely benign,"criteria provided, single submitter",,,NM_004448.4(ERBB2):c.2085+8G>C,,rs750301449,
2955257,NM_004448.4(ERBB2):c.2649+13A>C,ERBB2,Likely benign,"criteria provided, single submitter",,,NM_004448.4(ERBB2):c.2649+13A>C,,rs368616007,
2954756,NM_004448.4(ERBB2):c.1068T>C (p.Val356=),ERBB2,Likely benign,"criteria provided, single submitter",,,c.1068T>C,,rs1290677681,
738860,NM_004448.4(ERBB2):c.1248G>A (p.Pro416=),ERBB2,Likely benign,"criteria provided, single submitter",,,c.1248G>A,,rs140507994,
738178,NM_004448.4(ERBB2):c.3630T>C (p.Pro1210=),ERBB2,Likely benign,"criteria provided, single submitter",,,c.3630T>C,,rs141627242,
736297,NM_004448.4(ERBB2):c.1317C>A (p.Gly439=),ERBB2,Likely benign,"criteria provided, single submitter",,,c.1317C>A,,rs750754275,
735824,NM_004448.4(ERBB2):c.3360G>A (p.Leu1120=),ERBB2,Likely benign,"criteria provided, single submitter",,,c.3360G>A,,rs746042501,
735063,NM_004448.4(ERBB2):c.258C>T (p.Ile86=),ERBB2,Likely benign,"criteria provided, multiple submitters, no conflicts",,,c.258C>T,,rs147785188,
857539,NM_004448.4(ERBB2):c.1518C>T (p.Gly506=),ERBB2,Likely benign,"criteria provided, single submitter",,,c.1518C>T,,rs1406568130,
3710428,NM_004448.4(ERBB2):c.990G>T (p.Arg330=),ERBB2,Likely benign,"criteria provided, single submitter",,,c.990G>T,,,
3710318,NM_004448.4(ERBB2):c.2550C>T (p.Asn850=),ERBB2,Likely benign,"criteria provided, single submitter",,,c.2550C>T,,,
3709886,NM_004448.4(ERBB2):c.760-9dup,ERBB2,Likely benign,"criteria provided, single submitter",,,NM_004448.4(ERBB2):c.760-9dup,,,
3709344,NM_004448.4(ERBB2):c.2670G>A (p.Ala890=),ERBB2,Likely benign,"criteria provided, single submitter",,,c.2670G>A,,,
3708843,NM_004448.4(ERBB2):c.2085+7del,ERBB2,Likely benign,"criteria provided, single submitter",,,NM_004448.4(ERBB2):c.2085+7del,,,
3691163,NM_004448.4(ERBB2):c.902-6C>T,ERBB2,Likely benign,"criteria provided, single submitter",,,NM_004448.4(ERBB2):c.902-6C>T,,,
3685553,NM_004448.4(ERBB2):c.574+14C>A,ERBB2,Likely benign,"criteria provided, single submitter",,,NM_004448.4(ERBB2):c.574+14C>A,,,
3682017,NM_004448.4(ERBB2):c.1062G>A (p.Arg354=),ERBB2,Likely benign,"criteria provided, single submitter",,,c.1062G>A,,,
3680210,NM_004448.4(ERBB2):c.456G>C (p.Gly152=),ERBB2,Likely benign,"criteria provided, single submitter",,,c.456G>C,,,
3665610,NM_004448.4(ERBB2):c.63G>A (p.Ala21=),ERBB2,Likely benign,"criteria provided, single submitter",,,c.63G>A,,,
3718179,NM_004448.4(ERBB2):c.36C>T (p.Leu12=),ERBB2,Likely benign,"criteria provided, single submitter",,,c.36C>T,,,
3716521,NM_004448.4(ERBB2):c.74-16T>C,ERBB2,Likely benign,"criteria provided, single submitter",,,NM_004448.4(ERBB2):c.74-16T>C,,,
3716389,NM_004448.4(ERBB2):c.1898+11C>T,ERBB2,Likely benign,"criteria provided, single submitter",,,NM_004448.4(ERBB2):c.1898+11C>T,,,
3716387,NM_004448.4(ERBB2):c.1314-13C>T,ERBB2,Likely benign,"criteria provided, single submitter",,,NM_004448.4(ERBB2):c.1314-13C>T,,,
3716380,NM_004448.4(ERBB2):c.2307+16C>T,ERBB2,Likely benign,"criteria provided, single submitter",,,NM_004448.4(ERBB2):c.2307+16C>T,,,
3716273,NM_004448.4(ERBB2):c.1647-19C>T,ERBB2,Likely benign,"criteria provided, single submitter",,,NM_004448.4(ERBB2):c.1647-19C>T,,,
3716272,NM_004448.4(ERBB2):c.1222+19T>A,ERBB2,Likely benign,"criteria provided, single submitter",,,NM_004448.4(ERBB2):c.1222+19T>A,,,
3714582,NM_004448.4(ERBB2):c.2145G>T (p.Leu715=),ERBB2,Likely benign,"criteria provided, single submitter",,,c.2145G>T,,,
3713781,NM_004448.4(ERBB2):c.1107G>A (p.Lys369=),ERBB2,Likely benign,"criteria provided, single submitter",,,c.1107G>A,,,
3712431,NM_004448.4(ERBB2):c.735G>A (p.Thr245=),ERBB2,Likely benign,"criteria provided, single submitter",,,c.735G>A,,,
3711469,NM_004448.4(ERBB2):c.1806C>T (p.Ser602=),ERBB2,Likely benign,"criteria provided, single submitter",,,c.1806C>T,,,
3710775,NM_004448.4(ERBB2):c.3402C>T (p.Ser1134=),ERBB2,Likely benign,"criteria provided, single submitter",,,c.3402C>T,,,
759835,NM_004448.4(ERBB2):c.591G>A (p.Pro197=),ERBB2,Likely benign,"criteria provided, single submitter",,,c.591G>A,,rs762217415,
754675,NM_004448.4(ERBB2):c.648G>A (p.Thr216=),ERBB2,Likely benign,"criteria provided, single submitter",,,c.648G>A,,rs779058669,
750405,NM_004448.4(ERBB2):c.2826C>T (p.Pro942=),ERBB2,Likely benign,"criteria provided, single submitter",,,c.2826C>T,,rs141423785,
152111,GRCh38/hg38 17q12(chr17:39036037-39694679)x3,PNMT,Likely benign,no assertion criteria provided,,,GRCh38/hg38 17q12(chr17:39036037-39694679)x3,,,
724366,NM_004448.4(ERBB2):c.1863C>T (p.Gly621=),ERBB2,Likely benign,"criteria provided, single submitter",,,c.1863C>T,,rs760271180,
718676,NM_004448.4(ERBB2):c.3549C>T (p.Asp1183=),ERBB2,Likely benign,"criteria provided, single submitter",,,c.3549C>T,,rs767230649,
712293,NM_004448.4(ERBB2):c.3115G>A (p.Ala1039Thr),ERBB2,Likely benign,"criteria provided, single submitter",,,c.3115G>A,,rs566053951,
3904796,NM_004448.4(ERBB2):c.3165C>T (p.Gly1055=),ERBB2,Likely benign,"criteria provided, single submitter",,,c.3165C>T,,,
3724694,NM_004448.4(ERBB2):c.2650-10G>A,ERBB2,Likely benign,"criteria provided, single submitter",,,NM_004448.4(ERBB2):c.2650-10G>A,,,
3721693,NM_004448.4(ERBB2):c.3363C>T (p.Pro1121=),ERBB2,Likely benign,"criteria provided, single submitter",,,c.3363C>T,,,
3719341,NM_004448.4(ERBB2):c.1686G>T (p.Pro562=),ERBB2,Likely benign,"criteria provided, single submitter",,,c.1686G>T,,,
134067,NM_004448.4(ERBB2):c.43C>T (p.Leu15Phe),ERBB2,Likely benign,"criteria provided, single submitter",,,c.43C>T,,rs193171026,
134089,NM_004448.4(ERBB2):c.433C>T (p.Leu145Phe),ERBB2,Likely benign,"criteria provided, single submitter",,,c.433C>T,,rs527779103,
134087,NM_004448.4(ERBB2):c.236A>C (p.Glu79Ala),ERBB2,Likely benign,"criteria provided, multiple submitters, no conflicts",,,c.236A>C,,rs61737968,
134076,NM_004448.4(ERBB2):c.93G>T (p.Met31Ile),ERBB2,Likely benign,"criteria provided, single submitter",,,c.93G>T,,rs546886845,
4539768,NM_004448.4(ERBB2):c.929C>T (p.Ser310Phe),ERBB2,,,,,c.929C>T,,rs1057519816,
4420963,NM_004448.4(ERBB2):c.3160-1G>A,ERBB2,,,,,NM_004448.4(ERBB2):c.3160-1G>A,,,
4420962,NM_004448.4(ERBB2):c.2944G>T (p.Asp982Tyr),ERBB2,,,,,c.2944G>T,,,
4420961,NM_004448.4(ERBB2):c.2493+28C>G,ERBB2,,,,,NM_004448.4(ERBB2):c.2493+28C>G,,,
4420959,NM_004448.4(ERBB2):c.2308-1G>C,ERBB2,,,,,NM_004448.4(ERBB2):c.2308-1G>C,,,
4420958,NM_004448.4(ERBB2):c.2301C>G (p.Ile767Met),ERBB2,,,,,c.2301C>G,,,
4420957,NM_004448.4(ERBB2):c.2264T>G (p.Leu755Trp),ERBB2,,,,,c.2264T>G,,rs121913470,
4420956,NM_004448.4(ERBB2):c.2263T>G (p.Leu755Val),ERBB2,,,,,c.2263T>G,,,
134074,NM_004448.4(ERBB2):c.133A>G (p.Met45Val),ERBB2,not provided,no classification provided,,,c.133A>G,,rs587778266,
134069,NM_004448.4(ERBB2):c.1169C>T (p.Ala390Val),ERBB2,not provided,no classification provided,,,c.1169C>T,,rs587778264,
1587981,NM_004448.4(ERBB2):c.1179G>A (p.Gln393=),ERBB2,Conflicting classifications of pathogenicity,"criteria provided, conflicting classifications",,,c.1179G>A,,rs147204600,
2171330,NM_004448.4(ERBB2):c.3573G>A (p.Val1191=),ERBB2,Conflicting classifications of pathogenicity,"criteria provided, conflicting classifications",,,c.3573G>A,,rs750063274,
2169163,NM_004448.4(ERBB2):c.3470T>G (p.Leu1157Arg),ERBB2,Conflicting classifications of pathogenicity,"criteria provided, conflicting classifications",,,c.3470T>G,,rs757037466,
2428038,NM_004448.4(ERBB2):c.1513+17A>G,ERBB2,Conflicting classifications of pathogenicity,"criteria provided, conflicting classifications",,,NM_004448.4(ERBB2):c.1513+17A>G,,rs755966941,
2721202,NM_004448.4(ERBB2):c.3674_3679del (p.Gln1225_Asp1226del),ERBB2,Conflicting classifications of pathogenicity,"criteria provided, conflicting classifications",,,c.3674_3679del,,rs755472707,
4420945,NM_004448.4(ERBB2):c.1022-3C>G,ERBB2,,,,,NM_004448.4(ERBB2):c.1022-3C>G,,,
4420944,NM_004448.4(ERBB2):c.1022-14C>A,ERBB2,,,,,NM_004448.4(ERBB2):c.1022-14C>A,,,
4420943,NM_004448.4(ERBB2):c.902-1G>A,ERBB2,,,,,NM_004448.4(ERBB2):c.902-1G>A,,,
4420942,NM_004448.4(ERBB2):c.760-1G>T,ERBB2,,,,,NM_004448.4(ERBB2):c.760-1G>T,,,
4420941,NM_004448.4(ERBB2):c.643+48G>A,ERBB2,,,,,NM_004448.4(ERBB2):c.643+48G>A,,,
4420940,NM_004448.4(ERBB2):c.575-26C>G,ERBB2,,,,,NM_004448.4(ERBB2):c.575-26C>G,,,
4420939,NM_004448.4(ERBB2):c.512A>T (p.Asp171Val),ERBB2,,,,,c.512A>T,,,
4420938,NM_004448.4(ERBB2):c.412C>T (p.Arg138Trp),ERBB2,,,,,c.412C>T,,,
4420935,NM_001005862.3(ERBB2):c.-18+1G>T,ERBB2,,,,,NM_001005862.3(ERBB2):c.-18+1G>T,,,
376344,NM_004448.4(ERBB2):c.2033G>A (p.Arg678Gln),ERBB2,,,,,c.2033G>A,,rs1057519862,
134068,NM_004448.4(ERBB2):c.1157C>A (p.Ala386Asp),ERBB2,Benign/Likely benign,"criteria provided, multiple submitters, no conflicts",,,c.1157C>A,,rs141116145,
135522,NM_004448.4(ERBB2):c.1021+48C>T,ERBB2,not provided,no classification provided,,,NM_004448.4(ERBB2):c.1021+48C>T,,rs4252625,
133279,NM_004448.4(ERBB2):c.2535C>T (p.Asp845=),ERBB2,not provided,no classification provided,,,c.2535C>T,,rs137852788,
132963,NM_004448.4(ERBB2):c.3146G>A (p.Ser1049Asn),ERBB2,not provided,no classification provided,,,c.3146G>A,,rs104886025,
132948,NM_004448.4(ERBB2):c.2605C>T (p.Leu869=),ERBB2,not provided,no classification provided,,,c.2605C>T,,rs104886010,
132947,NM_004448.4(ERBB2):c.2568C>T (p.Pro856=),ERBB2,not provided,no classification provided,,,c.2568C>T,,rs104886009,
132946,NM_004448.4(ERBB2):c.2520G>A (p.Arg840=),ERBB2,not provided,no classification provided,,,c.2520G>A,,rs104886011,
132945,NM_004448.4(ERBB2):c.2506C>T (p.Leu836=),ERBB2,not provided,no classification provided,,,c.2506C>T,,rs104886008,
134090,NM_004448.4(ERBB2):c.428G>A (p.Arg143Gln),ERBB2,Benign/Likely benign,"criteria provided, multiple submitters, no conflicts",,,c.428G>A,,rs185670819,
135521,NM_004448.4(ERBB2):c.1021+31C>T,ERBB2,not provided,no classification provided,,,NM_004448.4(ERBB2):c.1021+31C>T,,rs374621897,
135519,NM_001289936.2(ERBB2):c.22C>A (p.Pro8Thr),ERBB2,not provided,no classification provided,,,c.22C>A,,rs4252596,
134084,NM_004448.4(ERBB2):c.3647C>A (p.Ala1216Asp),ERBB2,Benign/Likely benign,"criteria provided, multiple submitters, no conflicts",,,c.3647C>A,,rs55943169,
134078,NM_004448.4(ERBB2):c.2790G>T (p.Glu930Asp),ERBB2,Benign/Likely benign,"criteria provided, multiple submitters, no conflicts",,,c.2790G>T,,rs138957632,
134077,NM_004448.4(ERBB2):c.2440C>T (p.Arg814Cys),ERBB2,not provided,no classification provided,,,c.2440C>T,,rs587778267,
1319104,NM_004448.4(ERBB2):c.760-5C>T,ERBB2,Conflicting classifications of pathogenicity,"criteria provided, conflicting classifications",,,NM_004448.4(ERBB2):c.760-5C>T,,rs375695147,
4420955,NM_004448.4(ERBB2):c.2263T>A (p.Leu755Met),ERBB2,,,,,c.2263T>A,,rs1057519890,
964033,NM_004448.4(ERBB2):c.1294C>T (p.Arg432Trp),ERBB2,Conflicting classifications of pathogenicity,"criteria provided, conflicting classifications",,,c.1294C>T,,rs367606199,
3257796,NM_004448.4(ERBB2):c.2126A>T (p.Gln709Leu),ERBB2,,,,,c.2126A>T,,,
4420934,NM_001005862.3(ERBB2):c.-212+293C>T,ERBB2,,,,,NM_001005862.3(ERBB2):c.-212+293C>T,,,
747953,NM_004448.4(ERBB2):c.1738-5C>G,ERBB2,Conflicting classifications of pathogenicity,"criteria provided, conflicting classifications",,,NM_004448.4(ERBB2):c.1738-5C>G,,rs749633839,
3764962,NM_004448.4(ERBB2):c.2099_2100insCTTTCAGCCGCT (p.Leu700_Thr701insPheGlnProLeu),ERBB2,,,,,c.2099_2100insCTTTCAGCCGCT,,,
3764817,NM_004448.4(ERBB2):c.2319_2326delinsCATGGCATGCT (p.Gly776delinsCysCys),ERBB2,,,,,c.2319_2326delinsCATGGCATGCT,,,
376035,NM_004448.4(ERBB2):c.2264T>C (p.Leu755Ser),ERBB2,,,,,c.2264T>C,,rs121913470,
163410,NM_004448.4(ERBB2):c.2327G>T (p.Gly776Val),ERBB2,not provided,no classification provided,,,c.2327G>T,,rs144434331,
1060897,NM_004448.4(ERBB2):c.3436C>T (p.Arg1146Trp),ERBB2,Conflicting classifications of pathogenicity,"criteria provided, conflicting classifications",,,c.3436C>T,,rs762062043,
4420953,NM_004448.4(ERBB2):c.1946G>C (p.Ser649Thr),ERBB2,,,,,c.1946G>C,,,
4420952,NM_004448.4(ERBB2):c.1899-2A>T,ERBB2,,,,,NM_004448.4(ERBB2):c.1899-2A>T,,,
4420951,NM_004448.4(ERBB2):c.1898+3G>T,ERBB2,,,,,NM_004448.4(ERBB2):c.1898+3G>T,,,
4420949,NM_004448.4(ERBB2):c.1737+1G>A,ERBB2,,,,,NM_004448.4(ERBB2):c.1737+1G>A,,,
4420948,NM_004448.4(ERBB2):c.1646G>T (p.Gly549Val),ERBB2,,,,,c.1646G>T,,,
4420947,NM_004448.4(ERBB2):c.1223-16C>A,ERBB2,,,,,NM_004448.4(ERBB2):c.1223-16C>A,,,
44994,NM_004448.4(ERBB2):c.2443G>A (p.Gly815Arg),ERBB2,Benign/Likely benign,"criteria provided, multiple submitters, no conflicts",,,c.2443G>A,,rs368094521,
