depmap_id,crispr_score,cell_line_name,cancer_type,lineage,is_dependency,gene_symbol
ACH-000015,0.1038844738911529,NCI-H1581,Non-Small Cell Lung Cancer,Lung,False,CEACAM5
ACH-000045,-0.0295945482208723,MV4-11,Acute Myeloid Leukemia,Myeloid,False,CEACAM5
ACH-000094,0.165297671769218,HPAF-II,Pancreatic Adenocarcinoma,Pancreas,False,CEACAM5
ACH-000096,0.0117598123631579,G-401,Rhabdoid Cancer,Kidney,False,CEACAM5
ACH-000099,0.053535372911628,SIMA,Neuroblastoma,Peripheral Nervous System,False,CEACAM5
ACH-000167,0.1344472050011376,KE-97,Mature B-Cell Neoplasms,Lymphoid,False,CEACAM5
ACH-000178,-0.0266199912583589,Hs 766T,Pancreatic Adenocarcinoma,Pancreas,False,CEACAM5
ACH-000213,0.3242354958163125,HUP-T4,Pancreatic Adenocarcinoma,Pancreas,False,CEACAM5
ACH-000216,-0.1174009804304919,JH-EsoAd1,Esophagogastric Adenocarcinoma,Esophagus/Stomach,False,CEACAM5
ACH-000223,-0.015182523227088,HCC1937,Invasive Breast Carcinoma,Breast,False,CEACAM5
ACH-000247,0.0798748596333075,OCUM-1,Esophagogastric Adenocarcinoma,Esophagus/Stomach,False,CEACAM5
ACH-000261,0.015461474440389,RERF-LC-AI,Non-Small Cell Lung Cancer,Lung,False,CEACAM5
ACH-000262,0.0871859273003988,UOK101,Renal Cell Carcinoma,Kidney,False,CEACAM5
ACH-000286,0.0111665668820381,SNU-1033,Colorectal Adenocarcinoma,Bowel,False,CEACAM5
ACH-000312,0.0027608117911821,SK-N-BE(2),Neuroblastoma,Peripheral Nervous System,False,CEACAM5
ACH-000320,-0.0290984776222269,PSN1,Pancreatic Adenocarcinoma,Pancreas,False,CEACAM5
ACH-000341,-0.1724132913215165,SK-N-FI,Neuroblastoma,Peripheral Nervous System,False,CEACAM5
ACH-000354,0.116438092708294,Capan-1,Pancreatic Adenocarcinoma,Pancreas,False,CEACAM5
ACH-000373,0.0688043211184818,SKM-1,Acute Myeloid Leukemia,Myeloid,False,CEACAM5
ACH-000402,-0.0189523695508631,BL-70,Mature B-Cell Neoplasms,Lymphoid,False,CEACAM5
ACH-000416,0.0988624272400901,NCI-H838,Non-Small Cell Lung Cancer,Lung,False,CEACAM5
ACH-000435,-0.0147578384852347,EFE-184,Endometrial Carcinoma,Uterus,False,CEACAM5
ACH-000437,-0.0576710762376328,SW 1088,Diffuse Glioma,CNS/Brain,False,CEACAM5
ACH-000450,-0.0758545007503108,MEL-HO,Melanoma,Skin,False,CEACAM5
ACH-000478,0.0533532319266232,SNU-387,Hepatocellular Carcinoma,Liver,False,CEACAM5
ACH-000483,-0.0305037393080627,SNU-182,Hepatocellular Carcinoma,Liver,False,CEACAM5
ACH-000493,0.0533371265188318,SNU-423,Hepatocellular Carcinoma,Liver,False,CEACAM5
ACH-000514,-0.2760814718396574,NCI-H1092,Lung Neuroendocrine Tumor,Lung,False,CEACAM5
ACH-000516,0.0959654885140862,CAL-78,Chondrosarcoma,Bone,False,CEACAM5
ACH-000535,0.1062505779238094,BxPC-3,Pancreatic Adenocarcinoma,Pancreas,False,CEACAM5
ACH-000544,0.0208281979709944,OE21,Esophageal Squamous Cell Carcinoma,Esophagus/Stomach,False,CEACAM5
ACH-000563,0.1697125923329076,EBC-1,Non-Small Cell Lung Cancer,Lung,False,CEACAM5
ACH-000592,0.0452013203167064,TM-31,Diffuse Glioma,CNS/Brain,False,CEACAM5
ACH-000599,-0.0965972557178659,PA-TU-8902,Pancreatic Adenocarcinoma,Pancreas,False,CEACAM5
ACH-000614,0.0109627394134012,RVH-421,Melanoma,Skin,False,CEACAM5
ACH-000618,-0.0350122703985089,SNU-1041,Head and Neck Squamous Cell Carcinoma,Head and Neck,False,CEACAM5
ACH-000652,0.0783315059497608,SUIT-2,Pancreatic Adenocarcinoma,Pancreas,False,CEACAM5
ACH-000656,0.3082420929279867,SU-DHL-8,Mature B-Cell Neoplasms,Lymphoid,False,CEACAM5
ACH-000695,0.1561368755209019,COR-L47,Lung Neuroendocrine Tumor,Lung,False,CEACAM5
ACH-000717,0.0851432299001017,COLO-680N,Esophageal Squamous Cell Carcinoma,Esophagus/Stomach,False,CEACAM5
ACH-000719,0.0689458468428038,RMG-I,Ovarian Epithelial Tumor,Ovary/Fallopian Tube,False,CEACAM5
ACH-000748,-0.0039142177145626,SJSA-1,Osteosarcoma,Bone,False,CEACAM5
ACH-000777,0.0022903780703647,KYSE-30,Esophageal Squamous Cell Carcinoma,Esophagus/Stomach,False,CEACAM5
ACH-000784,-0.0874857682762574,KYSE-70,Esophageal Squamous Cell Carcinoma,Esophagus/Stomach,False,CEACAM5
ACH-000793,0.0051815488131216,KATO III,Esophagogastric Adenocarcinoma,Esophagus/Stomach,False,CEACAM5
ACH-000798,0.0038321404080614,CL-40,Colorectal Adenocarcinoma,Bowel,False,CEACAM5
ACH-000820,0.0864336748166578,SW403,Colorectal Adenocarcinoma,Bowel,False,CEACAM5
ACH-000839,-0.0020201106735833,SCaBER,Bladder Squamous Cell Carcinoma,Bladder/Urinary Tract,False,CEACAM5
ACH-000862,0.0633177881397602,KMBC-2,Bladder Urothelial Carcinoma,Bladder/Urinary Tract,False,CEACAM5
ACH-000872,0.1410778447410967,HCC515,Non-Small Cell Lung Cancer,Lung,False,CEACAM5
ACH-000876,0.0398546813116839,MDA-MB-415,Invasive Breast Carcinoma,Breast,False,CEACAM5
ACH-000888,-0.0107881006783035,NCI-H1793,Non-Small Cell Lung Cancer,Lung,False,CEACAM5
ACH-000906,-0.0058788719823362,ES-2,Ovarian Epithelial Tumor,Ovary/Fallopian Tube,False,CEACAM5
ACH-000912,-0.0685963497823245,NCI-H2286,Lung Neuroendocrine Tumor,Lung,False,CEACAM5
ACH-000913,-0.1000069078749124,ESS-1,Uterine Sarcoma/Mesenchymal,Uterus,False,CEACAM5
ACH-000922,0.0719008834041097,RCH-ACV,B-Cell Acute Lymphoblastic Leukemia,Lymphoid,False,CEACAM5
ACH-000928,0.0812483891894483,JHUEM-1,Endometrial Carcinoma,Uterus,False,CEACAM5
ACH-000934,-0.0849330820688075,MDA-MB-361,Invasive Breast Carcinoma,Breast,False,CEACAM5
ACH-000937,0.0990455111404055,PF-382,T-Lymphoblastic Leukemia/Lymphoma,Lymphoid,False,CEACAM5
ACH-000943,0.1123936216913799,RKO,Colorectal Adenocarcinoma,Bowel,False,CEACAM5
ACH-000950,0.2634930387860257,LoVo,Colorectal Adenocarcinoma,Bowel,False,CEACAM5
ACH-000953,0.0045919010785777,SUP-T1,T-Lymphoblastic Leukemia/Lymphoma,Lymphoid,False,CEACAM5
ACH-000957,0.1316525396095273,LS 180,Colorectal Adenocarcinoma,Bowel,False,CEACAM5
ACH-000960,-0.0061063467465869,Reh,B-Cell Acute Lymphoblastic Leukemia,Lymphoid,False,CEACAM5
ACH-000969,0.2246873882294294,KM12,Colorectal Adenocarcinoma,Bowel,False,CEACAM5
ACH-000994,-0.0257619381902557,HEC-59,Endometrial Carcinoma,Uterus,False,CEACAM5
ACH-001228,-0.0870254105383732,UPCI-SCC-152,Head and Neck Squamous Cell Carcinoma,Head and Neck,False,CEACAM5
ACH-001329,0.0468481708459127,ANGM-CSS,Diffuse Glioma,CNS/Brain,False,CEACAM5
ACH-001374,-0.1304421247872651,PA-1 [PA1],Ovarian Germ Cell Tumor,Ovary/Fallopian Tube,False,CEACAM5
ACH-001393,0.0650065428031735,SUM-190PT,Invasive Breast Carcinoma,Breast,False,CEACAM5
ACH-001418,0.0338139782335467,UWB1.289,Ovarian Epithelial Tumor,Ovary/Fallopian Tube,False,CEACAM5
ACH-001419,0.0332709148497834,VP229,Invasive Breast Carcinoma,Breast,False,CEACAM5
ACH-001497,-0.0504495967525116,ESO51,Esophagogastric Adenocarcinoma,Esophagus/Stomach,False,CEACAM5
ACH-001513,0.0135644612180834,HCA-1,Cervical Adenocarcinoma,Cervix,False,CEACAM5
ACH-001539,0.0233711718127624,KML-1,Mature B-Cell Neoplasms,Lymphoid,False,CEACAM5
ACH-001544,-0.2742727783825245,KYAE-1,Esophagogastric Adenocarcinoma,Esophagus/Stomach,False,CEACAM5
ACH-001570,-0.0468623877027152,MM426,Melanoma,Skin,False,CEACAM5
ACH-001603,0.0693415947884292,NH-12,Neuroblastoma,Peripheral Nervous System,False,CEACAM5
ACH-001650,0.0025075288761864,SISO,Cervical Adenocarcinoma,Cervix,False,CEACAM5
ACH-001675,-0.0714317130228964,TR146,Head and Neck Squamous Cell Carcinoma,Head and Neck,False,CEACAM5
ACH-001794,-0.0117007508841891,93T449,Liposarcoma,Soft Tissue,False,CEACAM5
ACH-001802,0.0102012541270841,LPS853,Liposarcoma,Soft Tissue,False,CEACAM5
ACH-001972,-0.0186548544759772,MM473,Melanoma,Skin,False,CEACAM5
ACH-001993,0.1800469512496194,NALM-16,B-Cell Acute Lymphoblastic Leukemia,Lymphoid,False,CEACAM5
ACH-002002,0.0743359936363995,A375 SKIN CJ2,Melanoma,Skin,False,CEACAM5
ACH-002052,0.1949813365810916,Lu-139,Lung Neuroendocrine Tumor,Lung,False,CEACAM5
ACH-002055,-0.2683737686067589,TL-1,Mature B-Cell Neoplasms,Lymphoid,False,CEACAM5
ACH-002161,0.0421411574921636,MKN28,Esophagogastric Adenocarcinoma,Esophagus/Stomach,False,CEACAM5
ACH-002263,0.0669373777551502,KYSE-220,Esophageal Squamous Cell Carcinoma,Esophagus/Stomach,False,CEACAM5
ACH-002284,0.0082205735885848,NB6,Neuroblastoma,Peripheral Nervous System,False,CEACAM5
ACH-002463,0.1587527479568319,RPE1-ss77,Non-Cancerous,Eye,False,CEACAM5
ACH-002471,-0.0764131159538782,OS052,Osteosarcoma,Bone,False,CEACAM5
ACH-002511,0.1099090502560663,M104325,Melanoma,Skin,False,CEACAM5
ACH-002512,0.0048689729030961,MM160113,Melanoma,Skin,False,CEACAM5
ACH-002654,0.0164690399910143,JVE-015,Colorectal Adenocarcinoma,Bowel,False,CEACAM5
ACH-002780,-0.0827655970711991,NCC-ES1-C1,Ewing Sarcoma,Bone,False,CEACAM5
ACH-002784,0.0487394046329036,NCC-UPS2-C1,Undifferentiated Pleomorphic Sarcoma/Malignant Fibrous Histiocytoma/High-Grade Spindle Cell Sarcoma,Soft Tissue,False,CEACAM5
ACH-002799,0.0347041687548881,NCC-MPNST1-C1,Nerve Sheath Tumor,Peripheral Nervous System,False,CEACAM5
ACH-002806,0.1499144419357647,TB096,Diffuse Glioma,CNS/Brain,False,CEACAM5
ACH-000018,-0.0523476210521474,T24,Bladder Urothelial Carcinoma,Bladder/Urinary Tract,False,CEACAM5
ACH-000029,0.1664192144697683,HCC-827-GR5,Non-Small Cell Lung Cancer,Lung,False,CEACAM5
ACH-000036,-0.0899165693901545,U343,Diffuse Glioma,CNS/Brain,False,CEACAM5
ACH-000048,0.1769371746741103,TOV-112D,Ovarian Epithelial Tumor,Ovary/Fallopian Tube,False,CEACAM5
ACH-000053,-0.0799404001810882,KARPAS-299,Mature T and NK Neoplasms,Lymphoid,False,CEACAM5
ACH-000087,0.1105627155553572,SK-ES-1,Ewing Sarcoma,Bone,False,CEACAM5
ACH-000097,0.0285804247957196,ZR-75-1,Invasive Breast Carcinoma,Breast,False,CEACAM5
ACH-000108,-0.0904450020468413,KP-3,Adenosquamous Carcinoma of the Pancreas,Pancreas,False,CEACAM5
ACH-000120,-0.0268093331794115,CHP-212,Neuroblastoma,Peripheral Nervous System,False,CEACAM5
ACH-000143,0.1257325919714463,HCC2429,Non-Small Cell Lung Cancer,Lung,False,CEACAM5
ACH-000183,-0.0157054936427288,L-363,Mature B-Cell Neoplasms,Lymphoid,False,CEACAM5
ACH-000190,-0.1657533435825405,HD-MY-Z,Acute Myeloid Leukemia,Myeloid,False,CEACAM5
ACH-000195,-0.0624204961085135,Set-2,Acute Myeloid Leukemia,Myeloid,False,CEACAM5
ACH-000198,0.1089337763170683,EOL-1,Acute Myeloid Leukemia,Myeloid,False,CEACAM5
ACH-000235,0.0293014253755841,Panc 04.03,Pancreatic Adenocarcinoma,Pancreas,False,CEACAM5
ACH-000255,0.0087124660798602,LMSU,Esophagogastric Adenocarcinoma,Esophagus/Stomach,False,CEACAM5
ACH-000258,0.0348827159602844,Du4475,Invasive Breast Carcinoma,Breast,False,CEACAM5
ACH-000304,0.0865538941984849,WM-115,Melanoma,Skin,False,CEACAM5
ACH-000311,-0.0826058306905997,NCI-H2122,Non-Small Cell Lung Cancer,Lung,False,CEACAM5
ACH-000339,0.0501038928810189,HCC-461,Non-Small Cell Lung Cancer,Lung,False,CEACAM5
ACH-000350,-0.046616704607582,COLO-678,Colorectal Adenocarcinoma,Bowel,False,CEACAM5
ACH-000361,0.0154099907932069,SK-HEP-1,Hepatocellular Carcinoma,Liver,False,CEACAM5
ACH-000375,0.1075573359348373,G-402,Rhabdoid Cancer,Kidney,False,CEACAM5
ACH-000389,0.1104354094587782,H4,Diffuse Glioma,CNS/Brain,False,CEACAM5
ACH-000391,-0.0295890309532852,MHH-ES-1,Ewing Sarcoma,Bone,False,CEACAM5
ACH-000411,0.0714390275493776,769-P,Renal Cell Carcinoma,Kidney,False,CEACAM5
ACH-000421,0.0613226943560618,SW837,Colorectal Adenocarcinoma,Bowel,False,CEACAM5
ACH-000427,0.0369987524172109,NCI-N87,Esophagogastric Adenocarcinoma,Esophagus/Stomach,False,CEACAM5
ACH-000434,0.0424073342212808,NCI-H1915,Non-Small Cell Lung Cancer,Lung,False,CEACAM5
ACH-000441,0.0909517540147404,SH-4,Melanoma,Skin,False,CEACAM5
ACH-000444,0.0144733481047579,LU99,Non-Small Cell Lung Cancer,Lung,False,CEACAM5
ACH-000467,0.1158405256064963,HCC-56,Colorectal Adenocarcinoma,Bowel,False,CEACAM5
ACH-000471,0.0547802364459588,Li-7,Hepatocellular Carcinoma,Liver,False,CEACAM5
ACH-000486,0.0196168176621026,KU-19-19,Bladder Urothelial Carcinoma,Bladder/Urinary Tract,False,CEACAM5
ACH-000490,0.0526730111228413,SF767,Cervical Squamous Cell Carcinoma,Cervix,False,CEACAM5
ACH-000496,0.0045917959123559,NCI-H1792,Non-Small Cell Lung Cancer,Lung,False,CEACAM5
ACH-000533,0.055103293993505,NCI-H2004 RT,Rhabdoid Cancer,Kidney,False,CEACAM5
ACH-000542,0.0789048939298872,Hey-A8,Ovarian Epithelial Tumor,Ovary/Fallopian Tube,False,CEACAM5
ACH-000546,0.085180971402153,HSC-4,Head and Neck Squamous Cell Carcinoma,Head and Neck,False,CEACAM5
ACH-000551,0.3118323103297765,K-562,Myeloproliferative Neoplasms,Myeloid,False,CEACAM5
ACH-000558,0.1449075862479977,A-172,Diffuse Glioma,CNS/Brain,False,CEACAM5
ACH-000576,-0.1231423496727028,KMS-27,Mature B-Cell Neoplasms,Lymphoid,False,CEACAM5
ACH-000579,-0.063902379194206,UACC-257,Melanoma,Skin,False,CEACAM5
ACH-000588,-0.0555339919352968,KMS-26,Mature B-Cell Neoplasms,Lymphoid,False,CEACAM5
ACH-000624,0.056253983179745,HCC1806,Breast Ductal Carcinoma In Situ,Breast,False,CEACAM5
ACH-000638,0.0252068704437396,NCI-H441,Non-Small Cell Lung Cancer,Lung,False,CEACAM5
ACH-000646,-0.0145672237370747,OVMANA,Ovarian Epithelial Tumor,Ovary/Fallopian Tube,False,CEACAM5
ACH-000654,-0.1631423439483119,Raji,Non-Hodgkin Lymphoma,Lymphoid,False,CEACAM5
ACH-000738,0.0780214399417099,GB-1,Diffuse Glioma,CNS/Brain,False,CEACAM5
ACH-000764,-0.1704537834173468,SH-10-TC,Esophagogastric Adenocarcinoma,Esophagus/Stomach,False,CEACAM5
ACH-000773,-0.0171455849617817,Ki-JK,Mature T and NK Neoplasms,Lymphoid,False,CEACAM5
ACH-000807,0.0039975378371417,SNU-738,Diffuse Glioma,CNS/Brain,False,CEACAM5
ACH-000811,0.1331107558909098,SK-OV-3,Ovarian Epithelial Tumor,Ovary/Fallopian Tube,False,CEACAM5
ACH-000843,0.0654627076129447,HARA,Non-Small Cell Lung Cancer,Lung,False,CEACAM5
ACH-000849,0.0626620405162177,MDA-MB-468,Invasive Breast Carcinoma,Breast,False,CEACAM5
ACH-000865,0.0015363987861242,KYSE-450,Esophageal Squamous Cell Carcinoma,Esophagus/Stomach,False,CEACAM5
ACH-000890,-0.0406385519055213,SW 1271,SMARCA4-deficient undifferentiated tumor,Lung,False,CEACAM5
ACH-000894,0.0005339711287778,NCI-H1869,Non-Small Cell Lung Cancer,Lung,False,CEACAM5
ACH-000907,0.1305000147434285,SNU-349,Renal Cell Carcinoma,Kidney,False,CEACAM5
ACH-000917,-0.1507707189222607,TE-4,Esophageal Squamous Cell Carcinoma,Esophagus/Stomach,False,CEACAM5
ACH-000932,0.0873138631642753,SNU-1,Esophagogastric Adenocarcinoma,Esophagus/Stomach,False,CEACAM5
ACH-000966,0.1802747407733422,IGROV1,Ovarian Epithelial Tumor,Ovary/Fallopian Tube,False,CEACAM5
ACH-000974,0.1163774518052904,SNG-M,Endometrial Carcinoma,Uterus,False,CEACAM5
ACH-001031,0.062076962410822,CHLA-266,Embryonal Tumor,CNS/Brain,False,CEACAM5
ACH-001338,-0.1167277370028208,CHP-134,Neuroblastoma,Peripheral Nervous System,False,CEACAM5
ACH-001407,-0.0375314730236942,UM-UC-13,Bladder Urothelial Carcinoma,Bladder/Urinary Tract,False,CEACAM5
ACH-001409,-0.1031348653308434,UM-UC-16,Bladder Urothelial Carcinoma,Bladder/Urinary Tract,False,CEACAM5
ACH-001454,0.1223306773203665,C10,Colorectal Adenocarcinoma,Bowel,False,CEACAM5
ACH-001511,0.11374858258816,H413,Head and Neck Squamous Cell Carcinoma,Head and Neck,False,CEACAM5
ACH-001518,0.1219910412801845,HEC-116,Endometrial Carcinoma,Uterus,False,CEACAM5
ACH-001522,0.1366714298245219,HMY-1,Melanoma,Skin,False,CEACAM5
ACH-001536,-0.0556079905157736,KKU-100,Intraductal Papillary Neoplasm of the Bile Duct,Biliary Tract,False,CEACAM5
ACH-001551,-0.0876652384189515,MCC14/2,Merkel Cell Carcinoma,Skin,False,CEACAM5
ACH-001554,-0.0124309511235169,mel-202,Ocular Melanoma,Eye,False,CEACAM5
ACH-001555,-0.0752801970955592,Mero-14,Pleural Mesothelioma,Pleura,False,CEACAM5
ACH-001557,0.0151762445259946,Mero-41,Pleural Mesothelioma,Pleura,False,CEACAM5
ACH-001563,-0.0865289544079642,MM127,Melanoma,Skin,False,CEACAM5
ACH-001574,-0.2539440264143184,MOLM-14,Acute Myeloid Leukemia,Myeloid,False,CEACAM5
ACH-001607,-0.1321440784377081,NOZ,Intracholecystic Papillary Neoplasm,Biliary Tract,False,CEACAM5
ACH-001655,0.0173977391050852,SKN,Uterine Sarcoma/Mesenchymal,Uterus,False,CEACAM5
ACH-001674,0.1135299316035014,TGW,Neuroblastoma,Peripheral Nervous System,False,CEACAM5
ACH-001687,0.1479086424603571,UM-RC-3,Renal Cell Carcinoma,Kidney,False,CEACAM5
ACH-001695,0.0225356269569941,UPCI-SCC-099,Head and Neck Squamous Cell Carcinoma,Head and Neck,False,CEACAM5
ACH-001696,0.0127234870116047,UPCI-SCC-111,Head and Neck Squamous Cell Carcinoma,Head and Neck,False,CEACAM5
ACH-001699,-0.0206161304826536,UPCI-SCC-131,Head and Neck Squamous Cell Carcinoma,Head and Neck,False,CEACAM5
ACH-001737,-0.0731869154652803,CTV-1-DM,T-Lymphoblastic Leukemia/Lymphoma,Lymphoid,False,CEACAM5
ACH-001819,0.1031021374741854,MFM-223,Invasive Breast Carcinoma,Breast,False,CEACAM5
ACH-001843,-0.1302680396858208,MGH-ECC4,Intraductal Papillary Neoplasm of the Bile Duct,Biliary Tract,False,CEACAM5
ACH-002040,0.0837121021324316,HMV-II,Mucosal Melanoma of the Vulva/Vagina,Vulva/Vagina,False,CEACAM5
ACH-002043,-0.0732871686499603,Ca9-22,Head and Neck Squamous Cell Carcinoma,Head and Neck,False,CEACAM5
ACH-002051,0.0213755857628683,Lu-134-A,Lung Neuroendocrine Tumor,Lung,False,CEACAM5
ACH-002060,0.1771969098760804,MY,Acute Leukemias of Ambiguous Lineage,Myeloid,False,CEACAM5
ACH-002141,-0.0850721564129008,HSC-39,Esophagogastric Adenocarcinoma,Esophagus/Stomach,False,CEACAM5
ACH-002233,0.1683217399514957,DIFI,Colorectal Adenocarcinoma,Bowel,False,CEACAM5
ACH-002247,-0.1624988707133685,IM-9,Non-Cancerous,Myeloid,False,CEACAM5
ACH-002257,0.0580231524587511,KINGS-1,Diffuse Glioma,CNS/Brain,False,CEACAM5
ACH-002500,-0.129736246036822,Z-138,Mature B-Cell Neoplasms,Lymphoid,False,CEACAM5
ACH-002530,0.0723822662701123,SNU-977,Colorectal Adenocarcinoma,Bowel,False,CEACAM5
ACH-003191,-0.0976856821655386,NRH-GCT2,Giant Cell Tumor of Bone,Bone,False,CEACAM5
ACH-000005,0.1435051440132054,HEL 92.1.7,Acute Myeloid Leukemia,Myeloid,False,CEACAM5
ACH-000011,0.0299235474024114,253J,Bladder Urothelial Carcinoma,Bladder/Urinary Tract,False,CEACAM5
ACH-000067,0.0818591075532826,Hs 683,Diffuse Glioma,CNS/Brain,False,CEACAM5
ACH-000076,0.1175794395254402,NCO2,Myeloproliferative Neoplasms,Myeloid,False,CEACAM5
ACH-000093,-0.0299879783222744,Panc 05.04,Pancreatic Adenocarcinoma,Pancreas,False,CEACAM5
ACH-000095,-0.0055693130359083,D341 Med,Embryonal Tumor,CNS/Brain,False,CEACAM5
ACH-000098,0.0276965204570249,GAMG,Diffuse Glioma,CNS/Brain,False,CEACAM5
ACH-000115,0.0154408146951146,VCaP,Prostate Adenocarcinoma,Prostate,False,CEACAM5
ACH-000116,0.1097432988975772,OAW28,Ovarian Epithelial Tumor,Ovary/Fallopian Tube,False,CEACAM5
ACH-000132,0.030400286227473,JHOS-2,Ovarian Epithelial Tumor,Ovary/Fallopian Tube,False,CEACAM5
ACH-000139,0.0227463703407537,Panc 03.27,Pancreatic Adenocarcinoma,Pancreas,False,CEACAM5
ACH-000159,0.0848859446591086,OS-RC-2,Renal Cell Carcinoma,Kidney,False,CEACAM5
ACH-000172,0.0369510362323886,TM-87,Rhabdoid Cancer,Soft Tissue,False,CEACAM5
ACH-000174,-0.0135265338130757,CAL-62,Anaplastic Thyroid Cancer,Thyroid,False,CEACAM5
ACH-000182,0.0277933552998772,SNU-869,Ampullary Carcinoma,Ampulla of Vater,False,CEACAM5
ACH-000212,0.0722639505614839,CAL-120,Invasive Breast Carcinoma,Breast,False,CEACAM5
ACH-000226,0.0558554461611161,SUP-M2,Mature T and NK Neoplasms,Lymphoid,False,CEACAM5
ACH-000228,0.109367590995988,BICR 31,Head and Neck Squamous Cell Carcinoma,Head and Neck,False,CEACAM5
ACH-000233,0.0568198415760786,DEL,Mature T and NK Neoplasms,Lymphoid,False,CEACAM5
ACH-000234,-0.0157427617878395,Caki-2,Renal Cell Carcinoma,Kidney,False,CEACAM5
ACH-000260,-0.0037450425933657,SK-N-AS,Neuroblastoma,Peripheral Nervous System,False,CEACAM5
ACH-000264,0.0201824988164532,Calu-6,Non-Small Cell Lung Cancer,Lung,False,CEACAM5
ACH-000277,0.0110252148096544,HCC1419,Invasive Breast Carcinoma,Breast,False,CEACAM5
ACH-000293,-0.2144014682459109,KLE,Endometrial Carcinoma,Uterus,False,CEACAM5
ACH-000294,-0.0644646559736302,NB-4,Acute Myeloid Leukemia,Myeloid,False,CEACAM5
ACH-000335,-0.1035899775571762,MSTO-211H,Pleural Mesothelioma,Pleura,False,CEACAM5
ACH-000344,0.0292943245953839,SNU-668,Esophagogastric Adenocarcinoma,Esophagus/Stomach,False,CEACAM5
ACH-000371,0.0271909869592037,RL,Mature B-Cell Neoplasms,Lymphoid,False,CEACAM5
ACH-000376,-0.1317912688785637,SF-295,Diffuse Glioma,CNS/Brain,False,CEACAM5
ACH-000381,-0.0252783232810759,T84,Colorectal Adenocarcinoma,Bowel,False,CEACAM5
ACH-000403,0.0032894800658657,NCI-H747,Colorectal Adenocarcinoma,Bowel,False,CEACAM5
ACH-000404,0.0248187382423492,K029AX,Melanoma,Skin,False,CEACAM5
ACH-000503,0.0442603883266294,BICR 16,Head and Neck Squamous Cell Carcinoma,Head and Neck,False,CEACAM5
ACH-000504,0.0440437528899969,SNB75,Diffuse Glioma,CNS/Brain,False,CEACAM5
ACH-000547,-0.1333148624555392,HT-1197,Bladder Urothelial Carcinoma,Bladder/Urinary Tract,False,CEACAM5
ACH-000548,0.0652450158886598,BHY,Head and Neck Squamous Cell Carcinoma,Head and Neck,False,CEACAM5
ACH-000549,0.0628622734815496,SNU-1076,Head and Neck Squamous Cell Carcinoma,Head and Neck,False,CEACAM5
ACH-000584,0.0969511744569002,JHOS-4,Ovarian Epithelial Tumor,Ovary/Fallopian Tube,False,CEACAM5
ACH-000616,0.0569056680476329,Hs 746T,Esophagogastric Adenocarcinoma,Esophagus/Stomach,False,CEACAM5
ACH-000620,-0.0187663852040119,JHH-1,Hepatocellular Carcinoma,Liver,False,CEACAM5
ACH-000663,0.0277850626379036,OVTOKO,Ovarian Epithelial Tumor,Ovary/Fallopian Tube,False,CEACAM5
ACH-000746,0.0328386857753516,GSS,Esophagogastric Adenocarcinoma,Esophagus/Stomach,False,CEACAM5
ACH-000753,0.0920909507483052,JMSU-1,Bladder Urothelial Carcinoma,Bladder/Urinary Tract,False,CEACAM5
ACH-000756,0.0798145871030809,GI-1,Diffuse Glioma,CNS/Brain,False,CEACAM5
ACH-000823,-0.0233595614162356,KYSE-140,Esophageal Squamous Cell Carcinoma,Esophagus/Stomach,False,CEACAM5
ACH-000831,-0.0515627706562994,HEC-50B,Endometrial Carcinoma,Uterus,False,CEACAM5
ACH-000853,0.0037922519930347,NCI-H661,Non-Small Cell Lung Cancer,Lung,False,CEACAM5
ACH-000860,0.1029937337299201,NCI-H358,Non-Small Cell Lung Cancer,Lung,False,CEACAM5
ACH-000864,-0.0646549715916328,COLO 684,Endometrial Carcinoma,Uterus,False,CEACAM5
ACH-000882,0.1429932742048774,IGR-1,Melanoma,Skin,False,CEACAM5
ACH-000919,0.0650123048940057,IM95,Esophagogastric Adenocarcinoma,Esophagus/Stomach,False,CEACAM5
ACH-000924,-0.0079001715426007,NCI-H2172,Non-Small Cell Lung Cancer,Lung,False,CEACAM5
ACH-000926,0.1777963421276346,HT-55,Colorectal Adenocarcinoma,Bowel,False,CEACAM5
ACH-000970,-0.103278977730034,SNU-C5,Colorectal Adenocarcinoma,Bowel,False,CEACAM5
ACH-000980,0.0539814516391404,NCI-H1155,Non-Small Cell Lung Cancer,Lung,False,CEACAM5
ACH-000983,0.0413944937746409,KCL-22,Myeloproliferative Neoplasms,Myeloid,False,CEACAM5
ACH-001020,0.090080818360912,BT-16,Embryonal Tumor,CNS/Brain,False,CEACAM5
ACH-001054,-0.1368214048344044,D458,Embryonal Tumor,CNS/Brain,False,CEACAM5
ACH-001111,-0.3054634032847612,L82,Mature T and NK Neoplasms,Lymphoid,False,CEACAM5
ACH-001128,0.1432999663562525,MON,Rhabdoid Cancer,Soft Tissue,False,CEACAM5
ACH-001134,-0.0728305616591074,MYLA,Non-Hodgkin Lymphoma,Lymphoid,False,CEACAM5
ACH-001137,0.1005146826200314,NCI-H1993,Non-Small Cell Lung Cancer,Lung,False,CEACAM5
ACH-001172,0.0176454325822965,U-251 MG DM,Diffuse Glioma,CNS/Brain,False,CEACAM5
ACH-001275,0.0286866276181759,SYO-1,Osteosarcoma,Bone,False,CEACAM5
ACH-001279,0.0153148436727359,SCCOHT-1,Ovarian Epithelial Tumor,Ovary/Fallopian Tube,False,CEACAM5
ACH-001280,0.1571328025593786,SCS-214,Synovial Sarcoma,Soft Tissue,False,CEACAM5
ACH-001310,0.1171651451411256,HA1E,Non-Cancerous,Kidney,False,CEACAM5
ACH-001340,0.019791931669945,COV413A,Ovarian Epithelial Tumor,Ovary/Fallopian Tube,False,CEACAM5
ACH-001386,0.0965554061145398,SCLC-22H,Lung Neuroendocrine Tumor,Lung,False,CEACAM5
ACH-001390,0.1568495054369846,SUM-149PT,Invasive Breast Carcinoma,Breast,False,CEACAM5
ACH-001396,-0.1218326119137336,SUM-52PE,Invasive Breast Carcinoma,Breast,False,CEACAM5
ACH-001398,0.0932466307439271,SW 156,Renal Cell Carcinoma,Kidney,False,CEACAM5
ACH-001422,-0.0034706600128048,WPE1-NA22,Non-Cancerous,Prostate,False,CEACAM5
ACH-001460,0.1446925217298187,C84,Colorectal Adenocarcinoma,Bowel,False,CEACAM5
ACH-001533,0.121141213431554,KARPAS 1718,Mature B-Cell Neoplasms,Lymphoid,False,CEACAM5
ACH-001542,-0.0329207759306769,KON,Head and Neck Squamous Cell Carcinoma,Head and Neck,False,CEACAM5
ACH-001547,0.0403851463300503,LO68,Pleural Mesothelioma,Pleura,False,CEACAM5
ACH-001548,-0.1958600426500476,LS,Neuroblastoma,Peripheral Nervous System,False,CEACAM5
ACH-001558,0.1168808970564972,Mero-48a,Pleural Mesothelioma,Pleura,False,CEACAM5
ACH-001608,0.0690130363894156,NP 2,Diffuse Glioma,CNS/Brain,False,CEACAM5
ACH-001619,0.0909719318035891,OCUG-1,Intracholecystic Papillary Neoplasm,Biliary Tract,False,CEACAM5
ACH-001625,-0.1089981851014185,OSC-19,Head and Neck Squamous Cell Carcinoma,Head and Neck,False,CEACAM5
ACH-001642,0.0131258887467355,SCC-3,Non-Hodgkin Lymphoma,Lymphoid,False,CEACAM5
ACH-001691,0.0106781607497324,UPCI-SCC-029A,Head and Neck Squamous Cell Carcinoma,Head and Neck,False,CEACAM5
ACH-001692,0.044075596080489,UPCI-SCC-040,Head and Neck Squamous Cell Carcinoma,Head and Neck,False,CEACAM5
ACH-001842,0.1927116137119399,MGH-ICC2,Intraductal Papillary Neoplasm of the Bile Duct,Biliary Tract,False,CEACAM5
ACH-001850,-0.0584384754618964,G415,Intracholecystic Papillary Neoplasm,Biliary Tract,False,CEACAM5
ACH-001853,0.0421931767992017,KMCH-1,Hepatocellular Carcinoma plus Intrahepatic Cholangiocarcinoma,Liver,False,CEACAM5
ACH-001970,-0.0377234255375238,MM253,Melanoma,Skin,False,CEACAM5
ACH-001991,-0.0527679639316294,NZOV9,Ovarian Epithelial Tumor,Ovary/Fallopian Tube,False,CEACAM5
ACH-002030,0.0300916522262374,Sa3,Head and Neck Squamous Cell Carcinoma,Head and Neck,False,CEACAM5
ACH-002044,-0.0264410968695016,HSQ-89,Head and Neck Squamous Cell Carcinoma,Head and Neck,False,CEACAM5
ACH-002062,0.0383303712347674,SLVL,Mature B-Cell Neoplasms,Lymphoid,False,CEACAM5
ACH-002116,-0.1212634865255993,EW-22,Ewing Sarcoma,Bone,False,CEACAM5
ACH-002210,0.0512943841907296,ARH-77,Non-Cancerous,Myeloid,False,CEACAM5
ACH-002464,0.0643487466994869,RPE1-ss6,Non-Cancerous,Eye,False,CEACAM5
ACH-002647,0.0823682247447469,CCC-5,Intraductal Papillary Neoplasm of the Bile Duct,Biliary Tract,False,CEACAM5
ACH-002680,0.0441339765739718,170-MG-BA,Diffuse Glioma,CNS/Brain,False,CEACAM5
ACH-003176,-0.040864445930702,NRH-GCT1,Osteosarcoma,Bone,False,CEACAM5
ACH-000014,0.1537915092808675,Hs 294T,Melanoma,Skin,False,CEACAM5
ACH-000019,0.0365222611469659,MCF7,Invasive Breast Carcinoma,Breast,False,CEACAM5
ACH-000035,0.1565637511989768,NCI-H1650,Non-Small Cell Lung Cancer,Lung,False,CEACAM5
ACH-000042,0.0962773125114453,Panc 02.03,Pancreatic Adenocarcinoma,Pancreas,False,CEACAM5
ACH-000074,-0.1610902901680631,KU812,Myeloproliferative Neoplasms,Myeloid,False,CEACAM5
ACH-000114,0.0463199471079531,SU.86.86,Pancreatic Adenocarcinoma,Pancreas,False,CEACAM5
ACH-000127,-0.0425719049846791,SLR 20,Bladder Urothelial Carcinoma,Bladder/Urinary Tract,False,CEACAM5
ACH-000128,0.0508722681709336,LN-319,Diffuse Glioma,CNS/Brain,False,CEACAM5
ACH-000133,0.0463622740213488,Hs 729,Non-Cancerous,Fibroblast,False,CEACAM5
ACH-000153,-0.0313978446014863,NCI-H2052,Pleural Mesothelioma,Pleura,False,CEACAM5
ACH-000164,0.0436182329662427,PANC-1,Pancreatic Adenocarcinoma,Pancreas,False,CEACAM5
ACH-000176,0.0622846977690968,LOU-NH91,Non-Small Cell Lung Cancer,Lung,False,CEACAM5
ACH-000189,0.0844829645664964,RCC10RGB,Renal Cell Carcinoma,Kidney,False,CEACAM5
ACH-000208,0.1949793585639425,U-178,Diffuse Glioma,CNS/Brain,False,CEACAM5
ACH-000210,-0.1918008285638039,CADO-ES1,Ewing Sarcoma,Bone,False,CEACAM5
ACH-000242,-0.1079976598118615,RT4,Bladder Urothelial Carcinoma,Bladder/Urinary Tract,False,CEACAM5
ACH-000251,-0.1492393821488296,NCI-H2887,Non-Small Cell Lung Cancer,Lung,False,CEACAM5
ACH-000288,-0.0779303179953794,BT-549,Invasive Breast Carcinoma,Breast,False,CEACAM5
ACH-000325,0.1123524357504569,SNU-620,Esophagogastric Adenocarcinoma,Esophagus/Stomach,False,CEACAM5
ACH-000331,0.0442279865190326,IST-MES2,Pleural Mesothelioma,Pleura,False,CEACAM5
ACH-000356,-0.1461712776018364,MKN-45,Esophagogastric Adenocarcinoma,Esophagus/Stomach,False,CEACAM5
ACH-000398,0.1974049869465535,RI-1,Mature B-Cell Neoplasms,Lymphoid,False,CEACAM5
ACH-000470,-0.1320639549940309,SW1463,Colorectal Adenocarcinoma,Bowel,False,CEACAM5
ACH-000476,0.0246362440939597,JHH-4,Hepatocellular Carcinoma,Liver,False,CEACAM5
ACH-000480,0.1515530905111976,HuH-7,Hepatocellular Carcinoma,Liver,False,CEACAM5
ACH-000489,0.088616871796333,SW1116,Colorectal Adenocarcinoma,Bowel,False,CEACAM5
ACH-000545,0.0395358126868474,VM-CUB1,Bladder Urothelial Carcinoma,Bladder/Urinary Tract,False,CEACAM5
ACH-000556,0.1142803802229967,SIHA,Cervical Squamous Cell Carcinoma,Cervix,False,CEACAM5
ACH-000580,-0.1585949374300952,C32,Melanoma,Skin,False,CEACAM5
ACH-000596,-0.0960297144889933,LCLC-97TM1,Non-Small Cell Lung Cancer,Lung,False,CEACAM5
ACH-000597,0.1091136127284183,TTC-709,Rhabdoid Cancer,Soft Tissue,False,CEACAM5
ACH-000665,-0.062986015201463,SK-MES-1,Non-Small Cell Lung Cancer,Lung,False,CEACAM5
ACH-000671,-0.031754607583731,HuH-6,Hepatoblastoma,Liver,False,CEACAM5
ACH-000747,-0.0136340411441471,NCI-H1703,Non-Small Cell Lung Cancer,Lung,False,CEACAM5
ACH-000763,0.02155563963375,MM1-S,Mature B-Cell Neoplasms,Lymphoid,False,CEACAM5
ACH-000765,0.0981610894832379,WM983B,Melanoma,Skin,False,CEACAM5
ACH-000785,0.0868460507343001,NCI-H2126,Non-Small Cell Lung Cancer,Lung,False,CEACAM5
ACH-000817,-0.0937112480663258,RPMI 8226,Mature B-Cell Neoplasms,Lymphoid,False,CEACAM5
ACH-000821,-0.357096636393139,EJM,Mature B-Cell Neoplasms,Lymphoid,False,CEACAM5
ACH-000851,0.077542235048036,MOR/CPR,Non-Small Cell Lung Cancer,Lung,False,CEACAM5
ACH-000880,0.0276478219083299,AGS,Esophagogastric Adenocarcinoma,Esophagus/Stomach,False,CEACAM5
ACH-000914,0.0919203034249864,HT,Mature B-Cell Neoplasms,Lymphoid,False,CEACAM5
ACH-000941,0.0629282069960879,HEC-1-B,Endometrial Carcinoma,Uterus,False,CEACAM5
ACH-000963,-0.024769721527868,CCK-81,Colorectal Adenocarcinoma,Bowel,False,CEACAM5
ACH-000973,-0.022904659772077,639-V,Urethral Cancer,Bladder/Urinary Tract,False,CEACAM5
ACH-000984,0.0260751059896121,HEC-6,Endometrial Carcinoma,Uterus,False,CEACAM5
ACH-001041,0.0402469625449081,CHL-1-DM,Melanoma,Skin,False,CEACAM5
ACH-001048,0.104684454960655,COV504,Ovarian Epithelial Tumor,Ovary/Fallopian Tube,False,CEACAM5
ACH-001067,-0.0103453950587278,F5,Meningothelial Tumor,CNS/Brain,False,CEACAM5
ACH-001081,-0.129008690450937,HCC2998,Colorectal Adenocarcinoma,Bowel,False,CEACAM5
ACH-001119,-0.0630440393489762,Mac-2A,Mature T and NK Neoplasms,Lymphoid,False,CEACAM5
ACH-001145,0.2343506899938059,OC 316,Ovarian Epithelial Tumor,Ovary/Fallopian Tube,False,CEACAM5
ACH-001184,0.1207944783552773,SCMC-RM2,Rhabdomyosarcoma,Soft Tissue,False,CEACAM5
ACH-001274,-0.0555070598141995,SW982,Synovial Sarcoma,Soft Tissue,False,CEACAM5
ACH-001333,-0.0311136916586148,C-33 A,Cervical Squamous Cell Carcinoma,Cervix,False,CEACAM5
ACH-001335,-0.156664795935323,C-4 II,Cervical Squamous Cell Carcinoma,Cervix,False,CEACAM5
ACH-001376,-0.0673929132326752,PACADD-135,Pancreatic Adenocarcinoma,Pancreas,False,CEACAM5
ACH-001379,0.1166529674302582,PACADD-161,Pancreatic Adenocarcinoma,Pancreas,False,CEACAM5
ACH-001389,0.122749180043813,SUM-1315MO2,Invasive Breast Carcinoma,Breast,False,CEACAM5
ACH-001401,-0.092120296579633,SW-13,Adrenocortical Carcinoma,Adrenal Gland,False,CEACAM5
ACH-001403,0.0641646605124669,TO14,Ovarian Epithelial Tumor,Ovary/Fallopian Tube,False,CEACAM5
ACH-001413,0.1430920557574088,UM-UC-11,Bladder Urothelial Carcinoma,Bladder/Urinary Tract,False,CEACAM5
ACH-001498,0.1112237423263763,Farage,Mature B-Cell Neoplasms,Lymphoid,False,CEACAM5
ACH-001521,0.0095004196218398,HKA-1,Cutaneous Squamous Cell Carcinoma,Skin,False,CEACAM5
ACH-001525,0.1436295666320637,HT-3,Cervical Adenocarcinoma,Cervix,False,CEACAM5
ACH-001526,-0.0390612714055984,HuO9,Osteosarcoma,Bone,False,CEACAM5
ACH-001529,-0.0535445295576009,JAR,Gestational Trophoblastic Disease,Uterus,False,CEACAM5
ACH-001552,-0.1486482982817964,MCC26,Merkel Cell Carcinoma,Skin,False,CEACAM5
ACH-001566,-0.0106260978977128,MM370,Melanoma,Skin,False,CEACAM5
ACH-001605,0.0542682525108192,no.10,Diffuse Glioma,CNS/Brain,False,CEACAM5
ACH-001618,-0.2051414294756948,OCI-M2,Acute Myeloid Leukemia,Myeloid,False,CEACAM5
ACH-001627,0.064408722728477,P4E6,Non-Cancerous,Prostate,False,CEACAM5
ACH-001639,0.2830590283726711,ROS-50,Mature B-Cell Neoplasms,Lymphoid,False,CEACAM5
ACH-001649,-0.0324214258060374,Shmac 5,Non-Cancerous,Prostate,False,CEACAM5
ACH-001652,0.0136607928474988,SKG-II,Cervical Squamous Cell Carcinoma,Cervix,False,CEACAM5
ACH-001669,-0.011412755925337,TANOUE,B-Cell Acute Lymphoblastic Leukemia,Lymphoid,False,CEACAM5
ACH-001677,0.0051389691915213,U-2904,Mature B-Cell Neoplasms,Lymphoid,False,CEACAM5
ACH-001711,-0.0526948311551665,PFSK-1,Embryonal Tumor,CNS/Brain,False,CEACAM5
ACH-001740,0.0095541513820915,RH28,Rhabdomyosarcoma,Soft Tissue,False,CEACAM5
ACH-001795,-0.0014483861350374,94T778,Liposarcoma,Soft Tissue,False,CEACAM5
ACH-001796,0.0590600360164068,95T1000,Liposarcoma,Soft Tissue,False,CEACAM5
ACH-001799,-0.1188103148872281,LPS141,Liposarcoma,Soft Tissue,False,CEACAM5
ACH-001836,-0.0340834910285585,MGH-ICC10-8,Intraductal Papillary Neoplasm of the Bile Duct,Biliary Tract,False,CEACAM5
ACH-001849,-0.1681975412649202,MGH-ICC9,Intraductal Papillary Neoplasm of the Bile Duct,Biliary Tract,False,CEACAM5
ACH-001857,0.0007957782353703,SG231,Intraductal Papillary Neoplasm of the Bile Duct,Biliary Tract,False,CEACAM5
ACH-001862,-0.164965752971397,TGBC52TKB,Ampullary Carcinoma,Ampulla of Vater,False,CEACAM5
ACH-001997,0.0299412192753542,MGH-AOVC1,Ampullary Carcinoma,Ampulla of Vater,False,CEACAM5
ACH-002003,-0.0661963468401299,A375 SKIN CJ3,Melanoma,Skin,False,CEACAM5
ACH-002019,0.0716827957189205,HOKUG,Glassy Cell Carcinoma of the Cervix,Cervix,False,CEACAM5
ACH-002023,0.0098073307878404,TGBC18TKB,Ampullary Carcinoma,Ampulla of Vater,False,CEACAM5
ACH-002265,0.1265626569615767,LB771-HNC,Head and Neck Squamous Cell Carcinoma,Head and Neck,False,CEACAM5
ACH-002298,0.2336963452868977,PCI-6A,Head and Neck Squamous Cell Carcinoma,Head and Neck,False,CEACAM5
ACH-002305,-0.0810502212732016,SKN-3,Head and Neck Squamous Cell Carcinoma,Head and Neck,False,CEACAM5
ACH-002470,0.2188475992701109,OS186,Osteosarcoma,Bone,False,CEACAM5
ACH-002705,0.1297396922533062,IS076P,Esophagogastric Adenocarcinoma,Esophagus/Stomach,False,CEACAM5
ACH-002706,-0.0239017331554394,IS076A,Esophagogastric Adenocarcinoma,Esophagus/Stomach,False,CEACAM5
ACH-002778,0.0304394553553733,NCC-OS1-X2-C1,Osteosarcoma,Bone,False,CEACAM5
ACH-002800,-0.2134803666929449,NCC-MPNST2-C1,Nerve Sheath Tumor,Peripheral Nervous System,False,CEACAM5
ACH-002801,-0.0308434842649924,NCC-MPNST3-C1,Nerve Sheath Tumor,Peripheral Nervous System,False,CEACAM5
ACH-000001,0.0861381787416786,NIH:OVCAR-3,Ovarian Epithelial Tumor,Ovary/Fallopian Tube,False,CEACAM5
ACH-000007,0.0601394384999258,LS513,Colorectal Adenocarcinoma,Bowel,False,CEACAM5
ACH-000013,0.0401038807222294,ONCO-DG-1,Ovarian Epithelial Tumor,Ovary/Fallopian Tube,False,CEACAM5
ACH-000024,-0.0178417560917015,OPM-2,Mature B-Cell Neoplasms,Lymphoid,False,CEACAM5
ACH-000026,-0.0139707485905482,253J-BV,Bladder Urothelial Carcinoma,Bladder/Urinary Tract,False,CEACAM5
ACH-000078,-0.0376649112405371,MHH-NB-11,Neuroblastoma,Peripheral Nervous System,False,CEACAM5
ACH-000100,0.0908750746697306,RH-41,Rhabdomyosarcoma,Soft Tissue,False,CEACAM5
ACH-000103,0.1400637997334679,Caov-4,Ovarian Epithelial Tumor,Ovary/Fallopian Tube,False,CEACAM5
ACH-000123,0.0604874442501153,COV434,Ovarian Epithelial Tumor,Ovary/Fallopian Tube,False,CEACAM5
ACH-000142,-0.0984049787576878,CAL-29,Bladder Urothelial Carcinoma,Bladder/Urinary Tract,False,CEACAM5
ACH-000155,-0.0039256684697101,SW 1990,Pancreatic Adenocarcinoma,Pancreas,False,CEACAM5
ACH-000163,0.1248401725261195,SW579,Head and Neck Squamous Cell Carcinoma,Head and Neck,False,CEACAM5
ACH-000168,0.0142841990304493,NOMO-1,Acute Myeloid Leukemia,Myeloid,False,CEACAM5
ACH-000181,-0.1383099802031673,SCC-9,Head and Neck Squamous Cell Carcinoma,Head and Neck,False,CEACAM5
ACH-000221,-0.141819897801497,SNU-398,Hepatocellular Carcinoma,Liver,False,CEACAM5
ACH-000227,0.2914306853983325,KP-N-YN,Neuroblastoma,Peripheral Nervous System,False,CEACAM5
ACH-000250,0.0979355637854154,KMRC-20,Renal Cell Carcinoma,Kidney,False,CEACAM5
ACH-000272,-0.0071697309753686,SLR 24,Renal Cell Carcinoma,Kidney,False,CEACAM5
ACH-000310,0.0696031729336754,IMR-32,Neuroblastoma,Peripheral Nervous System,False,CEACAM5
ACH-000345,-0.1095275463430977,KP-N-RT-BM-1,Neuroblastoma,Peripheral Nervous System,False,CEACAM5
ACH-000365,-0.0273753047209385,SU-DHL-4,Mature B-Cell Neoplasms,Lymphoid,False,CEACAM5
ACH-000378,0.0279968764320028,NCI-H647,Non-Small Cell Lung Cancer,Lung,False,CEACAM5
ACH-000383,-0.0720293948666654,OE33,Esophagogastric Adenocarcinoma,Esophagus/Stomach,False,CEACAM5
ACH-000387,-0.0196609818914873,TF-1,Acute Myeloid Leukemia,Myeloid,False,CEACAM5
ACH-000395,0.0687307445670335,NCI-H520,Non-Small Cell Lung Cancer,Lung,False,CEACAM5
ACH-000422,0.0431427420107395,SNU-475,Hepatocellular Carcinoma,Liver,False,CEACAM5
ACH-000458,-0.1000213003486712,CJM,Melanoma,Skin,False,CEACAM5
ACH-000460,-0.0340223614582658,SNU-8,Ovarian Epithelial Tumor,Ovary/Fallopian Tube,False,CEACAM5
ACH-000466,0.0892430245796782,SNU-216,Esophagogastric Adenocarcinoma,Esophagus/Stomach,False,CEACAM5
ACH-000501,-0.3264046850670246,LS123,Colorectal Adenocarcinoma,Bowel,False,CEACAM5
ACH-000512,0.0075807238280984,INA6,Mature B-Cell Neoplasms,Lymphoid,False,CEACAM5
ACH-000520,-0.1214117348262063,59M,Ovarian Epithelial Tumor,Ovary/Fallopian Tube,False,CEACAM5
ACH-000571,0.0260652842874804,T98G,Diffuse Glioma,CNS/Brain,False,CEACAM5
ACH-000583,0.0603273965824592,MC116,Non-Hodgkin Lymphoma,Lymphoid,False,CEACAM5
ACH-000595,0.0695669137553856,LN-229,Diffuse Glioma,CNS/Brain,False,CEACAM5
ACH-000607,0.018562816403482,KYM-1,Rhabdoid Cancer,Kidney,False,CEACAM5
ACH-000648,0.0701219480319585,NCI-H28,Pleural Mesothelioma,Pleura,False,CEACAM5
ACH-000664,-0.0719625009413695,SU-DHL-1,Mature T and NK Neoplasms,Lymphoid,False,CEACAM5
ACH-000713,0.082353377795438,Caov-3,Ovarian Epithelial Tumor,Ovary/Fallopian Tube,False,CEACAM5
ACH-000724,-0.0503120256593359,HT-1376,Bladder Urothelial Carcinoma,Bladder/Urinary Tract,False,CEACAM5
ACH-000757,0.0167813371381361,A427,Non-Small Cell Lung Cancer,Lung,False,CEACAM5
ACH-000762,-0.1274581711984076,YD-38,Head and Neck Squamous Cell Carcinoma,Head and Neck,False,CEACAM5
ACH-000767,0.1180766021736698,NCI-H526,Lung Neuroendocrine Tumor,Lung,False,CEACAM5
ACH-000774,0.0296326466769768,RERF-LC-Ad2,Non-Small Cell Lung Cancer,Lung,False,CEACAM5
ACH-000778,0.1024719739585425,HSC-3,Head and Neck Squamous Cell Carcinoma,Head and Neck,False,CEACAM5
ACH-000782,-0.0427564378312661,SEM,B-Cell Acute Lymphoblastic Leukemia,Lymphoid,False,CEACAM5
ACH-000799,0.0691717631453799,Hs 695T,Melanoma,Skin,False,CEACAM5
ACH-000840,0.0672431267523356,HCC-366,Non-Small Cell Lung Cancer,Lung,False,CEACAM5
ACH-000841,-0.0331105075626953,NCI-H2087,Non-Small Cell Lung Cancer,Lung,False,CEACAM5
ACH-000847,-0.0267790167583607,HGC-27,Esophagogastric Adenocarcinoma,Esophagus/Stomach,False,CEACAM5
ACH-000885,0.0689756635327451,TOV-21G,Ovarian Epithelial Tumor,Ovary/Fallopian Tube,False,CEACAM5
ACH-000886,-0.0480241693666329,NCI-H2009,Non-Small Cell Lung Cancer,Lung,False,CEACAM5
ACH-000921,-0.0343135386190562,NCI-H157-DM,Non-Small Cell Lung Cancer,Lung,False,CEACAM5
ACH-000929,0.0439674268046766,NCI-H2110,Non-Small Cell Lung Cancer,Lung,False,CEACAM5
ACH-000945,-0.0346669919582213,NCI-H650,Non-Small Cell Lung Cancer,Lung,False,CEACAM5
ACH-000956,0.0871594531228793,22Rv1,Prostate Adenocarcinoma,Prostate,False,CEACAM5
ACH-000975,0.0771862348072433,HCC2450,Non-Small Cell Lung Cancer,Lung,False,CEACAM5
ACH-000986,-0.0080178892441069,HT115,Colorectal Adenocarcinoma,Bowel,False,CEACAM5
ACH-001036,-0.0828730587323449,CMK-11-5,Acute Myeloid Leukemia,Myeloid,False,CEACAM5
ACH-001061,0.0421166860682654,DLD-1,Colorectal Adenocarcinoma,Bowel,False,CEACAM5
ACH-001098,0.0447655966692124,KCI-MOH1,Pancreatic Adenocarcinoma,Pancreas,False,CEACAM5
ACH-001183,-0.0665078783981028,RT112/84,Bladder Urothelial Carcinoma,Bladder/Urinary Tract,False,CEACAM5
ACH-001295,0.0681150014859114,Y-79,Retinoblastoma,Eye,False,CEACAM5
ACH-001334,0.0674391746681584,C-4 I,Cervical Squamous Cell Carcinoma,Cervix,False,CEACAM5
ACH-001370,0.0641513217905109,OCI-P5x,Ovarian Epithelial Tumor,Ovary/Fallopian Tube,False,CEACAM5
ACH-001442,-0.0258148934994642,A388,Cutaneous Squamous Cell Carcinoma,Skin,False,CEACAM5
ACH-001443,0.1031406528182298,ASH-3,Anaplastic Thyroid Cancer,Thyroid,False,CEACAM5
ACH-001484,-0.060751693095108,CI,Mature B-Cell Neoplasms,Lymphoid,False,CEACAM5
ACH-001495,0.0097613486348644,EMTOKA,Endometrial Carcinoma,Uterus,False,CEACAM5
ACH-001502,-0.2492823435385894,GCT-27,Non-Seminomatous Germ Cell Tumor,Testis,False,CEACAM5
ACH-001523,-0.1171527922128394,HSC-1,Cutaneous Squamous Cell Carcinoma,Skin,False,CEACAM5
ACH-001550,-0.0102169340962926,MCC13,Merkel Cell Carcinoma,Skin,False,CEACAM5
ACH-001559,-0.0949021157447594,Mero-82,Pleural Mesothelioma,Pleura,False,CEACAM5
ACH-001560,-0.0021399104871109,Mero-83,Pleural Mesothelioma,Pleura,False,CEACAM5
ACH-001606,0.0760992304834776,no.11,Diffuse Glioma,CNS/Brain,False,CEACAM5
ACH-001623,0.1254240576548492,Onda 8,Diffuse Glioma,CNS/Brain,False,CEACAM5
ACH-001626,-0.0328533402963392,OSC-20,Head and Neck Squamous Cell Carcinoma,Head and Neck,False,CEACAM5
ACH-001643,0.0173358924689572,SCCH-196,Ewing Sarcoma,Bone,False,CEACAM5
ACH-001645,-0.0831641380773108,SEKI,Melanoma,Skin,False,CEACAM5
ACH-001648,-0.1157494902598536,Shmac 4,Non-Cancerous,Prostate,False,CEACAM5
ACH-001688,0.081074847099436,UM-RC-7,Renal Cell Carcinoma,Kidney,False,CEACAM5
ACH-001694,-0.0680394313540012,UPCI-SCC-074,Head and Neck Squamous Cell Carcinoma,Head and Neck,False,CEACAM5
ACH-001701,0.0765481810745382,UPCI-SCC-200,Head and Neck Squamous Cell Carcinoma,Head and Neck,False,CEACAM5
ACH-001702,-0.0098985549090747,VA-ES-BJ,Epithelioid Sarcoma,Soft Tissue,False,CEACAM5
ACH-001715,-0.020948224020099,CAL-72,Osteosarcoma,Bone,False,CEACAM5
ACH-001838,0.0120184503404315,MGH-ICC12,Intraductal Papillary Neoplasm of the Bile Duct,Biliary Tract,False,CEACAM5
ACH-002041,-0.1096992937555838,HOTHC,Anaplastic Thyroid Cancer,Thyroid,False,CEACAM5
ACH-002143,-0.1435629665882496,IST-MEL1,Melanoma,Skin,False,CEACAM5
ACH-002160,-0.1032290598323467,MC-IXC,Ewing Sarcoma,Bone,False,CEACAM5
ACH-002198,0.0821227417057397,SCH,Extra Gonadal Germ Cell Tumor,Other,False,CEACAM5
ACH-002291,0.1081014270844206,NTERA-2 cl.D1,Non-Seminomatous Germ Cell Tumor,Testis,False,CEACAM5
ACH-002400,0.0962225968753402,21MT-1,Invasive Breast Carcinoma,Breast,False,CEACAM5
ACH-002465,-0.0146982984401286,RPE1-ss119,Non-Cancerous,Eye,False,CEACAM5
ACH-002475,-0.0682867075365895,HAP1,Myeloproliferative Neoplasms,Myeloid,False,CEACAM5
ACH-002508,0.0618502924341695,WM3211,Melanoma,Skin,False,CEACAM5
ACH-002522,-0.0816565525409481,SNU-2292,Non-Small Cell Lung Cancer,Lung,False,CEACAM5
ACH-002524,-0.1881479962181884,SNU-251,Ovarian Epithelial Tumor,Ovary/Fallopian Tube,False,CEACAM5
ACH-002544,-0.0088927158556765,SNU-1750,Esophagogastric Adenocarcinoma,Esophagus/Stomach,False,CEACAM5
ACH-003177,0.0058340439819868,NRH-UPS1,Undifferentiated Pleomorphic Sarcoma/Malignant Fibrous Histiocytoma/High-Grade Spindle Cell Sarcoma,Soft Tissue,False,CEACAM5
ACH-000012,-0.0077705224523706,HCC-827,Non-Small Cell Lung Cancer,Lung,False,CEACAM5
ACH-000039,-0.047088318698525,SK-N-MC,Ewing Sarcoma,Bone,False,CEACAM5
ACH-000055,-0.0549893979360918,D283 Med,Embryonal Tumor,CNS/Brain,False,CEACAM5
ACH-000070,-0.0851107801602628,697,B-Cell Acute Lymphoblastic Leukemia,Lymphoid,False,CEACAM5
ACH-000085,-0.1047789469442876,T3M-4,Pancreatic Adenocarcinoma,Pancreas,False,CEACAM5
ACH-000106,-0.1508011774291087,JVM-2,Mature B-Cell Neoplasms,Lymphoid,False,CEACAM5
ACH-000124,-0.0131682960207606,OCI-LY-19,Mature B-Cell Neoplasms,Lymphoid,False,CEACAM5
ACH-000141,0.1201979145169767,SNU-308,Intracholecystic Papillary Neoplasm,Biliary Tract,False,CEACAM5
ACH-000161,-0.1596830313644099,COR-L105,Non-Small Cell Lung Cancer,Lung,False,CEACAM5
ACH-000187,0.066588573082277,COR-L311,Lung Neuroendocrine Tumor,Lung,False,CEACAM5
ACH-000202,0.0459259995076302,COLO-320,Colorectal Adenocarcinoma,Bowel,False,CEACAM5
ACH-000222,-0.270588112321097,AsPC-1,Pancreatic Adenocarcinoma,Pancreas,False,CEACAM5
ACH-000239,-0.0200617680837041,HuG1-N,Esophagogastric Adenocarcinoma,Esophagus/Stomach,False,CEACAM5
ACH-000249,-0.0087298033709861,CL-11,Colorectal Adenocarcinoma,Bowel,False,CEACAM5
ACH-000253,0.1236965266746613,COLO 201,Colorectal Adenocarcinoma,Bowel,False,CEACAM5
ACH-000280,0.103585609687399,SNU-840,Ovarian Epithelial Tumor,Ovary/Fallopian Tube,False,CEACAM5
ACH-000291,0.0884014114366498,OV-90,Ovarian Epithelial Tumor,Ovary/Fallopian Tube,False,CEACAM5
ACH-000302,0.0241294532887772,SNU-1077,Endometrial Carcinoma,Uterus,False,CEACAM5
ACH-000318,-0.0368161265203153,TE-10,Esophageal Squamous Cell Carcinoma,Esophagus/Stomach,False,CEACAM5
ACH-000323,0.0092673805542201,42-MG-BA,Diffuse Glioma,CNS/Brain,False,CEACAM5
ACH-000326,-0.0345486045620724,JURL-MK1,Myeloproliferative Neoplasms,Myeloid,False,CEACAM5
ACH-000329,0.0136540364986314,CCF-STTG1,Diffuse Glioma,CNS/Brain,False,CEACAM5
ACH-000330,0.1604471261420018,EFM-19,Invasive Breast Carcinoma,Breast,False,CEACAM5
ACH-000366,-0.0485762329218957,SK-N-DZ,Neuroblastoma,Peripheral Nervous System,False,CEACAM5
ACH-000377,0.1241125291898101,SNU-478,Ampullary Carcinoma,Ampulla of Vater,False,CEACAM5
ACH-000406,0.0463408679542319,U-937,Acute Myeloid Leukemia,Myeloid,False,CEACAM5
ACH-000430,0.0076195522807161,TYK-nu,Ovarian Epithelial Tumor,Ovary/Fallopian Tube,False,CEACAM5
ACH-000433,0.0171946484454919,Caki-1,Renal Cell Carcinoma,Kidney,False,CEACAM5
ACH-000454,-0.0412389388579585,HCC-95,Non-Small Cell Lung Cancer,Lung,False,CEACAM5
ACH-000456,0.029653131636385,B-CPAP,Poorly Differentiated Thyroid Cancer,Thyroid,False,CEACAM5
ACH-000464,-0.1642064199256458,CAS-1,Diffuse Glioma,CNS/Brain,False,CEACAM5
ACH-000475,-0.0236267672325213,huH-1,Hepatocellular Carcinoma,Liver,False,CEACAM5
ACH-000484,0.1711390098393561,VMRC-RCW,Renal Cell Carcinoma,Kidney,False,CEACAM5
ACH-000488,0.0795412077047642,TE-11,Esophageal Squamous Cell Carcinoma,Esophagus/Stomach,False,CEACAM5
ACH-000554,-0.1506538097266011,UACC-893,Invasive Breast Carcinoma,Breast,False,CEACAM5
ACH-000565,0.4141806688899925,RCM-1,Colorectal Adenocarcinoma,Bowel,False,CEACAM5
ACH-000570,-0.0332490760139624,YKG1,Diffuse Glioma,CNS/Brain,False,CEACAM5
ACH-000573,0.1994321514150673,MDA-MB-436,Invasive Breast Carcinoma,Breast,False,CEACAM5
ACH-000602,0.0279757753119227,M-07e,Acute Myeloid Leukemia,Myeloid,False,CEACAM5
ACH-000606,-0.0471853534235668,PE/CA-PJ34 (clone C12),Head and Neck Squamous Cell Carcinoma,Head and Neck,False,CEACAM5
ACH-000651,0.0423373853026365,SW 620,Colorectal Adenocarcinoma,Bowel,False,CEACAM5
ACH-000653,-0.0914852455426031,JJN-3,Mature B-Cell Neoplasms,Lymphoid,False,CEACAM5
ACH-000672,-0.1265782849875382,IA-LM,Non-Small Cell Lung Cancer,Lung,False,CEACAM5
ACH-000677,-0.0377394179209642,SW 1573,Non-Small Cell Lung Cancer,Lung,False,CEACAM5
ACH-000693,0.0965285256362054,KYSE-180,Esophageal Squamous Cell Carcinoma,Esophagus/Stomach,False,CEACAM5
ACH-000699,0.1363959584154954,HCC1395,Invasive Breast Carcinoma,Breast,False,CEACAM5
ACH-000766,-0.0130051016757515,NCI-H1648,Non-Small Cell Lung Cancer,Lung,False,CEACAM5
ACH-000771,0.0631802428423335,BICR 56,Head and Neck Squamous Cell Carcinoma,Head and Neck,False,CEACAM5
ACH-000866,0.1012512337937587,NCI-H1048,Lung Neuroendocrine Tumor,Lung,False,CEACAM5
ACH-000903,0.0455357067045996,FTC-133,Well-Differentiated Thyroid Cancer,Thyroid,False,CEACAM5
ACH-000920,0.1143402312192261,CML-T1,Myeloproliferative Neoplasms,Myeloid,False,CEACAM5
ACH-000938,-0.000932333759328,NALM-6,B-Cell Acute Lymphoblastic Leukemia,Lymphoid,False,CEACAM5
ACH-000958,0.1708900123842996,SW48,Colorectal Adenocarcinoma,Bowel,False,CEACAM5
ACH-000968,0.1507461078908327,COLO 792,Melanoma,Skin,False,CEACAM5
ACH-000991,-0.0172786911333738,SNU-81,Colorectal Adenocarcinoma,Bowel,False,CEACAM5
ACH-000995,-0.0708664787993308,JURKAT,T-Lymphoblastic Leukemia/Lymphoma,Lymphoid,False,CEACAM5
ACH-000996,0.1258979324913437,HEC-251,Endometrial Carcinoma,Uterus,False,CEACAM5
ACH-000997,-0.0514128122202175,HCT-15,Colorectal Adenocarcinoma,Bowel,False,CEACAM5
ACH-001033,0.0252586990799469,CHLA-57,Embryonal Tumor,CNS/Brain,False,CEACAM5
ACH-001163,0.057169873954401,CCLF_PEDS_0001_T,Renal Cell Carcinoma,Kidney,False,CEACAM5
ACH-001164,-0.1198464412902828,CCLF_PEDS_0003_T,Undifferentiated Pleomorphic Sarcoma/Malignant Fibrous Histiocytoma/High-Grade Spindle Cell Sarcoma,Soft Tissue,False,CEACAM5
ACH-001188,0.111783833904609,SH-SY5Y,Neuroblastoma,Peripheral Nervous System,False,CEACAM5
ACH-001270,0.2597546840907712,1273/99,Synovial Sarcoma,Soft Tissue,False,CEACAM5
ACH-001353,0.0848826455334939,JOPACA-1,Pancreatic Adenocarcinoma,Pancreas,False,CEACAM5
ACH-001356,-0.0166614899410487,MB-1,Anaplastic Thyroid Cancer,Thyroid,False,CEACAM5
ACH-001368,0.0556609802981916,OAC-M5.1,Esophagogastric Adenocarcinoma,Esophagus/Stomach,False,CEACAM5
ACH-001394,-0.1360641448697917,SUM-229PE,Invasive Breast Carcinoma,Breast,False,CEACAM5
ACH-001400,-0.1159618095249786,SW 954,Squamous Cell Carcinoma of the Vulva/Vagina,Vulva/Vagina,False,CEACAM5
ACH-001416,-0.0058776261888925,UM-UC9,Bladder Urothelial Carcinoma,Bladder/Urinary Tract,False,CEACAM5
ACH-001515,-0.0356852008926686,HCS-2,Cervical Squamous Cell Carcinoma,Cervix,False,CEACAM5
ACH-001528,0.0612680761713768,IHH-4,Well-Differentiated Thyroid Cancer,Thyroid,False,CEACAM5
ACH-001577,-0.0040695728483634,MUTZ-8,Acute Myeloid Leukemia,Myeloid,False,CEACAM5
ACH-001622,-0.0598759265956865,Onda 7,Diffuse Glioma,CNS/Brain,False,CEACAM5
ACH-001653,0.1951862597125472,SK-GT-2,Esophagogastric Adenocarcinoma,Esophagus/Stomach,False,CEACAM5
ACH-001654,0.045086627966852,SK-GT-4,Esophagogastric Adenocarcinoma,Esophagus/Stomach,False,CEACAM5
ACH-001676,-0.0181993091295225,Ty-82,"Head and Neck Carcinoma, Other",Head and Neck,False,CEACAM5
ACH-001709,0.1183444727622281,WSU-NHL,Mature B-Cell Neoplasms,Lymphoid,False,CEACAM5
ACH-001736,0.1464973401749843,HB1119,B-Cell Acute Lymphoblastic Leukemia,Lymphoid,False,CEACAM5
ACH-001745,0.0274299549054152,RhJT,Rhabdomyosarcoma,Soft Tissue,False,CEACAM5
ACH-001858,0.0068690811529874,SSP-25,Intraductal Papillary Neoplasm of the Bile Duct,Biliary Tract,False,CEACAM5
ACH-001863,0.2529844385187728,TKKK,Intraductal Papillary Neoplasm of the Bile Duct,Biliary Tract,False,CEACAM5
ACH-001864,0.057775627117087,YSCCC,Intraductal Papillary Neoplasm of the Bile Duct,Biliary Tract,False,CEACAM5
ACH-001959,0.0330128367246495,CC-LP-1,Intraductal Papillary Neoplasm of the Bile Duct,Biliary Tract,False,CEACAM5
ACH-001992,-0.0472446746878845,ONE58,Pleural Mesothelioma,Pleura,False,CEACAM5
ACH-002021,0.0157260345054259,T3M-3,Gestational Trophoblastic Disease,Uterus,False,CEACAM5
ACH-002025,0.1189422990037692,TT1TKB,Colorectal Adenocarcinoma,Bowel,False,CEACAM5
ACH-002033,0.0206168167454148,HMMME,Pleural Mesothelioma,Pleura,False,CEACAM5
ACH-002048,0.1302957379020683,RMS-YM,Rhabdomyosarcoma,Soft Tissue,False,CEACAM5
ACH-002080,0.0627397372001071,TN-2,Neuroblastoma,Peripheral Nervous System,False,CEACAM5
ACH-002105,0.0299061408229139,ES4,Ewing Sarcoma,Bone,False,CEACAM5
ACH-002119,-0.1452399222843852,EW-7,Ewing Sarcoma,Bone,False,CEACAM5
ACH-002156,-0.0740880682444984,LC-1-sq,Non-Small Cell Lung Cancer,Lung,False,CEACAM5
ACH-002230,0.1379299023411504,D-542MG,Diffuse Glioma,CNS/Brain,False,CEACAM5
ACH-002234,-0.1569767399244629,DOK,"Head and Neck Carcinoma, Other",Head and Neck,False,CEACAM5
ACH-002250,0.0570735216666794,JHU-022,Head and Neck Squamous Cell Carcinoma,Head and Neck,False,CEACAM5
ACH-002251,0.077746196530155,JHU-029,Head and Neck Squamous Cell Carcinoma,Head and Neck,False,CEACAM5
ACH-002461,0.0960068451590681,RVH421 SKIN FV1,Melanoma,Skin,False,CEACAM5
ACH-002709,0.0664199844515945,CMS,Acute Myeloid Leukemia,Myeloid,False,CEACAM5
ACH-002925,0.0194434342617086,UPMM3,Ocular Melanoma,Eye,False,CEACAM5
ACH-000030,0.0160608619801985,PC-14,Non-Small Cell Lung Cancer,Lung,False,CEACAM5
ACH-000054,-0.0823082214960872,HT-1080,Fibrosarcoma,Soft Tissue,False,CEACAM5
ACH-000082,0.0316674816390508,"G-292, clone A141B1",Osteosarcoma,Bone,False,CEACAM5
ACH-000118,0.0238409699172912,HUP-T3,Pancreatic Adenocarcinoma,Pancreas,False,CEACAM5
ACH-000152,0.1004288339568898,M059K,Diffuse Glioma,CNS/Brain,False,CEACAM5
ACH-000188,-0.1074789223154444,SCC-25,Head and Neck Squamous Cell Carcinoma,Head and Neck,False,CEACAM5
ACH-000192,-0.2703481420806568,MFE-280,Endometrial Carcinoma,Uterus,False,CEACAM5
ACH-000200,0.040003072236231,NMC-G1,Diffuse Glioma,CNS/Brain,False,CEACAM5
ACH-000203,0.0783853648755338,NH-6,Neuroblastoma,Peripheral Nervous System,False,CEACAM5
ACH-000209,0.1134826977779534,SNU-1079,Intraductal Papillary Neoplasm of the Bile Duct,Biliary Tract,False,CEACAM5
ACH-000271,-0.0655116842611395,SU-DHL-10,Mature B-Cell Neoplasms,Lymphoid,False,CEACAM5
ACH-000274,0.0682779823448166,Hs 852.T,Melanoma,Skin,False,CEACAM5
ACH-000305,0.0162512863031078,EC-GI-10,Esophageal Squamous Cell Carcinoma,Esophagus/Stomach,False,CEACAM5
ACH-000313,-0.0475730565273803,KMRC-3,Renal Cell Carcinoma,Kidney,False,CEACAM5
ACH-000374,-0.0422613292852534,HCC1143,Invasive Breast Carcinoma,Breast,False,CEACAM5
ACH-000396,-0.1735714821960789,J82,Bladder Urothelial Carcinoma,Bladder/Urinary Tract,False,CEACAM5
ACH-000410,0.1547640947991448,Saos-2,Osteosarcoma,Bone,False,CEACAM5
ACH-000425,-0.0118491783566022,UACC-62,Melanoma,Skin,False,CEACAM5
ACH-000442,-0.0092558226766825,RERF-LC-Sq1,Non-Small Cell Lung Cancer,Lung,False,CEACAM5
ACH-000448,0.0038016964412362,NCI-H1666,Non-Small Cell Lung Cancer,Lung,False,CEACAM5
ACH-000452,0.0134564404739269,TE-8,Esophageal Squamous Cell Carcinoma,Esophagus/Stomach,False,CEACAM5
ACH-000459,0.129856082550491,TUHR10TKB,Renal Cell Carcinoma,Kidney,False,CEACAM5
ACH-000463,-0.0673557980078454,NCI-H460,Non-Small Cell Lung Cancer,Lung,False,CEACAM5
ACH-000472,0.038713483259427,HSC-2,Head and Neck Squamous Cell Carcinoma,Head and Neck,False,CEACAM5
ACH-000510,-0.2589778080152546,NCI-H1299,Non-Small Cell Lung Cancer,Lung,False,CEACAM5
ACH-000519,-0.0341507360409698,PEER,T-Lymphoblastic Leukemia/Lymphoma,Lymphoid,False,CEACAM5
ACH-000525,0.038647153095937,NCI-H2171,Lung Neuroendocrine Tumor,Lung,False,CEACAM5
ACH-000557,-0.0999300027608011,AML-193,Acute Myeloid Leukemia,Myeloid,False,CEACAM5
ACH-000577,0.1319285262794128,JHH-2,Hepatocellular Carcinoma,Liver,False,CEACAM5
ACH-000587,-0.0487370240565849,NCI-H1975,Non-Small Cell Lung Cancer,Lung,False,CEACAM5
ACH-000589,0.0277695354621,NCI-H1437,Non-Small Cell Lung Cancer,Lung,False,CEACAM5
ACH-000627,0.1947750711756806,LCLC-103H,Non-Small Cell Lung Cancer,Lung,False,CEACAM5
ACH-000631,-0.1146559747005012,KS-1,Diffuse Glioma,CNS/Brain,False,CEACAM5
ACH-000637,-0.0319042140276873,KYSE-520,Esophageal Squamous Cell Carcinoma,Esophagus/Stomach,False,CEACAM5
ACH-000647,0.0688333180450853,TE-1,Esophageal Squamous Cell Carcinoma,Esophagus/Stomach,False,CEACAM5
ACH-000660,-0.0230322446072109,SU-DHL-5,Mature B-Cell Neoplasms,Lymphoid,False,CEACAM5
ACH-000667,0.0274223953797376,HCC-44,Non-Small Cell Lung Cancer,Lung,False,CEACAM5
ACH-000676,-0.0350204460775799,LN-464,Melanoma,Skin,False,CEACAM5
ACH-000700,0.1635366764359146,NCI-H2882,Non-Small Cell Lung Cancer,Lung,False,CEACAM5
ACH-000704,-0.0153157553537417,OAW42,Ovarian Epithelial Tumor,Ovary/Fallopian Tube,False,CEACAM5
ACH-000706,0.1263466257653437,EKVX,Non-Small Cell Lung Cancer,Lung,False,CEACAM5
ACH-000718,-0.1183497048593226,NCI-H2291,Non-Small Cell Lung Cancer,Lung,False,CEACAM5
ACH-000722,0.0306373980951931,SNU-C1,Colorectal Adenocarcinoma,Bowel,False,CEACAM5
ACH-000740,-0.1384286554669276,A-253,Head and Neck Squamous Cell Carcinoma,Head and Neck,False,CEACAM5
ACH-000760,0.1224365037524934,LNZ308,Diffuse Glioma,CNS/Brain,False,CEACAM5
ACH-000776,-0.033837285176633,ONS-76,Embryonal Tumor,CNS/Brain,False,CEACAM5
ACH-000787,-0.115769097276226,LXF-289,Non-Small Cell Lung Cancer,Lung,False,CEACAM5
ACH-000829,-0.0591606620849597,HuNS1,Mature B-Cell Neoplasms,Lymphoid,False,CEACAM5
ACH-000834,-0.0827889388498204,UM-UC-1,Bladder Urothelial Carcinoma,Bladder/Urinary Tract,False,CEACAM5
ACH-000837,-0.0842380507219574,NCI-H322,Non-Small Cell Lung Cancer,Lung,False,CEACAM5
ACH-000859,0.1641548486598255,HCC1954,Breast Ductal Carcinoma In Situ,Breast,False,CEACAM5
ACH-000884,-0.0901877531449705,MDA-MB-435S,Melanoma,Skin,False,CEACAM5
ACH-000896,0.1621701986402656,647-V,Bladder Urothelial Carcinoma,Bladder/Urinary Tract,False,CEACAM5
ACH-000911,0.1165192026172827,NUGC-3,Esophagogastric Adenocarcinoma,Esophagus/Stomach,False,CEACAM5
ACH-000916,0.1491727119937803,NCI-H1573,Non-Small Cell Lung Cancer,Lung,False,CEACAM5
ACH-000947,0.1956047596558339,OVK18,Ovarian Epithelial Tumor,Ovary/Fallopian Tube,False,CEACAM5
ACH-000993,0.127263380655975,JHUEM-7,Endometrial Carcinoma,Uterus,False,CEACAM5
ACH-001029,0.0956895035487316,CHLA-10,Ewing Sarcoma,Bone,False,CEACAM5
ACH-001190,-0.0238866686345907,SK-MEL-2,Melanoma,Skin,False,CEACAM5
ACH-001194,0.0236233295865631,SK-RC-31,Renal Cell Carcinoma,Kidney,False,CEACAM5
ACH-001278,0.1517137966701829,BIN-67,Ovarian Epithelial Tumor,Ovary/Fallopian Tube,False,CEACAM5
ACH-001300,0.0620545184473258,CHLA-15,Neuroblastoma,Peripheral Nervous System,False,CEACAM5
ACH-001318,-0.0141679359084549,PLC/PRF/5,Hepatocellular Carcinoma,Liver,False,CEACAM5
ACH-001375,0.0756188114797921,PACADD-119,Pancreatic Adenocarcinoma,Pancreas,False,CEACAM5
ACH-001532,0.0406179736058984,JMU-RTK-2,Rhabdoid Cancer,Kidney,False,CEACAM5
ACH-001568,0.1978028597544912,MM386,Melanoma,Skin,False,CEACAM5
ACH-001578,0.0916701946697921,NCCIT,Non-Seminomatous Germ Cell Tumor,Testis,False,CEACAM5
ACH-001610,0.1665988567570991,NP 5,Diffuse Glioma,CNS/Brain,False,CEACAM5
ACH-001611,-0.0259648034456334,NP 8,Diffuse Glioma,CNS/Brain,False,CEACAM5
ACH-001624,-0.2076266477016652,Onda 9,Diffuse Glioma,CNS/Brain,False,CEACAM5
ACH-001632,-0.1243866353566609,PEO4,Ovarian Epithelial Tumor,Ovary/Fallopian Tube,False,CEACAM5
ACH-001656,-0.102165658254591,SKNO-1,Acute Myeloid Leukemia,Myeloid,False,CEACAM5
ACH-001707,-0.1062387046843894,WA-OSEL,Mature B-Cell Neoplasms,Lymphoid,False,CEACAM5
ACH-001735,0.0887238740140592,SEMK2,B-Cell Acute Lymphoblastic Leukemia,Lymphoid,False,CEACAM5
ACH-001804,-0.1273201657793031,LPS510,Liposarcoma,Soft Tissue,False,CEACAM5
ACH-001835,0.0781829728759527,MGH-ICC10-6,Intraductal Papillary Neoplasm of the Bile Duct,Biliary Tract,False,CEACAM5
ACH-001841,-0.1060936444755116,MGH-ECC3,Intraductal Papillary Neoplasm of the Bile Duct,Biliary Tract,False,CEACAM5
ACH-001844,-0.0832649744910193,MGH-ICC4,Intraductal Papillary Neoplasm of the Bile Duct,Biliary Tract,False,CEACAM5
ACH-001986,0.011437086594692,NZM42,Melanoma,Skin,False,CEACAM5
ACH-001999,0.0677426388742521,950-5-BIK,Pancreatic Adenocarcinoma,Pancreas,False,CEACAM5
ACH-002001,0.1642716987970161,A375 SKIN CJ1,Melanoma,Skin,False,CEACAM5
ACH-002004,-0.1037698937638096,UACC62 SKIN CJ1,Melanoma,Skin,False,CEACAM5
ACH-002014,-0.0045971321614812,Mel270,Ocular Melanoma,Eye,False,CEACAM5
ACH-002042,0.0200867028566211,T3M-5,Head and Neck Squamous Cell Carcinoma,Head and Neck,False,CEACAM5
ACH-002061,0.113303230242221,P2UR/K-562,Myeloproliferative Neoplasms,Myeloid,False,CEACAM5
ACH-002077,6.644901380623014e-05,Lu-165,Lung Neuroendocrine Tumor,Lung,False,CEACAM5
ACH-002106,0.0895043337430458,ES5,Ewing Sarcoma,Bone,False,CEACAM5
ACH-002110,0.1643575966011096,EW-1,Ewing Sarcoma,Bone,False,CEACAM5
ACH-002150,-0.1057448822590531,LB1047-RCC,Renal Cell Carcinoma,Kidney,False,CEACAM5
ACH-002183,-0.0041340161233844,OVMIU,Ovarian Epithelial Tumor,Ovary/Fallopian Tube,False,CEACAM5
ACH-002186,0.3411659744677301,PL4,Pancreatic Adenocarcinoma,Pancreas,False,CEACAM5
ACH-002229,0.1701758885492602,D-502MG,Diffuse Glioma,CNS/Brain,False,CEACAM5
ACH-002239,-0.0664216584836073,H3118,Salivary Carcinoma,Head and Neck,False,CEACAM5
ACH-002399,0.0933596282233452,21NT,Invasive Breast Carcinoma,Breast,False,CEACAM5
ACH-002538,0.084146603863459,SNU-1235,Colorectal Adenocarcinoma,Bowel,False,CEACAM5
ACH-002650,0.1578692639241513,ETCC-016,Non-Small Cell Lung Cancer,Lung,False,CEACAM5
ACH-002690,0.0944044176579095,OS526,Osteosarcoma,Bone,False,CEACAM5
ACH-002710,0.0408286828512354,MPNST-724,Nerve Sheath Tumor,Peripheral Nervous System,False,CEACAM5
ACH-002711,0.1477284917088456,UM-HACC-2A,Salivary Carcinoma,Head and Neck,False,CEACAM5
ACH-000017,-0.0288554984923072,SK-BR-3,Invasive Breast Carcinoma,Breast,False,CEACAM5
ACH-000040,0.1276056078010326,U-118 MG,Diffuse Glioma,CNS/Brain,False,CEACAM5
ACH-000041,0.0065438047469792,RD-ES,Ewing Sarcoma,Bone,False,CEACAM5
ACH-000086,0.1489156280258961,ACC-MESO-1,Pleural Mesothelioma,Pleura,False,CEACAM5
ACH-000090,0.1248791795104796,PC-3,Prostate Adenocarcinoma,Prostate,False,CEACAM5
ACH-000151,-0.2411002610457929,JM1,B-Cell Acute Lymphoblastic Leukemia,Lymphoid,False,CEACAM5
ACH-000206,-0.1313520562052097,C8166,Non-Cancerous,Lymphoid,False,CEACAM5
ACH-000207,0.1844180155467762,Detroit 562,Head and Neck Squamous Cell Carcinoma,Head and Neck,False,CEACAM5
ACH-000219,0.034301644704724,A-375,Melanoma,Skin,False,CEACAM5
ACH-000231,0.0435641710413002,KALS-1,Diffuse Glioma,CNS/Brain,False,CEACAM5
ACH-000244,0.001061727652439,DK-MG,Diffuse Glioma,CNS/Brain,False,CEACAM5
ACH-000246,0.1001992270130207,SLR 23,Renal Cell Carcinoma,Kidney,False,CEACAM5
ACH-000259,-0.0248411380802952,KELLY,Neuroblastoma,Peripheral Nervous System,False,CEACAM5
ACH-000279,0.0678137597297813,EWS502,Ewing Sarcoma,Bone,False,CEACAM5
ACH-000295,-0.0169874832802025,EM-2,Myeloproliferative Neoplasms,Myeloid,False,CEACAM5
ACH-000296,-0.0391987124436501,OUMS-23,Colorectal Adenocarcinoma,Bowel,False,CEACAM5
ACH-000316,0.0240609441719613,SNU-886,Hepatocellular Carcinoma,Liver,False,CEACAM5
ACH-000336,-0.1221852718973172,OCI-AML3,Acute Myeloid Leukemia,Myeloid,False,CEACAM5
ACH-000367,0.0390815936793818,NCI-H226,Pleural Mesothelioma,Pleura,False,CEACAM5
ACH-000368,-0.1709622652634349,SNU-1105,Diffuse Glioma,CNS/Brain,False,CEACAM5
ACH-000397,0.0967062843013422,TEN,Endometrial Carcinoma,Uterus,False,CEACAM5
ACH-000420,0.1997716171906185,SNU-449,Hepatocellular Carcinoma,Liver,False,CEACAM5
ACH-000431,-0.0762185368961171,NCI-H1694,Lung Neuroendocrine Tumor,Lung,False,CEACAM5
ACH-000455,0.065873155823299,LN-428,Diffuse Glioma,CNS/Brain,False,CEACAM5
ACH-000515,-0.0785707324018544,HCC-33,Lung Neuroendocrine Tumor,Lung,False,CEACAM5
ACH-000518,-0.0219072333472391,CAL-33,Head and Neck Squamous Cell Carcinoma,Head and Neck,False,CEACAM5
ACH-000527,0.0407798587212705,OVISE,Ovarian Epithelial Tumor,Ovary/Fallopian Tube,False,CEACAM5
ACH-000552,0.0339065682971926,HT-29,Colorectal Adenocarcinoma,Bowel,False,CEACAM5
ACH-000559,0.1131604686443119,NCI-H1836,Lung Neuroendocrine Tumor,Lung,False,CEACAM5
ACH-000567,-0.0908753883182587,ST486,Mature B-Cell Neoplasms,Lymphoid,False,CEACAM5
ACH-000623,0.0172883677169198,SNU-201,Diffuse Glioma,CNS/Brain,False,CEACAM5
ACH-000632,0.0549969712276775,Hs 944.T,Melanoma,Skin,False,CEACAM5
ACH-000639,0.1159450220151031,NCI-H211,Lung Neuroendocrine Tumor,Lung,False,CEACAM5
ACH-000661,0.135602880623618,WM1799,Melanoma,Skin,False,CEACAM5
ACH-000702,-0.01107078020443,L-1236,Hodgkin Lymphoma,Lymphoid,False,CEACAM5
ACH-000709,-0.043756847002668,KMRC-2,Renal Cell Carcinoma,Kidney,False,CEACAM5
ACH-000732,0.1463541004916896,PE/CA-PJ41 (clone D2),Head and Neck Squamous Cell Carcinoma,Head and Neck,False,CEACAM5
ACH-000749,0.2678882815807614,DMS 273,Lung Neuroendocrine Tumor,Lung,False,CEACAM5
ACH-000796,0.0910159166696179,MCAS,Ovarian Epithelial Tumor,Ovary/Fallopian Tube,False,CEACAM5
ACH-000809,-0.0829627917820514,KYSE-410,Esophageal Squamous Cell Carcinoma,Esophagus/Stomach,False,CEACAM5
ACH-000819,0.1243406772921848,LN-18,Diffuse Glioma,CNS/Brain,False,CEACAM5
ACH-000832,0.0024639606119441,CAL 27,Head and Neck Squamous Cell Carcinoma,Head and Neck,False,CEACAM5
ACH-000867,-0.0273455708779709,ChaGo-K-1,Non-Small Cell Lung Cancer,Lung,False,CEACAM5
ACH-000879,-0.077837148376494,MFE-296,Endometrial Carcinoma,Uterus,False,CEACAM5
ACH-000889,-0.0484458907891248,KMM-1,Mature B-Cell Neoplasms,Lymphoid,False,CEACAM5
ACH-000948,0.1094807562570562,23132/87,Esophagogastric Adenocarcinoma,Esophagus/Stomach,False,CEACAM5
ACH-000959,0.161717474400042,SNU-C4,Colorectal Adenocarcinoma,Bowel,False,CEACAM5
ACH-000972,0.1355433976478039,HEC-151,Endometrial Carcinoma,Uterus,False,CEACAM5
ACH-000978,0.1083179958585166,EN,Endometrial Carcinoma,Uterus,False,CEACAM5
ACH-000979,-0.1322151820509097,DU 145,Prostate Adenocarcinoma,Prostate,False,CEACAM5
ACH-001001,-0.0011354703931874,143B,Osteosarcoma,Bone,False,CEACAM5
ACH-001099,0.0808574343253778,KD,Rhabdoid Cancer,Soft Tissue,False,CEACAM5
ACH-001129,0.0074134023185674,MONO-MAC-1,Acute Myeloid Leukemia,Myeloid,False,CEACAM5
ACH-001192,-0.0618337468192466,SK-NEP-1,Ewing Sarcoma,Bone,False,CEACAM5
ACH-001205,-0.0660921772657821,TC-32,Ewing Sarcoma,Bone,False,CEACAM5
ACH-001229,0.0229616344004507,UPCI-SCC-154,Head and Neck Squamous Cell Carcinoma,Head and Neck,False,CEACAM5
ACH-001233,-0.0840403195464787,VMRC-LCD,Non-Small Cell Lung Cancer,Lung,False,CEACAM5
ACH-001302,-0.0028674342234476,COG-N-305,Neuroblastoma,Peripheral Nervous System,False,CEACAM5
ACH-001328,-0.0927146687885365,A-431,Cutaneous Squamous Cell Carcinoma,Skin,False,CEACAM5
ACH-001331,-0.0787641043100318,BICR 10,Head and Neck Squamous Cell Carcinoma,Head and Neck,False,CEACAM5
ACH-001332,-0.0650393151541474,BICR 78,Head and Neck Squamous Cell Carcinoma,Head and Neck,False,CEACAM5
ACH-001341,-0.0688366594642821,DoTc2 4510,Mixed Cervical Carcinoma,Cervix,False,CEACAM5
ACH-001354,0.0551339595291845,LAN-2,Neuroblastoma,Peripheral Nervous System,False,CEACAM5
ACH-001366,-0.0010839671655166,NGP,Neuroblastoma,Peripheral Nervous System,False,CEACAM5
ACH-001377,0.1011265058744367,PACADD-137,Pancreatic Adenocarcinoma,Pancreas,False,CEACAM5
ACH-001391,-0.0658989105208,SUM-159PT,Invasive Breast Carcinoma,Breast,False,CEACAM5
ACH-001399,-0.0791748726533385,SW 626,Colorectal Adenocarcinoma,Bowel,False,CEACAM5
ACH-001408,-0.0192637939010075,UM-UC-14,Urethral Cancer,Bladder/Urinary Tract,False,CEACAM5
ACH-001411,0.0539897258544567,UM-UC-5,Bladder Squamous Cell Carcinoma,Bladder/Urinary Tract,False,CEACAM5
ACH-001430,-0.0116852935227181,TC-138,Ewing Sarcoma,Bone,False,CEACAM5
ACH-001436,0.1510864226759775,1411H,Non-Seminomatous Germ Cell Tumor,Testis,False,CEACAM5
ACH-001549,0.017793708555946,Lu-135,Lung Neuroendocrine Tumor,Lung,False,CEACAM5
ACH-001634,-0.2439493624196758,PGA-1,Mature B-Cell Neoplasms,Lymphoid,False,CEACAM5
ACH-001641,0.0068980644508584,SAT,Head and Neck Squamous Cell Carcinoma,Head and Neck,False,CEACAM5
ACH-001664,0.0943022959595722,SNU-638,Esophagogastric Adenocarcinoma,Esophagus/Stomach,False,CEACAM5
ACH-001750,0.0075595979697037,TTC442,Rhabdomyosarcoma,Soft Tissue,False,CEACAM5
ACH-001791,0.1831370177223738,LPS6,Liposarcoma,Soft Tissue,False,CEACAM5
ACH-001839,-0.1412729908117616,MGH-ICC13-7,Intraductal Papillary Neoplasm of the Bile Duct,Biliary Tract,False,CEACAM5
ACH-001852,0.0009623845317303,HKGZ-CC,Intraductal Papillary Neoplasm of the Bile Duct,Biliary Tract,False,CEACAM5
ACH-001861,-0.0059386730080547,TGBC1TKB,Intracholecystic Papillary Neoplasm,Biliary Tract,False,CEACAM5
ACH-001990,0.0351625474315187,NZM7,Melanoma,Skin,False,CEACAM5
ACH-002020,0.0545012937410279,SKG-IIIa,Cervical Squamous Cell Carcinoma,Cervix,False,CEACAM5
ACH-002067,0.051642366626661,NOS-1,Osteosarcoma,Bone,False,CEACAM5
ACH-002070,-0.0278218070188395,HKBMM,Meningothelial Tumor,CNS/Brain,False,CEACAM5
ACH-002083,-0.0681487983285299,NB69,Neuroblastoma,Peripheral Nervous System,False,CEACAM5
ACH-002114,0.1198401174470201,EW-16,Ewing Sarcoma,Bone,False,CEACAM5
ACH-002179,-0.0534984553335154,OCUB-M,Invasive Breast Carcinoma,Breast,False,CEACAM5
ACH-002212,-0.0472737731883381,BB30-HNC,Head and Neck Squamous Cell Carcinoma,Head and Neck,False,CEACAM5
ACH-002243,0.0616677067652881,HCE-4,Esophageal Squamous Cell Carcinoma,Esophagus/Stomach,False,CEACAM5
ACH-002261,0.0641032754487381,KP-N-YS,Neuroblastoma,Peripheral Nervous System,False,CEACAM5
ACH-002304,0.1209765923100223,SK-MG-1,Diffuse Glioma,CNS/Brain,False,CEACAM5
ACH-002401,0.1360300593287099,21MT-2,Invasive Breast Carcinoma,Breast,False,CEACAM5
ACH-002458,0.1017474368271709,HT144 SKIN FV1,Melanoma,Skin,False,CEACAM5
ACH-002467,0.0227901368719468,RPE1-ss51,Non-Cancerous,Eye,False,CEACAM5
ACH-002499,-0.1160189938159298,UACC-3199,Invasive Breast Carcinoma,Breast,False,CEACAM5
ACH-002531,0.0635569220401796,SNU-2535,Non-Small Cell Lung Cancer,Lung,False,CEACAM5
ACH-002533,0.0184161974440587,SNU-482,Renal Cell Carcinoma,Kidney,False,CEACAM5
ACH-002681,-0.0606498917448987,538-MG-BA,Diffuse Glioma,CNS/Brain,False,CEACAM5
ACH-002847,0.003756974900357,YUHOIN,Melanoma,Skin,False,CEACAM5
ACH-000023,-0.3086286405323207,PA-TU-8988T,Pancreatic Adenocarcinoma,Pancreas,False,CEACAM5
ACH-000028,0.1241630694014144,KPL-1,Invasive Breast Carcinoma,Breast,False,CEACAM5
ACH-000047,0.1466700786427062,GCIY,Esophagogastric Adenocarcinoma,Esophagus/Stomach,False,CEACAM5
ACH-000060,0.0074810285906543,Panc 10.05,Pancreatic Adenocarcinoma,Pancreas,False,CEACAM5
ACH-000092,0.1222429870062666,NCI-H2452,Pleural Mesothelioma,Pleura,False,CEACAM5
ACH-000137,0.1522150346010708,8-MG-BA,Diffuse Glioma,CNS/Brain,False,CEACAM5
ACH-000145,0.0536808328698154,SK-LMS-1,Leiomyosarcoma,Soft Tissue,False,CEACAM5
ACH-000146,-0.0066593967015313,THP-1,Acute Myeloid Leukemia,Myeloid,False,CEACAM5
ACH-000147,0.06808837133836,T-47D,Invasive Breast Carcinoma,Breast,False,CEACAM5
ACH-000204,0.1610881059687634,LP-1,Mature B-Cell Neoplasms,Lymphoid,False,CEACAM5
ACH-000237,0.0561855523093059,JHOM-1,Ovarian Epithelial Tumor,Ovary/Fallopian Tube,False,CEACAM5
ACH-000238,0.208043518091269,SCC-4,Head and Neck Squamous Cell Carcinoma,Head and Neck,False,CEACAM5
ACH-000276,0.0735221119231257,HCC38,Invasive Breast Carcinoma,Breast,False,CEACAM5
ACH-000334,-0.210203735038244,DB,Mature B-Cell Neoplasms,Lymphoid,False,CEACAM5
ACH-000337,0.2897522577145146,NCI-H3122,Non-Small Cell Lung Cancer,Lung,False,CEACAM5
ACH-000343,0.0839163921019545,NCI-H522,Non-Small Cell Lung Cancer,Lung,False,CEACAM5
ACH-000352,-0.0018189328183352,HCC1428,Invasive Breast Carcinoma,Breast,False,CEACAM5
ACH-000385,0.0474625688818695,SK-RC-52,Renal Cell Carcinoma,Kidney,False,CEACAM5
ACH-000415,0.0372402059781626,BICR 6,Head and Neck Squamous Cell Carcinoma,Head and Neck,False,CEACAM5
ACH-000436,-0.0912794309611977,OCI-My7,Mature B-Cell Neoplasms,Lymphoid,False,CEACAM5
ACH-000438,-0.0941666623386137,Lu-65,Non-Small Cell Lung Cancer,Lung,False,CEACAM5
ACH-000461,0.1780312288006259,SNU-1196,Intraductal Papillary Neoplasm of the Bile Duct,Biliary Tract,False,CEACAM5
ACH-000469,0.0794992995956883,YH-13,Diffuse Glioma,CNS/Brain,False,CEACAM5
ACH-000477,0.0344068139217986,Malme-3M,Melanoma,Skin,False,CEACAM5
ACH-000487,-0.0031696344808314,F-36P,Acute Myeloid Leukemia,Myeloid,False,CEACAM5
ACH-000498,0.0940800783828804,KO52,Acute Myeloid Leukemia,Myeloid,False,CEACAM5
ACH-000499,0.0369778652160545,EW8,Ewing Sarcoma,Bone,False,CEACAM5
ACH-000521,-0.0999379905691739,NCI-H2030,Non-Small Cell Lung Cancer,Lung,False,CEACAM5
ACH-000585,0.0652222619901501,EPLC-272H,Non-Small Cell Lung Cancer,Lung,False,CEACAM5
ACH-000601,0.0451777374978756,MIA PaCa-2,Pancreatic Adenocarcinoma,Pancreas,False,CEACAM5
ACH-000630,-0.0142974659800504,YD-8,Head and Neck Squamous Cell Carcinoma,Head and Neck,False,CEACAM5
ACH-000649,0.0376312306174444,786-O,Renal Cell Carcinoma,Kidney,False,CEACAM5
ACH-000655,-0.0388548370113563,SF268,Diffuse Glioma,CNS/Brain,False,CEACAM5
ACH-000682,0.1527513036682516,SNU-1066,Head and Neck Squamous Cell Carcinoma,Head and Neck,False,CEACAM5
ACH-000701,0.1166793645614992,RMUG-S,Ovarian Epithelial Tumor,Ovary/Fallopian Tube,False,CEACAM5
ACH-000736,-0.0745300922122775,SNU-601,Esophagogastric Adenocarcinoma,Esophagus/Stomach,False,CEACAM5
ACH-000741,-0.0090878567750727,U-BLC1,Bladder Urothelial Carcinoma,Bladder/Urinary Tract,False,CEACAM5
ACH-000781,0.0495472931008523,NCI-H2023,Non-Small Cell Lung Cancer,Lung,False,CEACAM5
ACH-000792,-0.0795718897309746,BFTC-909,Renal Cell Carcinoma,Kidney,False,CEACAM5
ACH-000794,-0.0349472319356434,BICR 22,Head and Neck Squamous Cell Carcinoma,Head and Neck,False,CEACAM5
ACH-000801,0.0186359813966233,Hs 936.T,Melanoma,Skin,False,CEACAM5
ACH-000810,-0.1621592665299323,SK-MEL-30,Melanoma,Skin,False,CEACAM5
ACH-000822,-0.1237504502798795,SK-MEL-24,Melanoma,Skin,False,CEACAM5
ACH-000835,0.0197339353050263,GCT,Undifferentiated Pleomorphic Sarcoma/Malignant Fibrous Histiocytoma/High-Grade Spindle Cell Sarcoma,Soft Tissue,False,CEACAM5
ACH-000855,0.0729262751678194,KYSE-150,Esophageal Squamous Cell Carcinoma,Esophagus/Stomach,False,CEACAM5
ACH-000874,-0.2045518356608304,RS4;11,B-Cell Acute Lymphoblastic Leukemia,Lymphoid,False,CEACAM5
ACH-000878,0.1016893774651352,HCC-15,Non-Small Cell Lung Cancer,Lung,False,CEACAM5
ACH-000900,0.0679699277851608,NCI-H23,Non-Small Cell Lung Cancer,Lung,False,CEACAM5
ACH-000905,-0.0047800860564303,5637,Bladder Urothelial Carcinoma,Bladder/Urinary Tract,False,CEACAM5
ACH-000977,0.1408411706990178,LNCaP clone FGC,Prostate Adenocarcinoma,Prostate,False,CEACAM5
ACH-001065,-0.3013507632041226,Evsa-T,Invasive Breast Carcinoma,Breast,False,CEACAM5
ACH-001193,0.0297449859741015,SK-PN-DW,Ewing Sarcoma,Bone,False,CEACAM5
ACH-001232,-0.0597413962205732,UW228,Embryonal Tumor,CNS/Brain,False,CEACAM5
ACH-001303,0.0002949612299849,NB-1643,Neuroblastoma,Peripheral Nervous System,False,CEACAM5
ACH-001307,-0.1194836625845914,8505C,Anaplastic Thyroid Cancer,Thyroid,False,CEACAM5
ACH-001322,-0.0772449562591248,CME-1,Synovial Sarcoma,Soft Tissue,False,CEACAM5
ACH-001347,0.0165003463577031,H157,Head and Neck Squamous Cell Carcinoma,Head and Neck,False,CEACAM5
ACH-001382,-0.0212005526687496,PACADD-188,Pancreatic Adenocarcinoma,Pancreas,False,CEACAM5
ACH-001385,0.1202623733911753,RPMI 2650,"Head and Neck Carcinoma, Other",Head and Neck,False,CEACAM5
ACH-001414,-0.0507544342194518,UM-UC-6,Bladder Urothelial Carcinoma,Bladder/Urinary Tract,False,CEACAM5
ACH-001431,-0.0826678012734989,TC-205,Ewing Sarcoma,Bone,False,CEACAM5
ACH-001459,0.0405521428903609,C80,Colorectal Adenocarcinoma,Bowel,False,CEACAM5
ACH-001461,0.1135109964116192,C99,Colorectal Adenocarcinoma,Bowel,False,CEACAM5
ACH-001481,-0.017995284093104,CHLA-90,Neuroblastoma,Peripheral Nervous System,False,CEACAM5
ACH-001508,0.1212665130667834,H314,Head and Neck Squamous Cell Carcinoma,Head and Neck,False,CEACAM5
ACH-001520,-0.1197423757543016,HG-3,Non-Cancerous,Lymphoid,False,CEACAM5
ACH-001567,-0.0211459328210201,MM383,Melanoma,Skin,False,CEACAM5
ACH-001630,-0.0326368652503409,PEO1,Ovarian Epithelial Tumor,Ovary/Fallopian Tube,False,CEACAM5
ACH-001647,0.1068142575053057,SHI-1,Acute Myeloid Leukemia,Myeloid,False,CEACAM5
ACH-001683,-0.1595515280584055,ACC-3133,Invasive Breast Carcinoma,Breast,False,CEACAM5
ACH-001793,0.0010455584288007,LPS27,Liposarcoma,Soft Tissue,False,CEACAM5
ACH-001814,0.035377505933086,OS252,Osteosarcoma,Bone,False,CEACAM5
ACH-001856,-0.0659841004819004,RBE,Intraductal Papillary Neoplasm of the Bile Duct,Biliary Tract,False,CEACAM5
ACH-001961,-0.0338453850022067,MGH-GB2,Intracholecystic Papillary Neoplasm,Biliary Tract,False,CEACAM5
ACH-001975,0.2170527001349032,MM576,Melanoma,Skin,False,CEACAM5
ACH-001982,0.0424201365576076,NZM3,Melanoma,Skin,False,CEACAM5
ACH-002026,0.1670131067754635,HHUA,Endometrial Carcinoma,Uterus,False,CEACAM5
ACH-002039,0.2290266103503041,PK-8,Pancreatic Adenocarcinoma,Pancreas,False,CEACAM5
ACH-002109,-0.0745471233493481,ES8,Ewing Sarcoma,Bone,False,CEACAM5
ACH-002278,-0.0164294042296407,NB10,Neuroblastoma,Peripheral Nervous System,False,CEACAM5
ACH-002280,0.2228481288545433,NB13,Neuroblastoma,Peripheral Nervous System,False,CEACAM5
ACH-002283,-0.0880334544055651,NB5,Neuroblastoma,Peripheral Nervous System,False,CEACAM5
ACH-002294,0.030791646735744,PCI-15A,Head and Neck Squamous Cell Carcinoma,Head and Neck,False,CEACAM5
ACH-002296,-0.0708166441449653,PCI-38,Head and Neck Squamous Cell Carcinoma,Head and Neck,False,CEACAM5
ACH-002297,0.0924377811846902,PCI-4B,Head and Neck Squamous Cell Carcinoma,Head and Neck,False,CEACAM5
ACH-002460,0.0961798740161912,HT144 SKIN FV2,Melanoma,Skin,False,CEACAM5
ACH-002462,0.1176780108944405,RPE1-ss48,Non-Cancerous,Eye,False,CEACAM5
ACH-002478,-0.2017312268628892,BC-2,Mature B-Cell Neoplasms,Lymphoid,False,CEACAM5
ACH-002486,-0.0233680098957389,MES-OV,Ovarian Epithelial Tumor,Ovary/Fallopian Tube,False,CEACAM5
ACH-002510,-0.025793780456714,M040416,Melanoma,Skin,False,CEACAM5
ACH-002523,0.0211822257097452,SNU-739,Hepatocellular Carcinoma,Liver,False,CEACAM5
ACH-002535,0.0361469804931921,SNU-254,Colorectal Adenocarcinoma,Bowel,False,CEACAM5
ACH-002662,0.1833000126505213,JVE-207,Colorectal Adenocarcinoma,Bowel,False,CEACAM5
ACH-002669,-0.0325404911319451,KP-363T,Colorectal Adenocarcinoma,Bowel,False,CEACAM5
ACH-002677,-0.0052518870280552,U-2946,Mature B-Cell Neoplasms,Lymphoid,False,CEACAM5
ACH-002678,0.0066696340202611,WILL-1,Mature B-Cell Neoplasms,Lymphoid,False,CEACAM5
ACH-002693,0.0408477211372892,S462,Nerve Sheath Tumor,Peripheral Nervous System,False,CEACAM5
ACH-002834,0.0272457195872873,OS384,Osteosarcoma,Bone,False,CEACAM5
ACH-002928,-0.1395959543209777,MM100511,Melanoma,Skin,False,CEACAM5
ACH-000077,0.2887374915087768,MJ,Non-Hodgkin Lymphoma,Lymphoid,False,CEACAM5
ACH-000101,-0.0074462107206777,KE-37,T-Lymphoblastic Leukemia/Lymphoma,Lymphoid,False,CEACAM5
ACH-000111,0.0901297020910131,HCC1187,Invasive Breast Carcinoma,Breast,False,CEACAM5
ACH-000144,0.0166365800288183,RERF-GC-1B,Esophagogastric Adenocarcinoma,Esophagus/Stomach,False,CEACAM5
ACH-000148,0.1811307807052624,Hs 578T,Invasive Breast Carcinoma,Breast,False,CEACAM5
ACH-000160,-0.0642615898584391,BT-12,Embryonal Tumor,CNS/Brain,False,CEACAM5
ACH-000191,0.0066477960959159,BHT-101,Anaplastic Thyroid Cancer,Thyroid,False,CEACAM5
ACH-000248,-0.009020787824577,AU565,Invasive Breast Carcinoma,Breast,False,CEACAM5
ACH-000252,-0.0162125413022122,LS1034,Colorectal Adenocarcinoma,Bowel,False,CEACAM5
ACH-000257,0.0779624549802758,COR-L279,Lung Neuroendocrine Tumor,Lung,False,CEACAM5
ACH-000266,0.0157378957697344,SNU-213,Pancreatic Adenocarcinoma,Pancreas,False,CEACAM5
ACH-000290,-0.0312172646458932,NCI-H209,Lung Neuroendocrine Tumor,Lung,False,CEACAM5
ACH-000292,0.1320510409948947,NCI-H841,SMARCA4-deficient undifferentiated tumor,Lung,False,CEACAM5
ACH-000319,-0.0607069085287849,MPP 89,Pleural Mesothelioma,Pleura,False,CEACAM5
ACH-000348,-0.1336368799899459,RPMI-7951,Melanoma,Skin,False,CEACAM5
ACH-000359,0.0483364571829173,MG-63,Osteosarcoma,Bone,False,CEACAM5
ACH-000363,0.0212658080205255,SK-MM-2,Mature B-Cell Neoplasms,Lymphoid,False,CEACAM5
ACH-000414,-0.0201405634351988,NCI-H1944,Non-Small Cell Lung Cancer,Lung,False,CEACAM5
ACH-000424,-0.0683085145176853,TC-71,Ewing Sarcoma,Bone,False,CEACAM5
ACH-000426,-0.0385142700554671,KMS-20,Mature B-Cell Neoplasms,Lymphoid,False,CEACAM5
ACH-000445,0.1692211754153268,KNS-60,Diffuse Glioma,CNS/Brain,False,CEACAM5
ACH-000446,0.1270931111688303,KP-N-SI9s,Neuroblastoma,Peripheral Nervous System,False,CEACAM5
ACH-000468,-0.0465543101727532,PK-45H,Pancreatic Adenocarcinoma,Pancreas,False,CEACAM5
ACH-000479,0.0703251919097893,KNS-81,Diffuse Glioma,CNS/Brain,False,CEACAM5
ACH-000485,0.0625619531753741,GSU,Esophagogastric Adenocarcinoma,Esophagus/Stomach,False,CEACAM5
ACH-000502,0.0691348689400876,TCC-PAN2,Pancreatic Adenocarcinoma,Pancreas,False,CEACAM5
ACH-000505,0.0097583283084143,RKN,Leiomyosarcoma,Soft Tissue,False,CEACAM5
ACH-000507,0.0718696785401351,KE-39,Esophagogastric Adenocarcinoma,Esophagus/Stomach,False,CEACAM5
ACH-000511,0.1097394481110888,Calu-1,Non-Small Cell Lung Cancer,Lung,False,CEACAM5
ACH-000522,0.067023612673889,UM-UC-3,Bladder Urothelial Carcinoma,Bladder/Urinary Tract,False,CEACAM5
ACH-000524,0.0737279477126525,KURAMOCHI,Ovarian Epithelial Tumor,Ovary/Fallopian Tube,False,CEACAM5
ACH-000528,0.1582419359195678,ABC-1,Non-Small Cell Lung Cancer,Lung,False,CEACAM5
ACH-000537,0.224673149994465,SNU-761,Hepatocellular Carcinoma,Liver,False,CEACAM5
ACH-000569,0.0316214522277977,IST-MES1,Pleural Mesothelioma,Pleura,False,CEACAM5
ACH-000581,0.1208223639925885,SNU-16,Esophagogastric Adenocarcinoma,Esophagus/Stomach,False,CEACAM5
ACH-000593,0.0463303670553694,BC-3C,Bladder Urothelial Carcinoma,Bladder/Urinary Tract,False,CEACAM5
ACH-000604,-0.1952697585673684,KYO-1,Myeloproliferative Neoplasms,Myeloid,False,CEACAM5
ACH-000605,-0.0333281765634826,TE-6,Esophageal Squamous Cell Carcinoma,Esophagus/Stomach,False,CEACAM5
ACH-000608,0.0543138977491986,COV644,Ovarian Epithelial Tumor,Ovary/Fallopian Tube,False,CEACAM5
ACH-000609,-0.2161573200523556,SF126,Diffuse Glioma,CNS/Brain,False,CEACAM5
ACH-000634,0.1893763694036717,LN-340,Diffuse Glioma,CNS/Brain,False,CEACAM5
ACH-000662,0.112463730947096,COR-L23,Non-Small Cell Lung Cancer,Lung,False,CEACAM5
ACH-000666,-0.133718878825054,NCI-H1355,Non-Small Cell Lung Cancer,Lung,False,CEACAM5
ACH-000681,-0.1145724372731845,A549,Non-Small Cell Lung Cancer,Lung,False,CEACAM5
ACH-000685,0.0774306617302175,L3.3,Adenosquamous Carcinoma of the Pancreas,Pancreas,False,CEACAM5
ACH-000697,-0.1309011333547501,A3/KAW,Mature B-Cell Neoplasms,Lymphoid,False,CEACAM5
ACH-000714,-0.1029758857346747,KMS-11,Mature B-Cell Neoplasms,Lymphoid,False,CEACAM5
ACH-000768,0.0455507867741727,MDA-MB-231,Invasive Breast Carcinoma,Breast,False,CEACAM5
ACH-000788,-0.0161833735446569,A2058,Melanoma,Skin,False,CEACAM5
ACH-000790,-0.0089566185477375,SHP-77,Lung Neuroendocrine Tumor,Lung,False,CEACAM5
ACH-000800,-0.1698264936693982,NCI-H446,Lung Neuroendocrine Tumor,Lung,False,CEACAM5
ACH-000826,-0.0229223526507315,CAL-12T,Non-Small Cell Lung Cancer,Lung,False,CEACAM5
ACH-000845,-0.0059026796331131,NCI-H1373,Non-Small Cell Lung Cancer,Lung,False,CEACAM5
ACH-000846,0.0991965667156765,FaDu,Head and Neck Squamous Cell Carcinoma,Head and Neck,False,CEACAM5
ACH-000863,0.1117976997316575,DBTRG-05MG,Diffuse Glioma,CNS/Brain,False,CEACAM5
ACH-000871,0.0050371501327615,NCI-H510,Lung Neuroendocrine Tumor,Lung,False,CEACAM5
ACH-000873,-0.0899410522975418,KYSE-270,Esophageal Squamous Cell Carcinoma,Esophagus/Stomach,False,CEACAM5
ACH-000939,0.1019744181892814,SK-UT-1,Uterine Sarcoma/Mesenchymal,Uterus,False,CEACAM5
ACH-000961,0.1597812163065277,Ishikawa (Heraklio) 02 ER-,Endometrial Carcinoma,Uterus,False,CEACAM5
ACH-000971,0.0762290847204978,HCT 116,Colorectal Adenocarcinoma,Bowel,False,CEACAM5
ACH-000985,0.2665568633937761,LS411N,Colorectal Adenocarcinoma,Bowel,False,CEACAM5
ACH-001028,0.0205685312948401,CHLA-06-ATRT,Embryonal Tumor,CNS/Brain,False,CEACAM5
ACH-001075,-0.0512020667828512,NCI-H292,Non-Small Cell Lung Cancer,Lung,False,CEACAM5
ACH-001096,0.0550034156362677,JR,Rhabdomyosarcoma,Soft Tissue,False,CEACAM5
ACH-001126,-0.175954247110112,MOG-G-UVW,Diffuse Glioma,CNS/Brain,False,CEACAM5
ACH-001227,-0.1075990554053233,UPCI-SCC-090,Head and Neck Squamous Cell Carcinoma,Head and Neck,False,CEACAM5
ACH-001283,0.0150483855880885,TC-106,Ewing Sarcoma,Bone,False,CEACAM5
ACH-001289,0.1841972793274275,COG-AR-359,Embryonal Tumor,CNS/Brain,False,CEACAM5
ACH-001306,-0.064943363470957,8305C,Anaplastic Thyroid Cancer,Thyroid,False,CEACAM5
ACH-001336,-0.078246691914975,Ca Ski,Cervical Squamous Cell Carcinoma,Cervix,False,CEACAM5
ACH-001346,0.1099958075818234,H103,Head and Neck Squamous Cell Carcinoma,Head and Neck,False,CEACAM5
ACH-001380,0.0030539719957683,PACADD-165,Pancreatic Adenocarcinoma,Pancreas,False,CEACAM5
ACH-001402,0.1625092770516347,SW756,Cervical Squamous Cell Carcinoma,Cervix,False,CEACAM5
ACH-001433,-0.0485947134343269,CCLF_PEDS_0008_T,Epithelioid Sarcoma,Soft Tissue,False,CEACAM5
ACH-001451,0.0360517929032151,BOKU,Cervical Squamous Cell Carcinoma,Cervix,False,CEACAM5
ACH-001453,-0.0042685821273284,BPH-1,Non-Cancerous,Prostate,False,CEACAM5
ACH-001524,-0.0737914662067699,HSC-5,Cutaneous Squamous Cell Carcinoma,Skin,False,CEACAM5
ACH-001628,-0.1780396142072773,PEA1,Ovarian Epithelial Tumor,Ovary/Fallopian Tube,False,CEACAM5
ACH-001673,0.0321058377013809,TFK-1,Intraductal Papillary Neoplasm of the Bile Duct,Biliary Tract,False,CEACAM5
ACH-001690,0.1416069782616789,UPCI-SCC-026,Head and Neck Squamous Cell Carcinoma,Head and Neck,False,CEACAM5
ACH-001698,-0.1333830069989238,UPCI-SCC-116,Head and Neck Squamous Cell Carcinoma,Head and Neck,False,CEACAM5
ACH-001834,-0.0888200265142734,MGH-ICC10,Intraductal Papillary Neoplasm of the Bile Duct,Biliary Tract,False,CEACAM5
ACH-001960,0.0938235276315841,CC-SW-1,Intraductal Papillary Neoplasm of the Bile Duct,Biliary Tract,False,CEACAM5
ACH-001973,0.1842284287462156,MM485,Melanoma,Skin,False,CEACAM5
ACH-002005,0.1704682419409288,SK-MEL-19,Melanoma,Skin,False,CEACAM5
ACH-002015,0.0986015714207221,Mel285,Ocular Melanoma,Eye,False,CEACAM5
ACH-002016,0.0015232311041612,Mel290,Ocular Melanoma,Eye,False,CEACAM5
ACH-002027,0.0913903864913051,HOUA-I,Endometrial Carcinoma,Uterus,False,CEACAM5
ACH-002084,0.308375336907367,MMAc,Melanoma,Skin,False,CEACAM5
ACH-002140,0.0157979096786627,Hey,Ovarian Epithelial Tumor,Ovary/Fallopian Tube,False,CEACAM5
ACH-002181,-0.0266460113568621,OVCA420,Ovarian Epithelial Tumor,Ovary/Fallopian Tube,False,CEACAM5
ACH-002189,-0.0147117650604748,RCC-FG2,Renal Cell Carcinoma,Kidney,False,CEACAM5
ACH-002214,0.0874262648008669,BC-1,Mature B-Cell Neoplasms,Lymphoid,False,CEACAM5
ACH-002228,-0.0488647906282709,D-423MG,Diffuse Glioma,CNS/Brain,False,CEACAM5
ACH-002446,0.0588251497345472,CCLF_UPGI_0005_T,Esophagogastric Adenocarcinoma,Esophagus/Stomach,False,CEACAM5
ACH-002688,0.1759643572236164,OS457,Osteosarcoma,Bone,False,CEACAM5
ACH-002926,-0.0060088677323086,UPMD1,Ocular Melanoma,Eye,False,CEACAM5
ACH-003180,0.0036806085418975,NRH-UPS2,Undifferentiated Pleomorphic Sarcoma/Malignant Fibrous Histiocytoma/High-Grade Spindle Cell Sarcoma,Soft Tissue,False,CEACAM5
ACH-003184,0.1469244052012444,NRH-LMS2,Leiomyosarcoma,Soft Tissue,False,CEACAM5
ACH-000004,-0.0153528523342304,HEL,Acute Myeloid Leukemia,Myeloid,False,CEACAM5
ACH-000022,0.3398978052316851,PA-TU-8988S,Pancreatic Adenocarcinoma,Pancreas,False,CEACAM5
ACH-000052,0.12113815854471,A-673,Ewing Sarcoma,Bone,False,CEACAM5
ACH-000113,-0.0478071141171583,OCI-AML2,Acute Myeloid Leukemia,Myeloid,False,CEACAM5
ACH-000149,-0.1895472582232852,SK-N-SH,Neuroblastoma,Peripheral Nervous System,False,CEACAM5
ACH-000169,-0.0159480305649334,RD,Rhabdomyosarcoma,Soft Tissue,False,CEACAM5
ACH-000217,-0.031168928745158,JHH-6,Hepatocellular Carcinoma,Liver,False,CEACAM5
ACH-000243,0.0995289199913055,DAN-G,Pancreatic Adenocarcinoma,Pancreas,False,CEACAM5
ACH-000263,0.1338343960939406,KASUMI-1,Acute Myeloid Leukemia,Myeloid,False,CEACAM5
ACH-000278,0.1720538523930695,COV362,Ovarian Epithelial Tumor,Ovary/Fallopian Tube,False,CEACAM5
ACH-000303,-0.0355157846223333,SNU-5,Esophagogastric Adenocarcinoma,Esophagus/Stomach,False,CEACAM5
ACH-000308,-0.0226050542817243,EFO-21,Ovarian Epithelial Tumor,Ovary/Fallopian Tube,False,CEACAM5
ACH-000322,0.012151070186758,HT-144,Melanoma,Skin,False,CEACAM5
ACH-000332,-0.0064954227619739,YAPC,Pancreatic Adenocarcinoma,Pancreas,False,CEACAM5
ACH-000338,0.061383850856389,SR-786,Mature T and NK Neoplasms,Lymphoid,False,CEACAM5
ACH-000370,0.2326744808154416,SNU-626,Diffuse Glioma,CNS/Brain,False,CEACAM5
ACH-000390,0.0231677263819256,LUDLU-1,Non-Small Cell Lung Cancer,Lung,False,CEACAM5
ACH-000393,0.0046507905619609,HLF,Hepatocellular Carcinoma,Liver,False,CEACAM5
ACH-000407,0.1776254049051482,SNU-685,Endometrial Carcinoma,Uterus,False,CEACAM5
ACH-000417,0.0777139027818637,Panc 08.13,Pancreatic Adenocarcinoma,Pancreas,False,CEACAM5
ACH-000473,0.0272165301999288,RT-112,Bladder Urothelial Carcinoma,Bladder/Urinary Tract,False,CEACAM5
ACH-000491,0.1156267766634324,NCI-H716,Colorectal Adenocarcinoma,Bowel,False,CEACAM5
ACH-000495,-0.0609954047232141,TUHR4TKB,Renal Cell Carcinoma,Kidney,False,CEACAM5
ACH-000532,0.0448273626116148,SNU-61,Colorectal Adenocarcinoma,Bowel,False,CEACAM5
ACH-000561,-0.300896355060134,T.T,Esophageal Squamous Cell Carcinoma,Esophagus/Stomach,False,CEACAM5
ACH-000619,0.0928991888640135,PE/CA-PJ15,Head and Neck Squamous Cell Carcinoma,Head and Neck,False,CEACAM5
ACH-000622,0.0597545206900445,KNS-42,Diffuse Glioma,CNS/Brain,False,CEACAM5
ACH-000633,0.1038074672472411,FU97,Esophagogastric Adenocarcinoma,Esophagus/Stomach,False,CEACAM5
ACH-000657,0.0893727962514462,A2780,Ovarian Epithelial Tumor,Ovary/Fallopian Tube,False,CEACAM5
ACH-000668,-0.2338698756988927,HCC70,Invasive Breast Carcinoma,Breast,False,CEACAM5
ACH-000683,0.0997287855854879,SNU-503,Colorectal Adenocarcinoma,Bowel,False,CEACAM5
ACH-000688,0.0761098142258421,OV7,Ovarian Epithelial Tumor,Ovary/Fallopian Tube,False,CEACAM5
ACH-000694,0.0059986998898001,TE-9,Esophageal Squamous Cell Carcinoma,Esophagus/Stomach,False,CEACAM5
ACH-000711,0.1081893110674559,JIMT-1,Invasive Breast Carcinoma,Breast,False,CEACAM5
ACH-000716,-0.0429714178006673,TT2609-C02,Well-Differentiated Thyroid Cancer,Thyroid,False,CEACAM5
ACH-000720,-0.0180278357046009,TCCSUP,Bladder Urothelial Carcinoma,Bladder/Urinary Tract,False,CEACAM5
ACH-000721,0.0610975677788991,HMC-1-8,Invasive Breast Carcinoma,Breast,False,CEACAM5
ACH-000735,0.0526930456970338,PE/CA-PJ49,Head and Neck Squamous Cell Carcinoma,Head and Neck,False,CEACAM5
ACH-000739,0.0331761779450336,Hep G2,Hepatoblastoma,Liver,False,CEACAM5
ACH-000770,0.0316030191395322,P31/FUJ,Acute Myeloid Leukemia,Myeloid,False,CEACAM5
ACH-000775,-0.0897070455052694,NCI-H727,Lung Neuroendocrine Tumor,Lung,False,CEACAM5
ACH-000783,0.1348813336426428,CAMA-1,Invasive Breast Carcinoma,Breast,False,CEACAM5
ACH-000791,0.0988481397063923,RERF-LC-Ad1,Non-Small Cell Lung Cancer,Lung,False,CEACAM5
ACH-000805,0.0080975082317234,COLO-679,Melanoma,Skin,False,CEACAM5
ACH-000824,0.0368008499147509,KYSE-510,Esophageal Squamous Cell Carcinoma,Esophagus/Stomach,False,CEACAM5
ACH-000827,-0.004889869097476,WM793,Melanoma,Skin,False,CEACAM5
ACH-000838,0.0468971980860445,AMO-1,Mature B-Cell Neoplasms,Lymphoid,False,CEACAM5
ACH-000848,0.0322301447464967,JHH-7,Hepatocellular Carcinoma,Liver,False,CEACAM5
ACH-000858,0.0388355099221542,KNS-62,Non-Small Cell Lung Cancer,Lung,False,CEACAM5
ACH-000861,-0.1421518437131297,HOP-62,Non-Small Cell Lung Cancer,Lung,False,CEACAM5
ACH-000881,0.066513026944483,MEL-JUSO,Melanoma,Skin,False,CEACAM5
ACH-000899,-0.0258879377845418,WM88,Melanoma,Skin,False,CEACAM5
ACH-000910,0.050201096411364,MDA-MB-453,Invasive Breast Carcinoma,Breast,False,CEACAM5
ACH-000915,0.1396253598521935,IPC-298,Melanoma,Skin,False,CEACAM5
ACH-000935,-0.1166181386058524,MDST8,Colorectal Adenocarcinoma,Bowel,False,CEACAM5
ACH-000936,0.0874982558298751,EFO-27,Ovarian Epithelial Tumor,Ovary/Fallopian Tube,False,CEACAM5
ACH-000944,-0.045078818010027,NAMALWA,Mature B-Cell Neoplasms,Lymphoid,False,CEACAM5
ACH-000962,0.2984374218462356,OC 314,Ovarian Epithelial Tumor,Ovary/Fallopian Tube,False,CEACAM5
ACH-000965,0.0216286763741155,RL95-2,Endometrial Carcinoma,Uterus,False,CEACAM5
ACH-000988,0.146489187816642,MFE-319,Endometrial Carcinoma,Uterus,False,CEACAM5
ACH-001038,0.0748569828714761,COG-E-352,Ewing Sarcoma,Bone,False,CEACAM5
ACH-001050,-0.0241431262317007,CW9019,Rhabdomyosarcoma,Soft Tissue,False,CEACAM5
ACH-001053,0.1581344179849245,D425,Embryonal Tumor,CNS/Brain,False,CEACAM5
ACH-001151,-0.0314357852959167,OVCAR-5,Ovarian Epithelial Tumor,Ovary/Fallopian Tube,False,CEACAM5
ACH-001211,0.1156495570895536,TTC-549,Rhabdoid Cancer,Soft Tissue,False,CEACAM5
ACH-001239,0.0412936938419142,WM-266-4,Melanoma,Skin,False,CEACAM5
ACH-001277,0.0780089127193978,Yamato,Synovial Sarcoma,Soft Tissue,False,CEACAM5
ACH-001367,-0.1117752551066887,NMB,Neuroblastoma,Peripheral Nervous System,False,CEACAM5
ACH-001392,-0.0729798184667064,SUM-185PE,Invasive Breast Carcinoma,Breast,False,CEACAM5
ACH-001412,0.0074249892914747,UM-UC-10,Bladder Urothelial Carcinoma,Bladder/Urinary Tract,False,CEACAM5
ACH-001458,0.5121238022725828,C75,Colorectal Adenocarcinoma,Bowel,False,CEACAM5
ACH-001510,0.1808838293999723,H376,Head and Neck Squamous Cell Carcinoma,Head and Neck,False,CEACAM5
ACH-001530,0.0640939017358044,JEG-3,Gestational Trophoblastic Disease,Uterus,False,CEACAM5
ACH-001556,-0.081352523583451,Mero-25,Pleural Mesothelioma,Pleura,False,CEACAM5
ACH-001562,-0.214471027138838,Mero-95,Pleural Mesothelioma,Pleura,False,CEACAM5
ACH-001609,0.1461109837623431,NP 3,Diffuse Glioma,CNS/Brain,False,CEACAM5
ACH-001670,-0.0689285749257133,TASK1,Embryonal Tumor,CNS/Brain,False,CEACAM5
ACH-002024,0.3572896220051754,ECC4,Colorectal Adenocarcinoma,Bowel,False,CEACAM5
ACH-002029,0.0273054425732378,SAS,Head and Neck Squamous Cell Carcinoma,Head and Neck,False,CEACAM5
ACH-002035,-0.0219583055691036,LCAM1,Non-Small Cell Lung Cancer,Lung,False,CEACAM5
ACH-002045,0.0323622828751824,HO-1-u-1,Head and Neck Squamous Cell Carcinoma,Head and Neck,False,CEACAM5
ACH-002046,0.0072244553731187,HTMMT,Endometrial Carcinoma,Uterus,False,CEACAM5
ACH-002059,-0.0676032742493856,P30/OHK,B-Cell Acute Lymphoblastic Leukemia,Lymphoid,False,CEACAM5
ACH-002066,0.1303831089108947,HS-Sch-2,Nerve Sheath Tumor,Peripheral Nervous System,False,CEACAM5
ACH-002142,0.0584136672107412,HuO-3N1,Osteosarcoma,Bone,False,CEACAM5
ACH-002215,0.0240985287779923,BC-3,Mature B-Cell Neoplasms,Lymphoid,False,CEACAM5
ACH-002249,0.0179915713272156,JHU-011,Head and Neck Squamous Cell Carcinoma,Head and Neck,False,CEACAM5
ACH-002282,0.2097165855852406,NB17,Neuroblastoma,Peripheral Nervous System,False,CEACAM5
ACH-002295,0.0045267368598372,PCI-30,Head and Neck Squamous Cell Carcinoma,Head and Neck,False,CEACAM5
ACH-002485,-0.0077681486947249,MAVER-1,Mature B-Cell Neoplasms,Lymphoid,False,CEACAM5
ACH-002526,0.1087478938395292,SNU-1327,Non-Small Cell Lung Cancer,Lung,False,CEACAM5
ACH-002528,0.0345386958386668,SNU-267,Renal Cell Carcinoma,Kidney,False,CEACAM5
ACH-002659,0.045423544043653,JVE-127,Colorectal Adenocarcinoma,Bowel,False,CEACAM5
ACH-002660,0.4579917316209387,JVE-187,Colorectal Adenocarcinoma,Bowel,False,CEACAM5
ACH-002664,0.0102356408711798,JVE-253,Colorectal Adenocarcinoma,Bowel,False,CEACAM5
ACH-002672,0.0136716137534258,MAPAC-HS-77,Pancreatic Adenocarcinoma,Pancreas,False,CEACAM5
ACH-002792,-0.0969557323847544,NCC-CCS1B-C1,Clear Cell Sarcoma,Soft Tissue,False,CEACAM5
ACH-002922,-0.0124911305264875,SK-N-MM,Neuroblastoma,Peripheral Nervous System,False,CEACAM5
ACH-000009,-0.0402786187129846,C2BBe1,Colorectal Adenocarcinoma,Bowel,False,CEACAM5
ACH-000021,0.0447200915104553,NCI-H1693,Non-Small Cell Lung Cancer,Lung,False,CEACAM5
ACH-000025,0.1454715219759925,CH-157MN,Meningothelial Tumor,CNS/Brain,False,CEACAM5
ACH-000037,-0.0316205256023239,S-117,"Sarcoma, NOS",Soft Tissue,False,CEACAM5
ACH-000075,-0.1809263586975946,U-87 MG,Diffuse Glioma,CNS/Brain,False,CEACAM5
ACH-000138,0.133265721154409,CFPAC-1,Pancreatic Adenocarcinoma,Pancreas,False,CEACAM5
ACH-000211,-0.0446624854922345,Daoy,Embryonal Tumor,CNS/Brain,False,CEACAM5
ACH-000215,-0.0384263712667229,LN382,Diffuse Glioma,CNS/Brain,False,CEACAM5
ACH-000232,0.0179771175169292,U-251 MG,Diffuse Glioma,CNS/Brain,False,CEACAM5
ACH-000256,0.154673892840448,COV318,Ovarian Epithelial Tumor,Ovary/Fallopian Tube,False,CEACAM5
ACH-000265,-0.0701105345233876,KP-4,Pancreatic Adenocarcinoma,Pancreas,False,CEACAM5
ACH-000268,-0.0160197814415767,SNU-245,Intraductal Papillary Neoplasm of the Bile Duct,Biliary Tract,False,CEACAM5
ACH-000269,0.177515505144375,AM-38,Diffuse Glioma,CNS/Brain,False,CEACAM5
ACH-000273,0.0147344139888874,SF539,Diffuse Glioma,CNS/Brain,False,CEACAM5
ACH-000281,0.1697802486960395,KP-2,Pancreatic Adenocarcinoma,Pancreas,False,CEACAM5
ACH-000307,0.0467798229656518,PK-1,Pancreatic Adenocarcinoma,Pancreas,False,CEACAM5
ACH-000315,-0.0628449134376794,KARPAS-422,Mature B-Cell Neoplasms,Lymphoid,False,CEACAM5
ACH-000317,0.0130095567979329,TUHR14TKB,Renal Cell Carcinoma,Kidney,False,CEACAM5
ACH-000324,0.0586774356915505,JHOC-5,Ovarian Epithelial Tumor,Ovary/Fallopian Tube,False,CEACAM5
ACH-000346,0.0025029131127559,JVM-3,Mature B-Cell Neoplasms,Lymphoid,False,CEACAM5
ACH-000355,-0.1505799935400308,NCI-H82,Lung Neuroendocrine Tumor,Lung,False,CEACAM5
ACH-000362,0.0256773590411346,MOLM-13,Acute Myeloid Leukemia,Myeloid,False,CEACAM5
ACH-000364,0.1623939766107247,U-2 OS,Osteosarcoma,Bone,False,CEACAM5
ACH-000401,-0.0834366914516546,COLO-800,Melanoma,Skin,False,CEACAM5
ACH-000405,0.0897940649023473,MEC-1,Mature B-Cell Neoplasms,Lymphoid,False,CEACAM5
ACH-000408,-0.1147955515448173,TE-5,Esophageal Squamous Cell Carcinoma,Esophagus/Stomach,False,CEACAM5
ACH-000481,0.0991260216500248,NCI-H2170,Non-Small Cell Lung Cancer,Lung,False,CEACAM5
ACH-000500,-0.0563529703775743,SNU-46,Head and Neck Squamous Cell Carcinoma,Head and Neck,False,CEACAM5
ACH-000517,-0.0228891363075362,SNU-410,Pancreatic Adenocarcinoma,Pancreas,False,CEACAM5
ACH-000541,-0.0323373224564771,KMS-34,Mature B-Cell Neoplasms,Lymphoid,False,CEACAM5
ACH-000550,0.1259630563167049,IGR-39,Melanoma,Skin,False,CEACAM5
ACH-000562,0.1428798160347167,HCC-78,Non-Small Cell Lung Cancer,Lung,False,CEACAM5
ACH-000591,0.1223017160709586,LN-235,Diffuse Glioma,CNS/Brain,False,CEACAM5
ACH-000621,0.0852365954716501,MDA-MB-157,Invasive Breast Carcinoma,Breast,False,CEACAM5
ACH-000645,-0.1212149037299941,JL-1,Pleural Mesothelioma,Pleura,False,CEACAM5
ACH-000673,-0.0165606519957479,LN-443,Diffuse Glioma,CNS/Brain,False,CEACAM5
ACH-000684,-0.0753271504454819,KMRC-1,Renal Cell Carcinoma,Kidney,False,CEACAM5
ACH-000696,0.0008515546004202,OVCAR-8,Ovarian Epithelial Tumor,Ovary/Fallopian Tube,False,CEACAM5
ACH-000698,0.1644645043249031,DMS 53,Lung Neuroendocrine Tumor,Lung,False,CEACAM5
ACH-000725,0.1448704868216492,HCC202,Breast Ductal Carcinoma In Situ,Breast,False,CEACAM5
ACH-000734,0.1051934120072296,JHH-5,Hepatocellular Carcinoma,Liver,False,CEACAM5
ACH-000754,-0.0209537572446533,L-428,Hodgkin Lymphoma,Lymphoid,False,CEACAM5
ACH-000758,0.083517610681838,MKN74,Esophagogastric Adenocarcinoma,Esophagus/Stomach,False,CEACAM5
ACH-000769,0.0365273587167221,LK-2,Non-Small Cell Lung Cancer,Lung,False,CEACAM5
ACH-000802,0.0003339991935495,BFTC-905,Bladder Urothelial Carcinoma,Bladder/Urinary Tract,False,CEACAM5
ACH-000804,0.0165611333923545,NB-1,Neuroblastoma,Peripheral Nervous System,False,CEACAM5
ACH-000833,-0.1829897124967978,RH-30,Rhabdomyosarcoma,Soft Tissue,False,CEACAM5
ACH-000836,-0.0847440327923019,YD-15,Head and Neck Squamous Cell Carcinoma,Head and Neck,False,CEACAM5
ACH-000856,0.0260179972622865,CAL-51,Invasive Breast Carcinoma,Breast,False,CEACAM5
ACH-000869,-0.0779687751689811,NCI-H1568,Non-Small Cell Lung Cancer,Lung,False,CEACAM5
ACH-000887,-0.0066395767989319,SF-172,Diffuse Glioma,CNS/Brain,False,CEACAM5
ACH-000898,-0.0367062811653404,SNU-719,Esophagogastric Adenocarcinoma,Esophagus/Stomach,False,CEACAM5
ACH-000901,-0.0875367510958895,HCC-1359,Non-Small Cell Lung Cancer,Lung,False,CEACAM5
ACH-000946,0.1745421360008539,HEC-265,Endometrial Carcinoma,Uterus,False,CEACAM5
ACH-000976,0.0714574974919012,HuCCT1,Intraductal Papillary Neoplasm of the Bile Duct,Biliary Tract,False,CEACAM5
ACH-001016,-0.0925810320850947,Becker,Diffuse Glioma,CNS/Brain,False,CEACAM5
ACH-001039,0.1783907211421882,COLO 205,Colorectal Adenocarcinoma,Bowel,False,CEACAM5
ACH-001107,-0.0834050220095094,KP-1N,Pancreatic Adenocarcinoma,Pancreas,False,CEACAM5
ACH-001196,-0.1266041957259851,SMS-CTR,Rhabdomyosarcoma,Soft Tissue,False,CEACAM5
ACH-001197,-0.1406684885906378,SMZ-1,Non-Hodgkin Lymphoma,Lymphoid,False,CEACAM5
ACH-001301,0.1657932954023696,COG-N-278,Neuroblastoma,Peripheral Nervous System,False,CEACAM5
ACH-001344,0.1410936638857035,GI-ME-N,Neuroblastoma,Peripheral Nervous System,False,CEACAM5
ACH-001345,0.1537368474202839,GP5d,Colorectal Adenocarcinoma,Bowel,False,CEACAM5
ACH-001360,0.0524915797614613,MS751,Cervical Squamous Cell Carcinoma,Cervix,False,CEACAM5
ACH-001388,0.0828168541918153,SUM-102PT,Invasive Breast Carcinoma,Breast,False,CEACAM5
ACH-001415,0.1040969883464851,UM-UC7,Bladder Urothelial Carcinoma,Bladder/Urinary Tract,False,CEACAM5
ACH-001421,-0.1232008021038976,WERI-Rb-1,Retinoblastoma,Eye,False,CEACAM5
ACH-001450,-0.0106630768494176,BLUE-1,Mature B-Cell Neoplasms,Lymphoid,False,CEACAM5
ACH-001494,0.0801440102573501,EGI-1,Intraductal Papillary Neoplasm of the Bile Duct,Biliary Tract,False,CEACAM5
ACH-001496,-0.1046175161791052,ESO26,Esophagogastric Adenocarcinoma,Esophagus/Stomach,False,CEACAM5
ACH-001500,-0.0321790084753514,FLO-1,Esophagogastric Adenocarcinoma,Esophagus/Stomach,False,CEACAM5
ACH-001509,0.0211504512007622,H357,Head and Neck Squamous Cell Carcinoma,Head and Neck,False,CEACAM5
ACH-001517,0.024892905245811,HEC-1,Endometrial Carcinoma,Uterus,False,CEACAM5
ACH-001538,0.0381580821856386,KKU-213,Intraductal Papillary Neoplasm of the Bile Duct,Biliary Tract,False,CEACAM5
ACH-001543,0.0462366757441619,KOSC-2,Head and Neck Squamous Cell Carcinoma,Head and Neck,False,CEACAM5
ACH-001613,-0.1087878217134193,OCI-AML4,Acute Myeloid Leukemia,Myeloid,False,CEACAM5
ACH-001616,0.037585035131725,OCI-LY18,Mature B-Cell Neoplasms,Lymphoid,False,CEACAM5
ACH-001651,-0.1129471345381337,SKG-I,Cervical Squamous Cell Carcinoma,Cervix,False,CEACAM5
ACH-001662,-0.0770794243993307,SNU-2372,Invasive Breast Carcinoma,Breast,False,CEACAM5
ACH-001668,-0.0240645540794002,SUSA,Non-Seminomatous Germ Cell Tumor,Testis,False,CEACAM5
ACH-001685,0.0554966609273185,U-HO1,Hodgkin Lymphoma,Lymphoid,False,CEACAM5
ACH-001719,0.0545351176591763,OCI-C4P,Ovarian Epithelial Tumor,Ovary/Fallopian Tube,False,CEACAM5
ACH-001765,0.1063055895890861,Rh4,Rhabdomyosarcoma,Soft Tissue,False,CEACAM5
ACH-001786,-0.0379538397976584,SNU-1544,Colorectal Adenocarcinoma,Bowel,False,CEACAM5
ACH-001820,-0.1441644342549188,COLO 824,"Breast Neoplasm, NOS",Breast,False,CEACAM5
ACH-001848,0.094101234159968,MGH-ICC8,Intraductal Papillary Neoplasm of the Bile Duct,Biliary Tract,False,CEACAM5
ACH-001977,0.0055745625239261,NO36,Pleural Mesothelioma,Pleura,False,CEACAM5
ACH-002018,0.040067866804829,Omm2.5,Ocular Melanoma,Eye,False,CEACAM5
ACH-002069,-0.0042528904381416,HS-Os-1,Osteosarcoma,Bone,False,CEACAM5
ACH-002202,-0.0376742986133899,TMK-1,Esophagogastric Adenocarcinoma,Esophagus/Stomach,False,CEACAM5
ACH-002269,-0.0032936662782123,LNZTA3WT4,Diffuse Glioma,CNS/Brain,False,CEACAM5
ACH-002285,0.0679783587676846,NB7,Neuroblastoma,Peripheral Nervous System,False,CEACAM5
ACH-002490,-0.0372150301766927,NCI-H1882,Lung Neuroendocrine Tumor,Lung,False,CEACAM5
ACH-002687,0.0618157262019584,WM3772F,Ocular Melanoma,Eye,False,CEACAM5
ACH-002708,-0.1115977007347342,DL-221,Liposarcoma,Soft Tissue,False,CEACAM5
ACH-002782,0.0041628831012674,NCC-UPS1-C1,Undifferentiated Pleomorphic Sarcoma/Malignant Fibrous Histiocytoma/High-Grade Spindle Cell Sarcoma,Soft Tissue,False,CEACAM5
ACH-002785,-0.0117921078582222,NCC-LMS1-C1,Leiomyosarcoma,Soft Tissue,False,CEACAM5
ACH-003012,-0.2487919537170791,A549_CRAF_KD,Non-Small Cell Lung Cancer,Lung,False,CEACAM5
